-- MySQL Administrator dump 1.4
--
-- ------------------------------------------------------
-- Server version	5.1.54-1ubuntu4


/*!40101 SET @OLD_CHARACTER_SET_CLIENT=@@CHARACTER_SET_CLIENT */;
/*!40101 SET @OLD_CHARACTER_SET_RESULTS=@@CHARACTER_SET_RESULTS */;
/*!40101 SET @OLD_COLLATION_CONNECTION=@@COLLATION_CONNECTION */;
/*!40101 SET NAMES utf8 */;

/*!40014 SET @OLD_UNIQUE_CHECKS=@@UNIQUE_CHECKS, UNIQUE_CHECKS=0 */;
/*!40014 SET @OLD_FOREIGN_KEY_CHECKS=@@FOREIGN_KEY_CHECKS, FOREIGN_KEY_CHECKS=0 */;
/*!40101 SET @OLD_SQL_MODE=@@SQL_MODE, SQL_MODE='NO_AUTO_VALUE_ON_ZERO' */;


--
-- Create schema cacti
--

CREATE DATABASE IF NOT EXISTS cacti;
USE cacti;
CREATE TABLE  `cacti`.`cdef` (
  `id` mediumint(8) unsigned NOT NULL AUTO_INCREMENT,
  `hash` varchar(32) NOT NULL DEFAULT '',
  `name` varchar(255) NOT NULL DEFAULT '',
  PRIMARY KEY (`id`)
) ENGINE=MyISAM AUTO_INCREMENT=16 DEFAULT CHARSET=latin1;
INSERT INTO `cacti`.`cdef` VALUES  (3,'3d352eed9fa8f7b2791205b3273708c7','Make Stack Negative'),
 (4,'e961cc8ec04fda6ed4981cf5ad501aa5','Make Per 5 Minutes'),
 (12,'f1ac79f05f255c02f914c920f1038c54','Total All Data Sources'),
 (2,'73f95f8b77b5508157d64047342c421e','Turn Bytes into Bits'),
 (14,'634a23af5e78af0964e8d33b1a4ed26b','Multiply by 1024'),
 (15,'068984b5ccdfd2048869efae5166f722','Total All Data Sources, Multiply by 1024');
CREATE TABLE  `cacti`.`cdef_items` (
  `id` mediumint(8) unsigned NOT NULL AUTO_INCREMENT,
  `hash` varchar(32) NOT NULL DEFAULT '',
  `cdef_id` mediumint(8) unsigned NOT NULL DEFAULT '0',
  `sequence` mediumint(8) unsigned NOT NULL DEFAULT '0',
  `type` tinyint(2) NOT NULL DEFAULT '0',
  `value` varchar(150) NOT NULL DEFAULT '',
  PRIMARY KEY (`id`),
  KEY `cdef_id` (`cdef_id`)
) ENGINE=MyISAM AUTO_INCREMENT=24 DEFAULT CHARSET=latin1;
INSERT INTO `cacti`.`cdef_items` VALUES  (7,'9bbf6b792507bb9bb17d2af0970f9be9',2,1,4,'CURRENT_DATA_SOURCE'),
 (9,'a4b8eb2c3bf4920a3ef571a7a004be53',2,2,6,'8'),
 (8,'caa4e023ac2d7b1c4b4c8c4adfd55dfe',2,3,2,'3'),
 (10,'c888c9fe6b62c26c4bfe23e18991731d',3,1,4,'CURRENT_DATA_SOURCE'),
 (11,'1e1d0b29a94e08b648c8f053715442a0',3,3,2,'3'),
 (12,'4355c197998c7f8b285be7821ddc6da4',3,2,6,'-1'),
 (13,'40bb7a1143b0f2e2efca14eb356236de',4,1,4,'CURRENT_DATA_SOURCE'),
 (14,'42686ea0925c0220924b7d333599cd67',4,3,2,'3'),
 (15,'faf1b148b2c0e0527362ed5b8ca1d351',4,2,6,'300'),
 (16,'0ef6b8a42dc83b4e43e437960fccd2ea',12,1,4,'ALL_DATA_SOURCES_NODUPS'),
 (18,'86370cfa0008fe8c56b28be80ee39a40',14,1,4,'CURRENT_DATA_SOURCE'),
 (19,'9a35cc60d47691af37f6fddf02064e20',14,2,6,'1024'),
 (20,'5d7a7941ec0440b257e5598a27dd1688',14,3,2,'3'),
 (21,'44fd595c60539ff0f5817731d9f43a85',15,1,4,'ALL_DATA_SOURCES_NODUPS'),
 (22,'aa38be265e5ac31783e57ce6f9314e9a',15,2,6,'1024'),
 (23,'204423d4b2598f1f7252eea19458345c',15,3,2,'3');
CREATE TABLE  `cacti`.`colors` (
  `id` mediumint(8) unsigned NOT NULL AUTO_INCREMENT,
  `hex` varchar(6) NOT NULL DEFAULT '',
  PRIMARY KEY (`id`)
) ENGINE=MyISAM AUTO_INCREMENT=105 DEFAULT CHARSET=latin1;
INSERT INTO `cacti`.`colors` VALUES  (1,'000000'),
 (2,'FFFFFF'),
 (4,'FAFD9E'),
 (5,'C0C0C0'),
 (6,'74C366'),
 (7,'6DC8FE'),
 (8,'EA8F00'),
 (9,'FF0000'),
 (10,'4444FF'),
 (11,'FF00FF'),
 (12,'00FF00'),
 (13,'8D85F3'),
 (14,'AD3B6E'),
 (15,'EACC00'),
 (16,'12B3B5'),
 (17,'157419'),
 (18,'C4FD3D'),
 (19,'817C4E'),
 (20,'002A97'),
 (21,'0000FF'),
 (22,'00CF00'),
 (24,'F9FD5F'),
 (25,'FFF200'),
 (26,'CCBB00'),
 (27,'837C04'),
 (28,'EAAF00'),
 (29,'FFD660'),
 (30,'FFC73B'),
 (31,'FFAB00'),
 (33,'FF7D00'),
 (34,'ED7600'),
 (35,'FF5700'),
 (36,'EE5019'),
 (37,'B1441E'),
 (38,'FFC3C0'),
 (39,'FF897C'),
 (40,'FF6044'),
 (41,'FF4105'),
 (42,'DA4725'),
 (43,'942D0C'),
 (44,'FF3932'),
 (45,'862F2F'),
 (46,'FF5576'),
 (47,'562B29'),
 (48,'F51D30'),
 (49,'DE0056'),
 (50,'ED5394'),
 (51,'B90054'),
 (52,'8F005C'),
 (53,'F24AC8'),
 (54,'E8CDEF'),
 (55,'D8ACE0'),
 (56,'A150AA'),
 (57,'750F7D'),
 (58,'8D00BA'),
 (59,'623465'),
 (60,'55009D'),
 (61,'3D168B'),
 (62,'311F4E'),
 (63,'D2D8F9'),
 (64,'9FA4EE'),
 (65,'6557D0'),
 (66,'4123A1'),
 (67,'4668E4'),
 (68,'0D006A'),
 (69,'00004D'),
 (70,'001D61'),
 (71,'00234B'),
 (72,'002A8F'),
 (73,'2175D9'),
 (74,'7CB3F1'),
 (75,'005199'),
 (76,'004359'),
 (77,'00A0C1'),
 (78,'007283'),
 (79,'00BED9'),
 (80,'AFECED'),
 (81,'55D6D3'),
 (82,'00BBB4'),
 (83,'009485'),
 (84,'005D57'),
 (85,'008A77'),
 (86,'008A6D'),
 (87,'00B99B'),
 (88,'009F67'),
 (89,'00694A'),
 (90,'00A348'),
 (91,'00BF47'),
 (92,'96E78A'),
 (93,'00BD27'),
 (94,'35962B'),
 (95,'7EE600'),
 (96,'6EA100'),
 (97,'CAF100'),
 (98,'F5F800'),
 (99,'CDCFC4'),
 (100,'BCBEB3'),
 (101,'AAABA1'),
 (102,'8F9286'),
 (103,'797C6E'),
 (104,'2E3127');
CREATE TABLE  `cacti`.`data_input` (
  `id` mediumint(8) unsigned NOT NULL AUTO_INCREMENT,
  `hash` varchar(32) NOT NULL DEFAULT '',
  `name` varchar(200) NOT NULL DEFAULT '',
  `input_string` varchar(255) DEFAULT NULL,
  `type_id` tinyint(2) NOT NULL DEFAULT '0',
  PRIMARY KEY (`id`),
  KEY `name` (`name`)
) ENGINE=MyISAM AUTO_INCREMENT=19 DEFAULT CHARSET=latin1;
INSERT INTO `cacti`.`data_input` VALUES  (1,'3eb92bb845b9660a7445cf9740726522','Get SNMP Data','',2),
 (2,'bf566c869ac6443b0c75d1c32b5a350e','Get SNMP Data (Indexed)','',3),
 (3,'274f4685461170b9eb1b98d22567ab5e','Unix - Get Free Disk Space','<path_cacti>/scripts/diskfree.sh <partition>',1),
 (4,'95ed0993eb3095f9920d431ac80f4231','Unix - Get Load Average','perl <path_cacti>/scripts/loadavg_multi.pl',1),
 (5,'79a284e136bb6b061c6f96ec219ac448','Unix - Get Logged In Users','perl <path_cacti>/scripts/unix_users.pl <username>',1),
 (6,'362e6d4768937c4f899dd21b91ef0ff8','Linux - Get Memory Usage','perl <path_cacti>/scripts/linux_memory.pl <grepstr>',1),
 (7,'a637359e0a4287ba43048a5fdf202066','Unix - Get System Processes','perl <path_cacti>/scripts/unix_processes.pl',1),
 (8,'47d6bfe8be57a45171afd678920bd399','Unix - Get TCP Connections','perl <path_cacti>/scripts/unix_tcp_connections.pl <grepstr>',1),
 (9,'cc948e4de13f32b6aea45abaadd287a3','Unix - Get Web Hits','perl <path_cacti>/scripts/webhits.pl <log_path>',1),
 (10,'8bd153aeb06e3ff89efc73f35849a7a0','Unix - Ping Host','perl <path_cacti>/scripts/ping.pl <ip>',1),
 (11,'80e9e4c4191a5da189ae26d0e237f015','Get Script Data (Indexed)','',4),
 (12,'332111d8b54ac8ce939af87a7eac0c06','Get Script Server Data (Indexed)','',6),
 (18,'2fdf6e990587debc02e9c79f4fb1f356','MDW Ops Performance Input Method','bash /home/swfcfe/MonitoringProject/ProcessingScripts/cactiUpdateMDWGraphs.sh <server> <op>',1),
 (17,'4ebc2eda38fe6a978c950876219ef1ff','AWA Performance Input Method','bash /home/swfcfe/MonitoringProject/CactiScripts/cactiAWAPerformance.sh <segment>',1),
 (16,'0f7237b7a9421870d8b7daf97b893fe8','WL Thread Monitoring Input Method','bash /home/swfcfe/scripts/cacti-wlthreadmonitoring.sh <servername> <servicename>',1);
CREATE TABLE  `cacti`.`data_input_data` (
  `data_input_field_id` mediumint(8) unsigned NOT NULL DEFAULT '0',
  `data_template_data_id` mediumint(8) unsigned NOT NULL DEFAULT '0',
  `t_value` char(2) DEFAULT NULL,
  `value` text,
  PRIMARY KEY (`data_input_field_id`,`data_template_data_id`),
  KEY `t_value` (`t_value`)
) ENGINE=MyISAM DEFAULT CHARSET=latin1;
INSERT INTO `cacti`.`data_input_data` VALUES  (14,1,'on',''),
 (13,1,'on',''),
 (12,1,'on',''),
 (14,2,'on',''),
 (13,2,'on',''),
 (12,2,'on',''),
 (14,3,'on',''),
 (13,3,'on',''),
 (12,3,'on',''),
 (1,4,'',''),
 (1,5,'',''),
 (1,6,'',''),
 (14,7,'on',''),
 (13,7,'on',''),
 (12,7,'on',''),
 (14,8,'on',''),
 (13,8,'on',''),
 (12,8,'on',''),
 (14,9,'on',''),
 (13,9,'on',''),
 (12,9,'on',''),
 (14,10,'on',''),
 (13,10,'on',''),
 (12,10,'on',''),
 (22,12,'','Buffers:'),
 (22,13,'','MemFree:'),
 (22,14,'','^Cached:'),
 (22,15,'','SwapFree:'),
 (29,18,'',''),
 (1,19,'',''),
 (2,19,'',''),
 (6,21,'','.1.3.6.1.2.1.25.3.3.1.2.1'),
 (1,27,'',''),
 (6,28,'','.1.3.6.1.4.1.9.9.109.1.1.1.1.3.1'),
 (6,29,'','.1.3.6.1.4.1.9.9.109.1.1.1.1.4.1'),
 (1,30,'',''),
 (1,31,'',''),
 (1,32,'',''),
 (1,33,'',''),
 (1,34,'',''),
 (14,35,'on',''),
 (13,35,'on',''),
 (12,35,'on',''),
 (14,36,'on',''),
 (13,36,'on',''),
 (12,36,'on',''),
 (1,22,'',''),
 (1,23,'',''),
 (1,24,'',''),
 (1,25,'',''),
 (1,26,'',''),
 (33,37,'on',''),
 (32,37,'on',''),
 (31,37,'on',''),
 (14,38,'on',''),
 (13,38,'on',''),
 (12,38,'on',''),
 (14,39,'on',''),
 (13,39,'on',''),
 (12,39,'on',''),
 (14,40,'on',''),
 (13,40,'on',''),
 (12,40,'on',''),
 (14,41,'on',''),
 (13,41,'on',''),
 (12,41,'on',''),
 (14,55,'on',''),
 (13,55,'on',''),
 (12,55,'on',''),
 (37,56,'on',''),
 (36,56,'on',''),
 (35,56,'on',''),
 (37,57,'on',''),
 (36,57,'on',''),
 (35,57,'on',''),
 (1,58,'',''),
 (1,59,'',''),
 (1,20,'',''),
 (5,6,'',''),
 (22,62,NULL,'MemFree:'),
 (22,63,NULL,'SwapFree:'),
 (4,6,'',''),
 (3,6,'',''),
 (2,6,'',''),
 (6,69,'on',''),
 (1,68,'',''),
 (2,68,'',''),
 (6,6,'','.1.3.6.1.4.1.2021.11.51.0'),
 (2,27,'',''),
 (3,27,'',''),
 (4,27,'',''),
 (5,27,'',''),
 (6,27,'','.1.3.6.1.4.1.9.2.1.58.0'),
 (2,59,'',''),
 (3,59,'',''),
 (4,59,'',''),
 (5,59,'',''),
 (6,59,'','.1.3.6.1.2.1.25.1.5.0'),
 (2,58,'',''),
 (3,58,'',''),
 (4,58,'',''),
 (5,58,'',''),
 (6,58,'','.1.3.6.1.2.1.25.1.6.0'),
 (2,24,'',''),
 (3,24,'',''),
 (4,24,'',''),
 (5,24,'',''),
 (6,24,'','.1.3.6.1.4.1.23.2.28.2.5.0'),
 (2,25,'',''),
 (3,25,'',''),
 (4,25,'',''),
 (5,25,'',''),
 (6,25,'','.1.3.6.1.4.1.23.2.28.2.6.0'),
 (2,22,'',''),
 (3,22,'',''),
 (4,22,'',''),
 (5,22,'',''),
 (6,22,'','.1.3.6.1.4.1.23.2.28.2.1.0'),
 (2,23,'',''),
 (3,23,'',''),
 (4,23,'',''),
 (5,23,'',''),
 (6,23,'','.1.3.6.1.4.1.23.2.28.2.2.0'),
 (2,26,'',''),
 (3,26,'',''),
 (4,26,'',''),
 (5,26,'',''),
 (6,26,'','.1.3.6.1.4.1.23.2.28.2.7.0'),
 (2,20,'',''),
 (3,20,'',''),
 (4,20,'',''),
 (5,20,'',''),
 (6,20,'','.1.3.6.1.4.1.23.2.28.3.2.0'),
 (3,19,'',''),
 (4,19,'',''),
 (5,19,'',''),
 (6,19,'','.1.3.6.1.4.1.23.2.28.3.1'),
 (2,4,'',''),
 (3,4,'',''),
 (4,4,'',''),
 (5,4,'',''),
 (6,4,'','.1.3.6.1.4.1.2021.11.52.0'),
 (2,5,'',''),
 (3,5,'',''),
 (4,5,'',''),
 (5,5,'',''),
 (6,5,'','.1.3.6.1.4.1.2021.11.50.0'),
 (2,30,'',''),
 (3,30,'',''),
 (4,30,'',''),
 (5,30,'',''),
 (6,30,'','.1.3.6.1.4.1.2021.10.1.3.1'),
 (2,32,'',''),
 (3,32,'',''),
 (4,32,'',''),
 (5,32,'',''),
 (6,32,'','.1.3.6.1.4.1.2021.10.1.3.3'),
 (2,31,'',''),
 (3,31,'',''),
 (4,31,'',''),
 (5,31,'',''),
 (6,31,'','.1.3.6.1.4.1.2021.10.1.3.2'),
 (2,33,'',''),
 (3,33,'',''),
 (4,33,'',''),
 (5,33,'',''),
 (6,33,'','.1.3.6.1.4.1.2021.4.14.0'),
 (3,68,'',''),
 (4,68,'',''),
 (5,68,'',''),
 (6,68,'','.1.3.6.1.4.1.2021.4.15.0'),
 (2,34,'',''),
 (3,34,'',''),
 (4,34,'',''),
 (5,34,'',''),
 (6,34,'','.1.3.6.1.4.1.2021.4.6.0'),
 (20,17,'',''),
 (20,65,NULL,''),
 (54,89,NULL,'weblogp7'),
 (55,89,NULL,'ppo1p'),
 (55,78,'on',''),
 (54,78,'on',''),
 (55,82,'','neos2'),
 (54,82,'','weblogp5'),
 (54,80,'','weblogp5'),
 (55,90,NULL,'ppo2p'),
 (54,90,NULL,'weblogp7'),
 (55,80,'','neos1'),
 (55,84,NULL,'neos2p'),
 (54,84,NULL,'weblogp5'),
 (55,85,NULL,'neos1p'),
 (54,85,NULL,'weblogp5'),
 (54,91,NULL,'weblogp7'),
 (55,91,NULL,'ppo3p'),
 (55,87,NULL,'neoswe1p'),
 (54,87,NULL,'weblogp5'),
 (55,88,NULL,'neoswe2p'),
 (54,88,NULL,'weblogp5'),
 (66,93,'','RPOST'),
 (66,92,'on',''),
 (54,94,NULL,'weblogp7'),
 (55,94,NULL,'ppo4p'),
 (55,95,NULL,'fewspweb1p'),
 (54,95,NULL,'weblogp7'),
 (55,96,NULL,'fewspweb2p'),
 (54,96,NULL,'weblogp7'),
 (55,97,NULL,'fewspservices1p'),
 (54,97,NULL,'weblogp7'),
 (55,98,NULL,'fewspservices2p'),
 (54,98,NULL,'weblogp7'),
 (66,99,'','MULEMP'),
 (77,100,'on',''),
 (69,101,NULL,'weblogp5'),
 (69,100,'on',''),
 (77,101,NULL,'26027'),
 (69,102,NULL,'weblogp5'),
 (77,102,NULL,'09020'),
 (69,103,NULL,'weblogp5'),
 (77,103,NULL,'03040'),
 (69,104,NULL,'weblogp5'),
 (77,104,NULL,'10010'),
 (69,105,NULL,'weblogp6'),
 (77,105,NULL,'26027'),
 (69,106,NULL,'weblogp6'),
 (77,106,NULL,'10010'),
 (69,107,NULL,'weblogp6'),
 (77,107,NULL,'09020'),
 (69,108,NULL,'weblogp6'),
 (77,108,NULL,'03040'),
 (69,109,'','weblogp5'),
 (77,109,'','03031'),
 (69,110,'','weblogp6'),
 (77,110,'','03031'),
 (69,111,NULL,'weblogp6'),
 (77,111,NULL,'GetProfile'),
 (69,112,'','weblogp6'),
 (77,112,'','GetOffer'),
 (69,113,'','weblogp6'),
 (77,113,'','GetBalance'),
 (69,114,'','weblogp5'),
 (77,114,'','02045'),
 (69,115,'','weblogp6'),
 (77,115,'','02045');
CREATE TABLE  `cacti`.`data_input_fields` (
  `id` mediumint(8) unsigned NOT NULL AUTO_INCREMENT,
  `hash` varchar(32) NOT NULL DEFAULT '',
  `data_input_id` mediumint(8) unsigned NOT NULL DEFAULT '0',
  `name` varchar(200) NOT NULL DEFAULT '',
  `data_name` varchar(50) NOT NULL DEFAULT '',
  `input_output` char(3) NOT NULL DEFAULT '',
  `update_rra` char(2) DEFAULT '0',
  `sequence` smallint(5) NOT NULL DEFAULT '0',
  `type_code` varchar(40) DEFAULT NULL,
  `regexp_match` varchar(200) DEFAULT NULL,
  `allow_nulls` char(2) DEFAULT NULL,
  PRIMARY KEY (`id`),
  KEY `data_input_id` (`data_input_id`),
  KEY `type_code` (`type_code`)
) ENGINE=MyISAM AUTO_INCREMENT=79 DEFAULT CHARSET=latin1;
INSERT INTO `cacti`.`data_input_fields` VALUES  (1,'92f5906c8dc0f964b41f4253df582c38',1,'SNMP IP Address','management_ip','in','',0,'hostname','',''),
 (2,'32285d5bf16e56c478f5e83f32cda9ef',1,'SNMP Community','snmp_community','in','',0,'snmp_community','',''),
 (3,'ad14ac90641aed388139f6ba86a2e48b',1,'SNMP Username','snmp_username','in','',0,'snmp_username','','on'),
 (4,'9c55a74bd571b4f00a96fd4b793278c6',1,'SNMP Password','snmp_password','in','',0,'snmp_password','','on'),
 (5,'012ccb1d3687d3edb29c002ea66e72da',1,'SNMP Version (1, 2, or 3)','snmp_version','in','',0,'snmp_version','','on'),
 (6,'4276a5ec6e3fe33995129041b1909762',1,'OID','oid','in','',0,'snmp_oid','',''),
 (7,'617cdc8a230615e59f06f361ef6e7728',2,'SNMP IP Address','management_ip','in','',0,'hostname','',''),
 (8,'acb449d1451e8a2a655c2c99d31142c7',2,'SNMP Community','snmp_community','in','',0,'snmp_community','',''),
 (9,'f4facc5e2ca7ebee621f09bc6d9fc792',2,'SNMP Username (v3)','snmp_username','in','',0,'snmp_username','','on'),
 (10,'1cc1493a6781af2c478fa4de971531cf',2,'SNMP Password (v3)','snmp_password','in','',0,'snmp_password','','on'),
 (11,'b5c23f246559df38662c255f4aa21d6b',2,'SNMP Version (1, 2, or 3)','snmp_version','in','',0,'snmp_version','',''),
 (12,'6027a919c7c7731fbe095b6f53ab127b',2,'Index Type','index_type','in','',0,'index_type','',''),
 (13,'cbbe5c1ddfb264a6e5d509ce1c78c95f',2,'Index Value','index_value','in','',0,'index_value','',''),
 (14,'e6deda7be0f391399c5130e7c4a48b28',2,'Output Type ID','output_type','in','',0,'output_type','',''),
 (15,'edfd72783ad02df128ff82fc9324b4b9',3,'Disk Partition','partition','in','',1,'','',''),
 (16,'8b75fb61d288f0b5fc0bd3056af3689b',3,'Kilobytes Free','kilobytes','out','on',0,'','',''),
 (17,'363588d49b263d30aecb683c52774f39',4,'1 Minute Average','1min','out','on',0,'','',''),
 (18,'ad139a9e1d69881da36fca07889abf58',4,'5 Minute Average','5min','out','on',0,'','',''),
 (19,'5db9fee64824c08258c7ff6f8bc53337',4,'10 Minute Average','10min','out','on',0,'','',''),
 (20,'c0cfd0beae5e79927c5a360076706820',5,'Username (Optional)','username','in','',1,'','','on'),
 (21,'52c58ad414d9a2a83b00a7a51be75a53',5,'Logged In Users','users','out','on',0,'','',''),
 (22,'05eb5d710f0814871b8515845521f8d7',6,'Grep String','grepstr','in','',1,'','',''),
 (23,'86cb1cbfde66279dbc7f1144f43a3219',6,'Result (in Kilobytes)','kilobytes','out','on',0,'','',''),
 (24,'d5a8dd5fbe6a5af11667c0039af41386',7,'Number of Processes','proc','out','on',0,'','',''),
 (25,'8848cdcae831595951a3f6af04eec93b',8,'Grep String','grepstr','in','',1,'','','on'),
 (26,'3d1288d33008430ce354e8b9c162f7ff',8,'Connections','connections','out','on',0,'','',''),
 (27,'c6af570bb2ed9c84abf32033702e2860',9,'(Optional) Log Path','log_path','in','',1,'','','on'),
 (28,'f9389860f5c5340c9b27fca0b4ee5e71',9,'Web Hits','webhits','out','on',0,'','',''),
 (29,'5fbadb91ad66f203463c1187fe7bd9d5',10,'IP Address','ip','in','',1,'hostname','',''),
 (30,'6ac4330d123c69067d36a933d105e89a',10,'Milliseconds','out_ms','out','on',0,'','',''),
 (31,'d39556ecad6166701bfb0e28c5a11108',11,'Index Type','index_type','in','',0,'index_type','',''),
 (32,'3b7caa46eb809fc238de6ef18b6e10d5',11,'Index Value','index_value','in','',0,'index_value','',''),
 (33,'74af2e42dc12956c4817c2ef5d9983f9',11,'Output Type ID','output_type','in','',0,'output_type','',''),
 (34,'8ae57f09f787656bf4ac541e8bd12537',11,'Output Value','output','out','on',0,'','',''),
 (35,'172b4b0eacee4948c6479f587b62e512',12,'Index Type','index_type','in','',0,'index_type','',''),
 (36,'30fb5d5bcf3d66bb5abe88596f357c26',12,'Index Value','index_value','in','',0,'index_value','',''),
 (37,'31112c85ae4ff821d3b288336288818c',12,'Output Type ID','output_type','in','',0,'output_type','',''),
 (38,'5be8fa85472d89c621790b43510b5043',12,'Output Value','output','out','on',0,'','',''),
 (39,'c1f36ee60c3dc98945556d57f26e475b',2,'SNMP Port','snmp_port','in','',0,'snmp_port','',''),
 (40,'fc64b99742ec417cc424dbf8c7692d36',1,'SNMP Port','snmp_port','in','',0,'snmp_port','',''),
 (41,'20832ce12f099c8e54140793a091af90',1,'SNMP Authenticaion Protocol (v3)','snmp_auth_protocol','in','',0,'snmp_auth_protocol','',''),
 (42,'c60c9aac1e1b3555ea0620b8bbfd82cb',1,'SNMP Privacy Passphrase (v3)','snmp_priv_passphrase','in','',0,'snmp_priv_passphrase','',''),
 (43,'feda162701240101bc74148415ef415a',1,'SNMP Privacy Protocol (v3)','snmp_priv_protocol','in','',0,'snmp_priv_protocol','',''),
 (44,'2cf7129ad3ff819a7a7ac189bee48ce8',2,'SNMP Authenticaion Protocol (v3)','snmp_auth_protocol','in','',0,'snmp_auth_protocol','',''),
 (45,'6b13ac0a0194e171d241d4b06f913158',2,'SNMP Privacy Passphrase (v3)','snmp_priv_passphrase','in','',0,'snmp_priv_passphrase','',''),
 (46,'3a33d4fc65b8329ab2ac46a36da26b72',2,'SNMP Privacy Protocol (v3)','snmp_priv_protocol','in','',0,'snmp_priv_protocol','',''),
 (54,'37dd942c2c8de1d1fec0a06c3fc8caeb',16,'Weblogic Server Name','servername','in','',1,'','',''),
 (55,'fe7a87c1366776a4a16bcfb662ff677b',16,'Weblogic Service Name','servicename','in','',2,'','',''),
 (66,'ca5b80eb5a205a21c212125ba998d7e3',17,'Segmento de autentificacion','segment','in','',1,'','',''),
 (56,'04a49635e52983f7182312dd798e1442',16,'Active Execute Threads','activeExecuteThreads1','out','on',0,'','',''),
 (57,'f145d0af7dfc73766b07c192d7dad5d1',16,'Execute Thread Total Count','executeThreadTotalCount1','out','on',0,'','',''),
 (58,'48e9ab36d6f5dca39bf01b1c39499079',16,'Execute Thread Idle Count','executeThreadIdleCount1','out','on',0,'','',''),
 (59,'dd784065b0fc7520b88d9d5776f6c79d',16,'Standby Thread Count','standbyThreadCount1','out','on',0,'','',''),
 (60,'92edd07cec5de1fbeab29d1b4acda4e1',16,'Hogging Thread Count','hoggingThreadCount1','out','on',0,'','',''),
 (61,'0ce88081b8471c11d55651ee7d50aab6',16,'Queue Request Lenght','queueLength1','out','on',0,'','',''),
 (62,'fe17c3afbe3ffe43c45381203b7f154e',16,'Pending User Request Count','pendingUserRequestCount1','out','on',0,'','',''),
 (63,'9d5c136c831f83a1a333f75336a1f9dd',16,'Completed Requests Count','completedRequestCount1','out','on',0,'','',''),
 (64,'8701856f0f87dcf27ca0742bd86fb000',16,'Throughput','throughput1','out','on',0,'','',''),
 (65,'097947c0a8bf75813083e2f986e929a2',16,'Health OK/KO','healthState1','out','on',0,'','',''),
 (67,'33c7cbf4072526b2027067ad068088fc',17,'Response Time','time','out','on',0,'','',''),
 (69,'9fd095ca7f48cc4db7a32b8c37836571',18,'Server Name','server','in','',1,'','',''),
 (70,'7217a1e117b8eff3328f3ceef3c91e36',18,'Total Call Count','totalCount','out','on',0,'','',''),
 (71,'dadcc52871837b79a21cdff34779ca2a',18,'Calls with elapsed >60secs','count60','out','on',0,'','',''),
 (72,'5973c1edc5025ecd946c3ac564851dd6',18,'Calls with elapsed >30secs','count30','out','on',0,'','',''),
 (73,'3e633659de84496f22547226ba98c447',18,'Calls with elapsed >20secs','count20','out','on',0,'','',''),
 (74,'b7e82097f08b6af2fbab61e0da741e0e',18,'Calls with elapsed >10secs','count10','out','on',0,'','',''),
 (75,'160da13b9e881bee75416bb8bbef8639',18,'Calls with elapsed >5secs','count5','out','on',0,'','',''),
 (76,'ce8b28ff4db99094c8631417ec4b28cb',18,'Average Response Time','averageTime','out','on',0,'','',''),
 (77,'eeb565bd78a434e38d2b2f0ee89afb3b',18,'MDW Operation Code','op','in','',2,'','',''),
 (78,'31415a92d9d6b9d1cf71fbd35736e2e9',17,'AWA Status Indicator','status','out','',0,'','','');
CREATE TABLE  `cacti`.`data_local` (
  `id` mediumint(8) unsigned NOT NULL AUTO_INCREMENT,
  `data_template_id` mediumint(8) unsigned NOT NULL DEFAULT '0',
  `host_id` mediumint(8) unsigned NOT NULL DEFAULT '0',
  `snmp_query_id` mediumint(8) NOT NULL DEFAULT '0',
  `snmp_index` varchar(255) NOT NULL DEFAULT '',
  PRIMARY KEY (`id`)
) ENGINE=MyISAM AUTO_INCREMENT=47 DEFAULT CHARSET=latin1;
INSERT INTO `cacti`.`data_local` VALUES  (3,13,1,0,''),
 (4,15,1,0,''),
 (5,11,1,0,''),
 (6,17,1,0,''),
 (7,16,1,0,''),
 (17,51,2,0,''),
 (24,51,4,0,''),
 (22,51,4,0,''),
 (18,51,2,0,''),
 (23,51,4,0,''),
 (20,51,2,0,''),
 (21,51,2,0,''),
 (25,54,6,0,''),
 (26,51,4,0,''),
 (27,51,4,0,''),
 (28,51,4,0,''),
 (29,51,4,0,''),
 (30,51,4,0,''),
 (31,54,6,0,''),
 (32,55,2,0,''),
 (33,55,2,0,''),
 (34,55,2,0,''),
 (35,55,2,0,''),
 (36,55,3,0,''),
 (37,55,3,0,''),
 (38,55,3,0,''),
 (39,55,3,0,''),
 (40,55,2,0,''),
 (41,55,3,0,''),
 (42,55,3,0,''),
 (43,55,3,0,''),
 (44,55,3,0,''),
 (45,55,2,0,''),
 (46,55,3,0,'');
CREATE TABLE  `cacti`.`data_template` (
  `id` mediumint(8) unsigned NOT NULL AUTO_INCREMENT,
  `hash` varchar(32) NOT NULL DEFAULT '',
  `name` varchar(150) NOT NULL DEFAULT '',
  PRIMARY KEY (`id`)
) ENGINE=MyISAM AUTO_INCREMENT=56 DEFAULT CHARSET=latin1;
INSERT INTO `cacti`.`data_template` VALUES  (3,'c8a8f50f5f4a465368222594c5709ede','ucd/net - Hard Drive Space'),
 (4,'cdfed2d401723d2f41fc239d4ce249c7','ucd/net - CPU Usage - System'),
 (5,'a27e816377d2ac6434a87c494559c726','ucd/net - CPU Usage - User'),
 (6,'c06c3d20eccb9598939dc597701ff574','ucd/net - CPU Usage - Nice'),
 (7,'a14f2d6f233b05e64263ff03a5b0b386','Karlnet - Noise Level'),
 (8,'def1a9019d888ed2ad2e106aa9595ede','Karlnet - Signal Level'),
 (9,'513a99ae3c9c4413609c1534ffc36eab','Karlnet - Wireless Transmits'),
 (10,'77404ae93c9cc410f1c2c717e7117378','Karlnet - Wireless Re-Transmits'),
 (11,'9e72511e127de200733eb502eb818e1d','Unix - Load Average'),
 (13,'dc33aa9a8e71fb7c61ec0e7a6da074aa','Linux - Memory - Free'),
 (15,'41f55087d067142d702dd3c73c98f020','Linux - Memory - Free Swap'),
 (16,'9b8c92d3c32703900ff7dd653bfc9cd8','Unix - Processes'),
 (17,'c221c2164c585b6da378013a7a6a2c13','Unix - Logged in Users'),
 (18,'a30a81cb1de65b52b7da542c8df3f188','Unix - Ping Host'),
 (19,'0de466a1b81dfe581d44ac014b86553a','Netware - Total Users'),
 (20,'bbe2da0708103029fbf949817d3a4537','Netware - Total Logins'),
 (22,'e4ac5d5fe73e3c773671c6d0498a8d9d','Netware - File System Reads'),
 (23,'f29f8c998425eedd249be1e7caf90ceb','Netware - File System Writes'),
 (24,'7a6216a113e19881e35565312db8a371','Netware - Cache Checks'),
 (25,'1dbd1251c8e94b334c0e6aeae5ca4b8d','Netware - Cache Hits'),
 (26,'1a4c5264eb27b5e57acd3160af770a61','Netware - Open Files'),
 (27,'e9def3a0e409f517cb804dfeba4ccd90','Cisco Router - 5 Minute CPU'),
 (30,'9b82d44eb563027659683765f92c9757','ucd/net - Load Average - 1 Minute'),
 (31,'87847714d19f405ff3c74f3341b3f940','ucd/net - Load Average - 5 Minute'),
 (32,'308ac157f24e2763f8cd828a80b3e5ff','ucd/net - Load Average - 15 Minute'),
 (33,'797a3e92b0039841b52e441a2823a6fb','ucd/net - Memory - Buffers'),
 (34,'fa15932d3cab0da2ab94c69b1a9f5ca7','ucd/net - Memory - Free'),
 (35,'6ce4ab04378f9f3b03ee0623abb6479f','Netware - Volumes'),
 (36,'03060555fab086b8412bbf9951179cd9','Netware - Directory Entries'),
 (37,'e4ac6919d4f6f21ec5b281a1d6ac4d4e','Unix - Hard Drive Space'),
 (38,'36335cd98633963a575b70639cd2fdad','Interface - Errors/Discards'),
 (39,'2f654f7d69ac71a5d56b1db8543ccad3','Interface - Unicast Packets'),
 (40,'c84e511401a747409053c90ba910d0fe','Interface - Non-Unicast Packets'),
 (41,'6632e1e0b58a565c135d7ff90440c335','Interface - Traffic'),
 (42,'1d17325f416b262921a0b55fe5f7e31d','Netware - CPU Utilization'),
 (43,'d814fa3b79bd0f8933b6e0834d3f16d0','Host MIB - Hard Drive Space'),
 (44,'f6e7d21c19434666bbdac00ccef9932f','Host MIB - CPU Utilization'),
 (45,'f383db441d1c246cff8482f15e184e5f','Host MIB - Processes'),
 (46,'2ef027cc76d75720ee5f7a528f0f1fda','Host MIB - Logged in Users'),
 (47,'a274deec1f78654dca6c446ba75ebca4','ucd/net - Memory - Cache'),
 (48,'d429e4a6019c91e6e84562593c1968ca','SNMP - Generic OID Template'),
 (54,'345bad0104164891f7ea2635a86a601f','AWA Performance Data Template'),
 (51,'ff7c186b02542bfa826c1d12ead4dce0','WL Thread Monitoring Data Template'),
 (55,'4e58bd974aec33470017c2da6c12fb27','MDW Ops Performance Data Template');
CREATE TABLE  `cacti`.`data_template_data` (
  `id` mediumint(8) unsigned NOT NULL AUTO_INCREMENT,
  `local_data_template_data_id` mediumint(8) unsigned NOT NULL DEFAULT '0',
  `local_data_id` mediumint(8) unsigned NOT NULL DEFAULT '0',
  `data_template_id` mediumint(8) unsigned NOT NULL DEFAULT '0',
  `data_input_id` mediumint(8) unsigned NOT NULL DEFAULT '0',
  `t_name` char(2) DEFAULT NULL,
  `name` varchar(250) NOT NULL DEFAULT '',
  `name_cache` varchar(255) NOT NULL DEFAULT '',
  `data_source_path` varchar(255) DEFAULT NULL,
  `t_active` char(2) DEFAULT NULL,
  `active` char(2) DEFAULT NULL,
  `t_rrd_step` char(2) DEFAULT NULL,
  `rrd_step` mediumint(8) unsigned NOT NULL DEFAULT '0',
  `t_rra_id` char(2) DEFAULT NULL,
  PRIMARY KEY (`id`),
  KEY `local_data_id` (`local_data_id`),
  KEY `data_template_id` (`data_template_id`)
) ENGINE=MyISAM AUTO_INCREMENT=116 DEFAULT CHARSET=latin1;
INSERT INTO `cacti`.`data_template_data` VALUES  (3,0,0,3,2,'on','|host_description| - Hard Drive Space','',NULL,'','on','',300,''),
 (4,0,0,4,1,'','|host_description| - CPU Usage - System','',NULL,'','on','',300,''),
 (5,0,0,5,1,'','|host_description| - CPU Usage - User','',NULL,'','on','',300,''),
 (6,0,0,6,1,'','|host_description| - CPU Usage - Nice','',NULL,'','on','',300,''),
 (7,0,0,7,2,'on','|host_description| - Noise Level','',NULL,'','on','',300,''),
 (8,0,0,8,2,'on','|host_description| - Signal Level','',NULL,'','on','',300,''),
 (9,0,0,9,2,'on','|host_description| - Wireless Transmits','',NULL,'','on','',300,''),
 (10,0,0,10,2,'on','|host_description| - Wireless Re-Transmits','',NULL,'','on','',300,''),
 (11,0,0,11,4,'','|host_description| - Load Average','',NULL,'','on','',300,''),
 (13,0,0,13,6,'','|host_description| - Memory - Free','',NULL,'','on','',300,''),
 (15,0,0,15,6,'','|host_description| - Memory - Free Swap','',NULL,'','on','',300,''),
 (16,0,0,16,7,'','|host_description| - Processes','',NULL,'','on','',300,''),
 (17,0,0,17,5,'','|host_description| - Logged in Users','',NULL,'','on','',300,''),
 (18,0,0,18,10,'','|host_description| - Ping Host','',NULL,'','on','',300,''),
 (19,0,0,19,1,'','|host_description| - Total Users','',NULL,'','on','',300,''),
 (20,0,0,20,1,'','|host_description| - Total Logins','',NULL,'','on','',300,''),
 (22,0,0,22,1,'','|host_description| - File System Reads','',NULL,'','on','',300,''),
 (23,0,0,23,1,'','|host_description| - File System Writes','',NULL,'','on','',300,''),
 (24,0,0,24,1,'','|host_description| - Cache Checks','',NULL,'','on','',300,''),
 (25,0,0,25,1,'','|host_description| - Cache Hits','',NULL,'','on','',300,''),
 (26,0,0,26,1,'','|host_description| - Open Files','',NULL,'','on','',300,''),
 (27,0,0,27,1,'','|host_description| - 5 Minute CPU','',NULL,'','on','',300,''),
 (30,0,0,30,1,'','|host_description| - Load Average - 1 Minute','',NULL,'','on','',300,''),
 (31,0,0,31,1,'','|host_description| - Load Average - 5 Minute','',NULL,'','on','',300,''),
 (32,0,0,32,1,'','|host_description| - Load Average - 15 Minute','',NULL,'','on','',300,''),
 (33,0,0,33,1,'','|host_description| - Memory - Buffers','',NULL,'','on','',300,''),
 (34,0,0,34,1,'','|host_description| - Memory - Free','',NULL,'','on','',300,''),
 (35,0,0,35,2,'on','|host_description| - Volumes','',NULL,'','on','',300,''),
 (36,0,0,36,2,'on','|host_description| - Directory Entries','',NULL,'','on','',300,''),
 (37,0,0,37,11,'on','|host_description| - Hard Drive Space','',NULL,'','on','',300,''),
 (38,0,0,38,2,'on','|host_description| - Errors/Discards','',NULL,'','on','',300,''),
 (39,0,0,39,2,'on','|host_description| - Unicast Packets','',NULL,'','on','',300,''),
 (40,0,0,40,2,'on','|host_description| - Non-Unicast Packets','',NULL,'','on','',300,''),
 (41,0,0,41,2,'on','|host_description| - Traffic','',NULL,'','on','',300,''),
 (55,0,0,42,2,'','|host_description| - CPU Utilization','',NULL,'','on','',300,''),
 (56,0,0,43,12,'','|host_description| - Hard Drive Space','',NULL,'','on','',300,''),
 (57,0,0,44,12,'','|host_description| - CPU Utilization','',NULL,'','on','',300,''),
 (58,0,0,45,1,'','|host_description| - Processes','',NULL,'','on','',300,''),
 (59,0,0,46,1,'','|host_description| - Logged in Users','',NULL,'','on','',300,''),
 (62,13,3,13,6,NULL,'|host_description| - Memory - Free','Localhost - Memory - Free','<path_rra>/localhost_mem_buffers_3.rrd',NULL,'on',NULL,300,NULL),
 (63,15,4,15,6,NULL,'|host_description| - Memory - Free Swap','Localhost - Memory - Free Swap','<path_rra>/localhost_mem_swap_4.rrd',NULL,'on',NULL,300,NULL),
 (64,11,5,11,4,NULL,'|host_description| - Load Average','Localhost - Load Average','<path_rra>/localhost_load_1min_5.rrd',NULL,'on',NULL,300,NULL),
 (65,17,6,17,5,NULL,'|host_description| - Logged in Users','Localhost - Logged in Users','<path_rra>/localhost_users_6.rrd',NULL,'on',NULL,300,NULL),
 (66,16,7,16,7,NULL,'|host_description| - Processes','Localhost - Processes','<path_rra>/localhost_proc_7.rrd',NULL,'on',NULL,300,NULL),
 (68,0,0,47,1,'','|host_description| - Memory - Cache','',NULL,'','on','',300,''),
 (69,0,0,48,1,'on','|host_description| -','',NULL,'','on','',300,''),
 (85,78,18,51,16,NULL,'WL Thread neos1p Data Source','WL Thread neos1p Data Source','<path_rra>/weblogic_weblogp5_neos1p.rrd',NULL,'on',NULL,60,NULL),
 (78,0,0,51,16,'on','WL Thread <servicename> Data Source','',NULL,'','on','',60,''),
 (91,78,24,51,16,'','WL Thread ppo3p Data Source','WL Thread ppo3p Data Source','<path_rra>/weblogic_weblogp7_ppo3p.rrd','','on','',60,NULL),
 (92,0,0,54,17,'on','AWA Performance <segment> Data Source','',NULL,'','on','',60,''),
 (93,92,25,54,17,NULL,'AWA Performance RES POST Data Source','AWA Performance RES POST Data Source','<path_rra>/awa_RPOST.rrd',NULL,'on',NULL,60,NULL),
 (89,78,22,51,16,'','WL Thread ppo1p Data Source','WL Thread ppo1p Data Source','<path_rra>/weblogic_weblogp7_ppo1p.rrd','','on','',60,NULL),
 (84,78,17,51,16,NULL,'WL Thread neos2p Data Source','WL Thread neos2p Data Source','<path_rra>/weblogic_weblogp5_neos2p.rrd',NULL,'on',NULL,60,NULL),
 (90,78,23,51,16,'','WL Thread ppo2p Data Source','WL Thread ppo2p Data Source','<path_rra>/weblogic_weblogp7_ppo2p.rrd','','on','',60,NULL),
 (87,78,20,51,16,'','WL Thread neosweb1p Data Source','WL Thread neosweb1p Data Source','<path_rra>/weblogic_weblogp5_neosweb1p.rrd','','on','',60,NULL),
 (88,78,21,51,16,NULL,'WL Thread neosweb2p Data Source','WL Thread neosweb2p Data Source','<path_rra>/weblogic_weblogp5_neosweb2p.rrd',NULL,'on',NULL,60,NULL),
 (94,78,26,51,16,'','WL Thread ppo4p Data Source','WL Thread ppo4p Data Source','<path_rra>/weblogic_weblogp7_ppo4p.rrd','','on','',60,NULL),
 (95,78,27,51,16,'','WL Thread fewspweb1p Data Source','WL Thread fewspweb1p Data Source','<path_rra>/weblogic_weblogp7_fewspweb1p.rrd','','on','',60,NULL),
 (96,78,28,51,16,'','WL Thread fewspweb2p Data Source','WL Thread fewspweb2p Data Source','<path_rra>/weblogic_weblogp7_fewspweb2p.rrd','','on','',60,NULL),
 (97,78,29,51,16,'','WL Thread fewspservices1p Data Source','WL Thread fewspservices1p Data Source','<path_rra>/weblogic_weblogp7_fewspservices1p.rrd','','on','',60,NULL),
 (98,78,30,51,16,'','WL Thread fewspservices2p Data Source','WL Thread fewspservices2p Data Source','<path_rra>/weblogic_weblogp7_fewspservices2p.rrd','','on','',60,NULL),
 (99,92,31,54,17,'','AWA Performance MULTILINEA Data Source','AWA Performance MULTILINEA Data Source','<path_rra>/awa_MULTILINEA.rrd','','on','',60,NULL),
 (100,0,0,55,18,'on','MDW <server> <op> Performance Source','',NULL,'','','',60,''),
 (101,100,32,55,18,NULL,'MDW weblogp5 26027 Performance Data Source','MDW weblogp5 26027 Performance Data Source','<path_rra>/neos_weblogp5_26027.rrd',NULL,'',NULL,60,NULL),
 (102,100,33,55,18,'','MDW weblogp5 09020 Performance Data Source','MDW weblogp5 09020 Performance Data Source','<path_rra>/neos_weblogp5_09020.rrd','','','',60,NULL),
 (103,100,34,55,18,'','MDW weblogp5 03040 Performance Data Source','MDW weblogp5 03040 Performance Data Source','<path_rra>/neos_weblogp5_03040.rrd','','','',60,NULL),
 (104,100,35,55,18,'','MDW weblogp5 10010 Performance Data Source','MDW weblogp5 10010 Performance Data Source','<path_rra>/neos_weblogp5_10010.rrd','','','',60,NULL),
 (105,100,36,55,18,'','MDW weblogp6 26027 Performance Data Source','MDW weblogp6 26027 Performance Data Source','<path_rra>/neos_weblogp6_26027.rrd','','','',60,NULL),
 (106,100,37,55,18,'','MDW weblogp6 10010 Performance Data Source','MDW weblogp6 10010 Performance Data Source','<path_rra>/neos_weblogp6_10010.rrd','','','',60,NULL),
 (107,100,38,55,18,'','MDW weblogp6 09020 Performance Data Source','MDW weblogp6 09020 Performance Data Source','<path_rra>/neos_weblogp6_09020.rrd','','','',60,NULL),
 (108,100,39,55,18,'','MDW weblogp6 03040 Performance Data Source','MDW weblogp6 03040 Performance Data Source','<path_rra>/neos_weblogp6_03040.rrd','','','',60,NULL),
 (109,100,40,55,18,'','MDW weblogp5 03031 Performance Data Source','MDW weblogp5 03031 Performance Data Source','<path_rra>/neos_weblogp5_03031.rrd','','','',60,NULL),
 (110,100,41,55,18,'','MDW weblogp6 03031 Performance Data Source','MDW weblogp6 03031 Performance Data Source','<path_rra>/neos_weblogp6_03031.rrd','','','',60,NULL),
 (111,100,42,55,18,'','MDW weblogp6 GetProfile Performance Data Source','MDW weblogp6 GetProfile Performance Data Source','<path_rra>/neos_weblogp6_GetProfile.rrd','','','',60,NULL),
 (112,100,43,55,18,'','MDW weblogp6 GetOffer Performance Data Source','MDW weblogp6 GetOffer Performance Data Source','<path_rra>/neos_weblogp6_GetOffer.rrd','','','',60,NULL),
 (113,100,44,55,18,'','MDW weblogp6 GetBalance Performance Data Source','MDW weblogp6 GetBalance Performance Data Source','<path_rra>/neos_weblogp6_GetBalance.rrd','','','',60,NULL),
 (114,100,45,55,18,'','MDW weblogp5 02045 Performance Data Source','MDW weblogp5 02045 Performance Data Source','<path_rra>/neos_weblogp5_02045.rrd','','','',60,NULL),
 (115,100,46,55,18,'','MDW weblogp6 02045 Performance Data Source','MDW weblogp6 02045 Performance Data Source','<path_rra>/neos_weblogp6_03031.rrd','','','',60,NULL);
CREATE TABLE  `cacti`.`data_template_data_rra` (
  `data_template_data_id` mediumint(8) unsigned NOT NULL DEFAULT '0',
  `rra_id` mediumint(8) unsigned NOT NULL DEFAULT '0',
  PRIMARY KEY (`data_template_data_id`,`rra_id`),
  KEY `data_template_data_id` (`data_template_data_id`)
) ENGINE=MyISAM DEFAULT CHARSET=latin1;
INSERT INTO `cacti`.`data_template_data_rra` VALUES  (3,1),
 (3,2),
 (3,3),
 (3,4),
 (4,1),
 (4,2),
 (4,3),
 (4,4),
 (5,1),
 (5,2),
 (5,3),
 (5,4),
 (6,1),
 (6,2),
 (6,3),
 (6,4),
 (7,1),
 (7,2),
 (7,3),
 (7,4),
 (8,1),
 (8,2),
 (8,3),
 (8,4),
 (9,1),
 (9,2),
 (9,3),
 (9,4),
 (10,1),
 (10,2),
 (10,3),
 (10,4),
 (11,1),
 (11,2),
 (11,3),
 (11,4),
 (13,1),
 (13,2),
 (13,3),
 (13,4),
 (15,1),
 (15,2),
 (15,3),
 (15,4),
 (16,1),
 (16,2),
 (16,3),
 (16,4),
 (17,1),
 (17,2),
 (17,3),
 (17,4),
 (18,1),
 (18,2),
 (18,3),
 (18,4),
 (19,1),
 (19,2),
 (19,3),
 (19,4),
 (20,1),
 (20,2),
 (20,3),
 (20,4),
 (22,1),
 (22,2),
 (22,3),
 (22,4),
 (23,1),
 (23,2),
 (23,3),
 (23,4),
 (24,1),
 (24,2),
 (24,3),
 (24,4),
 (25,1),
 (25,2),
 (25,3),
 (25,4),
 (26,1),
 (26,2),
 (26,3),
 (26,4),
 (27,1),
 (27,2),
 (27,3),
 (27,4),
 (30,1),
 (30,2),
 (30,3),
 (30,4),
 (31,1),
 (31,2),
 (31,3),
 (31,4),
 (32,1),
 (32,2),
 (32,3),
 (32,4),
 (33,1),
 (33,2),
 (33,3),
 (33,4),
 (34,1),
 (34,2),
 (34,3),
 (34,4),
 (35,1),
 (35,2),
 (35,3),
 (35,4),
 (36,1),
 (36,2),
 (36,3),
 (36,4),
 (37,1),
 (37,2),
 (37,3),
 (37,4),
 (38,1),
 (38,2),
 (38,3),
 (38,4),
 (39,1),
 (39,2),
 (39,3),
 (39,4),
 (40,1),
 (40,2),
 (40,3),
 (40,4),
 (41,1),
 (41,2),
 (41,3),
 (41,4),
 (55,1),
 (55,2),
 (55,3),
 (55,4),
 (56,1),
 (56,2),
 (56,3),
 (56,4),
 (57,1),
 (57,2),
 (57,3),
 (57,4),
 (58,1),
 (58,2),
 (58,3),
 (58,4),
 (59,1),
 (59,2),
 (59,3),
 (59,4),
 (62,1),
 (62,2),
 (62,3),
 (62,4),
 (63,1),
 (63,2),
 (63,3),
 (63,4),
 (64,1),
 (64,2),
 (64,3),
 (64,4),
 (65,1),
 (65,2),
 (65,3),
 (65,4),
 (66,1),
 (66,2),
 (66,3),
 (66,4),
 (68,1),
 (68,2),
 (68,3),
 (68,4),
 (69,1),
 (69,2),
 (69,3),
 (69,4),
 (78,1),
 (78,2),
 (78,3),
 (78,4),
 (78,5),
 (84,1),
 (84,2),
 (84,3),
 (84,4),
 (84,5),
 (85,1),
 (85,2),
 (85,3),
 (85,4),
 (85,5),
 (87,1),
 (87,2),
 (87,3),
 (87,4),
 (87,5),
 (88,1),
 (88,2),
 (88,3),
 (88,4),
 (88,5),
 (89,1),
 (89,2),
 (89,3),
 (89,4),
 (89,5),
 (90,1),
 (90,2),
 (90,3),
 (90,4),
 (90,5),
 (91,1),
 (91,2),
 (91,3),
 (91,4),
 (91,5),
 (92,1),
 (92,2),
 (92,3),
 (92,4),
 (92,5),
 (93,1),
 (93,2),
 (93,3),
 (93,4),
 (93,5),
 (94,1),
 (94,2),
 (94,3),
 (94,4),
 (94,5),
 (95,1),
 (95,2),
 (95,3),
 (95,4),
 (95,5),
 (96,1),
 (96,2),
 (96,3),
 (96,4),
 (96,5),
 (97,1),
 (97,2),
 (97,3),
 (97,4),
 (97,5),
 (98,1),
 (98,2),
 (98,3),
 (98,4),
 (98,5),
 (99,1),
 (99,2),
 (99,3),
 (99,4),
 (99,5),
 (100,1),
 (100,2),
 (100,3),
 (100,4),
 (100,5),
 (101,1),
 (101,2),
 (101,3),
 (101,4),
 (101,5),
 (102,1),
 (102,2),
 (102,3),
 (102,4),
 (102,5),
 (103,1),
 (103,2),
 (103,3),
 (103,4),
 (103,5),
 (104,1),
 (104,2),
 (104,3),
 (104,4),
 (104,5),
 (105,1),
 (105,2),
 (105,3),
 (105,4),
 (105,5),
 (106,1),
 (106,2),
 (106,3),
 (106,4),
 (106,5),
 (107,1),
 (107,2),
 (107,3),
 (107,4),
 (107,5),
 (108,1),
 (108,2),
 (108,3),
 (108,4),
 (108,5),
 (109,1),
 (109,2),
 (109,3),
 (109,4),
 (109,5),
 (110,1),
 (110,2),
 (110,3),
 (110,4),
 (110,5),
 (111,1),
 (111,2),
 (111,3),
 (111,4),
 (111,5),
 (112,1),
 (112,2),
 (112,3),
 (112,4),
 (112,5),
 (113,1),
 (113,2),
 (113,3),
 (113,4),
 (113,5),
 (114,1),
 (114,2),
 (114,3),
 (114,4),
 (114,5),
 (115,1),
 (115,2),
 (115,3),
 (115,4),
 (115,5);
CREATE TABLE  `cacti`.`data_template_rrd` (
  `id` mediumint(8) unsigned NOT NULL AUTO_INCREMENT,
  `hash` varchar(32) NOT NULL DEFAULT '',
  `local_data_template_rrd_id` mediumint(8) unsigned NOT NULL DEFAULT '0',
  `local_data_id` mediumint(8) unsigned NOT NULL DEFAULT '0',
  `data_template_id` mediumint(8) unsigned NOT NULL DEFAULT '0',
  `t_rrd_maximum` char(2) DEFAULT NULL,
  `rrd_maximum` varchar(20) NOT NULL DEFAULT '0',
  `t_rrd_minimum` char(2) DEFAULT NULL,
  `rrd_minimum` varchar(20) NOT NULL DEFAULT '0',
  `t_rrd_heartbeat` char(2) DEFAULT NULL,
  `rrd_heartbeat` mediumint(6) NOT NULL DEFAULT '0',
  `t_data_source_type_id` char(2) DEFAULT NULL,
  `data_source_type_id` smallint(5) NOT NULL DEFAULT '0',
  `t_data_source_name` char(2) DEFAULT NULL,
  `data_source_name` varchar(19) NOT NULL DEFAULT '',
  `t_data_input_field_id` char(2) DEFAULT NULL,
  `data_input_field_id` mediumint(8) unsigned NOT NULL DEFAULT '0',
  PRIMARY KEY (`id`),
  KEY `local_data_id` (`local_data_id`),
  KEY `data_template_id` (`data_template_id`),
  KEY `local_data_template_rrd_id` (`local_data_template_rrd_id`)
) ENGINE=MyISAM AUTO_INCREMENT=385 DEFAULT CHARSET=latin1;
INSERT INTO `cacti`.`data_template_rrd` VALUES  (3,'2d53f9c76767a2ae8909f4152fd473a4',0,0,3,'','0','','0','',600,'',1,'','hdd_free','',0),
 (4,'93d91aa7a3cc5473e7b195d5d6e6e675',0,0,3,'','0','','0','',600,'',1,'','hdd_used','',0),
 (5,'7bee7987bbf30a3bc429d2a67c6b2595',0,0,4,'','100','','0','',600,'',2,'','cpu_system','',0),
 (6,'ddccd7fbdece499da0235b4098b87f9e',0,0,5,'','100','','0','',600,'',2,'','cpu_user','',0),
 (7,'122ab2097f8c6403b7b90cde7b9e2bc2',0,0,6,'','100','','0','',600,'',2,'','cpu_nice','',0),
 (8,'34f50c820092ea0fecba25b4b94a7946',0,0,7,'','100','','0','',600,'',1,'','wrls_noise','',0),
 (9,'830b811d1834e5ba0e2af93bd92db057',0,0,8,'','100','','0','',600,'',1,'','wrls_signal','',0),
 (10,'2f1b016a2465eef3f7369f6313cd4a94',0,0,9,'','1000000','','0','',600,'',2,'','wrls_transmits','',0),
 (11,'28ffcecaf8b50e49f676f2d4a822685d',0,0,10,'','1000000','','0','',600,'',2,'','wrls_retransmits','',0),
 (12,'8175ca431c8fe50efff5a1d3ae51b55d',0,0,11,'','500','','0','',600,'',1,'','load_1min','',17),
 (13,'a2eeb8acd6ea01cd0e3ac852965c0eb6',0,0,11,'','500','','0','',600,'',1,'','load_5min','',18),
 (14,'9f951b7fb3b19285a411aebb5254a831',0,0,11,'','500','','0','',600,'',1,'','load_15min','',19),
 (16,'a4df3de5238d3beabee1a2fe140d3d80',0,0,13,'','0','','0','',600,'',1,'','mem_buffers','',23),
 (18,'7fea6acc9b1a19484b4cb4cef2b6c5da',0,0,15,'','0','','0','',600,'',1,'','mem_swap','',23),
 (19,'f1ba3a5b17b95825021241398bb0f277',0,0,16,'','1000','','0','',600,'',1,'','proc','',24),
 (20,'46a5afe8e6c0419172c76421dc9e304a',0,0,17,'','500','','0','',600,'',1,'','users','',21),
 (21,'962fd1994fe9cae87fb36436bdb8a742',0,0,18,'','5000','','0','',600,'',1,'','ping','',30),
 (22,'7a8dd1111a8624369906bf2cd6ea9ca9',0,0,19,'','100000','','0','',600,'',1,'','total_users','',0),
 (23,'ddb6e74d34d2f1969ce85f809dbac23d',0,0,20,'','100000','','0','',600,'',1,'','total_logins','',0),
 (25,'289311d10336941d33d9a1c48a7b11ee',0,0,22,'','10000000','','0','',600,'',2,'','fs_reads','',0),
 (26,'02216f036cca04655ee2f67fedb6f4f0',0,0,23,'','10000000','','0','',600,'',2,'','fs_writes','',0),
 (27,'9e402c0f29131ef7139c20bd500b4e8a',0,0,24,'','10000000','','0','',600,'',2,'','cache_checks','',0),
 (28,'46717dfe3c8c030d8b5ec0874f9dbdca',0,0,25,'','1000000','','0','',600,'',2,'','cache_hits','',0),
 (29,'7a88a60729af62561812c43bde61dfc1',0,0,26,'','100000','','0','',600,'',1,'','open_files','',0),
 (30,'3c0fd1a188b64a662dfbfa985648397b',0,0,27,'','100','','0','',600,'',1,'','5min_cpu','',0),
 (33,'ed44c2438ef7e46e2aeed2b6c580815c',0,0,30,'','500','','0','',600,'',1,'','load_1min','',0),
 (34,'9b3a00c9e3530d9e58895ac38271361e',0,0,31,'','500','','0','',600,'',1,'','load_5min','',0),
 (35,'6746c2ed836ecc68a71bbddf06b0e5d9',0,0,32,'','500','','0','',600,'',1,'','load_15min','',0),
 (36,'9835d9e1a8c78aa2475d752e8fa74812',0,0,33,'','10000000','','0','',600,'',1,'','mem_buffers','',0),
 (37,'9c78dc1981bcea841b8c827c6dc0d26c',0,0,34,'','10000000','','0','',600,'',1,'','mem_free','',0),
 (38,'62a56dc76fe4cd8566a31b5df0274cc3',0,0,35,'','0','','0','',600,'',1,'','vol_total','',0),
 (39,'2e366ab49d0e0238fb4e3141ea5a88c3',0,0,35,'','0','','0','',600,'',1,'','vol_free','',0),
 (40,'dceedc84718dd93a5affe4b190bca810',0,0,35,'','0','','0','',600,'',1,'','vol_freeable','',0),
 (42,'93330503f1cf67db00d8fe636035e545',0,0,36,'','100000000000','','0','',600,'',1,'','dir_total','',0),
 (43,'6b0fe4aa6aaf22ef9cfbbe96d87fa0d7',0,0,36,'','100000000000','','0','',600,'',1,'','dir_used','',0),
 (44,'4c82df790325d789d304e6ee5cd4ab7d',0,0,37,'','0','','0','',600,'',1,'','hdd_free','',0),
 (46,'c802e2fd77f5b0a4c4298951bf65957c',0,0,38,'','10000000','','0','',600,'',2,'','errors_in','',0),
 (47,'4e2a72240955380dc8ffacfcc8c09874',0,0,38,'','10000000','','0','',600,'',2,'','discards_in','',0),
 (48,'636672962b5bb2f31d86985e2ab4bdfe',0,0,39,'','1000000000','','0','',600,'',2,'','unicast_in','',0),
 (49,'18ce92c125a236a190ee9dd948f56268',0,0,39,'','1000000000','','0','',600,'',2,'','unicast_out','',0),
 (50,'13ebb33f9cbccfcba828db1075a8167c',0,0,38,'','10000000','','0','',600,'',2,'','discards_out','',0),
 (51,'31399c3725bee7e09ec04049e3d5cd17',0,0,38,'','10000000','','0','',600,'',2,'','errors_out','',0),
 (52,'7be68cbc4ee0b2973eb9785f8c7a35c7',0,0,40,'','1000000000','','0','',600,'',2,'','nonunicast_out','',0),
 (53,'93e2b6f59b10b13f2ddf2da3ae98b89a',0,0,40,'','1000000000','','0','',600,'',2,'','nonunicast_in','',0),
 (54,'2df25c57022b0c7e7d0be4c035ada1a0',0,0,41,'on','100000000','','0','',600,'',2,'','traffic_in','',0),
 (55,'721c0794526d1ac1c359f27dc56faa49',0,0,41,'on','100000000','','0','',600,'',2,'','traffic_out','',0),
 (56,'07175541991def89bd02d28a215f6fcc',0,0,37,'','0','','0','',600,'',1,'','hdd_used','',0),
 (76,'07492e5cace6d74e7db3cb1fc005a3f3',0,0,42,'','100','','0','',600,'',1,'','cpu','',0),
 (78,'0ee6bb54957f6795a5369a29f818d860',0,0,43,'','0','','0','',600,'',1,'','hdd_used','',0),
 (79,'9825aaf7c0bdf1554c5b4b86680ac2c0',0,0,44,'','100','','0','',600,'',1,'','cpu','',0),
 (80,'50ccbe193c6c7fc29fb9f726cd6c48ee',0,0,45,'','1000','','0','',600,'',1,'','proc','',0),
 (81,'9464c91bcff47f23085ae5adae6ab987',0,0,46,'','5000','','0','',600,'',1,'','users','',0),
 (84,'',16,3,13,NULL,'0',NULL,'0',NULL,600,NULL,1,NULL,'mem_buffers',NULL,23),
 (85,'',18,4,15,NULL,'0',NULL,'0',NULL,600,NULL,1,NULL,'mem_swap',NULL,23),
 (86,'',12,5,11,NULL,'500',NULL,'0',NULL,600,NULL,1,NULL,'load_1min',NULL,17),
 (87,'',13,5,11,NULL,'500',NULL,'0',NULL,600,NULL,1,NULL,'load_5min',NULL,18),
 (88,'',14,5,11,NULL,'500',NULL,'0',NULL,600,NULL,1,NULL,'load_15min',NULL,19),
 (89,'',20,6,17,NULL,'500',NULL,'0',NULL,600,NULL,1,NULL,'users',NULL,21),
 (90,'',19,7,16,NULL,'1000',NULL,'0',NULL,600,NULL,1,NULL,'proc',NULL,24),
 (92,'165a0da5f461561c85d092dfe96b9551',0,0,43,'','0','','0','',600,'',1,'','hdd_total','',0),
 (95,'7a6ca455bbeff99ca891371bc77d5cf9',0,0,47,'','10000000','','0','',600,'',1,'','mem_cache','',0),
 (96,'224b83ea73f55f8a861bcf4c9bea0472',0,0,48,'on','100','','0','',600,'on',1,'','snmp_oid','',0),
 (149,'',148,17,51,NULL,'1000000',NULL,'0',NULL,600,NULL,2,NULL,'completedRequests',NULL,63),
 (117,'d8edc5986af494200a1175cf4c94ac59',0,0,51,'','1000','','0','',600,'',1,'','executeIdle','',58),
 (148,'8b489e4b587b6615447a8b671db14e7b',0,0,51,'','1000000','','0','',600,'',2,'','completedRequests','',63),
 (201,'',154,23,51,NULL,'300',NULL,'0',NULL,600,NULL,1,NULL,'throughput',NULL,64),
 (200,'',117,23,51,NULL,'1000',NULL,'0',NULL,600,NULL,1,NULL,'executeIdle',NULL,58),
 (113,'fe9f5b93986ae8db299e0441ef706866',0,0,51,'','1000','','0','',600,'',1,'','activeThreads','',56),
 (114,'16d60badb09a39f7072803855cd5b4cd',0,0,51,'','1000','','1','',600,'',1,'','executeTotal','',57),
 (205,'',119,23,51,NULL,'1000',NULL,'0',NULL,600,NULL,1,NULL,'standbyThreads',NULL,59),
 (202,'',152,23,51,NULL,'1000',NULL,'0',NULL,600,NULL,1,NULL,'queueLength',NULL,61),
 (203,'',150,23,51,NULL,'10000',NULL,'0',NULL,600,NULL,1,NULL,'pendingRequests',NULL,62),
 (204,'',121,23,51,NULL,'1000',NULL,'0',NULL,600,NULL,1,NULL,'hoogingThreads',NULL,60),
 (119,'4e495e0cb77e61012821cd5dda2e0892',0,0,51,'','1000','','0','',600,'',1,'','standbyThreads','',59),
 (199,'',148,23,51,NULL,'1000000',NULL,'0',NULL,600,NULL,2,NULL,'completedRequests',NULL,63),
 (198,'',113,23,51,NULL,'1000',NULL,'0',NULL,600,NULL,1,NULL,'activeThreads',NULL,56),
 (121,'f91f1a8ebec8db27f26d27f412086153',0,0,51,'','1000','','0','',600,'',1,'','hoogingThreads','',60),
 (197,'',114,23,51,NULL,'1000',NULL,'1',NULL,600,NULL,1,NULL,'executeTotal',NULL,57),
 (273,'b34a8d5672f5d35dfe05c74fb98c26db',0,0,55,'','0','','0','',120,'',1,'','averageTime','',76),
 (214,'',114,24,51,NULL,'1000',NULL,'1',NULL,600,NULL,1,NULL,'executeTotal',NULL,57),
 (213,'',113,24,51,NULL,'1000',NULL,'0',NULL,600,NULL,1,NULL,'activeThreads',NULL,56),
 (212,'',148,24,51,NULL,'1000000',NULL,'0',NULL,600,NULL,2,NULL,'completedRequests',NULL,63),
 (211,'',121,24,51,NULL,'1000',NULL,'0',NULL,600,NULL,1,NULL,'hoogingThreads',NULL,60),
 (209,'',152,24,51,NULL,'1000',NULL,'0',NULL,600,NULL,1,NULL,'queueLength',NULL,61),
 (210,'',150,24,51,NULL,'10000',NULL,'0',NULL,600,NULL,1,NULL,'pendingRequests',NULL,62),
 (207,'',117,24,51,NULL,'1000',NULL,'0',NULL,600,NULL,1,NULL,'executeIdle',NULL,58),
 (208,'',119,24,51,NULL,'1000',NULL,'0',NULL,600,NULL,1,NULL,'standbyThreads',NULL,59),
 (206,'',154,24,51,NULL,'300',NULL,'0',NULL,600,NULL,1,NULL,'throughput',NULL,64),
 (191,'',114,22,51,NULL,'1000',NULL,'1',NULL,600,NULL,1,NULL,'executeTotal',NULL,57),
 (190,'',113,22,51,NULL,'1000',NULL,'0',NULL,600,NULL,1,NULL,'activeThreads',NULL,56),
 (189,'',148,22,51,NULL,'1000000',NULL,'0',NULL,600,NULL,2,NULL,'completedRequests',NULL,63),
 (188,'',117,22,51,NULL,'1000',NULL,'0',NULL,600,NULL,1,NULL,'executeIdle',NULL,58),
 (143,'',117,17,51,NULL,'1000',NULL,'0',NULL,600,NULL,1,NULL,'executeIdle',NULL,58),
 (144,'',113,17,51,NULL,'1000',NULL,'0',NULL,600,NULL,1,NULL,'activeThreads',NULL,56),
 (145,'',114,17,51,NULL,'1000',NULL,'1',NULL,600,NULL,1,NULL,'executeTotal',NULL,57),
 (146,'',119,17,51,NULL,'1000',NULL,'0',NULL,600,NULL,1,NULL,'standbyThreads',NULL,59),
 (147,'',121,17,51,NULL,'1000',NULL,'0',NULL,600,NULL,1,NULL,'hoogingThreads',NULL,60),
 (150,'4aeb2a3c9e1cc1121c95ab42997a7e61',0,0,51,'','10000','','0','',600,'',1,'','pendingRequests','',62),
 (151,'',150,17,51,NULL,'10000',NULL,'0',NULL,600,NULL,1,NULL,'pendingRequests',NULL,62),
 (152,'748769486f37679b6da34b5aeb7a03fe',0,0,51,'','1000','','0','',600,'',1,'','queueLength','',61),
 (153,'',152,17,51,NULL,'1000',NULL,'0',NULL,600,NULL,1,NULL,'queueLength',NULL,61),
 (154,'5dce8201ebebde987376f76ae4589809',0,0,51,'','300','','0','',600,'',1,'','throughput','',64),
 (155,'',154,17,51,NULL,'300',NULL,'0',NULL,600,NULL,1,NULL,'throughput',NULL,64),
 (156,'',117,18,51,NULL,'1000',NULL,'0',NULL,600,NULL,1,NULL,'executeIdle',NULL,58),
 (157,'',148,18,51,NULL,'1000000',NULL,'0',NULL,600,NULL,2,NULL,'completedRequests',NULL,63),
 (158,'',113,18,51,NULL,'1000',NULL,'0',NULL,600,NULL,1,NULL,'activeThreads',NULL,56),
 (159,'',114,18,51,NULL,'1000',NULL,'1',NULL,600,NULL,1,NULL,'executeTotal',NULL,57),
 (160,'',119,18,51,NULL,'1000',NULL,'0',NULL,600,NULL,1,NULL,'standbyThreads',NULL,59),
 (161,'',121,18,51,NULL,'1000',NULL,'0',NULL,600,NULL,1,NULL,'hoogingThreads',NULL,60),
 (162,'',150,18,51,NULL,'10000',NULL,'0',NULL,600,NULL,1,NULL,'pendingRequests',NULL,62),
 (163,'',152,18,51,NULL,'1000',NULL,'0',NULL,600,NULL,1,NULL,'queueLength',NULL,61),
 (164,'',154,18,51,NULL,'300',NULL,'0',NULL,600,NULL,1,NULL,'throughput',NULL,64),
 (196,'',154,22,51,NULL,'300',NULL,'0',NULL,600,NULL,1,NULL,'throughput',NULL,64),
 (195,'',152,22,51,NULL,'1000',NULL,'0',NULL,600,NULL,1,NULL,'queueLength',NULL,61),
 (194,'',150,22,51,NULL,'10000',NULL,'0',NULL,600,NULL,1,NULL,'pendingRequests',NULL,62),
 (193,'',121,22,51,NULL,'1000',NULL,'0',NULL,600,NULL,1,NULL,'hoogingThreads',NULL,60),
 (192,'',119,22,51,NULL,'1000',NULL,'0',NULL,600,NULL,1,NULL,'standbyThreads',NULL,59),
 (170,'',117,20,51,NULL,'1000',NULL,'0',NULL,600,NULL,1,NULL,'executeIdle',NULL,58),
 (171,'',148,20,51,NULL,'1000000',NULL,'0',NULL,600,NULL,2,NULL,'completedRequests',NULL,63),
 (172,'',113,20,51,NULL,'1000',NULL,'0',NULL,600,NULL,1,NULL,'activeThreads',NULL,56),
 (173,'',114,20,51,NULL,'1000',NULL,'1',NULL,600,NULL,1,NULL,'executeTotal',NULL,57),
 (174,'',119,20,51,NULL,'1000',NULL,'0',NULL,600,NULL,1,NULL,'standbyThreads',NULL,59),
 (175,'',121,20,51,NULL,'1000',NULL,'0',NULL,600,NULL,1,NULL,'hoogingThreads',NULL,60),
 (176,'',150,20,51,NULL,'10000',NULL,'0',NULL,600,NULL,1,NULL,'pendingRequests',NULL,62),
 (177,'',152,20,51,NULL,'1000',NULL,'0',NULL,600,NULL,1,NULL,'queueLength',NULL,61),
 (178,'',154,20,51,NULL,'300',NULL,'0',NULL,600,NULL,1,NULL,'throughput',NULL,64),
 (179,'',117,21,51,NULL,'1000',NULL,'0',NULL,600,NULL,1,NULL,'executeIdle',NULL,58),
 (180,'',148,21,51,NULL,'1000000',NULL,'0',NULL,600,NULL,2,NULL,'completedRequests',NULL,63),
 (181,'',113,21,51,NULL,'1000',NULL,'0',NULL,600,NULL,1,NULL,'activeThreads',NULL,56),
 (182,'',114,21,51,NULL,'1000',NULL,'1',NULL,600,NULL,1,NULL,'executeTotal',NULL,57),
 (183,'',119,21,51,NULL,'1000',NULL,'0',NULL,600,NULL,1,NULL,'standbyThreads',NULL,59),
 (184,'',121,21,51,NULL,'1000',NULL,'0',NULL,600,NULL,1,NULL,'hoogingThreads',NULL,60),
 (185,'',150,21,51,NULL,'10000',NULL,'0',NULL,600,NULL,1,NULL,'pendingRequests',NULL,62),
 (186,'',152,21,51,NULL,'1000',NULL,'0',NULL,600,NULL,1,NULL,'queueLength',NULL,61),
 (187,'',154,21,51,NULL,'300',NULL,'0',NULL,600,NULL,1,NULL,'throughput',NULL,64),
 (232,'',150,26,51,NULL,'10000',NULL,'0',NULL,600,NULL,1,NULL,'pendingRequests',NULL,62),
 (217,'7aa87f9da32bac5d6494678e7594bcae',0,0,54,'','1000','','0','',120,'',1,'','time','',67),
 (272,'',217,31,54,NULL,'1000',NULL,'0',NULL,120,NULL,1,NULL,'time',NULL,67),
 (226,'',217,25,54,NULL,'1000',NULL,'0',NULL,120,NULL,1,NULL,'time',NULL,67),
 (227,'',114,26,51,NULL,'1000',NULL,'1',NULL,600,NULL,1,NULL,'executeTotal',NULL,57),
 (228,'',113,26,51,NULL,'1000',NULL,'0',NULL,600,NULL,1,NULL,'activeThreads',NULL,56),
 (229,'',148,26,51,NULL,'1000000',NULL,'0',NULL,600,NULL,2,NULL,'completedRequests',NULL,63),
 (230,'',121,26,51,NULL,'1000',NULL,'0',NULL,600,NULL,1,NULL,'hoogingThreads',NULL,60),
 (231,'',152,26,51,NULL,'1000',NULL,'0',NULL,600,NULL,1,NULL,'queueLength',NULL,61),
 (233,'',117,26,51,NULL,'1000',NULL,'0',NULL,600,NULL,1,NULL,'executeIdle',NULL,58),
 (234,'',119,26,51,NULL,'1000',NULL,'0',NULL,600,NULL,1,NULL,'standbyThreads',NULL,59),
 (235,'',154,26,51,NULL,'300',NULL,'0',NULL,600,NULL,1,NULL,'throughput',NULL,64),
 (236,'',117,27,51,NULL,'1000',NULL,'0',NULL,600,NULL,1,NULL,'executeIdle',NULL,58),
 (237,'',148,27,51,NULL,'1000000',NULL,'0',NULL,600,NULL,2,NULL,'completedRequests',NULL,63),
 (238,'',113,27,51,NULL,'1000',NULL,'0',NULL,600,NULL,1,NULL,'activeThreads',NULL,56),
 (239,'',114,27,51,NULL,'1000',NULL,'1',NULL,600,NULL,1,NULL,'executeTotal',NULL,57),
 (240,'',119,27,51,NULL,'1000',NULL,'0',NULL,600,NULL,1,NULL,'standbyThreads',NULL,59),
 (241,'',121,27,51,NULL,'1000',NULL,'0',NULL,600,NULL,1,NULL,'hoogingThreads',NULL,60),
 (242,'',150,27,51,NULL,'10000',NULL,'0',NULL,600,NULL,1,NULL,'pendingRequests',NULL,62),
 (243,'',152,27,51,NULL,'1000',NULL,'0',NULL,600,NULL,1,NULL,'queueLength',NULL,61),
 (244,'',154,27,51,NULL,'300',NULL,'0',NULL,600,NULL,1,NULL,'throughput',NULL,64),
 (245,'',117,28,51,NULL,'1000',NULL,'0',NULL,600,NULL,1,NULL,'executeIdle',NULL,58),
 (246,'',148,28,51,NULL,'1000000',NULL,'0',NULL,600,NULL,2,NULL,'completedRequests',NULL,63),
 (247,'',113,28,51,NULL,'1000',NULL,'0',NULL,600,NULL,1,NULL,'activeThreads',NULL,56),
 (248,'',114,28,51,NULL,'1000',NULL,'1',NULL,600,NULL,1,NULL,'executeTotal',NULL,57),
 (249,'',119,28,51,NULL,'1000',NULL,'0',NULL,600,NULL,1,NULL,'standbyThreads',NULL,59),
 (250,'',121,28,51,NULL,'1000',NULL,'0',NULL,600,NULL,1,NULL,'hoogingThreads',NULL,60),
 (251,'',150,28,51,NULL,'10000',NULL,'0',NULL,600,NULL,1,NULL,'pendingRequests',NULL,62),
 (252,'',152,28,51,NULL,'1000',NULL,'0',NULL,600,NULL,1,NULL,'queueLength',NULL,61),
 (253,'',154,28,51,NULL,'300',NULL,'0',NULL,600,NULL,1,NULL,'throughput',NULL,64),
 (254,'',117,29,51,NULL,'1000',NULL,'0',NULL,600,NULL,1,NULL,'executeIdle',NULL,58),
 (255,'',148,29,51,NULL,'1000000',NULL,'0',NULL,600,NULL,2,NULL,'completedRequests',NULL,63),
 (256,'',113,29,51,NULL,'1000',NULL,'0',NULL,600,NULL,1,NULL,'activeThreads',NULL,56),
 (257,'',114,29,51,NULL,'1000',NULL,'1',NULL,600,NULL,1,NULL,'executeTotal',NULL,57),
 (258,'',119,29,51,NULL,'1000',NULL,'0',NULL,600,NULL,1,NULL,'standbyThreads',NULL,59),
 (259,'',121,29,51,NULL,'1000',NULL,'0',NULL,600,NULL,1,NULL,'hoogingThreads',NULL,60),
 (260,'',150,29,51,NULL,'10000',NULL,'0',NULL,600,NULL,1,NULL,'pendingRequests',NULL,62),
 (261,'',152,29,51,NULL,'1000',NULL,'0',NULL,600,NULL,1,NULL,'queueLength',NULL,61),
 (262,'',154,29,51,NULL,'300',NULL,'0',NULL,600,NULL,1,NULL,'throughput',NULL,64),
 (263,'',117,30,51,NULL,'1000',NULL,'0',NULL,600,NULL,1,NULL,'executeIdle',NULL,58),
 (264,'',148,30,51,NULL,'1000000',NULL,'0',NULL,600,NULL,2,NULL,'completedRequests',NULL,63),
 (265,'',113,30,51,NULL,'1000',NULL,'0',NULL,600,NULL,1,NULL,'activeThreads',NULL,56),
 (266,'',114,30,51,NULL,'1000',NULL,'1',NULL,600,NULL,1,NULL,'executeTotal',NULL,57),
 (267,'',119,30,51,NULL,'1000',NULL,'0',NULL,600,NULL,1,NULL,'standbyThreads',NULL,59),
 (268,'',121,30,51,NULL,'1000',NULL,'0',NULL,600,NULL,1,NULL,'hoogingThreads',NULL,60),
 (269,'',150,30,51,NULL,'10000',NULL,'0',NULL,600,NULL,1,NULL,'pendingRequests',NULL,62),
 (270,'',152,30,51,NULL,'1000',NULL,'0',NULL,600,NULL,1,NULL,'queueLength',NULL,61),
 (271,'',154,30,51,NULL,'300',NULL,'0',NULL,600,NULL,1,NULL,'throughput',NULL,64),
 (274,'4ea798bd0e54ec609e83b80b4016b785',0,0,55,'','0','','0','',120,'',1,'','totalCount','',70),
 (275,'df53276c1a85ad9c60bac0f481d3c8d5',0,0,55,'','0','','0','',120,'',1,'','count10','',74),
 (276,'a244c3bdde1a9c6cea21c406e5561d7c',0,0,55,'','0','','0','',120,'',1,'','count5','',75),
 (277,'',273,32,55,NULL,'0',NULL,'0',NULL,120,NULL,1,NULL,'averageTime',NULL,76),
 (278,'',274,32,55,NULL,'0',NULL,'0',NULL,120,NULL,1,NULL,'totalCount',NULL,70),
 (279,'',275,32,55,NULL,'0',NULL,'0',NULL,120,NULL,1,NULL,'count10',NULL,74),
 (280,'',276,32,55,NULL,'0',NULL,'0',NULL,120,NULL,1,NULL,'count5',NULL,75),
 (281,'',273,33,55,NULL,'0',NULL,'0',NULL,120,NULL,1,NULL,'averageTime',NULL,76),
 (282,'',274,33,55,NULL,'0',NULL,'0',NULL,120,NULL,1,NULL,'totalCount',NULL,70),
 (283,'',275,33,55,NULL,'0',NULL,'0',NULL,120,NULL,1,NULL,'count10',NULL,74),
 (284,'',276,33,55,NULL,'0',NULL,'0',NULL,120,NULL,1,NULL,'count5',NULL,75),
 (285,'',273,34,55,NULL,'0',NULL,'0',NULL,120,NULL,1,NULL,'averageTime',NULL,76),
 (286,'',274,34,55,NULL,'0',NULL,'0',NULL,120,NULL,1,NULL,'totalCount',NULL,70),
 (287,'',275,34,55,NULL,'0',NULL,'0',NULL,120,NULL,1,NULL,'count10',NULL,74),
 (288,'',276,34,55,NULL,'0',NULL,'0',NULL,120,NULL,1,NULL,'count5',NULL,75),
 (289,'',273,35,55,NULL,'0',NULL,'0',NULL,120,NULL,1,NULL,'averageTime',NULL,76),
 (290,'',274,35,55,NULL,'0',NULL,'0',NULL,120,NULL,1,NULL,'totalCount',NULL,70),
 (291,'',275,35,55,NULL,'0',NULL,'0',NULL,120,NULL,1,NULL,'count10',NULL,74),
 (292,'',276,35,55,NULL,'0',NULL,'0',NULL,120,NULL,1,NULL,'count5',NULL,75),
 (293,'',273,36,55,NULL,'0',NULL,'0',NULL,120,NULL,1,NULL,'averageTime',NULL,76),
 (294,'',274,36,55,NULL,'0',NULL,'0',NULL,120,NULL,1,NULL,'totalCount',NULL,70),
 (295,'',275,36,55,NULL,'0',NULL,'0',NULL,120,NULL,1,NULL,'count10',NULL,74),
 (296,'',276,36,55,NULL,'0',NULL,'0',NULL,120,NULL,1,NULL,'count5',NULL,75),
 (297,'',273,37,55,NULL,'0',NULL,'0',NULL,120,NULL,1,NULL,'averageTime',NULL,76),
 (298,'',274,37,55,NULL,'0',NULL,'0',NULL,120,NULL,1,NULL,'totalCount',NULL,70),
 (299,'',275,37,55,NULL,'0',NULL,'0',NULL,120,NULL,1,NULL,'count10',NULL,74),
 (300,'',276,37,55,NULL,'0',NULL,'0',NULL,120,NULL,1,NULL,'count5',NULL,75),
 (301,'',273,38,55,NULL,'0',NULL,'0',NULL,120,NULL,1,NULL,'averageTime',NULL,76),
 (302,'',274,38,55,NULL,'0',NULL,'0',NULL,120,NULL,1,NULL,'totalCount',NULL,70),
 (303,'',275,38,55,NULL,'0',NULL,'0',NULL,120,NULL,1,NULL,'count10',NULL,74),
 (304,'',276,38,55,NULL,'0',NULL,'0',NULL,120,NULL,1,NULL,'count5',NULL,75),
 (305,'',273,39,55,NULL,'0',NULL,'0',NULL,120,NULL,1,NULL,'averageTime',NULL,76),
 (306,'',274,39,55,NULL,'0',NULL,'0',NULL,120,NULL,1,NULL,'totalCount',NULL,70),
 (307,'',275,39,55,NULL,'0',NULL,'0',NULL,120,NULL,1,NULL,'count10',NULL,74),
 (308,'',276,39,55,NULL,'0',NULL,'0',NULL,120,NULL,1,NULL,'count5',NULL,75),
 (309,'',273,40,55,NULL,'0',NULL,'0',NULL,120,NULL,1,NULL,'averageTime',NULL,76),
 (310,'',274,40,55,NULL,'0',NULL,'0',NULL,120,NULL,1,NULL,'totalCount',NULL,70),
 (311,'',275,40,55,NULL,'0',NULL,'0',NULL,120,NULL,1,NULL,'count10',NULL,74),
 (312,'',276,40,55,NULL,'0',NULL,'0',NULL,120,NULL,1,NULL,'count5',NULL,75),
 (313,'',273,41,55,NULL,'0',NULL,'0',NULL,120,NULL,1,NULL,'averageTime',NULL,76),
 (314,'',274,41,55,NULL,'0',NULL,'0',NULL,120,NULL,1,NULL,'totalCount',NULL,70),
 (315,'',275,41,55,NULL,'0',NULL,'0',NULL,120,NULL,1,NULL,'count10',NULL,74),
 (316,'',276,41,55,NULL,'0',NULL,'0',NULL,120,NULL,1,NULL,'count5',NULL,75),
 (317,'',273,42,55,NULL,'0',NULL,'0',NULL,120,NULL,1,NULL,'averageTime',NULL,76),
 (318,'',274,42,55,NULL,'0',NULL,'0',NULL,120,NULL,1,NULL,'totalCount',NULL,70),
 (319,'',275,42,55,NULL,'0',NULL,'0',NULL,120,NULL,1,NULL,'count10',NULL,74),
 (320,'',276,42,55,NULL,'0',NULL,'0',NULL,120,NULL,1,NULL,'count5',NULL,75),
 (321,'d5f4e2e9f6306065f925adc745e691ee',0,0,55,'','0','','0','',120,'',1,'','count20','',73),
 (322,'',321,32,55,NULL,'0',NULL,'0',NULL,120,NULL,1,NULL,'count20',NULL,73),
 (323,'',321,33,55,NULL,'0',NULL,'0',NULL,120,NULL,1,NULL,'count20',NULL,73),
 (324,'',321,34,55,NULL,'0',NULL,'0',NULL,120,NULL,1,NULL,'count20',NULL,73),
 (325,'',321,35,55,NULL,'0',NULL,'0',NULL,120,NULL,1,NULL,'count20',NULL,73),
 (326,'',321,36,55,NULL,'0',NULL,'0',NULL,120,NULL,1,NULL,'count20',NULL,73),
 (327,'',321,37,55,NULL,'0',NULL,'0',NULL,120,NULL,1,NULL,'count20',NULL,73),
 (328,'',321,38,55,NULL,'0',NULL,'0',NULL,120,NULL,1,NULL,'count20',NULL,73),
 (329,'',321,39,55,NULL,'0',NULL,'0',NULL,120,NULL,1,NULL,'count20',NULL,73),
 (330,'',321,40,55,NULL,'0',NULL,'0',NULL,120,NULL,1,NULL,'count20',NULL,73),
 (331,'',321,41,55,NULL,'0',NULL,'0',NULL,120,NULL,1,NULL,'count20',NULL,73),
 (332,'',321,42,55,NULL,'0',NULL,'0',NULL,120,NULL,1,NULL,'count20',NULL,73),
 (333,'feea9ca21b0f938db062fbf68e416030',0,0,55,'','0','','0','',120,'',1,'','count30','',72),
 (334,'',333,32,55,NULL,'0',NULL,'0',NULL,120,NULL,1,NULL,'count30',NULL,72),
 (335,'',333,33,55,NULL,'0',NULL,'0',NULL,120,NULL,1,NULL,'count30',NULL,72),
 (336,'',333,34,55,NULL,'0',NULL,'0',NULL,120,NULL,1,NULL,'count30',NULL,72),
 (337,'',333,35,55,NULL,'0',NULL,'0',NULL,120,NULL,1,NULL,'count30',NULL,72),
 (338,'',333,36,55,NULL,'0',NULL,'0',NULL,120,NULL,1,NULL,'count30',NULL,72),
 (339,'',333,37,55,NULL,'0',NULL,'0',NULL,120,NULL,1,NULL,'count30',NULL,72),
 (340,'',333,38,55,NULL,'0',NULL,'0',NULL,120,NULL,1,NULL,'count30',NULL,72),
 (341,'',333,39,55,NULL,'0',NULL,'0',NULL,120,NULL,1,NULL,'count30',NULL,72),
 (342,'',333,40,55,NULL,'0',NULL,'0',NULL,120,NULL,1,NULL,'count30',NULL,72),
 (343,'',333,41,55,NULL,'0',NULL,'0',NULL,120,NULL,1,NULL,'count30',NULL,72),
 (344,'',333,42,55,NULL,'0',NULL,'0',NULL,120,NULL,1,NULL,'count30',NULL,72),
 (345,'9853f3f03583becb1fb2b61424946c87',0,0,55,'','0','','0','',120,'',1,'','count60','',71),
 (346,'',345,32,55,NULL,'0',NULL,'0',NULL,120,NULL,1,NULL,'count60',NULL,71),
 (347,'',345,33,55,NULL,'0',NULL,'0',NULL,120,NULL,1,NULL,'count60',NULL,71),
 (348,'',345,34,55,NULL,'0',NULL,'0',NULL,120,NULL,1,NULL,'count60',NULL,71),
 (349,'',345,35,55,NULL,'0',NULL,'0',NULL,120,NULL,1,NULL,'count60',NULL,71),
 (350,'',345,36,55,NULL,'0',NULL,'0',NULL,120,NULL,1,NULL,'count60',NULL,71),
 (351,'',345,37,55,NULL,'0',NULL,'0',NULL,120,NULL,1,NULL,'count60',NULL,71),
 (352,'',345,38,55,NULL,'0',NULL,'0',NULL,120,NULL,1,NULL,'count60',NULL,71),
 (353,'',345,39,55,NULL,'0',NULL,'0',NULL,120,NULL,1,NULL,'count60',NULL,71),
 (354,'',345,40,55,NULL,'0',NULL,'0',NULL,120,NULL,1,NULL,'count60',NULL,71),
 (355,'',345,41,55,NULL,'0',NULL,'0',NULL,120,NULL,1,NULL,'count60',NULL,71),
 (356,'',345,42,55,NULL,'0',NULL,'0',NULL,120,NULL,1,NULL,'count60',NULL,71),
 (357,'',273,43,55,NULL,'0',NULL,'0',NULL,120,NULL,1,NULL,'averageTime',NULL,76),
 (358,'',274,43,55,NULL,'0',NULL,'0',NULL,120,NULL,1,NULL,'totalCount',NULL,70),
 (359,'',275,43,55,NULL,'0',NULL,'0',NULL,120,NULL,1,NULL,'count10',NULL,74),
 (360,'',276,43,55,NULL,'0',NULL,'0',NULL,120,NULL,1,NULL,'count5',NULL,75),
 (361,'',321,43,55,NULL,'0',NULL,'0',NULL,120,NULL,1,NULL,'count20',NULL,73),
 (362,'',333,43,55,NULL,'0',NULL,'0',NULL,120,NULL,1,NULL,'count30',NULL,72),
 (363,'',345,43,55,NULL,'0',NULL,'0',NULL,120,NULL,1,NULL,'count60',NULL,71),
 (364,'',273,44,55,NULL,'0',NULL,'0',NULL,120,NULL,1,NULL,'averageTime',NULL,76),
 (365,'',274,44,55,NULL,'0',NULL,'0',NULL,120,NULL,1,NULL,'totalCount',NULL,70),
 (366,'',275,44,55,NULL,'0',NULL,'0',NULL,120,NULL,1,NULL,'count10',NULL,74),
 (367,'',276,44,55,NULL,'0',NULL,'0',NULL,120,NULL,1,NULL,'count5',NULL,75),
 (368,'',321,44,55,NULL,'0',NULL,'0',NULL,120,NULL,1,NULL,'count20',NULL,73),
 (369,'',333,44,55,NULL,'0',NULL,'0',NULL,120,NULL,1,NULL,'count30',NULL,72),
 (370,'',345,44,55,NULL,'0',NULL,'0',NULL,120,NULL,1,NULL,'count60',NULL,71),
 (371,'',273,45,55,NULL,'0',NULL,'0',NULL,120,NULL,1,NULL,'averageTime',NULL,76),
 (372,'',274,45,55,NULL,'0',NULL,'0',NULL,120,NULL,1,NULL,'totalCount',NULL,70),
 (373,'',275,45,55,NULL,'0',NULL,'0',NULL,120,NULL,1,NULL,'count10',NULL,74),
 (374,'',276,45,55,NULL,'0',NULL,'0',NULL,120,NULL,1,NULL,'count5',NULL,75),
 (375,'',321,45,55,NULL,'0',NULL,'0',NULL,120,NULL,1,NULL,'count20',NULL,73),
 (376,'',333,45,55,NULL,'0',NULL,'0',NULL,120,NULL,1,NULL,'count30',NULL,72),
 (377,'',345,45,55,NULL,'0',NULL,'0',NULL,120,NULL,1,NULL,'count60',NULL,71),
 (378,'',273,46,55,NULL,'0',NULL,'0',NULL,120,NULL,1,NULL,'averageTime',NULL,76),
 (379,'',274,46,55,NULL,'0',NULL,'0',NULL,120,NULL,1,NULL,'totalCount',NULL,70),
 (380,'',275,46,55,NULL,'0',NULL,'0',NULL,120,NULL,1,NULL,'count10',NULL,74),
 (381,'',276,46,55,NULL,'0',NULL,'0',NULL,120,NULL,1,NULL,'count5',NULL,75),
 (382,'',321,46,55,NULL,'0',NULL,'0',NULL,120,NULL,1,NULL,'count20',NULL,73),
 (383,'',333,46,55,NULL,'0',NULL,'0',NULL,120,NULL,1,NULL,'count30',NULL,72),
 (384,'',345,46,55,NULL,'0',NULL,'0',NULL,120,NULL,1,NULL,'count60',NULL,71);
CREATE TABLE  `cacti`.`graph_local` (
  `id` mediumint(8) unsigned NOT NULL AUTO_INCREMENT,
  `graph_template_id` mediumint(8) unsigned NOT NULL DEFAULT '0',
  `host_id` mediumint(8) unsigned NOT NULL DEFAULT '0',
  `snmp_query_id` mediumint(8) NOT NULL DEFAULT '0',
  `snmp_index` varchar(255) NOT NULL DEFAULT '',
  PRIMARY KEY (`id`),
  KEY `host_id` (`host_id`),
  KEY `graph_template_id` (`graph_template_id`),
  KEY `snmp_query_id` (`snmp_query_id`),
  KEY `snmp_index` (`snmp_index`)
) ENGINE=MyISAM AUTO_INCREMENT=52 DEFAULT CHARSET=latin1 COMMENT='Creates a relationship for each item in a custom graph.';
INSERT INTO `cacti`.`graph_local` VALUES  (1,12,1,0,''),
 (2,9,1,0,''),
 (3,10,1,0,''),
 (4,8,1,0,''),
 (5,21,1,0,''),
 (20,40,4,0,''),
 (19,38,2,0,''),
 (18,38,2,0,''),
 (21,38,2,0,''),
 (22,38,2,0,''),
 (23,38,4,0,''),
 (24,38,4,0,''),
 (25,38,4,0,''),
 (26,38,4,0,''),
 (27,38,4,0,''),
 (28,38,4,0,''),
 (29,38,4,0,''),
 (30,38,4,0,''),
 (31,40,2,0,''),
 (32,40,2,0,''),
 (33,40,2,0,''),
 (34,40,2,0,''),
 (35,40,4,0,''),
 (36,40,4,0,''),
 (37,40,4,0,''),
 (38,41,6,0,''),
 (39,41,6,0,''),
 (40,42,2,0,''),
 (41,42,2,0,''),
 (42,42,2,0,''),
 (43,42,2,0,''),
 (44,42,3,0,''),
 (45,42,3,0,''),
 (46,42,3,0,''),
 (47,42,3,0,''),
 (48,42,2,0,''),
 (49,43,3,0,''),
 (50,43,3,0,''),
 (51,42,2,0,'');
CREATE TABLE  `cacti`.`graph_template_input` (
  `id` mediumint(8) unsigned NOT NULL AUTO_INCREMENT,
  `hash` varchar(32) NOT NULL DEFAULT '',
  `graph_template_id` mediumint(8) unsigned NOT NULL DEFAULT '0',
  `name` varchar(255) NOT NULL DEFAULT '',
  `description` text,
  `column_name` varchar(50) NOT NULL DEFAULT '',
  PRIMARY KEY (`id`)
) ENGINE=MyISAM AUTO_INCREMENT=136 DEFAULT CHARSET=latin1 COMMENT='Stores the names for graph item input groups.';
INSERT INTO `cacti`.`graph_template_input` VALUES  (3,'e9d4191277fdfd7d54171f153da57fb0',2,'Inbound Data Source','','task_item_id'),
 (4,'7b361722a11a03238ee8ab7ce44a1037',2,'Outbound Data Source','','task_item_id'),
 (5,'b33eb27833614056e06ee5952c3e0724',3,'Available Disk Space Data Source','','task_item_id'),
 (6,'ef8799e63ee00e8904bcc4228015784a',3,'Used Disk Space Data Source','','task_item_id'),
 (7,'2662ef4fbb0bf92317ffd42c7515af37',5,'Signal Level Data Source','','task_item_id'),
 (8,'a6edef6624c796d3a6055305e2e3d4bf',5,'Noise Level Data Source','','task_item_id'),
 (9,'b0e902db1875e392a9d7d69bfbb13515',5,'Signal Level Color','','color_id'),
 (10,'24632b1d4a561e937225d0a5fbe65e41',5,'Noise Level Color','','color_id'),
 (11,'6d078f1d58b70ad154a89eb80fe6ab75',6,'Transmissions Data Source','','task_item_id'),
 (12,'878241872dd81c68d78e6ff94871d97d',6,'Re-Transmissions Data Source','','task_item_id'),
 (13,'f8fcdc3a3f0e8ead33bd9751895a3462',6,'Transmissions Color','','color_id'),
 (14,'394ab4713a34198dddb5175aa40a2b4a',6,'Re-Transmissions Color','','color_id'),
 (15,'433f328369f9569446ddc59555a63eb8',7,'Ping Host Data Source','','task_item_id'),
 (16,'a1a91c1514c65152d8cb73522ea9d4e6',7,'Legend Color','','color_id'),
 (17,'2fb4deb1448379b27ddc64e30e70dc42',7,'Legend Text','','text_format'),
 (18,'592cedd465877bc61ab549df688b0b2a',8,'Processes Data Source','','task_item_id'),
 (19,'1d51dbabb200fcea5c4b157129a75410',8,'Legend Color','','color_id'),
 (20,'8cb8ed3378abec21a1819ea52dfee6a3',9,'1 Minute Data Source','','task_item_id'),
 (21,'5dfcaf9fd771deb8c5430bce1562e371',9,'5 Minute Data Source','','task_item_id'),
 (22,'6f3cc610315ee58bc8e0b1f272466324',9,'15 Minute Data Source','','task_item_id'),
 (23,'b457a982bf46c6760e6ef5f5d06d41fb',10,'Logged in Users Data Source','','task_item_id'),
 (24,'bd4a57adf93c884815b25a8036b67f98',10,'Legend Color','','color_id'),
 (25,'d7cdb63500c576e0f9f354de42c6cf3a',11,'1 Minute Data Source','','task_item_id'),
 (26,'a23152f5ec02e7762ca27608c0d89f6c',11,'5 Minute Data Source','','task_item_id'),
 (27,'2cc5d1818da577fba15115aa18f64d85',11,'15 Minute Data Source','','task_item_id'),
 (30,'6273c71cdb7ed4ac525cdbcf6180918c',12,'Free Data Source','','task_item_id'),
 (31,'5e62dbea1db699f1bda04c5863e7864d',12,'Swap Data Source','','task_item_id'),
 (32,'4d52e112a836d4c9d451f56602682606',4,'System CPU Data Source','','task_item_id'),
 (33,'f0310b066cc919d2f898b8d1ebf3b518',4,'User CPU Data Source','','task_item_id'),
 (34,'d9eb6b9eb3d7dd44fd14fdefb4096b54',4,'Nice CPU Data Source','','task_item_id'),
 (35,'f45def7cad112b450667aa67262258cb',13,'Memory Free Data Source','','task_item_id'),
 (36,'f8c361a8c8b7ad80e8be03ba7ea5d0d6',13,'Memory Buffers Data Source','','task_item_id'),
 (37,'03d11dce695963be30bd744bd6cbac69',14,'Cache Hits Data Source','','task_item_id'),
 (38,'9cbc515234779af4bf6cdf71a81c556a',14,'Cache Checks Data Source','','task_item_id'),
 (39,'2c4d561ee8132a8dda6de1104336a6ec',15,'CPU Utilization Data Source','','task_item_id'),
 (40,'6e1cf7addc0cc419aa903552e3eedbea',16,'File System Reads Data Source','','task_item_id'),
 (41,'7ea2aa0656f7064d25a36135dd0e9082',16,'File System Writes Data Source','','task_item_id'),
 (42,'63480bca78a38435f24a5b5d5ed050d7',17,'Current Logins Data Source','','task_item_id'),
 (44,'31fed1f9e139d4897d0460b10fb7be94',15,'Legend Color','','color_id'),
 (45,'bb9d83a02261583bc1f92d9e66ea705d',18,'CPU Usage Data Source','','task_item_id'),
 (46,'51196222ed37b44236d9958116028980',18,'Legend Color','','color_id'),
 (47,'fd26b0f437b75715d6dff983e7efa710',19,'Free Space Data Source','','task_item_id'),
 (48,'a463dd46862605c90ea60ccad74188db',19,'Total Space Data Source','','task_item_id'),
 (49,'9977dd7a41bcf0f0c02872b442c7492e',19,'Freeable Space Data Source','','task_item_id'),
 (51,'a7a69bbdf6890d6e6eaa7de16e815ec6',20,'Used Directory Entries Data Source','','task_item_id'),
 (52,'0072b613a33f1fae5ce3e5903dec8fdb',20,'Available Directory Entries Data Source','','task_item_id'),
 (53,'940beb0f0344e37f4c6cdfc17d2060bc',21,'Available Disk Space Data Source','','task_item_id'),
 (54,'7b0674dd447a9badf0d11bec688028a8',21,'Used Disk Space Data Source','','task_item_id'),
 (55,'fa83cd3a3b4271b644cb6459ea8c35dc',22,'Discards In Data Source','','task_item_id'),
 (56,'7946e8ee1e38a65462b85e31a15e35e5',22,'Errors In Data Source','','task_item_id'),
 (57,'00ae916640272f5aca54d73ae34c326b',23,'Unicast Packets Out Data Source','','task_item_id'),
 (58,'1bc1652f82488ebfb7242c65d2ffa9c7',23,'Unicast Packets In Data Source','','task_item_id'),
 (59,'e3177d0e56278de320db203f32fb803d',24,'Non-Unicast Packets In Data Source','','task_item_id'),
 (60,'4f20fba2839764707f1c3373648c5fef',24,'Non-Unicast Packets Out Data Source','','task_item_id'),
 (61,'e5acdd5368137c408d56ecf55b0e077c',22,'Discards Out Data Source','','task_item_id'),
 (62,'a028e586e5fae667127c655fe0ac67f0',22,'Errors Out Data Source','','task_item_id'),
 (63,'2764a4f142ba9fd95872106a1b43541e',25,'Inbound Data Source','','task_item_id'),
 (64,'f73f7ddc1f4349356908122093dbfca2',25,'Outbound Data Source','','task_item_id'),
 (65,'86bd8819d830a81d64267761e1fd8ec4',26,'Total Disk Space Data Source','','task_item_id'),
 (66,'6c8967850102202de166951e4411d426',26,'Used Disk Space Data Source','','task_item_id'),
 (67,'bdad718851a52b82eca0a310b0238450',27,'CPU Utilization Data Source','','task_item_id'),
 (68,'e7b578e12eb8a82627557b955fd6ebd4',27,'Legend Color','','color_id'),
 (69,'37d09fb7ce88ecec914728bdb20027f3',28,'Logged in Users Data Source','','task_item_id'),
 (70,'699bd7eff7ba0c3520db3692103a053d',28,'Legend Color','','color_id'),
 (71,'df905e159d13a5abed8a8a7710468831',29,'Processes Data Source','','task_item_id'),
 (72,'8ca9e3c65c080dbf74a59338d64b0c14',29,'Legend Color','','color_id'),
 (73,'69ad68fc53af03565aef501ed5f04744',30,'Open Files Data Source','','task_item_id'),
 (74,'562726cccdb67d5c6941e9e826ef4ef5',31,'Inbound Data Source','','task_item_id'),
 (75,'82426afec226f8189c8928e7f083f80f',31,'Outbound Data Source','','task_item_id'),
 (76,'69a23877302e7d142f254b208c58b596',32,'Inbound Data Source','','task_item_id'),
 (77,'f28013abf8e5813870df0f4111a5e695',32,'Outbound Data Source','','task_item_id'),
 (78,'8644b933b6a09dde6c32ff24655eeb9a',33,'Outbound Data Source','','task_item_id'),
 (79,'49c4b4800f3e638a6f6bb681919aea80',33,'Inbound Data Source','','task_item_id'),
 (80,'e0b395be8db4f7b938d16df7ae70065f',13,'Cache Memory Data Source','','task_item_id'),
 (81,'2dca37011521501b9c2b705d080db750',34,'Data Source [snmp_oid]',NULL,'task_item_id'),
 (82,'b8d8ade5f5f3dd7b12f8cc56bbb4083e',34,'Legend Color','','color_id'),
 (83,'ac2355b4895c37e14df827f969f31c12',34,'Legend Text','','text_format'),
 (132,'065fe781dc31df173b517df57fd9c465',43,'Data Source [averageTime]','','task_item_id'),
 (131,'e72396a80d9745eaf9f2bd287298c897',43,'Data Source [count5]','','task_item_id'),
 (130,'25a995c8afcfa0a8784a423342e6b150',42,'Data Source [count5]',NULL,'task_item_id'),
 (134,'9d7c0610f9765780d3526ca35181d746',43,'Data Source [totalCount]','','task_item_id'),
 (104,'796fa9609d27719933e50286f21141e0',38,'Active Threads','','task_item_id'),
 (101,'99b32c051a1f23e53760086499b70d7a',38,'Open Threads','','task_item_id'),
 (128,'5684e257ea7940ad68b8d1575df3a768',42,'Data Source [averageTime]',NULL,'task_item_id'),
 (129,'fa090705ec08d03cd51cd7877765eccb',42,'Data Source [count10]',NULL,'task_item_id'),
 (127,'8c276bdb6fd08cec2c04d2da21b805b9',42,'Data Source [totalCount]',NULL,'task_item_id'),
 (123,'967d2340868b78356daa8659911ee3de',40,'Completed Requests','','task_item_id'),
 (124,'8af8464972db8a19b42cec6453fb510b',38,'Hogging Threads','','task_item_id'),
 (126,'a6a6132a260aa8ea79b2233ea2dc2473',41,'AWA Response Time','','task_item_id'),
 (117,'4d8b40b24fd48e3513e6298e7e2d4e0e',40,'Active Threads','','task_item_id'),
 (125,'81c84bf900f8025a0bf8380a0c502701',40,'Data Source [throughput]','','task_item_id'),
 (121,'48190805f96e31914dfbe82135c8ee07',40,'Pending Requests','','task_item_id'),
 (116,'dbfc2ffb909c3fd255c28029a038b264',38,'Standby Threads','','task_item_id'),
 (115,'20a70cfc63bbab642fce048d329edd34',38,'Idle Threads','','task_item_id'),
 (133,'c50507b0f8eb798f1717e395177c3c6b',43,'Data Source [count10]','','task_item_id'),
 (135,'4822f4195998d2360baa43451ea47d91',43,'Data Source [count20]',NULL,'task_item_id');
CREATE TABLE  `cacti`.`graph_template_input_defs` (
  `graph_template_input_id` mediumint(8) unsigned NOT NULL DEFAULT '0',
  `graph_template_item_id` int(12) unsigned NOT NULL DEFAULT '0',
  PRIMARY KEY (`graph_template_input_id`,`graph_template_item_id`),
  KEY `graph_template_input_id` (`graph_template_input_id`)
) ENGINE=MyISAM DEFAULT CHARSET=latin1 COMMENT='Stores the relationship for what graph iitems are associated';
INSERT INTO `cacti`.`graph_template_input_defs` VALUES  (3,9),
 (3,10),
 (3,11),
 (3,12),
 (4,13),
 (4,14),
 (4,15),
 (4,16),
 (5,21),
 (5,22),
 (5,23),
 (5,24),
 (6,17),
 (6,18),
 (6,19),
 (6,20),
 (7,45),
 (7,46),
 (7,47),
 (7,48),
 (8,49),
 (8,50),
 (8,51),
 (8,52),
 (9,45),
 (10,49),
 (11,53),
 (11,54),
 (11,55),
 (11,56),
 (12,57),
 (12,58),
 (12,59),
 (12,60),
 (13,53),
 (14,57),
 (15,61),
 (15,62),
 (15,63),
 (15,64),
 (16,61),
 (17,61),
 (18,65),
 (18,66),
 (18,67),
 (18,68),
 (19,65),
 (20,69),
 (20,70),
 (21,71),
 (21,72),
 (22,73),
 (22,74),
 (23,76),
 (23,77),
 (23,78),
 (23,79),
 (24,76),
 (25,80),
 (25,81),
 (26,82),
 (26,83),
 (27,84),
 (27,85),
 (30,95),
 (30,96),
 (30,97),
 (30,98),
 (31,99),
 (31,100),
 (31,101),
 (31,102),
 (32,29),
 (32,30),
 (32,31),
 (32,32),
 (33,33),
 (33,34),
 (33,35),
 (33,36),
 (34,37),
 (34,38),
 (34,39),
 (34,40),
 (35,103),
 (35,104),
 (35,105),
 (35,106),
 (36,107),
 (36,108),
 (36,109),
 (36,110),
 (37,111),
 (37,112),
 (37,113),
 (37,114),
 (38,115),
 (38,116),
 (38,117),
 (38,118),
 (39,119),
 (39,120),
 (39,121),
 (39,122),
 (40,123),
 (40,124),
 (40,125),
 (40,126),
 (41,127),
 (41,128),
 (41,129),
 (41,130),
 (42,131),
 (42,132),
 (42,133),
 (42,134),
 (44,119),
 (45,139),
 (45,140),
 (45,141),
 (45,142),
 (46,139),
 (47,143),
 (47,144),
 (47,145),
 (47,146),
 (48,147),
 (48,148),
 (48,149),
 (48,150),
 (49,151),
 (49,152),
 (49,153),
 (49,154),
 (51,159),
 (51,160),
 (51,161),
 (51,162),
 (52,163),
 (52,164),
 (52,165),
 (52,166),
 (53,172),
 (53,173),
 (53,174),
 (53,175),
 (54,167),
 (54,169),
 (54,170),
 (54,171),
 (55,180),
 (55,181),
 (55,182),
 (55,183),
 (56,184),
 (56,185),
 (56,186),
 (56,187),
 (57,188),
 (57,189),
 (57,190),
 (57,191),
 (58,192),
 (58,193),
 (58,194),
 (58,195),
 (59,196),
 (59,197),
 (59,198),
 (59,199),
 (60,200),
 (60,201),
 (60,202),
 (60,203),
 (61,204),
 (61,205),
 (61,206),
 (61,207),
 (62,208),
 (62,209),
 (62,210),
 (62,211),
 (63,212),
 (63,213),
 (63,214),
 (63,215),
 (64,216),
 (64,217),
 (64,218),
 (64,219),
 (65,307),
 (65,308),
 (65,309),
 (65,310),
 (66,303),
 (66,304),
 (66,305),
 (66,306),
 (67,315),
 (67,316),
 (67,317),
 (67,318),
 (68,315),
 (69,319),
 (69,320),
 (69,321),
 (69,322),
 (70,319),
 (71,323),
 (71,324),
 (71,325),
 (71,326),
 (72,323),
 (73,358),
 (73,359),
 (73,360),
 (73,361),
 (74,362),
 (74,363),
 (74,364),
 (74,365),
 (75,366),
 (75,367),
 (75,368),
 (75,369),
 (75,371),
 (75,372),
 (76,373),
 (76,374),
 (76,375),
 (76,376),
 (76,383),
 (77,377),
 (77,378),
 (77,379),
 (77,380),
 (77,384),
 (78,385),
 (78,386),
 (78,387),
 (78,388),
 (78,393),
 (79,389),
 (79,390),
 (79,391),
 (79,392),
 (79,394),
 (80,403),
 (80,404),
 (80,405),
 (80,406),
 (81,407),
 (81,408),
 (81,409),
 (81,410),
 (82,407),
 (83,407),
 (101,451),
 (101,453),
 (104,454),
 (104,468),
 (104,527),
 (115,473),
 (115,475),
 (115,530),
 (116,497),
 (116,499),
 (116,533),
 (117,511),
 (117,512),
 (117,882),
 (121,515),
 (121,516),
 (121,741),
 (123,517),
 (123,518),
 (124,558),
 (124,563),
 (124,568),
 (124,750),
 (125,513),
 (125,514),
 (126,763),
 (126,766),
 (126,769),
 (127,772),
 (127,849),
 (128,773),
 (128,781),
 (129,778),
 (129,796),
 (130,784),
 (130,792),
 (131,872),
 (131,873),
 (131,894),
 (132,869),
 (132,871),
 (133,870),
 (133,874),
 (133,891),
 (134,868),
 (134,875),
 (135,876),
 (135,877);
CREATE TABLE  `cacti`.`graph_templates` (
  `id` mediumint(8) unsigned NOT NULL AUTO_INCREMENT,
  `hash` char(32) NOT NULL DEFAULT '',
  `name` char(255) NOT NULL DEFAULT '',
  PRIMARY KEY (`id`),
  KEY `name` (`name`)
) ENGINE=MyISAM AUTO_INCREMENT=44 DEFAULT CHARSET=latin1 COMMENT='Contains each graph template name.';
INSERT INTO `cacti`.`graph_templates` VALUES  (34,'010b90500e1fc6a05abfd542940584d0','SNMP - Generic OID Template'),
 (2,'5deb0d66c81262843dce5f3861be9966','Interface - Traffic (bits/sec)'),
 (3,'abb5e813c9f1e8cd6fc1e393092ef8cb','ucd/net - Available Disk Space'),
 (4,'e334bdcf821cd27270a4cc945e80915e','ucd/net - CPU Usage'),
 (5,'280e38336d77acde4672879a7db823f3','Karlnet - Wireless Levels'),
 (6,'3109d88e6806d2ce50c025541b542499','Karlnet - Wireless Transmissions'),
 (7,'cf96dfb22b58e08bf101ca825377fa4b','Unix - Ping Latency'),
 (8,'9fe8b4da353689d376b99b2ea526cc6b','Unix - Processes'),
 (9,'fe5edd777a76d48fc48c11aded5211ef','Unix - Load Average'),
 (10,'63610139d44d52b195cc375636653ebd','Unix - Logged in Users'),
 (11,'5107ec0206562e77d965ce6b852ef9d4','ucd/net - Load Average'),
 (12,'6992ed4df4b44f3d5595386b8298f0ec','Linux - Memory Usage'),
 (13,'be275639d5680e94c72c0ebb4e19056d','ucd/net - Memory Usage'),
 (14,'f17e4a77b8496725dc924b8c35b60036','Netware - File System Cache'),
 (15,'46bb77f4c0c69671980e3c60d3f22fa9','Netware - CPU Utilization'),
 (16,'8e77a3036312fd0fda32eaea2b5f141b','Netware - File System Activity'),
 (17,'5892c822b1bb2d38589b6c27934b9936','Netware - Logged In Users'),
 (18,'9a5e6d7781cc1bd6cf24f64dd6ffb423','Cisco - CPU Usage'),
 (19,'0dd0438d5e6cad6776f79ecaa96fb708','Netware - Volume Information'),
 (20,'b18a3742ebea48c6198412b392d757fc','Netware - Directory Information'),
 (21,'8e7c8a511652fe4a8e65c69f3d34779d','Unix - Available Disk Space'),
 (22,'06621cd4a9289417cadcb8f9b5cfba80','Interface - Errors/Discards'),
 (23,'e0d1625a1f4776a5294583659d5cee15','Interface - Unicast Packets'),
 (24,'10ca5530554da7b73dc69d291bf55d38','Interface - Non-Unicast Packets'),
 (25,'df244b337547b434b486662c3c5c7472','Interface - Traffic (bytes/sec)'),
 (26,'7489e44466abee8a7d8636cb2cb14a1a','Host MIB - Available Disk Space'),
 (27,'c6bb62bedec4ab97f9db9fd780bd85a6','Host MIB - CPU Utilization'),
 (28,'e8462bbe094e4e9e814d4e681671ea82','Host MIB - Logged in Users'),
 (29,'62205afbd4066e5c4700338841e3901e','Host MIB - Processes'),
 (30,'e3780a13b0f7a3f85a44b70cd4d2fd36','Netware - Open Files'),
 (31,'1742b2066384637022d178cc5072905a','Interface - Traffic (bits/sec, 95th Percentile)'),
 (32,'13b47e10b2d5db45707d61851f69c52b','Interface - Traffic (bits/sec, Total Bandwidth)'),
 (33,'8ad6790c22b693680e041f21d62537ac','Interface - Traffic (bytes/sec, Total Bandwidth)'),
 (43,'77e91b58d28d1259c0439204521e265a','NEOS Ops Performance Graph Template'),
 (42,'6326f6eb48c50b66ad2c3aee05529394','MDW Ops Performance Graph Template'),
 (41,'8fdd0da1862382ab4a05c74863e50b97','AWA Performance Graph Template'),
 (38,'1713fbd395c491faf8f9ee59209bafd0','WL Thread Usage Graph Template'),
 (40,'c8ff9587296633df13d24130f4c0dd7d','WL Server Load Graph Template');
CREATE TABLE  `cacti`.`graph_templates_gprint` (
  `id` mediumint(8) unsigned NOT NULL AUTO_INCREMENT,
  `hash` varchar(32) NOT NULL DEFAULT '',
  `name` varchar(100) NOT NULL DEFAULT '',
  `gprint_text` varchar(255) DEFAULT NULL,
  PRIMARY KEY (`id`)
) ENGINE=MyISAM AUTO_INCREMENT=5 DEFAULT CHARSET=latin1;
INSERT INTO `cacti`.`graph_templates_gprint` VALUES  (2,'e9c43831e54eca8069317a2ce8c6f751','Normal','%8.2lf %s'),
 (3,'19414480d6897c8731c7dc6c5310653e','Exact Numbers','%8.0lf'),
 (4,'304a778405392f878a6db435afffc1e9','Load Average','%8.2lf');
CREATE TABLE  `cacti`.`graph_templates_graph` (
  `id` mediumint(8) unsigned NOT NULL AUTO_INCREMENT,
  `local_graph_template_graph_id` mediumint(8) unsigned NOT NULL DEFAULT '0',
  `local_graph_id` mediumint(8) unsigned NOT NULL DEFAULT '0',
  `graph_template_id` mediumint(8) unsigned NOT NULL DEFAULT '0',
  `t_image_format_id` char(2) DEFAULT '0',
  `image_format_id` tinyint(1) NOT NULL DEFAULT '0',
  `t_title` char(2) DEFAULT '0',
  `title` varchar(255) NOT NULL DEFAULT '',
  `title_cache` varchar(255) NOT NULL DEFAULT '',
  `t_height` char(2) DEFAULT '0',
  `height` mediumint(8) NOT NULL DEFAULT '0',
  `t_width` char(2) DEFAULT '0',
  `width` mediumint(8) NOT NULL DEFAULT '0',
  `t_upper_limit` char(2) DEFAULT '0',
  `upper_limit` varchar(20) NOT NULL DEFAULT '0',
  `t_lower_limit` char(2) DEFAULT '0',
  `lower_limit` varchar(20) NOT NULL DEFAULT '0',
  `t_vertical_label` char(2) DEFAULT '0',
  `vertical_label` varchar(200) DEFAULT NULL,
  `t_slope_mode` char(2) DEFAULT '0',
  `slope_mode` char(2) DEFAULT 'on',
  `t_auto_scale` char(2) DEFAULT '0',
  `auto_scale` char(2) DEFAULT NULL,
  `t_auto_scale_opts` char(2) DEFAULT '0',
  `auto_scale_opts` tinyint(1) NOT NULL DEFAULT '0',
  `t_auto_scale_log` char(2) DEFAULT '0',
  `auto_scale_log` char(2) DEFAULT NULL,
  `t_scale_log_units` char(2) DEFAULT '0',
  `scale_log_units` char(2) DEFAULT NULL,
  `t_auto_scale_rigid` char(2) DEFAULT '0',
  `auto_scale_rigid` char(2) DEFAULT NULL,
  `t_auto_padding` char(2) DEFAULT '0',
  `auto_padding` char(2) DEFAULT NULL,
  `t_base_value` char(2) DEFAULT '0',
  `base_value` mediumint(8) NOT NULL DEFAULT '0',
  `t_grouping` char(2) DEFAULT '0',
  `grouping` char(2) NOT NULL DEFAULT '',
  `t_export` char(2) DEFAULT '0',
  `export` char(2) DEFAULT NULL,
  `t_unit_value` char(2) DEFAULT '0',
  `unit_value` varchar(20) DEFAULT NULL,
  `t_unit_exponent_value` char(2) DEFAULT '0',
  `unit_exponent_value` varchar(5) NOT NULL DEFAULT '',
  PRIMARY KEY (`id`),
  KEY `local_graph_id` (`local_graph_id`),
  KEY `graph_template_id` (`graph_template_id`),
  KEY `title_cache` (`title_cache`)
) ENGINE=MyISAM AUTO_INCREMENT=104 DEFAULT CHARSET=latin1 COMMENT='Stores the actual graph data.';
INSERT INTO `cacti`.`graph_templates_graph` VALUES  (2,0,0,2,'',1,'on','|host_description| - Traffic','','',120,'',500,'','100','','0','','bits per second','0','on','','on','',2,'','','0','','','on','','on','',1000,'0','','','on','','','',''),
 (3,0,0,3,'',1,'on','|host_description| - Hard Drive Space','','',120,'',500,'','100','','0','','bytes','0','on','','on','',2,'','','0','','','on','','on','',1024,'0','','','on','','','',''),
 (4,0,0,4,'',1,'','|host_description| - CPU Usage','','',120,'',500,'','100','','0','','percent','0','on','','on','',2,'','','0','','','on','','on','',1000,'0','','','on','','','',''),
 (5,0,0,5,'',1,'on','|host_description| - Wireless Levels','','',120,'',500,'','100','','0','','percent','0','on','','','',2,'','','0','','','on','','on','',1000,'0','','','on','','','',''),
 (6,0,0,6,'',1,'on','|host_description| - Wireless Transmissions','','',120,'',500,'','100','','0','','transmissions','0','on','','on','',2,'','','0','','','on','','on','',1000,'0','','','on','','','',''),
 (7,0,0,7,'',1,'','|host_description| - Ping Latency','','',120,'',500,'','100','','0','','milliseconds','0','on','','on','',2,'','','0','','','','','on','',1000,'0','','','on','','','',''),
 (8,0,0,8,'',1,'','|host_description| - Processes','','',120,'',500,'','100','','0','','processes','0','on','','on','',2,'','','0','','','','','on','',1000,'0','','','on','','','',''),
 (9,0,0,9,'',1,'','|host_description| - Load Average','','',120,'',500,'','100','','0','','processes in the run queue','0','on','','on','',2,'','','0','','','on','','on','',1000,'0','','','on','','','','0'),
 (10,0,0,10,'',1,'','|host_description| - Logged in Users','','',120,'',500,'','100','','0','','users','0','on','','on','',2,'','','0','','','on','','on','',1000,'0','','','on','','','',''),
 (11,0,0,11,'',1,'','|host_description| - Load Average','','',120,'',500,'','100','','0','','processes in the run queue','0','on','','on','',2,'','','0','','','on','','on','',1000,'0','','','on','','','','0'),
 (12,0,0,12,'',1,'','|host_description| - Memory Usage','','',120,'',500,'','100','','0','','kilobytes','0','on','','on','',2,'','','0','','','on','','on','',1000,'0','','','on','','','',''),
 (13,0,0,13,'',1,'','|host_description| - Memory Usage','','',120,'',500,'','100','','0','','bytes','0','on','','on','',2,'','','0','','','on','','on','',1000,'0','','','on','','','',''),
 (14,0,0,14,'',1,'','|host_description| - File System Cache','','',120,'',500,'','100','','0','','cache checks/hits','0','on','','on','',2,'','','0','','','on','','on','',1000,'0','','','on','','','',''),
 (15,0,0,15,'',1,'','|host_description| - CPU Utilization','','',120,'',500,'','100','','0','','percent','0','on','','on','',2,'','','0','','','on','','on','',1000,'0','','','on','','','',''),
 (16,0,0,16,'',1,'','|host_description| - File System Activity','','',120,'',500,'','100','','0','','reads/writes per sec','0','on','','on','',2,'','','0','','','on','','on','',1000,'0','','','on','','','',''),
 (17,0,0,17,'',1,'','|host_description| - Logged In Users','','',120,'',500,'','100','','0','','users','0','on','','on','',2,'','','0','','','on','','on','',1000,'0','','','on','','','',''),
 (18,0,0,18,'',1,'','|host_description| - CPU Usage','','',120,'',500,'','100','','0','','percent','0','on','','on','',2,'','','0','','','on','','on','',1000,'0','','','on','','','',''),
 (19,0,0,19,'',1,'on','|host_description| - Volume Information','','',120,'',500,'','100','','0','','bytes','0','on','','on','',2,'','','0','','','on','','on','',1000,'0','','','on','','','',''),
 (20,0,0,20,'',1,'','|host_description| - Directory Information','','',120,'',500,'','100','','0','','directory entries','0','on','','on','',2,'','','0','','','on','','on','',1000,'0','','','on','','','',''),
 (21,0,0,21,'',1,'on','|host_description| - Available Disk Space','','',120,'',500,'','100','','0','','bytes','0','on','','on','',2,'','','0','','','on','','on','',1024,'0','','','on','','','',''),
 (22,0,0,22,'',1,'on','|host_description| - Errors/Discards','','',120,'',500,'','100','','0','','errors/sec','0','on','','on','',2,'','','0','','','on','','on','',1000,'0','','','on','','','',''),
 (23,0,0,23,'',1,'on','|host_description| - Unicast Packets','','',120,'',500,'','100','','0','','packets/sec','0','on','','on','',2,'','','0','','','on','','on','',1000,'0','','','on','','','',''),
 (24,0,0,24,'',1,'on','|host_description| - Non-Unicast Packets','','',120,'',500,'','100','','0','','packets/sec','0','on','','on','',2,'','','0','','','on','','on','',1000,'0','','','on','','','',''),
 (25,0,0,25,'',1,'on','|host_description| - Traffic','','',120,'',500,'','100','','0','','bytes per second','0','on','','on','',2,'','','0','','','on','','on','',1000,'0','','','on','','','',''),
 (34,0,0,26,'',1,'on','|host_description| - Available Disk Space','','',120,'',500,'','100','','0','','bytes','0','on','','on','',2,'','','0','','','on','','on','',1024,'0','','','on','','','',''),
 (35,0,0,27,'',1,'on','|host_description| - CPU Utilization','','',120,'',500,'','100','','0','','percent','0','on','','on','',2,'','','0','','','on','','on','',1000,'0','','','on','','','',''),
 (36,0,0,28,'',1,'','|host_description| - Logged in Users','','',120,'',500,'','100','','0','','users','0','on','','on','',2,'','','0','','','on','','on','',1000,'0','','','on','','','',''),
 (37,0,0,29,'',1,'','|host_description| - Processes','','',120,'',500,'','100','','0','','processes','0','on','','on','',2,'','','0','','','','','on','',1000,'0','','','on','','','',''),
 (38,12,1,12,'0',1,'0','|host_description| - Memory Usage','Localhost - Memory Usage','0',120,'0',500,'0','100','0','0','0','kilobytes','0','on','0','on','0',2,'0','','0','','0','on','0','on','0',1000,'0','','0','on','0','','0',''),
 (39,9,2,9,'0',1,'0','|host_description| - Load Average','Localhost - Load Average','0',120,'0',500,'0','100','0','0','0','processes in the run queue','0','on','0','on','0',2,'0','','0','','0','on','0','on','0',1000,'0','','0','on','0','','0','0'),
 (40,10,3,10,'0',1,'0','|host_description| - Logged in Users','Localhost - Logged in Users','0',120,'0',500,'0','100','0','0','0','users','0','on','0','on','0',2,'0','','0','','0','on','0','on','0',1000,'0','','0','on','0','','0',''),
 (41,8,4,8,'0',1,'0','|host_description| - Processes','Localhost - Processes','0',120,'0',500,'0','100','0','0','0','processes','0','on','0','on','0',2,'0','','0','','0','','0','on','0',1000,'0','','0','on','0','','0',''),
 (42,0,0,30,'',1,'','|host_description| - Open Files','','',120,'',500,'','100','','0','','files','0','on','','on','',2,'','','0','','','','','on','',1000,'0','','','on','','','',''),
 (43,0,0,31,'',1,'on','|host_description| - Traffic','','',120,'',500,'','100','','0','','bits per second','0','on','','on','',2,'','','0','','','on','','on','',1000,'0','','','on','','','',''),
 (44,0,0,32,'',1,'on','|host_description| - Traffic','','',120,'',500,'','100','','0','','bits per second','0','on','','on','',2,'','','0','','','on','','on','',1000,'0','','','on','','','',''),
 (45,0,0,33,'',1,'on','|host_description| - Traffic','','',120,'',500,'','100','','0','','bytes per second','0','on','','on','',2,'','','0','','','on','','on','',1000,'0','','','on','','','',''),
 (47,0,0,34,'',1,'on','|host_description| -','','',120,'',500,'','100','','0','on','','0','on','','on','',2,'','','0','','','','','on','',1000,'0','','','on','','','',''),
 (48,21,5,21,'0',1,'0','|host_description| - Available Disk Space','Localhost - Available Disk Space','0',120,'0',500,'0','100','0','0','0','bytes','0','on','0','on','0',2,'0','','0','','0','on','0','on','0',1024,'0','','0','on','0','','0',''),
 (68,0,0,40,'',1,'on','Weblogic <server> Load Information','','',120,'',500,'','100','','0','','load on WL server','','on','','on','',2,'','','','','','','','on','',1000,'0','','','on','','','',''),
 (69,68,20,40,'0',1,'0','Weblogic ppo1p Load Information','Weblogic ppo1p Load Information','0',120,'0',500,'0','100','0','0','0','load on WL server','0','on','0','on','0',2,'0','','0','','0','','0','on','0',1000,'0','','0','on','0','','0',''),
 (70,59,21,38,'0',1,'0','Weblogic neosweb1p Threads Usage Information','Weblogic neosweb1p Threads Usage Information','0',160,'0',500,'0','100','0','0','0','threads in use on WL server','0','on','0','on','0',2,'0','','0','','0','','0','on','0',1000,'0','','0','on','0','','0',''),
 (71,59,22,38,'0',1,'0','Weblogic neosweb2p Threads Usage Information','Weblogic neosweb2p Threads Usage Information','0',160,'0',500,'0','100','0','0','0','threads in use on WL server','0','on','0','on','0',2,'0','','0','','0','','0','on','0',1000,'0','','0','on','0','','0',''),
 (59,0,0,38,'',1,'on','Weblogic <server> Threads Usage Information','','',160,'',500,'','100','','0','','threads in use on WL server','','on','','on','',2,'','','','','','','','on','',1000,'0','','','on','','','',''),
 (67,59,19,38,'0',1,'0','Weblogic neos2p Threads Usage Information','Weblogic neos2p Threads Usage Information','0',160,'0',500,'0','100','0','0','0','threads in use on WL server','0','on','0','on','0',2,'0','','0','','0','','0','on','0',1000,'0','','0','on','0','','0',''),
 (66,59,18,38,'0',1,'0','Weblogic neos1p Threads Usage Information','Weblogic neos1p Threads Usage Information','0',160,'0',500,'0','100','0','0','0','threads in use on WL server','0','on','0','on','0',2,'0','','0','','0','','0','on','0',1000,'0','','0','on','0','','0',''),
 (72,59,23,38,'0',1,'0','Weblogic ppo1p Threads Usage Information','Weblogic ppo1p Threads Usage Information','0',160,'0',500,'0','100','0','0','0','threads in use on WL server','0','on','0','on','0',2,'0','','0','','0','','0','on','0',1000,'0','','0','on','0','','0',''),
 (73,59,24,38,'0',1,'0','Weblogic ppo2p Threads Usage Information','Weblogic ppo2p Threads Usage Information','0',160,'0',500,'0','100','0','0','0','threads in use on WL server','0','on','0','on','0',2,'0','','0','','0','','0','on','0',1000,'0','','0','on','0','','0',''),
 (74,59,25,38,'0',1,'0','Weblogic ppo3p Threads Usage Information','Weblogic ppo3p Threads Usage Information','0',160,'0',500,'0','100','0','0','0','threads in use on WL server','0','on','0','on','0',2,'0','','0','','0','','0','on','0',1000,'0','','0','on','0','','0',''),
 (75,59,26,38,'0',1,'0','Weblogic ppo4p Threads Usage Information','Weblogic ppo4p Threads Usage Information','0',160,'0',500,'0','100','0','0','0','threads in use on WL server','0','on','0','on','0',2,'0','','0','','0','','0','on','0',1000,'0','','0','on','0','','0',''),
 (76,59,27,38,'0',1,'0','Weblogic fewspservices1p Threads Usage Information','Weblogic fewspservices1p Threads Usage Information','0',160,'0',500,'0','100','0','0','0','threads in use on WL server','0','on','0','on','0',2,'0','','0','','0','','0','on','0',1000,'0','','0','on','0','','0',''),
 (77,59,28,38,'0',1,'0','Weblogic fewspservices2p Threads Usage Information','Weblogic fewspservices2p Threads Usage Information','0',160,'0',500,'0','100','0','0','0','threads in use on WL server','0','on','0','on','0',2,'0','','0','','0','','0','on','0',1000,'0','','0','on','0','','0',''),
 (78,59,29,38,'0',1,'0','Weblogic fewspweb1p Threads Usage Information','Weblogic fewspweb1p Threads Usage Information','0',160,'0',500,'0','100','0','0','0','threads in use on WL server','0','on','0','on','0',2,'0','','0','','0','','0','on','0',1000,'0','','0','on','0','','0',''),
 (79,59,30,38,'0',1,'0','Weblogic fewspweb2p Threads Usage Information','Weblogic fewspweb2p Threads Usage Information','0',160,'0',500,'0','100','0','0','0','threads in use on WL server','0','on','0','on','0',2,'0','','0','','0','','0','on','0',1000,'0','','0','on','0','','0',''),
 (80,68,31,40,'0',1,'0','Weblogic neos1p Load Information','Weblogic neos1p Load Information','0',120,'0',500,'0','100','0','0','0','load on WL server','0','on','0','on','0',2,'0','','0','','0','','0','on','0',1000,'0','','0','on','0','','0',''),
 (81,68,32,40,'0',1,'0','Weblogic neos2p Load Information','Weblogic neos2p Load Information','0',120,'0',500,'0','100','0','0','0','load on WL server','0','on','0','on','0',2,'0','','0','','0','','0','on','0',1000,'0','','0','on','0','','0',''),
 (82,68,33,40,'0',1,'0','Weblogic neosweb1p Load Information','Weblogic neosweb1p Load Information','0',120,'0',500,'0','100','0','0','0','load on WL server','0','on','0','on','0',2,'0','','0','','0','','0','on','0',1000,'0','','0','on','0','','0',''),
 (83,68,34,40,'0',1,'0','Weblogic neosweb2p Load Information','Weblogic neosweb2p Load Information','0',120,'0',500,'0','100','0','0','0','load on WL server','0','on','0','on','0',2,'0','','0','','0','','0','on','0',1000,'0','','0','on','0','','0',''),
 (84,68,35,40,'0',1,'0','Weblogic ppo2p Load Information','Weblogic ppo2p Load Information','0',120,'0',500,'0','100','0','0','0','load on WL server','0','on','0','on','0',2,'0','','0','','0','','0','on','0',1000,'0','','0','on','0','','0',''),
 (85,68,36,40,'0',1,'0','Weblogic ppo3p Load Information','Weblogic ppo3p Load Information','0',120,'0',500,'0','100','0','0','0','load on WL server','0','on','0','on','0',2,'0','','0','','0','','0','on','0',1000,'0','','0','on','0','','0',''),
 (86,68,37,40,'0',1,'0','Weblogic ppo4p Load Information','Weblogic ppo4p Load Information','0',120,'0',500,'0','100','0','0','0','load on WL server','0','on','0','on','0',2,'0','','0','','0','','0','on','0',1000,'0','','0','on','0','','0',''),
 (87,0,0,41,'',1,'on','AWA <segment> Performance Graph Template','','',150,'',500,'','100','','0','','','','on','','on','',2,'','','','','','','','on','',1000,'0','','','on','','','',''),
 (88,87,38,41,'0',1,'0','AWA RES POST Performance Graph Template','AWA RES POST Performance Graph Template','0',150,'0',500,'0','100','0','0','0','','0','on','0','on','0',2,'0','','0','','0','','0','on','0',1000,'0','','0','on','0','','0',''),
 (89,87,39,41,'0',1,'0','AWA MULTILINEA Performance Graph Template','AWA MULTILINEA Performance Graph Template','0',150,'0',500,'0','100','0','0','0','','0','on','0','on','0',2,'0','','0','','0','','0','on','0',1000,'0','','0','on','0','','0',''),
 (90,0,0,42,'',1,'on','MDW Ops Performace Graph - <server> <op>','','',120,'',500,'','100','','0','','','','on','','on','',2,'','','','','','','','on','',1000,'0','','','on','','','',''),
 (91,90,40,42,'0',1,'0','MDW Ops Performace Graph - weblogp5 09020','MDW Ops Performace Graph - weblogp5 09020','0',120,'0',500,'0','100','0','0','0','','0','on','0','on','0',2,'0','','0','','0','','0','on','0',1000,'0','','0','on','0','','0',''),
 (92,90,41,42,'0',1,'0','MDW Ops Performace Graph - weblogp5 26027','MDW Ops Performace Graph - weblogp5 26027','0',120,'0',500,'0','100','0','0','0','','0','on','0','on','0',2,'0','','0','','0','','0','on','0',1000,'0','','0','on','0','','0',''),
 (93,90,42,42,'0',1,'0','MDW Ops Performace Graph - weblogp5 03040','MDW Ops Performace Graph - weblogp5 03040','0',120,'0',500,'0','100','0','0','0','','0','on','0','on','0',2,'0','','0','','0','','0','on','0',1000,'0','','0','on','0','','0',''),
 (94,90,43,42,'0',1,'0','MDW Ops Performace Graph - weblogp5 10010','MDW Ops Performace Graph - weblogp5 10010','0',120,'0',500,'0','100','0','0','0','','0','on','0','on','0',2,'0','','0','','0','','0','on','0',1000,'0','','0','on','0','','0',''),
 (95,90,44,42,'0',1,'0','MDW Ops Performace Graph - weblogp6 09020','MDW Ops Performace Graph - weblogp6 09020','0',120,'0',500,'0','100','0','0','0','','0','on','0','on','0',2,'0','','0','','0','','0','on','0',1000,'0','','0','on','0','','0',''),
 (96,90,45,42,'0',1,'0','MDW Ops Performace Graph - weblogp6 10010','MDW Ops Performace Graph - weblogp6 10010','0',120,'0',500,'0','100','0','0','0','','0','on','0','on','0',2,'0','','0','','0','','0','on','0',1000,'0','','0','on','0','','0',''),
 (97,90,46,42,'0',1,'0','MDW Ops Performace Graph - weblogp6 26027','MDW Ops Performace Graph - weblogp6 26027','0',120,'0',500,'0','100','0','0','0','','0','on','0','on','0',2,'0','','0','','0','','0','on','0',1000,'0','','0','on','0','','0',''),
 (98,90,47,42,'0',1,'0','MDW Ops Performace Graph - weblogp6 03040','MDW Ops Performace Graph - weblogp6 03040','0',120,'0',500,'0','100','0','0','0','','0','on','0','on','0',2,'0','','0','','0','','0','on','0',1000,'0','','0','on','0','','0',''),
 (99,90,48,42,'0',1,'0','MDW Ops Performace Graph - weblogp5 03031','MDW Ops Performace Graph - weblogp5 03031','0',120,'0',500,'0','100','0','0','0','','0','on','0','on','0',2,'0','','0','','0','','0','on','0',1000,'0','','0','on','0','','0',''),
 (100,102,49,43,'0',1,'0','NEOS Ops Performace Graph - weblogp6 GetProfile','NEOS Ops Performace Graph - weblogp6 GetProfile','0',120,'0',500,'0','100','0','0','0','','0','on','0','on','0',2,'0','','0','','0','','0','on','0',1000,'0','','0','on','0','','0',''),
 (101,102,50,43,'0',1,'0','NEOS Ops Performace Graph - weblogp6 GetOffer','NEOS Ops Performace Graph - weblogp6 GetOffer','0',120,'0',500,'0','100','0','0','0','','0','on','0','on','0',2,'0','','0','','0','','0','on','0',1000,'0','','0','on','0','','0',''),
 (102,0,0,43,'',1,'on','MDW Ops Performace Graph - <server> <op>','','',120,'',500,'','100','','0','','','','on','','on','',2,'','','','','','','','on','',1000,'0','','','on','','','',''),
 (103,90,51,42,'0',1,'0','MDW Ops Performace Graph - weblogp5 02045','MDW Ops Performace Graph - weblogp5 02045','0',120,'0',500,'0','100','0','0','0','','0','on','0','on','0',2,'0','','0','','0','','0','on','0',1000,'0','','0','on','0','','0','');
CREATE TABLE  `cacti`.`graph_templates_item` (
  `id` int(12) unsigned NOT NULL AUTO_INCREMENT,
  `hash` varchar(32) NOT NULL DEFAULT '',
  `local_graph_template_item_id` int(12) unsigned NOT NULL DEFAULT '0',
  `local_graph_id` mediumint(8) unsigned NOT NULL DEFAULT '0',
  `graph_template_id` mediumint(8) unsigned NOT NULL DEFAULT '0',
  `task_item_id` mediumint(8) unsigned NOT NULL DEFAULT '0',
  `color_id` mediumint(8) unsigned NOT NULL DEFAULT '0',
  `alpha` char(2) DEFAULT 'FF',
  `graph_type_id` tinyint(3) NOT NULL DEFAULT '0',
  `cdef_id` mediumint(8) unsigned NOT NULL DEFAULT '0',
  `consolidation_function_id` tinyint(2) NOT NULL DEFAULT '0',
  `text_format` varchar(255) DEFAULT NULL,
  `value` varchar(255) DEFAULT NULL,
  `hard_return` char(2) DEFAULT NULL,
  `gprint_id` mediumint(8) unsigned NOT NULL DEFAULT '0',
  `sequence` mediumint(8) unsigned NOT NULL DEFAULT '0',
  PRIMARY KEY (`id`),
  KEY `graph_template_id` (`graph_template_id`),
  KEY `local_graph_id` (`local_graph_id`),
  KEY `task_item_id` (`task_item_id`)
) ENGINE=MyISAM AUTO_INCREMENT=905 DEFAULT CHARSET=latin1 COMMENT='Stores the actual graph item data.';
INSERT INTO `cacti`.`graph_templates_item` VALUES  (9,'0470b2427dbfadb6b8346e10a71268fa',0,0,2,54,22,'FF',7,2,1,'Inbound','','',2,1),
 (10,'84a5fe0db518550266309823f994ce9c',0,0,2,54,0,'FF',9,2,4,'Current:','','',2,2),
 (11,'2f222f28084085cd06a1f46e4449c793',0,0,2,54,0,'FF',9,2,1,'Average:','','',2,3),
 (12,'55acbcc33f46ee6d754e8e81d1b54808',0,0,2,54,0,'FF',9,2,3,'Maximum:','','on',2,4),
 (13,'fdaf2321fc890e355711c2bffc07d036',0,0,2,55,20,'FF',4,2,1,'Outbound','','',2,5),
 (14,'768318f42819217ed81196d2179d3e1b',0,0,2,55,0,'FF',9,2,4,'Current:','','',2,6),
 (15,'cb3aa6256dcb3acd50d4517b77a1a5c3',0,0,2,55,0,'FF',9,2,1,'Average:','','',2,7),
 (16,'671e989be7cbf12c623b4e79d91c7bed',0,0,2,55,0,'FF',9,2,3,'Maximum:','','on',2,8),
 (17,'b561ed15b3ba66d277e6d7c1640b86f7',0,0,3,4,48,'FF',7,14,1,'Used','','',2,1),
 (18,'99ef051057fa6adfa6834a7632e9d8a2',0,0,3,4,0,'FF',9,14,4,'Current:','','',2,2),
 (19,'3986695132d3f4716872df4c6fbccb65',0,0,3,4,0,'FF',9,14,1,'Average:','','',2,3),
 (20,'0444300017b368e6257f010dca8bbd0d',0,0,3,4,0,'FF',9,14,3,'Maximum:','','on',2,4),
 (21,'4d6a0b9063124ca60e2d1702b3e15e41',0,0,3,3,20,'FF',8,14,1,'Available','','',2,5),
 (22,'181b08325e4d00cd50b8cdc8f8ae8e77',0,0,3,3,0,'FF',9,14,4,'Current:','','',2,6),
 (23,'bba0a9ff1357c990df50429d64314340',0,0,3,3,0,'FF',9,14,1,'Average:','','',2,7),
 (24,'d4a67883d53bc1df8aead21c97c0bc52',0,0,3,3,0,'FF',9,14,3,'Maximum:','','on',2,8),
 (25,'253c9ec2d66905245149c1c2dc8e536e',0,0,3,0,1,'FF',5,15,1,'Total','','',2,9),
 (26,'ea9ea883383f4eb462fec6aa309ba7b5',0,0,3,0,0,'FF',9,15,4,'Current:','','',2,10),
 (27,'83b746bcaba029eeca170a9f77ec4864',0,0,3,0,0,'FF',9,15,1,'Average:','','',2,11),
 (28,'82e01dd92fd37887c0696192efe7af65',0,0,3,0,0,'FF',9,15,3,'Maximum:','','on',2,12),
 (29,'ff0a6125acbb029b814ed1f271ad2d38',0,0,4,5,9,'FF',7,0,1,'System','','',2,1),
 (30,'f0776f7d6638bba76c2c27f75a424f0f',0,0,4,5,0,'FF',9,0,4,'Current:','','',2,2),
 (31,'39f4e021aa3fed9207b5f45a82122b21',0,0,4,5,0,'FF',9,0,1,'Average:','','',2,3),
 (32,'800f0b067c06f4ec9c2316711ea83c1e',0,0,4,5,0,'FF',9,0,3,'Maximum:','','on',2,4),
 (33,'9419dd5dbf549ba4c5dc1462da6ee321',0,0,4,6,21,'FF',8,0,1,'User','','',2,5),
 (34,'e461dd263ae47657ea2bf3fd82bec096',0,0,4,6,0,'FF',9,0,4,'Current:','','',2,6),
 (35,'f2d1fbb8078a424ffc8a6c9d44d8caa0',0,0,4,6,0,'FF',9,0,1,'Average:','','',2,7),
 (36,'e70a5de639df5ba1705b5883da7fccfc',0,0,4,6,0,'FF',9,0,3,'Maximum:','','on',2,8),
 (37,'85fefb25ce9fd0317da2706a5463fc42',0,0,4,7,12,'FF',8,0,1,'Nice','','',2,9),
 (38,'a1cb26878776999db16f1de7577b3c2a',0,0,4,7,0,'FF',9,0,4,'Current:','','',2,10),
 (39,'7d0f9bf64a0898a0095f099674754273',0,0,4,7,0,'FF',9,0,1,'Average:','','',2,11),
 (40,'b2879248a522d9679333e1f29e9a87c3',0,0,4,7,0,'FF',9,0,3,'Maximum:','','on',2,12),
 (41,'d800aa59eee45383b3d6d35a11cdc864',0,0,4,0,1,'FF',4,12,1,'Total','','',2,13),
 (42,'cab4ae79a546826288e273ca1411c867',0,0,4,0,0,'FF',9,12,4,'Current:','','',2,14),
 (43,'d44306ae85622fec971507460be63f5c',0,0,4,0,0,'FF',9,12,1,'Average:','','',2,15),
 (44,'aa5c2118035bb83be497d4e099afcc0d',0,0,4,0,0,'FF',9,12,3,'Maximum:','','on',2,16),
 (45,'4aa34ea1b7542b770ace48e8bc395a22',0,0,5,9,48,'FF',7,0,1,'Signal Level','','',2,1),
 (46,'22f118a9d81d0a9c8d922efbbc8a9cc1',0,0,5,9,0,'FF',9,0,4,'Current:','','',2,2),
 (47,'229de0c4b490de9d20d8f8d41059f933',0,0,5,9,0,'FF',9,0,1,'Average:','','',2,3),
 (48,'cd17feb30c02fd8f21e4d4dcde04e024',0,0,5,9,0,'FF',9,0,3,'Maximum:','','on',2,4),
 (49,'8723600cfd0f8a7b3f7dc1361981aabd',0,0,5,8,25,'FF',5,0,1,'Noise Level','','',2,5),
 (50,'cb06be2601b5abfb7a42fc07586de1c2',0,0,5,8,0,'FF',9,0,4,'Current:','','',2,6),
 (51,'55a2ee0fd511e5210ed85759171de58f',0,0,5,8,0,'FF',9,0,1,'Average:','','',2,7),
 (52,'704459564c84e42462e106eef20db169',0,0,5,8,0,'FF',9,0,3,'Maximum:','','on',2,8),
 (53,'aaebb19ec522497eaaf8c87a631b7919',0,0,6,10,48,'FF',7,0,1,'Transmissions','','',2,1),
 (54,'8b54843ac9d41bce2fcedd023560ed64',0,0,6,10,0,'FF',9,0,4,'Current:','','',2,2),
 (55,'05927dc83e07c7d9cffef387d68f35c9',0,0,6,10,0,'FF',9,0,1,'Average:','','',2,3),
 (56,'d11e62225a7e7a0cdce89242002ca547',0,0,6,10,0,'FF',9,0,3,'Maximum:','','on',2,4),
 (57,'6397b92032486c476b0e13a35b727041',0,0,6,11,25,'FF',5,0,1,'Re-Transmissions','','',2,5),
 (58,'cdfa5f8f82f4c479ff7f6f54160703f6',0,0,6,11,0,'FF',9,0,4,'Current:','','',2,6),
 (59,'ce2a309fb9ef64f83f471895069a6f07',0,0,6,11,0,'FF',9,0,1,'Average:','','',2,7),
 (60,'9cbfbf57ebde435b27887f27c7d3caea',0,0,6,11,0,'FF',9,0,3,'Maximum:','','on',2,8),
 (61,'80e0aa956f50c261e5143273da58b8a3',0,0,7,21,25,'FF',7,0,1,'','','',2,1),
 (62,'48fdcae893a7b7496e1a61efc3453599',0,0,7,21,0,'FF',9,0,4,'Current:','','',2,2),
 (63,'22f43e5fa20f2716666ba9ed9a7d1727',0,0,7,21,0,'FF',9,0,1,'Average:','','',2,3),
 (64,'3e86d497bcded7af7ab8408e4908e0d8',0,0,7,21,0,'FF',9,0,3,'Maximum:','','on',2,4),
 (65,'ba00ecd28b9774348322ff70a96f2826',0,0,8,19,48,'FF',7,0,1,'Running Processes','','',2,1),
 (66,'8d76de808efd73c51e9a9cbd70579512',0,0,8,19,0,'FF',9,0,4,'Current:','','',3,2),
 (67,'304244ca63d5b09e62a94c8ec6fbda8d',0,0,8,19,0,'FF',9,0,1,'Average:','','',3,3),
 (68,'da1ba71a93d2ed4a2a00d54592b14157',0,0,8,19,0,'FF',9,0,3,'Maximum:','','on',3,4),
 (69,'93ad2f2803b5edace85d86896620b9da',0,0,9,12,15,'FF',7,0,1,'1 Minute Average','','',2,1),
 (70,'e28736bf63d3a3bda03ea9f1e6ecb0f1',0,0,9,12,0,'FF',9,0,4,'Current:','','on',4,2),
 (71,'bbdfa13adc00398eed132b1ccb4337d2',0,0,9,13,8,'FF',8,0,1,'5 Minute Average','','',2,3),
 (72,'2c14062c7d67712f16adde06132675d6',0,0,9,13,0,'FF',9,0,4,'Current:','','on',4,4),
 (73,'9cf6ed48a6a54b9644a1de8c9929bd4e',0,0,9,14,9,'FF',8,0,1,'15 Minute Average','','',2,5),
 (74,'c9824064305b797f38feaeed2352e0e5',0,0,9,14,0,'FF',9,0,4,'Current:','','on',4,6),
 (75,'fa1bc4eff128c4da70f5247d55b8a444',0,0,9,0,1,'FF',4,12,1,'','','on',2,7),
 (76,'5c94ac24bc0d6d2712cc028fa7d4c7d2',0,0,10,20,67,'FF',7,0,1,'Users','','',2,1),
 (77,'8bc7f905526f62df7d5c2d8c27c143c1',0,0,10,20,0,'FF',9,0,4,'Current:','','',3,2),
 (78,'cd074cd2b920aab70d480c020276d45b',0,0,10,20,0,'FF',9,0,1,'Average:','','',3,3),
 (79,'415630f25f5384ba0c82adbdb05fe98b',0,0,10,20,0,'FF',9,0,3,'Maximum:','','on',3,4),
 (80,'d77d2050be357ab067666a9485426e6b',0,0,11,33,15,'FF',7,0,1,'1 Minute Average','','',2,1),
 (81,'13d22f5a0eac6d97bf6c97d7966f0a00',0,0,11,33,0,'FF',9,0,4,'Current:','','on',4,2),
 (82,'8580230d31d2851ec667c296a665cbf9',0,0,11,34,8,'FF',8,0,1,'5 Minute Average','','',2,3),
 (83,'b5b7d9b64e7640aa51dbf58c69b86d15',0,0,11,34,0,'FF',9,0,4,'Current:','','on',4,4),
 (84,'2ec10edf4bfaa866b7efd544d4c3f446',0,0,11,35,9,'FF',8,0,1,'15 Minute Average','','',2,5),
 (85,'b65666f0506c0c70966f493c19607b93',0,0,11,35,0,'FF',9,0,4,'Current:','','on',4,6),
 (86,'6c73575c74506cfc75b89c4276ef3455',0,0,11,0,1,'FF',4,12,1,'Total','','on',2,7),
 (95,'5fa7c2317f19440b757ab2ea1cae6abc',0,0,12,16,41,'FF',7,14,1,'Free','','',2,9),
 (96,'b1d18060bfd3f68e812c508ff4ac94ed',0,0,12,16,0,'FF',9,14,4,'Current:','','',2,10),
 (97,'780b6f0850aaf9431d1c246c55143061',0,0,12,16,0,'FF',9,14,1,'Average:','','',2,11),
 (98,'2d54a7e7bb45e6c52d97a09e24b7fba7',0,0,12,16,0,'FF',9,14,3,'Maximum:','','on',2,12),
 (99,'40206367a3c192b836539f49801a0b15',0,0,12,18,30,'FF',8,14,1,'Swap','','',2,13),
 (100,'7ee72e2bb3722d4f8a7f9c564e0dd0d0',0,0,12,18,0,'FF',9,14,4,'Current:','','',2,14),
 (101,'c8af33b949e8f47133ee25e63c91d4d0',0,0,12,18,0,'FF',9,14,1,'Average:','','',2,15),
 (102,'568128a16723d1195ce6a234d353ce00',0,0,12,18,0,'FF',9,14,3,'Maximum:','','on',2,16),
 (103,'7517a40d478e28ed88ba2b2a65e16b57',0,0,13,37,52,'FF',7,14,1,'Memory Free','','',2,1),
 (104,'df0c8b353d26c334cb909dc6243957c5',0,0,13,37,0,'FF',9,14,4,'Current:','','',2,2),
 (105,'c41a4cf6fefaf756a24f0a9510580724',0,0,13,37,0,'FF',9,14,1,'Average:','','',2,3),
 (106,'9efa8f01c6ed11364a21710ff170f422',0,0,13,37,0,'FF',9,14,3,'Maximum:','','on',2,4),
 (107,'95d6e4e5110b456f34324f7941d08318',0,0,13,36,35,'FF',8,14,1,'Memory Buffers','','',2,5),
 (108,'0c631bfc0785a9cca68489ea87a6c3da',0,0,13,36,0,'FF',9,14,4,'Current:','','',2,6),
 (109,'3468579d3b671dfb788696df7dcc1ec9',0,0,13,36,0,'FF',9,14,1,'Average:','','',2,7),
 (110,'c3ddfdaa65449f99b7f1a735307f9abe',0,0,13,36,0,'FF',9,14,3,'Maximum:','','on',2,8),
 (111,'4c64d5c1ce8b5d8b94129c23b46a5fd6',0,0,14,28,41,'FF',7,0,1,'Cache Hits','','',2,1),
 (112,'5c1845c9bd1af684a3c0ad843df69e3e',0,0,14,28,0,'FF',9,0,4,'Current:','','',3,2),
 (113,'e5169563f3f361701902a8da3ac0c77f',0,0,14,28,0,'FF',9,0,1,'Average:','','',3,3),
 (114,'35e87262efa521edbb1fd27f09c036f5',0,0,14,28,0,'FF',9,0,3,'Maximum:','','on',3,4),
 (115,'53069d7dba4c31b338f609bea4cd16f3',0,0,14,27,66,'FF',8,0,1,'Cache Checks','','',2,5),
 (116,'d9c102579839c5575806334d342b50de',0,0,14,27,0,'FF',9,0,4,'Current:','','',3,6),
 (117,'dc1897c3249dbabe269af49cee92f8c0',0,0,14,27,0,'FF',9,0,1,'Average:','','',3,7),
 (118,'ccd21fe0b5a8c24057f1eff4a6b66391',0,0,14,27,0,'FF',9,0,3,'Maximum:','','on',3,8),
 (119,'ab09d41c358f6b8a9d0cad4eccc25529',0,0,15,76,9,'FF',7,0,1,'CPU Utilization','','',2,1),
 (120,'5d5b8d8fbe751dc9c86ee86f85d7433b',0,0,15,76,0,'FF',9,0,4,'Current:','','',3,2),
 (121,'4822a98464c6da2afff10c6d12df1831',0,0,15,76,0,'FF',9,0,1,'Average:','','',3,3),
 (122,'fc6fbf2a964bea0b3c88ed0f18616aa7',0,0,15,76,0,'FF',9,0,3,'Maximum:','','on',3,4),
 (123,'e4094625d5443b4c87f9a87ba616a469',0,0,16,25,67,'FF',7,0,1,'File System Reads','','',2,1),
 (124,'ae68425cd10e8a6623076b2e6859a6aa',0,0,16,25,0,'FF',9,0,4,'Current:','','',3,2),
 (125,'40b8e14c6568b3f6be6a5d89d6a9f061',0,0,16,25,0,'FF',9,0,1,'Average:','','',3,3),
 (126,'4afbdc3851c03e206672930746b1a5e2',0,0,16,25,0,'FF',9,0,3,'Maximum:','','on',3,4),
 (127,'ea47d2b5516e334bc5f6ce1698a3ae76',0,0,16,26,93,'FF',8,0,1,'File System Writes','','',2,5),
 (128,'899c48a2f79ea3ad4629aff130d0f371',0,0,16,26,0,'FF',9,0,4,'Current:','','',3,6),
 (129,'ab474d7da77e9ec1f6a1d45c602580cd',0,0,16,26,0,'FF',9,0,1,'Average:','','',3,7),
 (130,'e143f8b4c6d4eeb6a28b052e6b8ce5a9',0,0,16,26,0,'FF',9,0,3,'Maximum:','','on',3,8),
 (131,'facfeeb6fc2255ba2985b2d2f695d78a',0,0,17,23,30,'FF',7,0,1,'Current Logins','','',2,1),
 (132,'2470e43034a5560260d79084432ed14f',0,0,17,23,0,'FF',9,0,4,'Current:','','',3,2),
 (133,'e9e645f07bde92b52d93a7a1f65efb30',0,0,17,23,0,'FF',9,0,1,'Average:','','',3,3),
 (134,'bdfe0d66103211cfdaa267a44a98b092',0,0,17,23,0,'FF',9,0,3,'Maximum:','','on',3,4),
 (139,'098b10c13a5701ddb7d4d1d2e2b0fdb7',0,0,18,30,9,'FF',7,0,1,'CPU Usage','','',2,1),
 (140,'1dbda412a9926b0ee5c025aa08f3b230',0,0,18,30,0,'FF',9,0,4,'Current:','','',3,2),
 (141,'725c45917146807b6a4257fc351f2bae',0,0,18,30,0,'FF',9,0,1,'Average:','','',3,3),
 (142,'4e336fdfeb84ce65f81ded0e0159a5e0',0,0,18,30,0,'FF',9,0,3,'Maximum:','','on',3,4),
 (143,'7dab7a3ceae2addd1cebddee6c483e7c',0,0,19,39,25,'FF',7,14,1,'Free Space','','',2,5),
 (144,'aea239f3ceea8c63d02e453e536190b8',0,0,19,39,0,'FF',9,14,4,'Current:','','',2,6),
 (145,'a0efae92968a6d4ae099b676e0f1430e',0,0,19,39,0,'FF',9,14,1,'Average:','','',2,7),
 (146,'4fd5ba88be16e3d513c9231b78ccf0e1',0,0,19,39,0,'FF',9,14,3,'Maximum:','','on',2,8),
 (147,'d2e98e51189e1d9be8888c3d5c5a4029',0,0,19,38,69,'FF',7,14,1,'Total Space','','',2,1),
 (148,'12829294ee3958f4a31a58a61228e027',0,0,19,38,0,'FF',9,14,4,'Current:','','',2,2),
 (149,'4b7e8755b0f2253723c1e9fb21fd37b1',0,0,19,38,0,'FF',9,14,1,'Average:','','',2,3),
 (150,'cbb19ffd7a0ead2bf61512e86d51ee8e',0,0,19,38,0,'FF',9,14,3,'Maximum:','','on',2,4),
 (151,'37b4cbed68f9b77e49149343069843b4',0,0,19,40,95,'FF',5,14,1,'Freeable Space','','',2,9),
 (152,'5eb7532200f2b5cc93e13743a7db027c',0,0,19,40,0,'FF',9,14,4,'Current:','','',2,10),
 (153,'b0f9f602fbeaaff090ea3f930b46c1c7',0,0,19,40,0,'FF',9,14,1,'Average:','','',2,11),
 (154,'06477f7ea46c63272cee7253e7cd8760',0,0,19,40,0,'FF',9,14,3,'Maximum:','','on',2,12),
 (171,'a751838f87068e073b95be9555c57bde',0,0,21,56,0,'FF',9,14,3,'Maximum:','','on',2,4),
 (170,'3b13eb2e542fe006c9bf86947a6854fa',0,0,21,56,0,'FF',9,14,1,'Average:','','',2,3),
 (169,'8ef3e7fb7ce962183f489725939ea40f',0,0,21,56,0,'FF',9,14,4,'Current:','','',2,2),
 (167,'6ca2161c37b0118786dbdb46ad767e5d',0,0,21,56,48,'FF',7,14,1,'Used','','',2,1),
 (159,'6877a2a5362a9390565758b08b9b37f7',0,0,20,43,77,'FF',7,0,1,'Used Directory Entries','','',2,1),
 (160,'a978834f3d02d833d3d2def243503bf2',0,0,20,43,0,'FF',9,0,4,'Current:','','',3,2),
 (161,'7422d87bc82de20a4333bd2f6460b2d4',0,0,20,43,0,'FF',9,0,1,'Average:','','',3,3),
 (162,'4d52762859a3fec297ebda0e7fd760d9',0,0,20,43,0,'FF',9,0,3,'Maximum:','','on',3,4),
 (163,'999d4ed1128ff03edf8ea47e56d361dd',0,0,20,42,1,'FF',5,0,1,'Available Directory Entries','','',2,5),
 (164,'3dfcd7f8c7a760ac89d34398af79b979',0,0,20,42,0,'FF',9,0,4,'Current:','','',3,6),
 (165,'217be75e28505c8f8148dec6b71b9b63',0,0,20,42,0,'FF',9,0,1,'Average:','','',3,7),
 (166,'69b89e1c5d6fc6182c93285b967f970a',0,0,20,42,0,'FF',9,0,3,'Maximum:','','on',3,8),
 (172,'5d6dff9c14c71dc1ebf83e87f1c25695',0,0,21,44,20,'FF',8,14,1,'Available','','',2,5),
 (173,'b27cb9a158187d29d17abddc6fdf0f15',0,0,21,44,0,'FF',9,14,4,'Current:','','',2,6),
 (174,'6c0555013bb9b964e51d22f108dae9b0',0,0,21,44,0,'FF',9,14,1,'Average:','','',2,7),
 (175,'42ce58ec17ef5199145fbf9c6ee39869',0,0,21,44,0,'FF',9,14,3,'Maximum:','','on',2,8),
 (176,'9bdff98f2394f666deea028cbca685f3',0,0,21,0,1,'FF',5,15,1,'Total','','',2,9),
 (177,'fb831fefcf602bc31d9d24e8e456c2e6',0,0,21,0,0,'FF',9,15,4,'Current:','','',2,10),
 (178,'5a958d56785a606c08200ef8dbf8deef',0,0,21,0,0,'FF',9,15,1,'Average:','','',2,11),
 (179,'5ce67a658cec37f526dc84ac9e08d6e7',0,0,21,0,0,'FF',9,15,3,'Maximum:','','on',2,12),
 (180,'7e04a041721df1f8828381a9ea2f2154',0,0,22,47,31,'FF',4,0,1,'Discards In','','',2,1),
 (181,'afc8bca6b1b3030a6d71818272336c6c',0,0,22,47,0,'FF',9,0,4,'Current:','','',2,2),
 (182,'6ac169785f5aeaf1cc5cdfd38dfcfb6c',0,0,22,47,0,'FF',9,0,1,'Average:','','',2,3),
 (183,'178c0a0ce001d36a663ff6f213c07505',0,0,22,47,0,'FF',9,0,3,'Maximum:','','on',2,4),
 (184,'8e3268c0abde7550616bff719f10ee2f',0,0,22,46,48,'FF',4,0,1,'Errors In','','',2,5),
 (185,'18891392b149de63b62c4258a68d75f8',0,0,22,46,0,'FF',9,0,4,'Current:','','',2,6),
 (186,'dfc9d23de0182c9967ae3dabdfa55a16',0,0,22,46,0,'FF',9,0,1,'Average:','','',2,7),
 (187,'c47ba64e2e5ea8bf84aceec644513176',0,0,22,46,0,'FF',9,0,3,'Maximum:','','on',2,8),
 (188,'9d052e7d632c479737fbfaced0821f79',0,0,23,49,71,'FF',4,0,1,'Unicast Packets Out','','',2,5),
 (189,'9b9fa6268571b6a04fa4411d8e08c730',0,0,23,49,0,'FF',9,0,4,'Current:','','',2,6),
 (190,'8e8f2fbeb624029cbda1d2a6ddd991ba',0,0,23,49,0,'FF',9,0,1,'Average:','','',2,7),
 (191,'c76495beb1ed01f0799838eb8a893124',0,0,23,49,0,'FF',9,0,3,'Maximum:','','on',2,8),
 (192,'d4e5f253f01c3ea77182c5a46418fc44',0,0,23,48,25,'FF',7,0,1,'Unicast Packets In','','',2,1),
 (193,'526a96add143da021c5f00d8764a6c12',0,0,23,48,0,'FF',9,0,4,'Current:','','',2,2),
 (194,'81eeb46f451212f00fd7caee42a81c0b',0,0,23,48,0,'FF',9,0,1,'Average:','','',2,3),
 (195,'089e4d1c3faeb00fd5dcc9622b06d656',0,0,23,48,0,'FF',9,0,3,'Maximum:','','on',2,4),
 (196,'fe66cb973966d22250de073405664200',0,0,24,53,25,'FF',7,0,1,'Non-Unicast Packets In','','',2,1),
 (197,'1ba3fc3466ad32fdd2669cac6cad6faa',0,0,24,53,0,'FF',9,0,4,'Current:','','',2,2),
 (198,'f810154d3a934c723c21659e66199cdf',0,0,24,53,0,'FF',9,0,1,'Average:','','',2,3),
 (199,'98a161df359b01304346657ff1a9d787',0,0,24,53,0,'FF',9,0,3,'Maximum:','','on',2,4),
 (200,'d5e55eaf617ad1f0516f6343b3f07c5e',0,0,24,52,71,'FF',4,0,1,'Non-Unicast Packets Out','','',2,5),
 (201,'9fde6b8c84089b9f9044e681162e7567',0,0,24,52,0,'FF',9,0,4,'Current:','','',2,6),
 (202,'9a3510727c3d9fa7e2e7a015783a99b3',0,0,24,52,0,'FF',9,0,1,'Average:','','',2,7),
 (203,'451afd23f2cb59ab9b975fd6e2735815',0,0,24,52,0,'FF',9,0,3,'Maximum:','','on',2,8),
 (204,'617d10dff9bbc3edd9d733d9c254da76',0,0,22,50,18,'FF',4,0,1,'Discards Out','','',2,9),
 (205,'9269a66502c34d00ac3c8b1fcc329ac6',0,0,22,50,0,'FF',9,0,4,'Current:','','',2,10),
 (206,'d45deed7e1ad8350f3b46b537ae0a933',0,0,22,50,0,'FF',9,0,1,'Average:','','',2,11),
 (207,'2f64cf47dc156e8c800ae03c3b893e3c',0,0,22,50,0,'FF',9,0,3,'Maximum:','','on',2,12),
 (208,'57434bef8cb21283c1a73f055b0ada19',0,0,22,51,89,'FF',4,0,1,'Errors Out','','',2,13),
 (209,'660a1b9365ccbba356fd142faaec9f04',0,0,22,51,0,'FF',9,0,4,'Current:','','',2,14),
 (210,'28c5297bdaedcca29acf245ef4bbed9e',0,0,22,51,0,'FF',9,0,1,'Average:','','',2,15),
 (211,'99098604fd0c78fd7dabac8f40f1fb29',0,0,22,51,0,'FF',9,0,3,'Maximum:','','on',2,16),
 (212,'de3eefd6d6c58afabdabcaf6c0168378',0,0,25,54,22,'FF',7,0,1,'Inbound','','',2,1),
 (213,'1a80fa108f5c46eecb03090c65bc9a12',0,0,25,54,0,'FF',9,0,4,'Current:','','',2,2),
 (214,'fe458892e7faa9d232e343d911e845f3',0,0,25,54,0,'FF',9,0,1,'Average:','','',2,3),
 (215,'175c0a68689bebc38aad2fbc271047b3',0,0,25,54,0,'FF',9,0,3,'Maximum:','','on',2,4),
 (216,'1bf2283106510491ddf3b9c1376c0b31',0,0,25,55,20,'FF',4,0,1,'Outbound','','',2,5),
 (217,'c5202f1690ffe45600c0d31a4a804f67',0,0,25,55,0,'FF',9,0,4,'Current:','','',2,6),
 (218,'eb9794e3fdafc2b74f0819269569ed40',0,0,25,55,0,'FF',9,0,1,'Average:','','',2,7),
 (219,'6bcedd61e3ccf7518ca431940c93c439',0,0,25,55,0,'FF',9,0,3,'Maximum:','','on',2,8),
 (303,'b7b381d47972f836785d338a3bef6661',0,0,26,78,0,'FF',9,0,3,'Maximum:','','on',2,8),
 (304,'36fa8063df3b07cece878d54443db727',0,0,26,78,0,'FF',9,0,1,'Average:','','',2,7),
 (305,'2c35b5cae64c5f146a55fcb416dd14b5',0,0,26,78,0,'FF',9,0,4,'Current:','','',2,6),
 (306,'16d6a9a7f608762ad65b0841e5ef4e9c',0,0,26,78,48,'FF',7,0,1,'Used','','',2,5),
 (307,'d80e4a4901ab86ee39c9cc613e13532f',0,0,26,92,20,'FF',7,0,1,'Total','','',2,1),
 (308,'567c2214ee4753aa712c3d101ea49a5d',0,0,26,92,0,'FF',9,0,4,'Current:','','',2,2),
 (309,'ba0b6a9e316ef9be66abba68b80f7587',0,0,26,92,0,'FF',9,0,1,'Average:','','',2,3),
 (310,'4b8e4a6bf2757f04c3e3a088338a2f7a',0,0,26,92,0,'FF',9,0,3,'Maximum:','','on',2,4),
 (317,'8536e034ab5268a61473f1ff2f6bd88f',0,0,27,79,0,'FF',9,0,1,'Average:','','',3,3),
 (316,'d478a76de1df9edf896c9ce51506c483',0,0,27,79,0,'FF',9,0,4,'Current:','','',3,2),
 (315,'42537599b5fb8ea852240b58a58633de',0,0,27,79,9,'FF',7,0,1,'CPU Utilization','','',2,1),
 (318,'87e10f9942b625aa323a0f39b60058e7',0,0,27,79,0,'FF',9,0,3,'Maximum:','','on',3,4),
 (319,'38f6891b0db92aa8950b4ce7ae902741',0,0,28,81,67,'FF',7,0,1,'Users','','',2,1),
 (320,'af13152956a20aa894ef4a4067b88f63',0,0,28,81,0,'FF',9,0,4,'Current:','','',3,2),
 (321,'1b2388bbede4459930c57dc93645284e',0,0,28,81,0,'FF',9,0,1,'Average:','','',3,3),
 (322,'6407dc226db1d03be9730f4d6f3eeccf',0,0,28,81,0,'FF',9,0,3,'Maximum:','','on',3,4),
 (323,'fca6a530c8f37476b9004a90b42ee988',0,0,29,80,48,'FF',7,0,1,'Running Processes','','',2,1),
 (324,'5acebbde3dc65e02f8fda03955852fbe',0,0,29,80,0,'FF',9,0,4,'Current:','','',3,2),
 (325,'311079ffffac75efaab2837df8123122',0,0,29,80,0,'FF',9,0,1,'Average:','','',3,3),
 (326,'724d27007ebf31016cfa5530fee1b867',0,0,29,80,0,'FF',9,0,3,'Maximum:','','on',3,4),
 (373,'1995d8c23e7d8e1efa2b2c55daf3c5a7',0,0,32,54,22,'FF',7,2,1,'Inbound','','',2,1),
 (335,'',95,1,12,84,41,'FF',7,0,1,'Free','','',2,9),
 (336,'',96,1,12,84,0,'FF',9,0,4,'Current:','','',2,10),
 (337,'',97,1,12,84,0,'FF',9,0,1,'Average:','','',2,11),
 (338,'',98,1,12,84,0,'FF',9,0,3,'Maximum:','','on',2,12),
 (339,'',99,1,12,85,30,'FF',8,0,1,'Swap','','',2,13),
 (340,'',100,1,12,85,0,'FF',9,0,4,'Current:','','',2,14),
 (341,'',101,1,12,85,0,'FF',9,0,1,'Average:','','',2,15),
 (342,'',102,1,12,85,0,'FF',9,0,3,'Maximum:','','on',2,16),
 (343,'',69,2,9,86,15,'FF',7,0,1,'1 Minute Average','','',2,1),
 (344,'',70,2,9,86,0,'FF',9,0,4,'Current:','','on',4,2),
 (345,'',71,2,9,87,8,'FF',8,0,1,'5 Minute Average','','',2,3),
 (346,'',72,2,9,87,0,'FF',9,0,4,'Current:','','on',4,4),
 (347,'',73,2,9,88,9,'FF',8,0,1,'15 Minute Average','','',2,5),
 (348,'',74,2,9,88,0,'FF',9,0,4,'Current:','','on',4,6),
 (349,'',75,2,9,0,1,'FF',4,12,1,'','','',2,7),
 (350,'',76,3,10,89,67,'FF',7,0,1,'Users','','',2,1),
 (351,'',77,3,10,89,0,'FF',9,0,4,'Current:','','',3,2),
 (352,'',78,3,10,89,0,'FF',9,0,1,'Average:','','',3,3),
 (353,'',79,3,10,89,0,'FF',9,0,3,'Maximum:','','on',3,4),
 (354,'',65,4,8,90,48,'FF',7,0,1,'Running Processes','','',2,1),
 (355,'',66,4,8,90,0,'FF',9,0,4,'Current:','','',3,2),
 (356,'',67,4,8,90,0,'FF',9,0,1,'Average:','','',3,3),
 (357,'',68,4,8,90,0,'FF',9,0,3,'Maximum:','','on',3,4),
 (358,'803b96bcaec33148901b4b562d9d2344',0,0,30,29,89,'FF',7,0,1,'Open Files','','',2,1),
 (359,'da26dd92666cb840f8a70e2ec5e90c07',0,0,30,29,0,'FF',9,0,4,'Current:','','',3,2),
 (360,'5258970186e4407ed31cca2782650c45',0,0,30,29,0,'FF',9,0,1,'Average:','','',3,3),
 (361,'7d08b996bde9cdc7efa650c7031137b4',0,0,30,29,0,'FF',9,0,3,'Maximum:','','on',3,4),
 (362,'918e6e7d41bb4bae0ea2937b461742a4',0,0,31,54,22,'FF',7,2,1,'Inbound','','',2,1),
 (363,'f19fbd06c989ea85acd6b4f926e4a456',0,0,31,54,0,'FF',9,2,4,'Current:','','',2,2),
 (364,'fc150a15e20c57e11e8d05feca557ef9',0,0,31,54,0,'FF',9,2,1,'Average:','','',2,3),
 (365,'ccbd86e03ccf07483b4d29e63612fb18',0,0,31,54,0,'FF',9,2,3,'Maximum:','','on',2,4),
 (366,'964c5c30cd05eaf5a49c0377d173de86',0,0,31,55,20,'FF',4,2,1,'Outbound','','',2,5),
 (367,'b1a6fb775cf62e79e1c4bc4933c7e4ce',0,0,31,55,0,'FF',9,2,4,'Current:','','',2,6),
 (368,'721038182a872ab266b5cf1bf7f7755c',0,0,31,55,0,'FF',9,2,1,'Average:','','',2,7),
 (369,'2302f80c2c70b897d12182a1fc11ecd6',0,0,31,55,0,'FF',9,2,3,'Maximum:','','on',2,8),
 (370,'4ffc7af8533d103748316752b70f8e3c',0,0,31,0,0,'FF',1,0,1,'','','',2,9),
 (371,'64527c4b6eeeaf627acc5117ff2180fd',0,0,31,55,9,'FF',2,0,1,'95th Percentile','|95:bits:0:max:2|','',2,10),
 (372,'d5bbcbdbf83ae858862611ac6de8fc62',0,0,31,55,0,'FF',1,0,1,'(|95:bits:6:max:2| mbit in+out)','','on',2,11),
 (374,'55083351cd728b82cc4dde68eb935700',0,0,32,54,0,'FF',9,2,4,'Current:','','',2,2),
 (375,'54782f71929e7d1734ed5ad4b8dda50d',0,0,32,54,0,'FF',9,2,1,'Average:','','',2,3),
 (376,'88d3094d5dc2164cbf2f974aeb92f051',0,0,32,54,0,'FF',9,2,3,'Maximum:','','on',2,4),
 (377,'4a381a8e87d4db1ac99cf8d9078266d3',0,0,32,55,20,'FF',4,2,1,'Outbound','','',2,6),
 (378,'5bff63207c7bf076d76ff3036b5dad54',0,0,32,55,0,'FF',9,2,4,'Current:','','',2,7),
 (379,'979fff9d691ca35e3f4b3383d9cae43f',0,0,32,55,0,'FF',9,2,1,'Average:','','',2,8),
 (380,'0e715933830112c23c15f7e3463f77b6',0,0,32,55,0,'FF',9,2,3,'Maximum:','','on',2,11),
 (383,'5b43e4102600ad75379c5afd235099c4',0,0,32,54,0,'FF',1,0,1,'Total In:  |sum:auto:current:2:auto|','','on',2,5),
 (384,'db7c15d253ca666601b3296f2574edc9',0,0,32,55,0,'FF',1,0,1,'Total Out: |sum:auto:current:2:auto|','','on',2,12),
 (385,'fdaec5b9227522c758ad55882c483a83',0,0,33,55,0,'FF',9,0,3,'Maximum:','','on',2,11),
 (386,'6824d29c3f13fe1e849f1dbb8377d3f1',0,0,33,55,0,'FF',9,0,1,'Average:','','',2,8),
 (387,'54e3971b3dd751dd2509f62721c12b41',0,0,33,55,0,'FF',9,0,4,'Current:','','',2,7),
 (388,'cf8c9f69878f0f595d583eac109a9be1',0,0,33,55,20,'FF',4,0,1,'Outbound','','',2,6),
 (389,'de265acbbfa99eb4b3e9f7e90c7feeda',0,0,33,54,0,'FF',9,0,3,'Maximum:','','on',2,4),
 (390,'777aa88fb0a79b60d081e0e3759f1cf7',0,0,33,54,0,'FF',9,0,1,'Average:','','',2,3),
 (391,'66bfdb701c8eeadffe55e926d6e77e71',0,0,33,54,0,'FF',9,0,4,'Current:','','',2,2),
 (392,'3ff8dba1ca6279692b3fcabed0bc2631',0,0,33,54,22,'FF',7,0,1,'Inbound','','',2,1),
 (393,'d6041d14f9c8fb9b7ddcf3556f763c03',0,0,33,55,0,'FF',1,0,1,'Total Out: |sum:auto:current:2:auto|','','on',2,12),
 (394,'76ae747365553a02313a2d8a0dd55c8a',0,0,33,54,0,'FF',1,0,1,'Total In:  |sum:auto:current:2:auto|','','on',2,5),
 (403,'8a1b44ab97d3b56207d0e9e77a035d25',0,0,13,95,30,'FF',8,14,1,'Cache Memory','','',2,9),
 (404,'6db3f439e9764941ff43fbaae348f5dc',0,0,13,95,0,'FF',9,14,4,'Current:','','',2,10),
 (405,'cc9b2fe7acf0820caa61c1519193f65e',0,0,13,95,0,'FF',9,14,1,'Average:','','',2,11),
 (406,'9eea140bdfeaa40d50c5cdcd1f23f72d',0,0,13,95,0,'FF',9,14,3,'Maximum:','','on',2,12),
 (407,'41316670b1a36171de2bda91a0cc2364',0,0,34,96,98,'FF',7,0,1,'','','',2,1),
 (408,'c9e8cbdca0215b434c902e68755903ea',0,0,34,96,0,'FF',9,0,4,'Current:','','',2,2),
 (409,'dab91d7093e720841393feea5bdcba85',0,0,34,96,0,'FF',9,0,1,'Average:','','',2,3),
 (410,'03e5bd2151fea3c90843eb1130b84458',0,0,34,96,0,'FF',9,0,3,'Maximum:','','on',2,4),
 (411,'',167,5,21,56,48,'FF',7,14,1,'Used','','',2,1),
 (412,'',169,5,21,56,0,'FF',9,14,4,'Current:','','',2,2),
 (413,'',170,5,21,56,0,'FF',9,14,1,'Average:','','',2,3),
 (414,'',171,5,21,56,0,'FF',9,14,3,'Maximum:','','on',2,4),
 (415,'',172,5,21,44,20,'FF',8,14,1,'Available','','',2,5),
 (416,'',173,5,21,44,0,'FF',9,14,4,'Current:','','',2,6),
 (417,'',174,5,21,44,0,'FF',9,14,1,'Average:','','',2,7),
 (418,'',175,5,21,44,0,'FF',9,14,3,'Maximum:','','on',2,8),
 (419,'',176,5,21,0,1,'FF',5,15,1,'Total','','',2,9),
 (420,'',177,5,21,0,0,'FF',9,15,4,'Current:','','',2,10),
 (421,'',178,5,21,0,0,'FF',9,15,1,'Average:','','',2,11),
 (422,'',179,5,21,0,0,'FF',9,15,3,'Maximum:','','on',2,12),
 (517,'c5dfee3a8a0cad01a5c86cd81ddf13bc',0,0,40,148,13,'FF',4,0,1,'Completed','','',2,12),
 (511,'af1f8f04105e0e0e404d58ad94708b11',0,0,40,113,96,'FF',4,0,1,'Active Threads','','',2,4),
 (518,'899d4a16a3ca2596c2ba548f7d539248',0,0,40,148,0,'FF',9,0,1,'Current:','','on',3,13),
 (501,'0',499,19,38,146,0,'FF',9,0,1,'Current:','','',3,4),
 (502,'0',497,19,38,146,64,'FF',7,0,1,'Standby Threads','','',2,3),
 (503,'0',475,19,38,143,0,'FF',9,0,4,'Current:','','',3,10),
 (504,'0',468,19,38,144,0,'FF',9,0,4,'Current:','','',3,7),
 (505,'0',473,19,38,143,95,'CC',5,0,1,'Idle Threads','','',2,9),
 (506,'0',453,19,38,145,0,'FF',9,0,4,'Current:','','on',3,2),
 (507,'0',454,19,38,144,33,'66',6,0,1,'Active Threads','','',2,6),
 (508,'0',451,19,38,145,64,'7F',7,0,1,'Execute Threads','','',2,1),
 (451,'7a6dd4927c3c104c278a3e1d69c4d94b',0,0,38,114,64,'7F',7,0,1,'Execute Threads','','',2,1),
 (500,'',499,18,38,160,0,'FF',9,0,1,'Current:','','',3,4),
 (453,'bcc54cc93f2583951dddb6e34082b0bc',0,0,38,117,0,'FF',9,0,4,'Current:','','on',3,2),
 (454,'3f0d3dfe6868419ad727890b6f808cb3',0,0,38,113,33,'66',6,0,1,'Active Threads','','',2,6),
 (514,'d5658eeb2cae6284f3eb84de57569000',0,0,40,154,33,'B2',5,0,1,'Throughput','','',2,10),
 (513,'8471b0a0089be59782f37499b010c9f2',0,0,40,154,0,'FF',9,0,4,'Current:','','on',3,11),
 (512,'784c1c2ee2a43abdc36bbb6d18a834a6',0,0,40,113,0,'FF',9,0,4,'Current:','','',3,5),
 (468,'2deb6211256c874b317dbe723fe9695e',0,0,38,113,0,'FF',9,0,4,'Current:','','',3,7),
 (499,'45c67bdd5f3e13ba27586d30bd3d6cfa',0,0,38,119,0,'FF',9,0,1,'Current:','','',3,4),
 (497,'129e7990bfee3e304d4854434291ddb3',0,0,38,119,64,'FF',7,0,1,'Standby Threads','','',2,3),
 (498,'',497,18,38,160,64,'FF',7,0,1,'Standby Threads','','',2,3),
 (473,'09950729ae90b20e7e3b47fbbb3fd476',0,0,38,117,95,'CC',5,0,1,'Idle Threads','','',2,9),
 (494,'',475,18,38,156,0,'FF',9,0,4,'Current:','','',3,10),
 (475,'7f5d0437169d974fc5df67197d473d06',0,0,38,117,0,'FF',9,0,4,'Current:','','',3,10),
 (492,'',468,18,38,158,0,'FF',9,0,4,'Current:','','',3,7),
 (493,'',473,18,38,156,95,'CC',5,0,1,'Idle Threads','','',2,9),
 (490,'',453,18,38,159,0,'FF',9,0,4,'Current:','','on',3,2),
 (491,'',454,18,38,158,33,'66',6,0,1,'Active Threads','','',2,6),
 (489,'',451,18,38,159,64,'7F',7,0,1,'Execute Threads','','',2,1),
 (515,'0fe40191b058cce1112e9d6a1a2af0cb',0,0,40,150,9,'B2',7,0,3,'Pending Requests','','',2,7),
 (516,'0f3eeaed37944c644d6cfe786cefba6b',0,0,40,117,0,'FF',9,0,4,'Current:','','',3,8),
 (519,'',511,20,40,190,96,'FF',4,0,1,'Active Threads','','',2,4),
 (520,'',512,20,40,190,0,'FF',9,0,4,'Current:','','',3,5),
 (521,'',515,20,40,194,9,'B2',7,0,3,'Pending Requests','','',2,7),
 (522,'',516,20,40,194,0,'FF',9,0,4,'Current:','','',3,8),
 (523,'',514,20,40,196,33,'B2',5,0,1,'Throughput','','',2,10),
 (524,'',513,20,40,196,0,'FF',9,0,4,'Current:','','on',3,11),
 (525,'',517,20,40,189,13,'FF',4,0,1,'Completed','','',2,12),
 (526,'',518,20,40,189,0,'FF',9,0,1,'Current:','','on',3,13),
 (527,'8ee778b272d59f366d68145da1b05f36',0,0,38,113,0,'FF',9,0,1,'Average:','','on',2,8),
 (528,'',527,19,38,144,0,'FF',9,0,1,'Average:','','on',2,8),
 (529,'',527,18,38,158,0,'FF',9,0,1,'Average:','','on',2,8),
 (530,'18e6c8be6fc0cf93cf6e2fb70230f1d1',0,0,38,117,0,'FF',9,0,1,'Average:','','on',2,11),
 (531,'',530,19,38,143,0,'FF',9,0,1,'Average:','','on',2,11),
 (532,'',530,18,38,156,0,'FF',9,0,1,'Average:','','on',2,11),
 (533,'1a5872a4e8dbb6b56acbbddcce78b4a8',0,0,38,119,0,'FF',9,0,1,'Average:','','on',2,5),
 (534,'',533,19,38,146,0,'FF',9,0,1,'Average:','','on',2,5),
 (535,'',533,18,38,160,0,'FF',9,0,1,'Average:','','on',2,5),
 (536,'0',499,21,38,174,0,'FF',9,0,1,'Current:','','',3,4),
 (537,'0',497,21,38,174,64,'FF',7,0,1,'Standby Threads','','',2,3),
 (538,'0',475,21,38,170,0,'FF',9,0,4,'Current:','','',3,10),
 (539,'0',468,21,38,172,0,'FF',9,0,4,'Current:','','',3,7),
 (540,'0',473,21,38,170,95,'CC',5,0,1,'Idle Threads','','',2,9),
 (541,'0',453,21,38,173,0,'FF',9,0,4,'Current:','','on',3,2),
 (542,'0',454,21,38,172,33,'66',6,0,1,'Active Threads','','',2,6),
 (543,'0',451,21,38,173,64,'7F',7,0,1,'Execute Threads','','',2,1),
 (544,'0',527,21,38,172,0,'FF',9,0,1,'Average:','','on',2,8),
 (545,'0',530,21,38,170,0,'FF',9,0,1,'Average:','','on',2,11),
 (546,'0',533,21,38,174,0,'FF',9,0,1,'Average:','','on',2,5),
 (547,'0',499,22,38,183,0,'FF',9,0,1,'Current:','','',3,4),
 (548,'0',497,22,38,183,64,'FF',7,0,1,'Standby Threads','','',2,3),
 (549,'0',475,22,38,179,0,'FF',9,0,4,'Current:','','',3,10),
 (550,'0',468,22,38,181,0,'FF',9,0,4,'Current:','','',3,7),
 (551,'0',473,22,38,179,95,'CC',5,0,1,'Idle Threads','','',2,9),
 (552,'0',453,22,38,182,0,'FF',9,0,4,'Current:','','on',3,2),
 (553,'0',454,22,38,181,33,'66',6,0,1,'Active Threads','','',2,6),
 (554,'0',451,22,38,182,64,'7F',7,0,1,'Execute Threads','','',2,1),
 (555,'0',527,22,38,181,0,'FF',9,0,1,'Average:','','on',2,8),
 (556,'0',530,22,38,179,0,'FF',9,0,1,'Average:','','on',2,11),
 (557,'0',533,22,38,183,0,'FF',9,0,1,'Average:','','on',2,5),
 (558,'74a78abe1b43d728e2da1f976c0c8c85',0,0,38,121,9,'FF',7,0,1,'Blocked Threads','','',2,12),
 (559,'',558,21,38,175,9,'FF',7,0,1,'Blocked Threads','','',2,12),
 (560,'',558,22,38,184,9,'FF',7,0,1,'Blocked Threads','','',2,12),
 (561,'',558,19,38,147,9,'FF',7,0,1,'Blocked Threads','','',2,12),
 (562,'',558,18,38,161,9,'FF',7,0,1,'Blocked Threads','','',2,12),
 (563,'04e56a81608a26b7d169c6a07ed9b1f2',0,0,38,121,0,'FF',9,0,1,'Current:','','',3,13),
 (564,'',563,21,38,175,0,'FF',9,0,1,'Current:','','',3,13),
 (565,'',563,22,38,184,0,'FF',9,0,1,'Current:','','',3,13),
 (566,'',563,19,38,147,0,'FF',9,0,1,'Current:','','',3,13),
 (567,'',563,18,38,161,0,'FF',9,0,1,'Current:','','',3,13),
 (568,'3e1e5cb90ec90b281bd44b45205c3e5f',0,0,38,121,0,'FF',9,0,1,'Average:','','',2,14),
 (569,'',568,21,38,175,0,'FF',9,0,1,'Average:','','',2,14),
 (570,'',568,22,38,184,0,'FF',9,0,1,'Average:','','',2,14),
 (571,'',568,19,38,147,0,'FF',9,0,1,'Average:','','',2,14),
 (572,'',568,18,38,161,0,'FF',9,0,1,'Average:','','',2,14),
 (573,'0',499,23,38,192,0,'FF',9,0,1,'Current:','','',3,4),
 (574,'0',497,23,38,192,64,'FF',7,0,1,'Standby Threads','','',2,3),
 (575,'0',475,23,38,188,0,'FF',9,0,4,'Current:','','',3,10),
 (576,'0',468,23,38,190,0,'FF',9,0,4,'Current:','','',3,7),
 (577,'0',473,23,38,188,95,'CC',5,0,1,'Idle Threads','','',2,9),
 (578,'0',453,23,38,191,0,'FF',9,0,4,'Current:','','on',3,2),
 (579,'0',454,23,38,190,33,'66',6,0,1,'Active Threads','','',2,6),
 (580,'0',451,23,38,191,64,'7F',7,0,1,'Execute Threads','','',2,1),
 (581,'0',527,23,38,190,0,'FF',9,0,1,'Average:','','on',2,8),
 (582,'0',530,23,38,188,0,'FF',9,0,1,'Average:','','on',2,11),
 (583,'0',533,23,38,192,0,'FF',9,0,1,'Average:','','on',2,5),
 (584,'0',558,23,38,193,9,'FF',7,0,1,'Blocked Threads','','',2,12),
 (585,'0',563,23,38,193,0,'FF',9,0,1,'Current:','','',3,13),
 (586,'0',568,23,38,193,0,'FF',9,0,1,'Average:','','',2,14),
 (587,'0',499,24,38,205,0,'FF',9,0,1,'Current:','','',3,4),
 (588,'0',497,24,38,205,64,'FF',7,0,1,'Standby Threads','','',2,3),
 (589,'0',475,24,38,200,0,'FF',9,0,4,'Current:','','',3,10),
 (590,'0',468,24,38,198,0,'FF',9,0,4,'Current:','','',3,7),
 (591,'0',473,24,38,200,95,'CC',5,0,1,'Idle Threads','','',2,9),
 (592,'0',453,24,38,197,0,'FF',9,0,4,'Current:','','on',3,2),
 (593,'0',454,24,38,198,33,'66',6,0,1,'Active Threads','','',2,6),
 (594,'0',451,24,38,197,64,'7F',7,0,1,'Execute Threads','','',2,1),
 (595,'0',527,24,38,198,0,'FF',9,0,1,'Average:','','on',2,8),
 (596,'0',530,24,38,200,0,'FF',9,0,1,'Average:','','on',2,11),
 (597,'0',533,24,38,205,0,'FF',9,0,1,'Average:','','on',2,5),
 (598,'0',558,24,38,204,9,'FF',7,0,1,'Blocked Threads','','',2,12),
 (599,'0',563,24,38,204,0,'FF',9,0,1,'Current:','','',3,13),
 (600,'0',568,24,38,204,0,'FF',9,0,1,'Average:','','',2,14),
 (601,'0',499,25,38,208,0,'FF',9,0,1,'Current:','','',3,4),
 (602,'0',497,25,38,208,64,'FF',7,0,1,'Standby Threads','','',2,3),
 (603,'0',475,25,38,207,0,'FF',9,0,4,'Current:','','',3,10),
 (604,'0',468,25,38,213,0,'FF',9,0,4,'Current:','','',3,7),
 (605,'0',473,25,38,207,95,'CC',5,0,1,'Idle Threads','','',2,9),
 (606,'0',453,25,38,214,0,'FF',9,0,4,'Current:','','on',3,2),
 (607,'0',454,25,38,213,33,'66',6,0,1,'Active Threads','','',2,6),
 (608,'0',451,25,38,214,64,'7F',7,0,1,'Execute Threads','','',2,1),
 (609,'0',527,25,38,213,0,'FF',9,0,1,'Average:','','on',2,8),
 (610,'0',530,25,38,207,0,'FF',9,0,1,'Average:','','on',2,11),
 (611,'0',533,25,38,208,0,'FF',9,0,1,'Average:','','on',2,5),
 (612,'0',558,25,38,211,9,'FF',7,0,1,'Blocked Threads','','',2,12),
 (613,'0',563,25,38,211,0,'FF',9,0,1,'Current:','','',3,13),
 (614,'0',568,25,38,211,0,'FF',9,0,1,'Average:','','',2,14),
 (615,'0',499,26,38,234,0,'FF',9,0,1,'Current:','','',3,4),
 (616,'0',497,26,38,234,64,'FF',7,0,1,'Standby Threads','','',2,3),
 (617,'0',475,26,38,233,0,'FF',9,0,4,'Current:','','',3,10),
 (618,'0',468,26,38,228,0,'FF',9,0,4,'Current:','','',3,7),
 (619,'0',473,26,38,233,95,'CC',5,0,1,'Idle Threads','','',2,9),
 (620,'0',453,26,38,227,0,'FF',9,0,4,'Current:','','on',3,2),
 (621,'0',454,26,38,228,33,'66',6,0,1,'Active Threads','','',2,6),
 (622,'0',451,26,38,227,64,'7F',7,0,1,'Execute Threads','','',2,1),
 (623,'0',527,26,38,228,0,'FF',9,0,1,'Average:','','on',2,8),
 (624,'0',530,26,38,233,0,'FF',9,0,1,'Average:','','on',2,11),
 (625,'0',533,26,38,234,0,'FF',9,0,1,'Average:','','on',2,5),
 (626,'0',558,26,38,230,9,'FF',7,0,1,'Blocked Threads','','',2,12),
 (627,'0',563,26,38,230,0,'FF',9,0,1,'Current:','','',3,13),
 (628,'0',568,26,38,230,0,'FF',9,0,1,'Average:','','',2,14),
 (629,'0',499,27,38,258,0,'FF',9,0,1,'Current:','','',3,4),
 (630,'0',497,27,38,258,64,'FF',7,0,1,'Standby Threads','','',2,3),
 (631,'0',475,27,38,254,0,'FF',9,0,4,'Current:','','',3,10),
 (632,'0',468,27,38,256,0,'FF',9,0,4,'Current:','','',3,7),
 (633,'0',473,27,38,254,95,'CC',5,0,1,'Idle Threads','','',2,9),
 (634,'0',453,27,38,257,0,'FF',9,0,4,'Current:','','on',3,2),
 (635,'0',454,27,38,256,33,'66',6,0,1,'Active Threads','','',2,6),
 (636,'0',451,27,38,257,64,'7F',7,0,1,'Execute Threads','','',2,1),
 (637,'0',527,27,38,256,0,'FF',9,0,1,'Average:','','on',2,8),
 (638,'0',530,27,38,254,0,'FF',9,0,1,'Average:','','on',2,11),
 (639,'0',533,27,38,258,0,'FF',9,0,1,'Average:','','on',2,5),
 (640,'0',558,27,38,259,9,'FF',7,0,1,'Blocked Threads','','',2,12),
 (641,'0',563,27,38,259,0,'FF',9,0,1,'Current:','','',3,13),
 (642,'0',568,27,38,259,0,'FF',9,0,1,'Average:','','',2,14),
 (643,'0',499,28,38,267,0,'FF',9,0,1,'Current:','','',3,4),
 (644,'0',497,28,38,267,64,'FF',7,0,1,'Standby Threads','','',2,3),
 (645,'0',475,28,38,263,0,'FF',9,0,4,'Current:','','',3,10),
 (646,'0',468,28,38,265,0,'FF',9,0,4,'Current:','','',3,7),
 (647,'0',473,28,38,263,95,'CC',5,0,1,'Idle Threads','','',2,9),
 (648,'0',453,28,38,266,0,'FF',9,0,4,'Current:','','on',3,2),
 (649,'0',454,28,38,265,33,'66',6,0,1,'Active Threads','','',2,6),
 (650,'0',451,28,38,266,64,'7F',7,0,1,'Execute Threads','','',2,1),
 (651,'0',527,28,38,265,0,'FF',9,0,1,'Average:','','on',2,8),
 (652,'0',530,28,38,263,0,'FF',9,0,1,'Average:','','on',2,11),
 (653,'0',533,28,38,267,0,'FF',9,0,1,'Average:','','on',2,5),
 (654,'0',558,28,38,268,9,'FF',7,0,1,'Blocked Threads','','',2,12),
 (655,'0',563,28,38,268,0,'FF',9,0,1,'Current:','','',3,13),
 (656,'0',568,28,38,268,0,'FF',9,0,1,'Average:','','',2,14),
 (657,'0',499,29,38,240,0,'FF',9,0,1,'Current:','','',3,4),
 (658,'0',497,29,38,240,64,'FF',7,0,1,'Standby Threads','','',2,3),
 (659,'0',475,29,38,236,0,'FF',9,0,4,'Current:','','',3,10),
 (660,'0',468,29,38,238,0,'FF',9,0,4,'Current:','','',3,7),
 (661,'0',473,29,38,236,95,'CC',5,0,1,'Idle Threads','','',2,9),
 (662,'0',453,29,38,239,0,'FF',9,0,4,'Current:','','on',3,2),
 (663,'0',454,29,38,238,33,'66',6,0,1,'Active Threads','','',2,6),
 (664,'0',451,29,38,239,64,'7F',7,0,1,'Execute Threads','','',2,1),
 (665,'0',527,29,38,238,0,'FF',9,0,1,'Average:','','on',2,8),
 (666,'0',530,29,38,236,0,'FF',9,0,1,'Average:','','on',2,11),
 (667,'0',533,29,38,240,0,'FF',9,0,1,'Average:','','on',2,5),
 (668,'0',558,29,38,241,9,'FF',7,0,1,'Blocked Threads','','',2,12),
 (669,'0',563,29,38,241,0,'FF',9,0,1,'Current:','','',3,13),
 (670,'0',568,29,38,241,0,'FF',9,0,1,'Average:','','',2,14),
 (671,'0',499,30,38,249,0,'FF',9,0,1,'Current:','','',3,4),
 (672,'0',497,30,38,249,64,'FF',7,0,1,'Standby Threads','','',2,3),
 (673,'0',475,30,38,245,0,'FF',9,0,4,'Current:','','',3,10),
 (674,'0',468,30,38,246,0,'FF',9,0,4,'Current:','','',3,7),
 (675,'0',473,30,38,245,95,'CC',5,0,1,'Idle Threads','','',2,9),
 (676,'0',453,30,38,248,0,'FF',9,0,4,'Current:','','on',3,2),
 (677,'0',454,30,38,246,33,'66',6,0,1,'Active Threads','','',2,6),
 (678,'0',451,30,38,248,64,'7F',7,0,1,'Execute Threads','','',2,1),
 (679,'0',527,30,38,246,0,'FF',9,0,1,'Average:','','on',2,8),
 (680,'0',530,30,38,245,0,'FF',9,0,1,'Average:','','on',2,11),
 (681,'0',533,30,38,249,0,'FF',9,0,1,'Average:','','on',2,5),
 (682,'0',558,30,38,250,9,'FF',7,0,1,'Blocked Threads','','',2,12),
 (683,'0',563,30,38,250,0,'FF',9,0,1,'Current:','','',3,13),
 (684,'0',568,30,38,250,0,'FF',9,0,1,'Average:','','',2,14),
 (685,'0',511,31,40,158,96,'FF',4,0,1,'Active Threads','','',2,4),
 (686,'0',512,31,40,158,0,'FF',9,0,4,'Current:','','',3,5),
 (687,'0',515,31,40,162,9,'B2',7,0,3,'Pending Requests','','',2,7),
 (688,'0',516,31,40,162,0,'FF',9,0,4,'Current:','','',3,8),
 (689,'0',514,31,40,164,33,'B2',5,0,1,'Throughput','','',2,10),
 (690,'0',513,31,40,164,0,'FF',9,0,4,'Current:','','on',3,11),
 (691,'0',517,31,40,157,13,'FF',4,0,1,'Completed','','',2,12),
 (692,'0',518,31,40,157,0,'FF',9,0,1,'Current:','','on',3,13),
 (693,'0',511,32,40,144,96,'FF',4,0,1,'Active Threads','','',2,4),
 (694,'0',512,32,40,144,0,'FF',9,0,4,'Current:','','',3,5),
 (695,'0',515,32,40,151,9,'B2',7,0,3,'Pending Requests','','',2,7),
 (696,'0',516,32,40,151,0,'FF',9,0,4,'Current:','','',3,8),
 (697,'0',514,32,40,155,33,'B2',5,0,1,'Throughput','','',2,10),
 (698,'0',513,32,40,155,0,'FF',9,0,4,'Current:','','on',3,11),
 (699,'0',517,32,40,149,13,'FF',4,0,1,'Completed','','',2,12),
 (700,'0',518,32,40,149,0,'FF',9,0,1,'Current:','','on',3,13),
 (701,'0',511,33,40,172,96,'FF',4,0,1,'Active Threads','','',2,4),
 (702,'0',512,33,40,172,0,'FF',9,0,4,'Current:','','',3,5),
 (703,'0',515,33,40,176,9,'B2',7,0,3,'Pending Requests','','',2,7),
 (704,'0',516,33,40,176,0,'FF',9,0,4,'Current:','','',3,8),
 (705,'0',514,33,40,178,33,'B2',5,0,1,'Throughput','','',2,10),
 (706,'0',513,33,40,178,0,'FF',9,0,4,'Current:','','on',3,11),
 (707,'0',517,33,40,171,13,'FF',4,0,1,'Completed','','',2,12),
 (708,'0',518,33,40,171,0,'FF',9,0,1,'Current:','','on',3,13),
 (709,'0',511,34,40,181,96,'FF',4,0,1,'Active Threads','','',2,4),
 (710,'0',512,34,40,181,0,'FF',9,0,4,'Current:','','',3,5),
 (711,'0',515,34,40,185,9,'B2',7,0,3,'Pending Requests','','',2,7),
 (712,'0',516,34,40,185,0,'FF',9,0,4,'Current:','','',3,8),
 (713,'0',514,34,40,187,33,'B2',5,0,1,'Throughput','','',2,10),
 (714,'0',513,34,40,187,0,'FF',9,0,4,'Current:','','on',3,11),
 (715,'0',517,34,40,180,13,'FF',4,0,1,'Completed','','',2,12),
 (716,'0',518,34,40,180,0,'FF',9,0,1,'Current:','','on',3,13),
 (717,'0',511,35,40,198,96,'FF',4,0,1,'Active Threads','','',2,4),
 (718,'0',512,35,40,198,0,'FF',9,0,4,'Current:','','',3,5),
 (719,'0',515,35,40,203,9,'B2',7,0,3,'Pending Requests','','',2,7),
 (720,'0',516,35,40,203,0,'FF',9,0,4,'Current:','','',3,8),
 (721,'0',514,35,40,201,33,'B2',5,0,1,'Throughput','','',2,10),
 (722,'0',513,35,40,201,0,'FF',9,0,4,'Current:','','on',3,11),
 (723,'0',517,35,40,199,13,'FF',4,0,1,'Completed','','',2,12),
 (724,'0',518,35,40,199,0,'FF',9,0,1,'Current:','','on',3,13),
 (725,'0',511,36,40,213,96,'FF',4,0,1,'Active Threads','','',2,4),
 (726,'0',512,36,40,213,0,'FF',9,0,4,'Current:','','',3,5),
 (727,'0',515,36,40,210,9,'B2',7,0,3,'Pending Requests','','',2,7),
 (728,'0',516,36,40,210,0,'FF',9,0,4,'Current:','','',3,8),
 (729,'0',514,36,40,206,33,'B2',5,0,1,'Throughput','','',2,10),
 (730,'0',513,36,40,206,0,'FF',9,0,4,'Current:','','on',3,11),
 (731,'0',517,36,40,212,13,'FF',4,0,1,'Completed','','',2,12),
 (732,'0',518,36,40,212,0,'FF',9,0,1,'Current:','','on',3,13),
 (733,'0',511,37,40,228,96,'FF',4,0,1,'Active Threads','','',2,4),
 (734,'0',512,37,40,228,0,'FF',9,0,4,'Current:','','',3,5),
 (735,'0',515,37,40,232,9,'B2',7,0,3,'Pending Requests','','',2,7),
 (736,'0',516,37,40,232,0,'FF',9,0,4,'Current:','','',3,8),
 (737,'0',514,37,40,235,33,'B2',5,0,1,'Throughput','','',2,10),
 (738,'0',513,37,40,235,0,'FF',9,0,4,'Current:','','on',3,11),
 (739,'0',517,37,40,229,13,'FF',4,0,1,'Completed','','',2,12),
 (740,'0',518,37,40,229,0,'FF',9,0,1,'Current:','','on',3,13),
 (741,'ba59831a1b8345c5d12b86013298434d',0,0,40,150,0,'FF',9,0,3,'Max Pending:','','on',2,9),
 (742,'',741,20,40,194,0,'FF',9,0,3,'Max Pending:','','on',2,9),
 (743,'',741,31,40,162,0,'FF',9,0,3,'Max Pending:','','on',2,9),
 (744,'',741,32,40,151,0,'FF',9,0,3,'Max Pending:','','on',2,9),
 (745,'',741,33,40,176,0,'FF',9,0,3,'Max Pending:','','on',2,9),
 (746,'',741,34,40,185,0,'FF',9,0,3,'Max Pending:','','on',2,9),
 (747,'',741,35,40,203,0,'FF',9,0,3,'Max Pending:','','on',2,9),
 (748,'',741,36,40,210,0,'FF',9,0,3,'Max Pending:','','on',2,9),
 (749,'',741,37,40,232,0,'FF',9,0,3,'Max Pending:','','on',2,9),
 (750,'a1d7c06576e799278a6a5d6c2b3c9e06',0,0,38,121,33,'FF',9,0,3,'Max:','','on',2,15),
 (751,'',750,21,38,175,33,'FF',9,0,3,'Max:','','on',2,15),
 (752,'',750,22,38,184,33,'FF',9,0,3,'Max:','','on',2,15),
 (753,'',750,19,38,147,33,'FF',9,0,3,'Max:','','on',2,15),
 (754,'',750,18,38,161,33,'FF',9,0,3,'Max:','','on',2,15),
 (755,'',750,23,38,193,33,'FF',9,0,3,'Max:','','on',2,15),
 (756,'',750,24,38,204,33,'FF',9,0,3,'Max:','','on',2,15),
 (757,'',750,25,38,211,33,'FF',9,0,3,'Max:','','on',2,15),
 (758,'',750,26,38,230,33,'FF',9,0,3,'Max:','','on',2,15),
 (759,'',750,27,38,259,33,'FF',9,0,3,'Max:','','on',2,15),
 (760,'',750,28,38,268,33,'FF',9,0,3,'Max:','','on',2,15),
 (761,'',750,29,38,241,33,'FF',9,0,3,'Max:','','on',2,15),
 (762,'',750,30,38,250,33,'FF',9,0,3,'Max:','','on',2,15),
 (763,'c346318a2fda0074792601d5e0e4f38c',0,0,41,217,8,'FF',7,0,1,'AWA Response Time','','',2,1),
 (764,'',763,38,41,226,8,'FF',7,0,1,'AWA Response Time','','',2,1),
 (765,'0',763,39,41,272,8,'FF',7,0,1,'AWA Response Time','','',2,1),
 (766,'ba4acd430b77a7350f8b8131e0651c3f',0,0,41,217,0,'FF',9,0,4,'Current:','','',2,2),
 (767,'',766,38,41,226,0,'FF',9,0,4,'Current:','','',2,2),
 (768,'',766,39,41,272,0,'FF',9,0,4,'Current:','','',2,2),
 (769,'ca4453993af1dbc9f1df4b14a586b579',0,0,41,217,0,'FF',9,0,3,'Max:','','on',2,3),
 (770,'',769,38,41,226,0,'FF',9,0,3,'Max:','','on',2,3),
 (771,'',769,39,41,272,0,'FF',9,0,3,'Max:','','on',2,3),
 (772,'2b95c671c3bf5061b8c06e7a22274161',0,0,42,274,13,'FF',4,0,1,'Total Count','','',2,1),
 (773,'2d60ff5ba9906fcedad67e6548ab76dc',0,0,42,273,96,'B2',5,0,1,'Average elapsed (s)','','',2,3),
 (774,'',772,40,42,282,13,'FF',4,0,1,'Total Count','','',2,1),
 (775,'',773,40,42,281,96,'B2',5,0,1,'Average elapsed (s)','','',2,3),
 (776,'0',772,41,42,278,13,'FF',4,0,1,'Total Count','','',2,1),
 (777,'0',773,41,42,277,96,'B2',5,0,1,'Average elapsed (s)','','',2,3),
 (778,'0a73aa11b38b137a6a83f703fe3f67a7',0,0,42,275,33,'FF',4,0,1,'Elapsed >10s','','',2,7),
 (779,'',778,40,42,283,33,'FF',4,0,1,'Elapsed >10s','','',2,7),
 (780,'',778,41,42,279,33,'FF',4,0,1,'Elapsed >10s','','',2,7),
 (781,'882e445a3e50e70f7a6db5bb5d1a0167',0,0,42,273,0,'FF',9,0,4,'Current:','','on',2,4),
 (782,'',781,40,42,281,0,'FF',9,0,4,'Current:','','on',2,4),
 (783,'',781,41,42,277,0,'FF',9,0,4,'Current:','','on',2,4),
 (784,'2a83df54984a232c85e5b536e1ea7421',0,0,42,276,12,'FF',4,0,1,'Elapsed >5s','','',2,5),
 (785,'',784,40,42,284,12,'FF',4,0,1,'Elapsed >5s','','',2,5),
 (786,'',784,41,42,280,12,'FF',4,0,1,'Elapsed >5s','','',2,5),
 (787,'0',772,42,42,286,13,'FF',4,0,1,'Total Count','','',2,1),
 (788,'0',773,42,42,285,96,'B2',5,0,1,'Average elapsed (s)','','',2,3),
 (789,'0',778,42,42,287,33,'FF',4,0,1,'Elapsed >10s','','',2,7),
 (790,'0',781,42,42,285,0,'FF',9,0,4,'Current:','','on',2,4),
 (791,'0',784,42,42,288,12,'FF',4,0,1,'Elapsed >5s','','',2,5),
 (792,'2c809bc3ad5dbe35ca372ffe47dde26b',0,0,42,276,0,'FF',9,0,3,'Max:','','on',2,6),
 (793,'',792,40,42,284,0,'FF',9,0,3,'Max:','','on',2,6),
 (794,'',792,41,42,280,0,'FF',9,0,3,'Max:','','on',2,6),
 (795,'',792,42,42,288,0,'FF',9,0,3,'Max:','','on',2,6),
 (796,'6d24ee9d1f452bd70d56b7174654acdc',0,0,42,275,0,'FF',9,0,3,'Max:','','on',2,8),
 (797,'',796,40,42,283,0,'FF',9,0,3,'Max:','','on',2,8),
 (798,'',796,41,42,279,0,'FF',9,0,3,'Max:','','on',2,8),
 (799,'',796,42,42,287,0,'FF',9,0,3,'Max:','','on',2,8),
 (800,'0',772,43,42,290,13,'FF',4,0,1,'Total Count','','',2,1),
 (801,'0',773,43,42,289,96,'B2',5,0,1,'Average elapsed (s)','','',2,3),
 (802,'0',778,43,42,291,33,'FF',4,0,1,'Elapsed >10s','','',2,7),
 (803,'0',781,43,42,289,0,'FF',9,0,4,'Current:','','on',2,4),
 (804,'0',784,43,42,292,12,'FF',4,0,1,'Elapsed >5s','','',2,5),
 (805,'0',792,43,42,292,0,'FF',9,0,3,'Max:','','on',2,6),
 (806,'0',796,43,42,291,0,'FF',9,0,3,'Max:','','on',2,8),
 (807,'0',772,44,42,302,13,'FF',4,0,1,'Total Count','','',2,1),
 (808,'0',773,44,42,301,96,'B2',5,0,1,'Average elapsed (s)','','',2,3),
 (809,'0',778,44,42,303,33,'FF',4,0,1,'Elapsed >10s','','',2,7),
 (810,'0',781,44,42,301,0,'FF',9,0,4,'Current:','','on',2,4),
 (811,'0',784,44,42,304,12,'FF',4,0,1,'Elapsed >5s','','',2,5),
 (812,'0',792,44,42,304,0,'FF',9,0,3,'Max:','','on',2,6),
 (813,'0',796,44,42,303,0,'FF',9,0,3,'Max:','','on',2,8),
 (814,'0',772,45,42,298,13,'FF',4,0,1,'Total Count','','',2,1),
 (815,'0',773,45,42,297,96,'B2',5,0,1,'Average elapsed (s)','','',2,3),
 (816,'0',778,45,42,299,33,'FF',4,0,1,'Elapsed >10s','','',2,7),
 (817,'0',781,45,42,297,0,'FF',9,0,4,'Current:','','on',2,4),
 (818,'0',784,45,42,300,12,'FF',4,0,1,'Elapsed >5s','','',2,5),
 (819,'0',792,45,42,300,0,'FF',9,0,3,'Max:','','on',2,6),
 (820,'0',796,45,42,299,0,'FF',9,0,3,'Max:','','on',2,8),
 (821,'0',772,46,42,294,13,'FF',4,0,1,'Total Count','','',2,1),
 (822,'0',773,46,42,293,96,'B2',5,0,1,'Average elapsed (s)','','',2,3),
 (823,'0',778,46,42,295,33,'FF',4,0,1,'Elapsed >10s','','',2,7),
 (824,'0',781,46,42,293,0,'FF',9,0,4,'Current:','','on',2,4),
 (825,'0',784,46,42,296,12,'FF',4,0,1,'Elapsed >5s','','',2,5),
 (826,'0',792,46,42,296,0,'FF',9,0,3,'Max:','','on',2,6),
 (827,'0',796,46,42,295,0,'FF',9,0,3,'Max:','','on',2,8),
 (828,'0',772,47,42,306,13,'FF',4,0,1,'Total Count','','',2,1),
 (829,'0',773,47,42,305,96,'B2',5,0,1,'Average elapsed (s)','','',2,3),
 (830,'0',778,47,42,307,33,'FF',4,0,1,'Elapsed >10s','','',2,7),
 (831,'0',781,47,42,305,0,'FF',9,0,4,'Current:','','on',2,4),
 (832,'0',784,47,42,308,12,'FF',4,0,1,'Elapsed >5s','','',2,5),
 (833,'0',792,47,42,308,0,'FF',9,0,3,'Max:','','on',2,6),
 (834,'0',796,47,42,307,0,'FF',9,0,3,'Max:','','on',2,8),
 (835,'0',772,48,42,310,13,'FF',4,0,1,'Total Count','','',2,1),
 (836,'0',773,48,42,309,96,'B2',5,0,1,'Average elapsed (s)','','',2,3),
 (837,'0',778,48,42,311,33,'FF',4,0,1,'Elapsed >10s','','',2,7),
 (838,'0',781,48,42,309,0,'FF',9,0,4,'Current:','','on',2,4),
 (839,'0',784,48,42,312,12,'FF',4,0,1,'Elapsed >5s','','',2,5),
 (840,'0',792,48,42,312,0,'FF',9,0,3,'Max:','','on',2,6),
 (841,'0',796,48,42,311,0,'FF',9,0,3,'Max:','','on',2,8),
 (842,'0',868,49,43,318,13,'FF',4,0,1,'Total Count','','',2,1),
 (843,'0',869,49,43,317,10,'B2',5,0,1,'Average elapsed (s)','','',2,3),
 (844,'0',870,49,43,319,28,'FF',4,0,1,'Elapsed >10s','','',2,8),
 (845,'0',871,49,43,317,0,'FF',9,0,4,'Current:','','on',2,4),
 (846,'0',872,49,43,320,12,'FF',4,0,1,'Elapsed >5s','','',2,5),
 (847,'0',873,49,43,320,0,'FF',9,0,3,'Max:','','on',2,7),
 (848,'0',874,49,43,319,0,'FF',9,0,3,'Max:','','on',2,10),
 (849,'b674a34d6dbd28bd65126cee1e629ec1',0,0,42,274,0,'FF',9,0,4,'Current:','','on',2,2),
 (850,'',849,40,42,282,0,'FF',9,0,4,'Current:','','on',2,2),
 (851,'',849,41,42,278,0,'FF',9,0,4,'Current:','','on',2,2),
 (852,'',849,42,42,286,0,'FF',9,0,4,'Current:','','on',2,2),
 (853,'',849,43,42,290,0,'FF',9,0,4,'Current:','','on',2,2),
 (854,'',849,44,42,302,0,'FF',9,0,4,'Current:','','on',2,2),
 (855,'',849,45,42,298,0,'FF',9,0,4,'Current:','','on',2,2),
 (856,'',849,46,42,294,0,'FF',9,0,4,'Current:','','on',2,2),
 (857,'',849,47,42,306,0,'FF',9,0,4,'Current:','','on',2,2),
 (858,'',849,48,42,310,0,'FF',9,0,4,'Current:','','on',2,2),
 (859,'',875,49,43,318,0,'FF',9,0,4,'Current:','','on',2,2),
 (860,'0',868,50,43,358,13,'FF',4,0,1,'Total Count','','',2,1),
 (861,'0',869,50,43,357,10,'B2',5,0,1,'Average elapsed (s)','','',2,3),
 (862,'0',870,50,43,359,28,'FF',4,0,1,'Elapsed >10s','','',2,8),
 (863,'0',871,50,43,357,0,'FF',9,0,4,'Current:','','on',2,4),
 (864,'0',872,50,43,360,12,'FF',4,0,1,'Elapsed >5s','','',2,5),
 (865,'0',873,50,43,360,0,'FF',9,0,3,'Max:','','on',2,7),
 (866,'0',874,50,43,359,0,'FF',9,0,3,'Max:','','on',2,10),
 (867,'0',875,50,43,358,0,'FF',9,0,4,'Current:','','on',2,2),
 (868,'d3a274bef72b6fd18056210e102ba7a5',0,0,43,274,13,'FF',4,0,1,'Total Count','','',2,1),
 (869,'405f0bbfd7ad97fdcf727571d40dbcb2',0,0,43,273,10,'B2',5,0,1,'Average elapsed (s)','','',2,3),
 (870,'d27b8c3f6b17b0a7ec4d13b0e9a5f372',0,0,43,275,28,'FF',4,0,1,'Elapsed >10s','','',2,8),
 (871,'7e380614c74d0d3bccc426bb03585809',0,0,43,273,0,'FF',9,0,4,'Current:','','on',2,4),
 (872,'1569042b47dfce5d1c06d90b1bb18d57',0,0,43,276,12,'FF',4,0,1,'Elapsed >5s','','',2,5),
 (873,'1ba01b4d5a3db2b7e69241fe3a19c771',0,0,43,276,0,'FF',9,0,3,'Max:','','on',2,7),
 (874,'7e3f3dbff7222fd476c309dbfb8d835e',0,0,43,275,0,'FF',9,0,3,'Max:','','on',2,10),
 (875,'33d066c5798ae89958213f77bab2128c',0,0,43,274,0,'FF',9,0,4,'Current:','','on',2,2),
 (876,'337147f702545efae30e1ce2625f105e',0,0,43,321,35,'FF',4,0,1,'Elapsed >20s','','',2,11),
 (877,'c2310a9fe6fc49254508122757b4a78c',0,0,43,321,0,'FF',9,0,3,'Max:','','on',2,12),
 (878,'',876,50,43,361,35,'FF',4,0,1,'Elapsed >20s','','',2,11),
 (879,'',877,50,43,361,0,'FF',9,0,3,'Max:','','on',2,12),
 (880,'',876,49,43,332,35,'FF',4,0,1,'Elapsed >20s','','',2,11),
 (881,'',877,49,43,332,0,'FF',9,0,3,'Max:','','on',2,12),
 (882,'324f6f2d2bb0fdb14fffc4b919330d63',0,0,40,113,0,'FF',9,0,3,'Max active:','','on',2,6),
 (883,'',882,20,40,190,0,'FF',9,0,3,'Max active:','','on',2,6),
 (884,'',882,31,40,158,0,'FF',9,0,3,'Max active:','','on',2,6),
 (885,'',882,32,40,144,0,'FF',9,0,3,'Max active:','','on',2,6),
 (886,'',882,33,40,172,0,'FF',9,0,3,'Max active:','','on',2,6),
 (887,'',882,34,40,181,0,'FF',9,0,3,'Max active:','','on',2,6),
 (888,'',882,35,40,198,0,'FF',9,0,3,'Max active:','','on',2,6),
 (889,'',882,36,40,213,0,'FF',9,0,3,'Max active:','','on',2,6),
 (890,'',882,37,40,228,0,'FF',9,0,3,'Max active:','','on',2,6),
 (891,'281574bb9f7ba1082e3155e74880df62',0,0,43,275,0,'FF',9,0,4,'Current:','','',2,9),
 (892,'',891,49,43,319,0,'FF',9,0,4,'Current:','','',2,9),
 (893,'',891,50,43,359,0,'FF',9,0,4,'Current:','','',2,9),
 (894,'d7e9a528ab39774197aa5dab9bd53429',0,0,43,276,0,'FF',9,0,4,'Current:','','',2,6),
 (895,'',894,49,43,320,0,'FF',9,0,4,'Current:','','',2,6),
 (896,'',894,50,43,360,0,'FF',9,0,4,'Current:','','',2,6),
 (897,'0',772,51,42,372,13,'FF',4,0,1,'Total Count','','',2,1),
 (898,'0',773,51,42,371,96,'B2',5,0,1,'Average elapsed (s)','','',2,3),
 (899,'0',778,51,42,373,33,'FF',4,0,1,'Elapsed >10s','','',2,7),
 (900,'0',781,51,42,371,0,'FF',9,0,4,'Current:','','on',2,4),
 (901,'0',784,51,42,374,12,'FF',4,0,1,'Elapsed >5s','','',2,5),
 (902,'0',792,51,42,374,0,'FF',9,0,3,'Max:','','on',2,6),
 (903,'0',796,51,42,373,0,'FF',9,0,3,'Max:','','on',2,8),
 (904,'0',849,51,42,372,0,'FF',9,0,4,'Current:','','on',2,2);
CREATE TABLE  `cacti`.`graph_tree` (
  `id` smallint(5) unsigned NOT NULL AUTO_INCREMENT,
  `sort_type` tinyint(3) unsigned NOT NULL DEFAULT '1',
  `name` varchar(255) NOT NULL DEFAULT '',
  PRIMARY KEY (`id`)
) ENGINE=MyISAM AUTO_INCREMENT=8 DEFAULT CHARSET=latin1;
INSERT INTO `cacti`.`graph_tree` VALUES  (1,1,'Default Tree'),
 (2,1,'Weblogic Thread Usage Graphs'),
 (3,1,'Weblogic Load Graphs'),
 (4,1,'AWA Performance'),
 (5,1,'MDW Ops Performance'),
 (6,1,'Watch'),
 (7,1,'NEOS Op Performance');
CREATE TABLE  `cacti`.`graph_tree_items` (
  `id` mediumint(8) unsigned NOT NULL AUTO_INCREMENT,
  `graph_tree_id` smallint(5) unsigned NOT NULL DEFAULT '0',
  `local_graph_id` mediumint(8) unsigned NOT NULL DEFAULT '0',
  `rra_id` smallint(8) unsigned NOT NULL DEFAULT '0',
  `title` varchar(255) DEFAULT NULL,
  `host_id` mediumint(8) unsigned NOT NULL DEFAULT '0',
  `order_key` varchar(100) NOT NULL DEFAULT '0',
  `host_grouping_type` tinyint(3) unsigned NOT NULL DEFAULT '1',
  `sort_children_type` tinyint(3) unsigned NOT NULL DEFAULT '1',
  PRIMARY KEY (`id`),
  KEY `graph_tree_id` (`graph_tree_id`),
  KEY `host_id` (`host_id`),
  KEY `local_graph_id` (`local_graph_id`),
  KEY `order_key` (`order_key`)
) ENGINE=MyISAM AUTO_INCREMENT=69 DEFAULT CHARSET=latin1;
INSERT INTO `cacti`.`graph_tree_items` VALUES  (7,1,0,0,'',1,'001000000000000000000000000000000000000000000000000000000000000000000000000000000000000000',1,1),
 (32,2,0,0,'FEW WL Services',0,'003000000000000000000000000000000000000000000000000000000000000000000000000000000000000000',1,1),
 (37,3,31,5,'',0,'004001000000000000000000000000000000000000000000000000000000000000000000000000000000000000',1,1),
 (31,2,26,5,'',0,'002004000000000000000000000000000000000000000000000000000000000000000000000000000000000000',1,1),
 (30,2,25,5,'',0,'002003000000000000000000000000000000000000000000000000000000000000000000000000000000000000',1,1),
 (29,2,24,5,'',0,'002002000000000000000000000000000000000000000000000000000000000000000000000000000000000000',1,1),
 (28,2,23,5,'',0,'002001000000000000000000000000000000000000000000000000000000000000000000000000000000000000',1,1),
 (20,3,20,5,'',0,'005001000000000000000000000000000000000000000000000000000000000000000000000000000000000000',1,1),
 (27,2,0,0,'PPOW WL Services',0,'002000000000000000000000000000000000000000000000000000000000000000000000000000000000000000',1,1),
 (22,2,0,0,'NEOS WL Services',0,'001000000000000000000000000000000000000000000000000000000000000000000000000000000000000000',1,1),
 (23,2,18,5,'',0,'001001000000000000000000000000000000000000000000000000000000000000000000000000000000000000',1,1),
 (24,2,19,5,'',0,'001002000000000000000000000000000000000000000000000000000000000000000000000000000000000000',1,1),
 (25,2,21,5,'',0,'001003000000000000000000000000000000000000000000000000000000000000000000000000000000000000',1,1),
 (26,2,22,5,'',0,'001004000000000000000000000000000000000000000000000000000000000000000000000000000000000000',1,1),
 (33,2,27,5,'',0,'003003000000000000000000000000000000000000000000000000000000000000000000000000000000000000',1,1),
 (34,2,28,5,'',0,'003004000000000000000000000000000000000000000000000000000000000000000000000000000000000000',1,1),
 (35,2,29,5,'',0,'003001000000000000000000000000000000000000000000000000000000000000000000000000000000000000',1,1),
 (36,2,30,5,'',0,'003002000000000000000000000000000000000000000000000000000000000000000000000000000000000000',1,1),
 (38,3,32,5,'',0,'004002000000000000000000000000000000000000000000000000000000000000000000000000000000000000',1,1),
 (39,3,0,0,'NEOS Servers',0,'004000000000000000000000000000000000000000000000000000000000000000000000000000000000000000',1,1),
 (40,3,33,5,'',0,'004003000000000000000000000000000000000000000000000000000000000000000000000000000000000000',1,1),
 (41,3,34,5,'',0,'004004000000000000000000000000000000000000000000000000000000000000000000000000000000000000',1,1),
 (42,3,0,0,'PPOW Servers',0,'005000000000000000000000000000000000000000000000000000000000000000000000000000000000000000',1,1),
 (43,3,35,5,'',0,'005002000000000000000000000000000000000000000000000000000000000000000000000000000000000000',1,1),
 (44,3,36,5,'',0,'005003000000000000000000000000000000000000000000000000000000000000000000000000000000000000',1,1),
 (45,3,37,5,'',0,'005004000000000000000000000000000000000000000000000000000000000000000000000000000000000000',1,1),
 (46,4,38,5,'',0,'001000000000000000000000000000000000000000000000000000000000000000000000000000000000000000',1,1),
 (47,4,39,5,'',0,'002000000000000000000000000000000000000000000000000000000000000000000000000000000000000000',1,1),
 (48,5,0,0,'NEOS weblogp5',0,'001000000000000000000000000000000000000000000000000000000000000000000000000000000000000000',1,1),
 (49,5,40,5,'',0,'001002000000000000000000000000000000000000000000000000000000000000000000000000000000000000',1,1),
 (50,5,41,5,'',0,'001003000000000000000000000000000000000000000000000000000000000000000000000000000000000000',1,1),
 (51,5,42,5,'',0,'001001000000000000000000000000000000000000000000000000000000000000000000000000000000000000',1,1),
 (52,6,0,0,'NEOS weblogp5',0,'001000000000000000000000000000000000000000000000000000000000000000000000000000000000000000',1,1),
 (53,6,18,5,'',0,'001001000000000000000000000000000000000000000000000000000000000000000000000000000000000000',1,1),
 (54,6,31,5,'',0,'001007000000000000000000000000000000000000000000000000000000000000000000000000000000000000',1,1),
 (55,6,41,5,'',0,'001002000000000000000000000000000000000000000000000000000000000000000000000000000000000000',1,1),
 (56,6,40,5,'',0,'001006000000000000000000000000000000000000000000000000000000000000000000000000000000000000',1,1),
 (57,6,43,5,'',0,'001003000000000000000000000000000000000000000000000000000000000000000000000000000000000000',1,1),
 (58,6,0,0,'NEOS weblogp6',0,'002000000000000000000000000000000000000000000000000000000000000000000000000000000000000000',1,1),
 (59,6,19,5,'',0,'002001000000000000000000000000000000000000000000000000000000000000000000000000000000000000',1,1),
 (60,6,46,5,'',0,'002002000000000000000000000000000000000000000000000000000000000000000000000000000000000000',1,1),
 (61,6,44,5,'',0,'002003000000000000000000000000000000000000000000000000000000000000000000000000000000000000',1,1),
 (62,6,45,5,'',0,'002004000000000000000000000000000000000000000000000000000000000000000000000000000000000000',1,1),
 (63,6,32,5,'',0,'002005000000000000000000000000000000000000000000000000000000000000000000000000000000000000',1,1),
 (64,6,48,5,'',0,'001004000000000000000000000000000000000000000000000000000000000000000000000000000000000000',1,1),
 (65,7,0,0,'weblogp6',0,'001000000000000000000000000000000000000000000000000000000000000000000000000000000000000000',1,1),
 (66,7,49,5,'',0,'001001000000000000000000000000000000000000000000000000000000000000000000000000000000000000',1,1),
 (67,7,50,5,'',0,'001002000000000000000000000000000000000000000000000000000000000000000000000000000000000000',1,1),
 (68,6,51,5,'',0,'001005000000000000000000000000000000000000000000000000000000000000000000000000000000000000',1,1);
CREATE TABLE  `cacti`.`host` (
  `id` mediumint(8) unsigned NOT NULL AUTO_INCREMENT,
  `host_template_id` mediumint(8) unsigned NOT NULL DEFAULT '0',
  `description` varchar(150) NOT NULL DEFAULT '',
  `hostname` varchar(250) DEFAULT NULL,
  `notes` text,
  `snmp_community` varchar(100) DEFAULT NULL,
  `snmp_version` tinyint(1) unsigned NOT NULL DEFAULT '1',
  `snmp_username` varchar(50) DEFAULT NULL,
  `snmp_password` varchar(50) DEFAULT NULL,
  `snmp_auth_protocol` char(5) DEFAULT '',
  `snmp_priv_passphrase` varchar(200) DEFAULT '',
  `snmp_priv_protocol` char(6) DEFAULT '',
  `snmp_context` varchar(64) DEFAULT '',
  `snmp_port` mediumint(5) unsigned NOT NULL DEFAULT '161',
  `snmp_timeout` mediumint(8) unsigned NOT NULL DEFAULT '500',
  `availability_method` smallint(5) unsigned NOT NULL DEFAULT '1',
  `ping_method` smallint(5) unsigned DEFAULT '0',
  `ping_port` int(12) unsigned DEFAULT '0',
  `ping_timeout` int(12) unsigned DEFAULT '500',
  `ping_retries` int(12) unsigned DEFAULT '2',
  `max_oids` int(12) unsigned DEFAULT '10',
  `disabled` char(2) DEFAULT NULL,
  `status` tinyint(2) NOT NULL DEFAULT '0',
  `status_event_count` mediumint(8) unsigned NOT NULL DEFAULT '0',
  `status_fail_date` datetime NOT NULL DEFAULT '0000-00-00 00:00:00',
  `status_rec_date` datetime NOT NULL DEFAULT '0000-00-00 00:00:00',
  `status_last_error` varchar(255) DEFAULT '',
  `min_time` decimal(10,5) DEFAULT '9.99999',
  `max_time` decimal(10,5) DEFAULT '0.00000',
  `cur_time` decimal(10,5) DEFAULT '0.00000',
  `avg_time` decimal(10,5) DEFAULT '0.00000',
  `total_polls` int(12) unsigned DEFAULT '0',
  `failed_polls` int(12) unsigned DEFAULT '0',
  `availability` decimal(8,5) NOT NULL DEFAULT '100.00000',
  PRIMARY KEY (`id`),
  KEY `disabled` (`disabled`)
) ENGINE=MyISAM AUTO_INCREMENT=7 DEFAULT CHARSET=latin1;
INSERT INTO `cacti`.`host` VALUES  (1,8,'Localhost','127.0.0.1','','public',0,'','','MD5','','DES','',161,500,3,2,23,400,1,10,'',3,0,'0000-00-00 00:00:00','0000-00-00 00:00:00','','0.09000','47.13000','0.13000','0.17669',16161,0,'100.00000'),
 (2,0,'Weblogic weblogp5','weblogp5','NEOS Node 1 weblogic server','public',0,'','','','','','',161,500,3,1,23,400,1,10,'',3,0,'2011-08-17 09:11:03','2011-07-26 08:16:02','ICMP ping Timed out','2.43800','15.12500','4.16300','3.89791',51709,61,'99.88203'),
 (3,0,'Weblogic weblogp6','weblogp6','NEOS Node 2 weblogic server','public',0,'','','','','','',161,500,3,1,23,400,1,10,'',3,0,'0000-00-00 00:00:00','0000-00-00 00:00:00','','3.50900','4.04000','3.61500','3.63667',12,0,'100.00000'),
 (4,0,'Weblogic weblogp7','weblogp7','FEW Node 1 weblogic server','public',0,'','','','','','',161,500,3,1,23,400,1,10,'',3,0,'2011-08-17 02:47:03','0000-00-00 00:00:00','ICMP ping Timed out','2.52100','12.85900','3.84900','3.44866',47715,65,'99.86377'),
 (5,0,'Weblogic weblogp8','weblogp8','FEW Node 2 weblogic server','public',0,'','','','','','',161,500,3,1,23,400,1,10,'',0,0,'0000-00-00 00:00:00','0000-00-00 00:00:00','','9.99999','0.00000','0.00000','0.00000',0,0,'100.00000'),
 (6,0,'AWA Service','sso.orange.es','','public',1,'','','','','','',161,500,3,1,23,400,1,10,'',3,0,'2011-08-10 12:19:26','0000-00-00 00:00:00','ICMP ping Timed out','1.08300','27.56600','1.82900','1.53891',12811,1,'99.99219');
CREATE TABLE  `cacti`.`host_graph` (
  `host_id` mediumint(8) unsigned NOT NULL DEFAULT '0',
  `graph_template_id` mediumint(8) unsigned NOT NULL DEFAULT '0',
  PRIMARY KEY (`host_id`,`graph_template_id`)
) ENGINE=MyISAM DEFAULT CHARSET=latin1;
INSERT INTO `cacti`.`host_graph` VALUES  (1,8),
 (1,9),
 (1,10),
 (1,12),
 (2,35),
 (3,36);
CREATE TABLE  `cacti`.`host_snmp_cache` (
  `host_id` mediumint(8) unsigned NOT NULL DEFAULT '0',
  `snmp_query_id` mediumint(8) unsigned NOT NULL DEFAULT '0',
  `field_name` varchar(50) NOT NULL DEFAULT '',
  `field_value` varchar(255) DEFAULT NULL,
  `snmp_index` varchar(255) NOT NULL DEFAULT '',
  `oid` text NOT NULL,
  PRIMARY KEY (`host_id`,`snmp_query_id`,`field_name`,`snmp_index`),
  KEY `host_id` (`host_id`,`field_name`),
  KEY `snmp_index` (`snmp_index`),
  KEY `field_name` (`field_name`),
  KEY `field_value` (`field_value`),
  KEY `snmp_query_id` (`snmp_query_id`)
) ENGINE=MyISAM DEFAULT CHARSET=latin1;
INSERT INTO `cacti`.`host_snmp_cache` VALUES  (1,6,'dskDevice','/dev/sda1','/dev/sda1',''),
 (1,6,'dskMount','/','/dev/sda1','');
CREATE TABLE  `cacti`.`host_snmp_query` (
  `host_id` mediumint(8) unsigned NOT NULL DEFAULT '0',
  `snmp_query_id` mediumint(8) unsigned NOT NULL DEFAULT '0',
  `sort_field` varchar(50) NOT NULL DEFAULT '',
  `title_format` varchar(50) NOT NULL DEFAULT '',
  `reindex_method` tinyint(3) unsigned NOT NULL DEFAULT '0',
  PRIMARY KEY (`host_id`,`snmp_query_id`),
  KEY `host_id` (`host_id`)
) ENGINE=MyISAM DEFAULT CHARSET=latin1;
INSERT INTO `cacti`.`host_snmp_query` VALUES  (1,6,'dskDevice','|query_dskDevice|',0);
CREATE TABLE  `cacti`.`host_template` (
  `id` mediumint(8) unsigned NOT NULL AUTO_INCREMENT,
  `hash` varchar(32) NOT NULL DEFAULT '',
  `name` varchar(100) NOT NULL DEFAULT '',
  PRIMARY KEY (`id`)
) ENGINE=MyISAM AUTO_INCREMENT=9 DEFAULT CHARSET=latin1;
INSERT INTO `cacti`.`host_template` VALUES  (1,'4855b0e3e553085ed57219690285f91f','Generic SNMP-enabled Host'),
 (3,'07d3fe6a52915f99e642d22e27d967a4','ucd/net SNMP Host'),
 (4,'4e5dc8dd115264c2e9f3adb725c29413','Karlnet Wireless Bridge'),
 (5,'cae6a879f86edacb2471055783bec6d0','Cisco Router'),
 (6,'9ef418b4251751e09c3c416704b01b01','Netware 4/5 Server'),
 (7,'5b8300be607dce4f030b026a381b91cd','Windows 2000/XP Host'),
 (8,'2d3e47f416738c2d22c87c40218cc55e','Local Linux Machine');
CREATE TABLE  `cacti`.`host_template_graph` (
  `host_template_id` mediumint(8) unsigned NOT NULL DEFAULT '0',
  `graph_template_id` mediumint(8) unsigned NOT NULL DEFAULT '0',
  PRIMARY KEY (`host_template_id`,`graph_template_id`),
  KEY `host_template_id` (`host_template_id`)
) ENGINE=MyISAM DEFAULT CHARSET=latin1;
INSERT INTO `cacti`.`host_template_graph` VALUES  (3,4),
 (3,11),
 (3,13),
 (5,18),
 (6,14),
 (6,16),
 (6,17),
 (6,30),
 (7,28),
 (7,29),
 (8,8),
 (8,9),
 (8,10),
 (8,12);
CREATE TABLE  `cacti`.`host_template_snmp_query` (
  `host_template_id` mediumint(8) unsigned NOT NULL DEFAULT '0',
  `snmp_query_id` mediumint(8) unsigned NOT NULL DEFAULT '0',
  PRIMARY KEY (`host_template_id`,`snmp_query_id`),
  KEY `host_template_id` (`host_template_id`)
) ENGINE=MyISAM DEFAULT CHARSET=latin1;
INSERT INTO `cacti`.`host_template_snmp_query` VALUES  (1,1),
 (3,1),
 (3,2),
 (4,1),
 (4,3),
 (5,1),
 (6,1),
 (6,4),
 (6,7),
 (7,1),
 (7,8),
 (7,9),
 (8,6);
CREATE TABLE  `cacti`.`poller` (
  `id` smallint(5) unsigned NOT NULL AUTO_INCREMENT,
  `hostname` varchar(250) NOT NULL DEFAULT '',
  `ip_address` int(11) unsigned NOT NULL DEFAULT '0',
  `last_update` datetime NOT NULL DEFAULT '0000-00-00 00:00:00',
  PRIMARY KEY (`id`)
) ENGINE=MyISAM DEFAULT CHARSET=latin1;
CREATE TABLE  `cacti`.`poller_command` (
  `poller_id` smallint(5) unsigned NOT NULL DEFAULT '0',
  `time` datetime NOT NULL DEFAULT '0000-00-00 00:00:00',
  `action` tinyint(3) unsigned NOT NULL DEFAULT '0',
  `command` varchar(200) NOT NULL DEFAULT '',
  PRIMARY KEY (`poller_id`,`action`,`command`)
) ENGINE=MyISAM DEFAULT CHARSET=latin1;
CREATE TABLE  `cacti`.`poller_item` (
  `local_data_id` mediumint(8) unsigned NOT NULL DEFAULT '0',
  `poller_id` smallint(5) unsigned NOT NULL DEFAULT '0',
  `host_id` mediumint(8) NOT NULL DEFAULT '0',
  `action` tinyint(2) unsigned NOT NULL DEFAULT '1',
  `hostname` varchar(250) NOT NULL DEFAULT '',
  `snmp_community` varchar(100) NOT NULL DEFAULT '',
  `snmp_version` tinyint(1) unsigned NOT NULL DEFAULT '0',
  `snmp_username` varchar(50) NOT NULL DEFAULT '',
  `snmp_password` varchar(50) NOT NULL DEFAULT '',
  `snmp_auth_protocol` varchar(5) NOT NULL DEFAULT '',
  `snmp_priv_passphrase` varchar(200) NOT NULL DEFAULT '',
  `snmp_priv_protocol` varchar(6) NOT NULL DEFAULT '',
  `snmp_context` varchar(64) DEFAULT '',
  `snmp_port` mediumint(5) unsigned NOT NULL DEFAULT '161',
  `snmp_timeout` mediumint(8) unsigned NOT NULL DEFAULT '0',
  `rrd_name` varchar(19) NOT NULL DEFAULT '',
  `rrd_path` varchar(255) NOT NULL DEFAULT '',
  `rrd_num` tinyint(2) unsigned NOT NULL DEFAULT '0',
  `rrd_step` mediumint(8) NOT NULL DEFAULT '300',
  `rrd_next_step` mediumint(8) NOT NULL DEFAULT '0',
  `arg1` text,
  `arg2` varchar(255) DEFAULT NULL,
  `arg3` varchar(255) DEFAULT NULL,
  PRIMARY KEY (`local_data_id`,`rrd_name`),
  KEY `local_data_id` (`local_data_id`),
  KEY `host_id` (`host_id`),
  KEY `rrd_next_step` (`rrd_next_step`),
  KEY `action` (`action`)
) ENGINE=MyISAM DEFAULT CHARSET=latin1;
INSERT INTO `cacti`.`poller_item` VALUES  (3,0,1,1,'127.0.0.1','public',0,'','','MD5','','DES','',161,500,'mem_buffers','/var/lib/cacti/rra/localhost_mem_buffers_3.rrd',1,300,240,'perl /usr/share/cacti/site/scripts/linux_memory.pl MemFree:','',''),
 (4,0,1,1,'127.0.0.1','public',0,'','','MD5','','DES','',161,500,'mem_swap','/var/lib/cacti/rra/localhost_mem_swap_4.rrd',1,300,240,'perl /usr/share/cacti/site/scripts/linux_memory.pl SwapFree:','',''),
 (5,0,1,1,'127.0.0.1','public',0,'','','MD5','','DES','',161,500,'','/var/lib/cacti/rra/localhost_load_1min_5.rrd',1,300,240,'perl /usr/share/cacti/site/scripts/loadavg_multi.pl','',''),
 (6,0,1,1,'127.0.0.1','public',0,'','','MD5','','DES','',161,500,'users','/var/lib/cacti/rra/localhost_users_6.rrd',1,300,240,'perl /usr/share/cacti/site/scripts/unix_users.pl ','',''),
 (7,0,1,1,'127.0.0.1','public',0,'','','MD5','','DES','',161,500,'proc','/var/lib/cacti/rra/localhost_proc_7.rrd',1,300,240,'perl /usr/share/cacti/site/scripts/unix_processes.pl','',''),
 (21,0,2,1,'weblogp5','public',0,'','','','','','',161,500,'','/var/lib/cacti/rra/weblogic_weblogp5_neosweb2p.rrd',1,60,0,'bash /home/swfcfe/scripts/cacti-wlthreadmonitoring.sh weblogp5 neoswe2p','',''),
 (20,0,2,1,'weblogp5','public',0,'','','','','','',161,500,'','/var/lib/cacti/rra/weblogic_weblogp5_neosweb1p.rrd',1,60,0,'bash /home/swfcfe/scripts/cacti-wlthreadmonitoring.sh weblogp5 neoswe1p','',''),
 (31,0,6,1,'sso.orange.es','public',1,'','','','','','',161,500,'time','/var/lib/cacti/rra/awa_MULTILINEA.rrd',1,60,0,'bash /home/swfcfe/MonitoringProject/CactiScripts/cactiAWAPerformance.sh MULEMP','',''),
 (18,0,2,1,'weblogp5','public',0,'','','','','','',161,500,'','/var/lib/cacti/rra/weblogic_weblogp5_neos1p.rrd',1,60,0,'bash /home/swfcfe/scripts/cacti-wlthreadmonitoring.sh weblogp5 neos1p','',''),
 (23,0,4,1,'weblogp7','public',0,'','','','','','',161,500,'','/var/lib/cacti/rra/weblogic_weblogp7_ppo2p.rrd',1,60,0,'bash /home/swfcfe/scripts/cacti-wlthreadmonitoring.sh weblogp7 ppo2p','',''),
 (17,0,2,1,'weblogp5','public',0,'','','','','','',161,500,'','/var/lib/cacti/rra/weblogic_weblogp5_neos2p.rrd',1,60,0,'bash /home/swfcfe/scripts/cacti-wlthreadmonitoring.sh weblogp5 neos2p','',''),
 (22,0,4,1,'weblogp7','public',0,'','','','','','',161,500,'','/var/lib/cacti/rra/weblogic_weblogp7_ppo1p.rrd',1,60,0,'bash /home/swfcfe/scripts/cacti-wlthreadmonitoring.sh weblogp7 ppo1p','',''),
 (24,0,4,1,'weblogp7','public',0,'','','','','','',161,500,'','/var/lib/cacti/rra/weblogic_weblogp7_ppo3p.rrd',1,60,0,'bash /home/swfcfe/scripts/cacti-wlthreadmonitoring.sh weblogp7 ppo3p','',''),
 (26,0,4,1,'weblogp7','public',0,'','','','','','',161,500,'','/var/lib/cacti/rra/weblogic_weblogp7_ppo4p.rrd',1,60,0,'bash /home/swfcfe/scripts/cacti-wlthreadmonitoring.sh weblogp7 ppo4p','',''),
 (27,0,4,1,'weblogp7','public',0,'','','','','','',161,500,'','/var/lib/cacti/rra/weblogic_weblogp7_fewspweb1p.rrd',1,60,0,'bash /home/swfcfe/scripts/cacti-wlthreadmonitoring.sh weblogp7 fewspweb1p','',''),
 (28,0,4,1,'weblogp7','public',0,'','','','','','',161,500,'','/var/lib/cacti/rra/weblogic_weblogp7_fewspweb2p.rrd',1,60,0,'bash /home/swfcfe/scripts/cacti-wlthreadmonitoring.sh weblogp7 fewspweb2p','',''),
 (29,0,4,1,'weblogp7','public',0,'','','','','','',161,500,'','/var/lib/cacti/rra/weblogic_weblogp7_fewspservices1p.rrd',1,60,0,'bash /home/swfcfe/scripts/cacti-wlthreadmonitoring.sh weblogp7 fewspservices1p','',''),
 (30,0,4,1,'weblogp7','public',0,'','','','','','',161,500,'','/var/lib/cacti/rra/weblogic_weblogp7_fewspservices2p.rrd',1,60,0,'bash /home/swfcfe/scripts/cacti-wlthreadmonitoring.sh weblogp7 fewspservices2p','',''),
 (25,0,6,1,'sso.orange.es','public',1,'','','','','','',161,500,'time','/var/lib/cacti/rra/awa_RPOST.rrd',1,60,0,'bash /home/swfcfe/MonitoringProject/CactiScripts/cactiAWAPerformance.sh RPOST','','');
CREATE TABLE  `cacti`.`poller_output` (
  `local_data_id` mediumint(8) unsigned NOT NULL DEFAULT '0',
  `rrd_name` varchar(19) NOT NULL DEFAULT '',
  `time` datetime NOT NULL DEFAULT '0000-00-00 00:00:00',
  `output` text NOT NULL,
  PRIMARY KEY (`local_data_id`,`rrd_name`,`time`)
) ENGINE=MyISAM DEFAULT CHARSET=latin1;
CREATE TABLE  `cacti`.`poller_reindex` (
  `host_id` mediumint(8) unsigned NOT NULL DEFAULT '0',
  `data_query_id` mediumint(8) unsigned NOT NULL DEFAULT '0',
  `action` tinyint(3) unsigned NOT NULL DEFAULT '0',
  `op` char(1) NOT NULL DEFAULT '',
  `assert_value` varchar(100) NOT NULL DEFAULT '',
  `arg1` varchar(255) NOT NULL DEFAULT '',
  PRIMARY KEY (`host_id`,`data_query_id`,`arg1`)
) ENGINE=MyISAM DEFAULT CHARSET=latin1;
CREATE TABLE  `cacti`.`poller_time` (
  `id` mediumint(8) unsigned NOT NULL AUTO_INCREMENT,
  `pid` int(11) unsigned NOT NULL DEFAULT '0',
  `poller_id` smallint(5) unsigned NOT NULL DEFAULT '0',
  `start_time` datetime NOT NULL DEFAULT '0000-00-00 00:00:00',
  `end_time` datetime NOT NULL DEFAULT '0000-00-00 00:00:00',
  PRIMARY KEY (`id`)
) ENGINE=MyISAM AUTO_INCREMENT=8 DEFAULT CHARSET=latin1;
INSERT INTO `cacti`.`poller_time` VALUES  (1,9719,0,'2011-08-17 12:51:03','2011-08-17 12:51:03'),
 (2,9721,0,'2011-08-17 12:51:03','2011-08-17 12:51:04'),
 (3,9730,0,'2011-08-17 12:51:03','2011-08-17 12:51:08'),
 (4,9736,0,'2011-08-17 12:51:04','0000-00-00 00:00:00'),
 (5,9733,0,'2011-08-17 12:51:04','2011-08-17 12:51:04'),
 (6,9746,0,'2011-08-17 12:51:04','2011-08-17 12:51:04'),
 (7,9766,0,'2011-08-17 12:51:08','2011-08-17 12:51:10');
CREATE TABLE  `cacti`.`rra` (
  `id` mediumint(8) unsigned NOT NULL AUTO_INCREMENT,
  `hash` varchar(32) NOT NULL DEFAULT '',
  `name` varchar(100) NOT NULL DEFAULT '',
  `x_files_factor` double NOT NULL DEFAULT '0.1',
  `steps` mediumint(8) DEFAULT '1',
  `rows` int(12) NOT NULL DEFAULT '600',
  `timespan` int(12) unsigned NOT NULL DEFAULT '0',
  PRIMARY KEY (`id`)
) ENGINE=MyISAM AUTO_INCREMENT=6 DEFAULT CHARSET=latin1;
INSERT INTO `cacti`.`rra` VALUES  (1,'c21df5178e5c955013591239eb0afd46','Daily (5 Minute Average)',0.5,1,600,86400),
 (2,'0d9c0af8b8acdc7807943937b3208e29','Weekly (30 Minute Average)',0.5,6,700,604800),
 (3,'6fc2d038fb42950138b0ce3e9874cc60','Monthly (2 Hour Average)',0.5,24,775,2678400),
 (4,'e36f3adb9f152adfa5dc50fd2b23337e','Yearly (1 Day Average)',0.5,288,797,33053184),
 (5,'283ea2bf1634d92ce081ec82a634f513','Hourly (1 Minute Average)',0.5,1,500,14400);
CREATE TABLE  `cacti`.`rra_cf` (
  `rra_id` mediumint(8) unsigned NOT NULL DEFAULT '0',
  `consolidation_function_id` smallint(5) unsigned NOT NULL DEFAULT '0',
  PRIMARY KEY (`rra_id`,`consolidation_function_id`),
  KEY `rra_id` (`rra_id`)
) ENGINE=MyISAM DEFAULT CHARSET=latin1;
INSERT INTO `cacti`.`rra_cf` VALUES  (1,1),
 (1,3),
 (2,1),
 (2,3),
 (3,1),
 (3,3),
 (4,1),
 (4,3),
 (5,1),
 (5,3);
CREATE TABLE  `cacti`.`settings` (
  `name` varchar(50) NOT NULL DEFAULT '',
  `value` varchar(255) NOT NULL DEFAULT '',
  PRIMARY KEY (`name`)
) ENGINE=MyISAM DEFAULT CHARSET=latin1;
INSERT INTO `cacti`.`settings` VALUES  ('poller_lastrun','1313578262'),
 ('path_webroot','/usr/share/cacti/site'),
 ('date','2011-08-17 12:51:03'),
 ('path_rrdtool','/usr/bin/rrdtool'),
 ('path_php_binary','/usr/bin/php'),
 ('path_snmpwalk','/usr/bin/snmpwalk'),
 ('path_snmpget','/usr/bin/snmpget'),
 ('path_snmpbulkwalk','/usr/bin/snmpbulkwalk'),
 ('path_snmpgetnext','/usr/bin/snmpgetnext'),
 ('path_cactilog','/var/log/cacti/cacti.log'),
 ('snmp_version','net-snmp'),
 ('rrdtool_version','rrd-1.4.x'),
 ('stats_poller','Time:18.4793 Method:cmd.php Processes:4 Threads:N/A Hosts:7 HostsPerProcess:2 DataSources:14 RRDsProcessed:14'),
 ('stats_recache','RecacheTime:0.0 HostsRecached:0'),
 ('poller_enabled','on'),
 ('poller_type','1'),
 ('poller_interval','60'),
 ('cron_interval','60'),
 ('concurrent_processes','4'),
 ('process_leveling','on'),
 ('max_threads','1'),
 ('php_servers','1'),
 ('script_timeout','25'),
 ('max_get_size','10'),
 ('availability_method','4'),
 ('ping_method','1'),
 ('ping_port','23'),
 ('ping_timeout','400'),
 ('ping_retries','1'),
 ('ping_failure_count','2'),
 ('ping_recovery_count','3'),
 ('log_destination','1'),
 ('log_snmp','on'),
 ('log_graph','on'),
 ('log_export','on'),
 ('log_verbosity','4'),
 ('log_pstats',''),
 ('log_pwarn','on'),
 ('log_perror','on'),
 ('snmp_ver','1'),
 ('snmp_community','public'),
 ('snmp_username',''),
 ('snmp_password',''),
 ('snmp_auth_protocol','MD5'),
 ('snmp_priv_passphrase',''),
 ('snmp_priv_protocol','DES'),
 ('snmp_timeout','500'),
 ('snmp_port','161'),
 ('snmp_retries','3'),
 ('reindex_method','1'),
 ('deletion_verification','on'),
 ('rrd_step_counter','0'),
 ('num_rows_graph','30'),
 ('max_title_graph','80'),
 ('max_data_query_field_length','15'),
 ('default_graphs_new_dropdown','-2'),
 ('num_rows_data_query','30'),
 ('num_rows_data_source','30'),
 ('max_title_data_source','45'),
 ('num_rows_device','30'),
 ('num_rows_log','500'),
 ('log_refresh_interval','60'),
 ('title_size','12'),
 ('title_font',''),
 ('legend_size','9'),
 ('legend_font',''),
 ('axis_size','8'),
 ('axis_font',''),
 ('unit_size','8'),
 ('unit_font','');
CREATE TABLE  `cacti`.`settings_graphs` (
  `user_id` smallint(8) unsigned NOT NULL DEFAULT '0',
  `name` varchar(50) NOT NULL DEFAULT '',
  `value` varchar(255) NOT NULL DEFAULT '',
  PRIMARY KEY (`user_id`,`name`)
) ENGINE=MyISAM DEFAULT CHARSET=latin1;
CREATE TABLE  `cacti`.`settings_tree` (
  `user_id` mediumint(8) unsigned NOT NULL DEFAULT '0',
  `graph_tree_item_id` mediumint(8) unsigned NOT NULL DEFAULT '0',
  `status` tinyint(1) NOT NULL DEFAULT '0',
  PRIMARY KEY (`user_id`,`graph_tree_item_id`)
) ENGINE=MyISAM DEFAULT CHARSET=latin1;
CREATE TABLE  `cacti`.`snmp_query` (
  `id` mediumint(8) unsigned NOT NULL AUTO_INCREMENT,
  `hash` varchar(32) NOT NULL DEFAULT '',
  `xml_path` varchar(255) NOT NULL DEFAULT '',
  `name` varchar(100) NOT NULL DEFAULT '',
  `description` varchar(255) DEFAULT NULL,
  `graph_template_id` mediumint(8) unsigned NOT NULL DEFAULT '0',
  `data_input_id` mediumint(8) unsigned NOT NULL DEFAULT '0',
  PRIMARY KEY (`id`),
  KEY `name` (`name`)
) ENGINE=MyISAM AUTO_INCREMENT=10 DEFAULT CHARSET=latin1;
INSERT INTO `cacti`.`snmp_query` VALUES  (1,'d75e406fdeca4fcef45b8be3a9a63cbc','<path_cacti>/resource/snmp_queries/interface.xml','SNMP - Interface Statistics','Queries a host for a list of monitorable interfaces',0,2),
 (2,'3c1b27d94ad208a0090f293deadde753','<path_cacti>/resource/snmp_queries/net-snmp_disk.xml','ucd/net -  Get Monitored Partitions','Retrieves a list of monitored partitions/disks from a net-snmp enabled host.',0,2),
 (3,'59aab7b0feddc7860002ed9303085ba5','<path_cacti>/resource/snmp_queries/kbridge.xml','Karlnet - Wireless Bridge Statistics','Gets information about the wireless connectivity of each station from a Karlnet bridge.',0,2),
 (4,'ad06f46e22e991cb47c95c7233cfaee8','<path_cacti>/resource/snmp_queries/netware_disk.xml','Netware - Get Available Volumes','Retrieves a list of volumes from a Netware server.',0,2),
 (6,'8ffa36c1864124b38bcda2ae9bd61f46','<path_cacti>/resource/script_queries/unix_disk.xml','Unix - Get Mounted Partitions','Queries a list of mounted partitions on a unix-based host with the',0,11),
 (7,'30ec734bc0ae81a3d995be82c73f46c1','<path_cacti>/resource/snmp_queries/netware_cpu.xml','Netware - Get Processor Information','Gets information about running processors in a Netware server',0,2),
 (8,'9343eab1f4d88b0e61ffc9d020f35414','<path_cacti>/resource/script_server/host_disk.xml','SNMP - Get Mounted Partitions','Gets a list of partitions using SNMP',0,12),
 (9,'0d1ab53fe37487a5d0b9e1d3ee8c1d0d','<path_cacti>/resource/script_server/host_cpu.xml','SNMP - Get Processor Information','Gets usage for each processor in the system using the host MIB.',0,12);
CREATE TABLE  `cacti`.`snmp_query_graph` (
  `id` mediumint(8) unsigned NOT NULL AUTO_INCREMENT,
  `hash` varchar(32) NOT NULL DEFAULT '',
  `snmp_query_id` mediumint(8) unsigned NOT NULL DEFAULT '0',
  `name` varchar(100) NOT NULL DEFAULT '',
  `graph_template_id` mediumint(8) unsigned NOT NULL DEFAULT '0',
  PRIMARY KEY (`id`)
) ENGINE=MyISAM AUTO_INCREMENT=23 DEFAULT CHARSET=latin1;
INSERT INTO `cacti`.`snmp_query_graph` VALUES  (2,'a4b829746fb45e35e10474c36c69c0cf',1,'In/Out Errors/Discarded Packets',22),
 (3,'01e33224f8b15997d3d09d6b1bf83e18',1,'In/Out Non-Unicast Packets',24),
 (4,'1e6edee3115c42d644dbd014f0577066',1,'In/Out Unicast Packets',23),
 (6,'da43655bf1f641b07579256227806977',2,'Available/Used Disk Space',3),
 (7,'1cc468ef92a5779d37a26349e27ef3ba',3,'Wireless Levels',5),
 (8,'bef2dc94bc84bf91827f45424aac8d2a',3,'Wireless Transmissions',6),
 (9,'ab93b588c29731ab15db601ca0bc9dec',1,'In/Out Bytes (64-bit Counters)',25),
 (10,'5a5ce35edb4b195cbde99fd0161dfb4e',4,'Volume Information (free, freeable space)',19),
 (11,'c1c2cfd33eaf5064300e92e26e20bc56',4,'Directory Information (total/available entries)',20),
 (13,'ae34f5f385bed8c81a158bf3030f1089',1,'In/Out Bits',2),
 (14,'1e16a505ddefb40356221d7a50619d91',1,'In/Out Bits (64-bit Counters)',2),
 (15,'a0b3e7b63c2e66f9e1ea24a16ff245fc',6,'Available Disk Space',21),
 (16,'d1e0d9b8efd4af98d28ce2aad81a87e7',1,'In/Out Bytes',25),
 (17,'f6db4151aa07efa401a0af6c9b871844',7,'Get Processor Utilization',15),
 (18,'46c4ee688932cf6370459527eceb8ef3',8,'Available Disk Space',26),
 (19,'4a515b61441ea5f27ab7dee6c3cb7818',9,'Get Processor Utilization',27),
 (20,'ed7f68175d7bb83db8ead332fc945720',1,'In/Out Bits with 95th Percentile',31),
 (21,'f85386cd2fc94634ef167c7f1e5fbcd0',1,'In/Out Bits with Total Bandwidth',32),
 (22,'7d309bf200b6e3cdb59a33493c2e58e0',1,'In/Out Bytes with Total Bandwidth',33);
CREATE TABLE  `cacti`.`snmp_query_graph_rrd` (
  `snmp_query_graph_id` mediumint(8) unsigned NOT NULL DEFAULT '0',
  `data_template_id` mediumint(8) unsigned NOT NULL DEFAULT '0',
  `data_template_rrd_id` mediumint(8) unsigned NOT NULL DEFAULT '0',
  `snmp_field_name` varchar(50) NOT NULL DEFAULT '0',
  PRIMARY KEY (`snmp_query_graph_id`,`data_template_id`,`data_template_rrd_id`),
  KEY `data_template_rrd_id` (`data_template_rrd_id`),
  KEY `snmp_query_graph_id` (`snmp_query_graph_id`)
) ENGINE=MyISAM DEFAULT CHARSET=latin1;
INSERT INTO `cacti`.`snmp_query_graph_rrd` VALUES  (2,38,47,'ifInDiscards'),
 (3,40,52,'ifOutNUcastPkts'),
 (3,40,53,'ifInNUcastPkts'),
 (4,39,48,'ifInUcastPkts'),
 (2,38,51,'ifOutErrors'),
 (6,3,3,'dskAvail'),
 (6,3,4,'dskUsed'),
 (7,7,8,'kbWirelessStationExclHellos'),
 (7,8,9,'kbWirelessStationExclHellos'),
 (8,10,11,'kbWirelessStationExclHellos'),
 (8,9,10,'kbWirelessStationExclHellos'),
 (9,41,55,'ifHCOutOctets'),
 (9,41,54,'ifHCInOctets'),
 (10,35,38,'nwVolSize'),
 (10,35,40,'nwVolFreeable'),
 (10,35,39,'nwVolFree'),
 (11,36,42,'nwVolTotalDirEntries'),
 (11,36,43,'nwVolUsedDirEntries'),
 (2,38,50,'ifOutDiscards'),
 (2,38,46,'ifInErrors'),
 (13,41,54,'ifInOctets'),
 (14,41,54,'ifHCInOctets'),
 (14,41,55,'ifHCOutOctets'),
 (13,41,55,'ifOutOctets'),
 (4,39,49,'ifOutUcastPkts'),
 (15,37,44,'dskAvailable'),
 (16,41,54,'ifInOctets'),
 (16,41,55,'ifOutOctets'),
 (15,37,56,'dskUsed'),
 (17,42,76,'nwhrProcessorUtilization'),
 (18,43,78,'hrStorageUsed'),
 (18,43,92,'hrStorageSize'),
 (19,44,79,'hrProcessorLoad'),
 (20,41,55,'ifOutOctets'),
 (20,41,54,'ifInOctets'),
 (21,41,55,'ifOutOctets'),
 (21,41,54,'ifInOctets'),
 (22,41,55,'ifOutOctets'),
 (22,41,54,'ifInOctets');
CREATE TABLE  `cacti`.`snmp_query_graph_rrd_sv` (
  `id` mediumint(8) unsigned NOT NULL AUTO_INCREMENT,
  `hash` varchar(32) NOT NULL DEFAULT '',
  `snmp_query_graph_id` mediumint(8) unsigned NOT NULL DEFAULT '0',
  `data_template_id` mediumint(8) unsigned NOT NULL DEFAULT '0',
  `sequence` mediumint(8) unsigned NOT NULL DEFAULT '0',
  `field_name` varchar(100) NOT NULL DEFAULT '',
  `text` varchar(255) NOT NULL DEFAULT '',
  PRIMARY KEY (`id`),
  KEY `snmp_query_graph_id` (`snmp_query_graph_id`),
  KEY `data_template_id` (`data_template_id`)
) ENGINE=MyISAM AUTO_INCREMENT=110 DEFAULT CHARSET=latin1;
INSERT INTO `cacti`.`snmp_query_graph_rrd_sv` VALUES  (10,'5d3a8b2f4a454e5b0a1494e00fe7d424',6,3,1,'name','|host_description| - Partition - |query_dskDevice|'),
 (11,'d0b49af67a83c258ef1eab3780f7b3dc',7,7,1,'name','|host_description| - Wireless Noise Level - |query_kbWirelessStationName|'),
 (12,'bf6b966dc369f3df2ea640a90845e94c',7,8,1,'name','|host_description| - Wireless Signal Level - |query_kbWirelessStationName|'),
 (13,'5c3616603a7ac9d0c1cb9556b377a74f',8,10,1,'name','|host_description| - Wireless Re-Transmissions - |query_kbWirelessStationName|'),
 (14,'080f0022f77044a512b083e3a8304e8b',8,9,1,'name','|host_description| - Wireless Transmissions - |query_kbWirelessStationName|'),
 (30,'8132fa9c446e199732f0102733cb1714',11,36,1,'name','|host_description| - Directories - |query_nwVolPhysicalName|'),
 (29,'8fc9a94a5f6ef902a3de0fa7549e7476',10,35,1,'name','|host_description| - Volumes - |query_nwVolPhysicalName|'),
 (80,'27eb220995925e1a5e0e41b2582a2af6',16,41,1,'rrd_maximum','|query_ifSpeed|'),
 (85,'e85ddc56efa677b70448f9e931360b77',14,41,1,'rrd_maximum','|query_ifSpeed|'),
 (84,'37bb8c5b38bb7e89ec88ea7ccacf44d4',14,41,4,'name','|host_description| - Traffic - |query_ifDescr|'),
 (83,'62a47c18be10f273a5f5a13a76b76f54',14,41,3,'name','|host_description| - Traffic - |query_ifIP|/|query_ifDescr|'),
 (32,'',12,37,1,'name','|host_description| - Partition - |query_dskDevice|'),
 (49,'6537b3209e0697fbec278e94e7317b52',2,38,1,'name','|host_description| - Errors - |query_ifIP| - |query_ifName|'),
 (50,'6d3f612051016f48c951af8901720a1c',2,38,2,'name','|host_description| - Errors - |query_ifName|'),
 (51,'62bc981690576d0b2bd0041ec2e4aa6f',2,38,3,'name','|host_description| - Errors - |query_ifIP|/|query_ifDescr|'),
 (52,'adb270d55ba521d205eac6a21478804a',2,38,4,'name','|host_description| - Errors - |query_ifDescr|'),
 (54,'77065435f3bbb2ff99bc3b43b81de8fe',3,40,1,'name','|host_description| - Non-Unicast Packets - |query_ifIP| - |query_ifName|'),
 (55,'240d8893092619c97a54265e8d0b86a1',3,40,2,'name','|host_description| - Non-Unicast Packets - |query_ifName|'),
 (56,'4b200ecf445bdeb4c84975b74991df34',3,40,3,'name','|host_description| - Non-Unicast Packets - |query_ifIP|/|query_ifDescr|'),
 (57,'d6da3887646078e4d01fe60a123c2179',3,40,4,'name','|host_description| - Non-Unicast Packets - |query_ifDescr|'),
 (59,'ce7769b97d80ca31d21f83dc18ba93c2',4,39,1,'name','|host_description| - Unicast Packets - |query_ifIP| - |query_ifName|'),
 (60,'1ee1f9717f3f4771f7f823ca5a8b83dd',4,39,2,'name','|host_description| - Unicast Packets - |query_ifName|'),
 (61,'a7dbd54604533b592d4fae6e67587e32',4,39,3,'name','|host_description| - Unicast Packets - |query_ifIP|/|query_ifDescr|'),
 (62,'b148fa7199edcf06cd71c89e5c5d7b63',4,39,4,'name','|host_description| - Unicast Packets - |query_ifDescr|'),
 (69,'cb09784ba05e401a3f1450126ed1e395',15,37,1,'name','|host_description| - Free Space - |query_dskDevice|'),
 (70,'87a659326af8c75158e5142874fd74b0',13,41,1,'name','|host_description| - Traffic - |query_ifIP| - |query_ifName|'),
 (72,'14aa2dead86bbad0f992f1514722c95e',13,41,2,'name','|host_description| - Traffic - |query_ifName|'),
 (73,'70390712158c3c5052a7d830fb456489',13,41,3,'name','|host_description| - Traffic - |query_ifIP|/|query_ifDescr|'),
 (74,'084efd82bbddb69fb2ac9bd0b0f16ac6',13,41,4,'name','|host_description| - Traffic - |query_ifDescr|'),
 (75,'7e093c535fa3d810fa76fc3d8c80c94b',13,41,1,'rrd_maximum','|query_ifSpeed|'),
 (76,'c7ee2110bf81639086d2da03d9d88286',16,41,1,'name','|host_description| - Traffic - |query_ifIP| - |query_ifName|'),
 (77,'8ef8ae2ef548892ab95bb6c9f0b3170e',16,41,2,'name','|host_description| - Traffic - |query_ifName|'),
 (78,'3a0f707d1c8fd0e061b70241541c7e2e',16,41,3,'name','|host_description| - Traffic - |query_ifIP|/|query_ifDescr|'),
 (79,'2347e9f53564a54d43f3c00d4b60040d',16,41,4,'name','|host_description| - Traffic - |query_ifDescr|'),
 (81,'2e8b27c63d98249096ad5bc320787f43',14,41,1,'name','|host_description| - Traffic - |query_ifIP| - |query_ifName|'),
 (82,'8d820d091ec1a9683cfa74a462f239ee',14,41,2,'name','|host_description| - Traffic - |query_ifName|'),
 (86,'c582d3b37f19e4a703d9bf4908dc6548',9,41,1,'name','|host_description| - Traffic - |query_ifIP| - |query_ifName|'),
 (88,'e1be83d708ed3c0b8715ccb6517a0365',9,41,2,'name','|host_description| - Traffic - |query_ifName|'),
 (89,'57a9ae1f197498ca8dcde90194f61cbc',9,41,3,'name','|host_description| - Traffic - |query_ifIP|/|query_ifDescr|'),
 (90,'0110e120981c7ff15304e4a85cb42cbe',9,41,4,'name','|host_description| - Traffic - |query_ifDescr|'),
 (91,'ce0b9c92a15759d3ddbd7161d26a98b7',9,41,1,'rrd_maximum','|query_ifSpeed|'),
 (92,'42277993a025f1bfd85374d6b4deeb60',17,42,1,'name','|host_description| - CPU Utilization - CPU|query_nwhrProcessorNum|'),
 (93,'a3f280327b1592a1a948e256380b544f',18,43,1,'name','|host_description| - Used Space - |query_hrStorageDescr|'),
 (94,'b5a724edc36c10891fa2a5c370d55b6f',19,44,1,'name','|host_description| - CPU Utilization - CPU|query_hrProcessorFrwID|'),
 (95,'7e87efd0075caba9908e2e6e569b25b0',20,41,1,'name','|host_description| - Traffic - |query_ifIP| - |query_ifName|'),
 (96,'dd28d96a253ab86846aedb25d1cca712',20,41,2,'name','|host_description| - Traffic - |query_ifName|'),
 (97,'ce425fed4eb3174e4f1cde9713eeafa0',20,41,3,'name','|host_description| - Traffic - |query_ifIP|/|query_ifDescr|'),
 (98,'d0d05156ddb2c65181588db4b64d3907',20,41,4,'name','|host_description| - Traffic - |query_ifDescr|'),
 (99,'3b018f789ff72cc5693ef79e3a794370',20,41,1,'rrd_maximum','|query_ifSpeed|'),
 (100,'b225229dbbb48c1766cf90298674ceed',21,41,1,'name','|host_description| - Traffic - |query_ifIP| - |query_ifName|'),
 (101,'c79248ddbbd195907260887b021a055d',21,41,2,'name','|host_description| - Traffic - |query_ifName|'),
 (102,'12a6750d973b7f14783f205d86220082',21,41,3,'name','|host_description| - Traffic - |query_ifIP|/|query_ifDescr|'),
 (103,'25b151fcfe093812cb5c208e36dd697e',21,41,4,'name','|host_description| - Traffic - |query_ifDescr|'),
 (104,'e9ab404a294e406c20fdd30df766161f',21,41,1,'rrd_maximum','|query_ifSpeed|'),
 (105,'119578a4f01ab47e820b0e894e5e5bb3',22,41,1,'name','|host_description| - Traffic - |query_ifIP| - |query_ifName|'),
 (106,'940e57d24b2623849c77b59ed05931b9',22,41,2,'name','|host_description| - Traffic - |query_ifName|'),
 (107,'0f045eab01bbc4437b30da568ed5cb03',22,41,3,'name','|host_description| - Traffic - |query_ifIP|/|query_ifDescr|'),
 (108,'bd70bf71108d32f0bf91b24c85b87ff0',22,41,4,'name','|host_description| - Traffic - |query_ifDescr|'),
 (109,'fdc4cb976c4b9053bfa2af791a21c5b5',22,41,1,'rrd_maximum','|query_ifSpeed|');
CREATE TABLE  `cacti`.`snmp_query_graph_sv` (
  `id` mediumint(8) unsigned NOT NULL AUTO_INCREMENT,
  `hash` varchar(32) NOT NULL DEFAULT '',
  `snmp_query_graph_id` mediumint(8) unsigned NOT NULL DEFAULT '0',
  `sequence` mediumint(8) unsigned NOT NULL DEFAULT '0',
  `field_name` varchar(100) NOT NULL DEFAULT '',
  `text` varchar(255) NOT NULL DEFAULT '',
  PRIMARY KEY (`id`),
  KEY `snmp_query_graph_id` (`snmp_query_graph_id`)
) ENGINE=MyISAM AUTO_INCREMENT=50 DEFAULT CHARSET=latin1;
INSERT INTO `cacti`.`snmp_query_graph_sv` VALUES  (7,'437918b8dcd66a64625c6cee481fff61',6,1,'title','|host_description| - Disk Space - |query_dskPath|'),
 (5,'2ddc61ff4bd9634f33aedce9524b7690',7,1,'title','|host_description| - Wireless Levels (|query_kbWirelessStationName|)'),
 (6,'c72e2da7af2cdbd6b44a5eb42c5b4758',8,1,'title','|host_description| - Wireless Transmissions (|query_kbWirelessStationName|)'),
 (11,'a412c5dfa484b599ec0f570979fdbc9e',10,1,'title','|host_description| - Volume Information - |query_nwVolPhysicalName|'),
 (12,'48f4792dd49fefd7d640ec46b1d7bdb3',11,1,'title','|host_description| - Directory Information - |query_nwVolPhysicalName|'),
 (14,'',12,1,'title','|host_description| - Disk Space - |query_dskDevice|'),
 (15,'49dca5592ac26ff149a4fbd18d690644',13,1,'title','|host_description| - Traffic - |query_ifName|'),
 (16,'bda15298139ad22bdc8a3b0952d4e3ab',13,2,'title','|host_description| - Traffic - |query_ifIP| (|query_ifDescr|)'),
 (17,'29e48483d0471fcd996bfb702a5960aa',13,3,'title','|host_description| - Traffic - |query_ifDescr|/|query_ifIndex|'),
 (18,'3f42d358965cb94ce4f708b59e04f82b',14,1,'title','|host_description| - Traffic - |query_ifName|'),
 (19,'45f44b2f811ea8a8ace1cbed8ef906f1',14,2,'title','|host_description| - Traffic - |query_ifIP| (|query_ifDescr|)'),
 (20,'69c14fbcc23aecb9920b3cdad7f89901',14,3,'title','|host_description| - Traffic - |query_ifDescr|/|query_ifIndex|'),
 (21,'299d3434851fc0d5c0e105429069709d',2,1,'title','|host_description| - Errors - |query_ifName|'),
 (22,'8c8860b17fd67a9a500b4cb8b5e19d4b',2,2,'title','|host_description| - Errors - |query_ifIP| (|query_ifDescr|)'),
 (23,'d96360ae5094e5732e7e7496ceceb636',2,3,'title','|host_description| - Errors - |query_ifDescr|/|query_ifIndex|'),
 (24,'750a290cadc3dc60bb682a5c5f47df16',3,1,'title','|host_description| - Non-Unicast Packets - |query_ifName|'),
 (25,'bde195eecc256c42ca9725f1f22c1dc0',3,2,'title','|host_description| - Non-Unicast Packets - |query_ifIP| (|query_ifDescr|)'),
 (26,'d9e97d22689e4ffddaca23b46f2aa306',3,3,'title','|host_description| - Non-Unicast Packets - |query_ifDescr|/|query_ifIndex|'),
 (27,'48ceaba62e0c2671a810a7f1adc5f751',4,1,'title','|host_description| - Unicast Packets - |query_ifName|'),
 (28,'d6258884bed44abe46d264198adc7c5d',4,2,'title','|host_description| - Unicast Packets - |query_ifIP| (|query_ifDescr|)'),
 (29,'6eb58d9835b2b86222306d6ced9961d9',4,3,'title','|host_description| - Unicast Packets - |query_ifDescr|/|query_ifIndex|'),
 (30,'f21b23df740bc4a2d691d2d7b1b18dba',15,1,'title','|host_description| - Disk Space - |query_dskDevice|'),
 (31,'7fb4a267065f960df81c15f9022cd3a4',16,1,'title','|host_description| - Traffic - |query_ifName|'),
 (32,'e403f5a733bf5c8401a110609683deb3',16,2,'title','|host_description| - Traffic - |query_ifIP| (|query_ifDescr|)'),
 (33,'809c2e80552d56b65ca496c1c2fff398',16,3,'title','|host_description| - Traffic - |query_ifDescr|/|query_ifIndex|'),
 (34,'0a5eb36e98c04ad6be8e1ef66caeed3c',9,1,'title','|host_description| - Traffic - |query_ifName|'),
 (35,'4c4386a96e6057b7bd0b78095209ddfa',9,2,'title','|host_description| - Traffic - |query_ifIP| (|query_ifDescr|)'),
 (36,'fd3a384768b0388fa64119fe2f0cc113',9,3,'title','|host_description| - Traffic - |query_ifDescr|/|query_ifIndex|'),
 (38,'9852782792ede7c0805990e506ac9618',18,1,'title','|host_description| - Used Space - |query_hrStorageDescr|'),
 (39,'fa2f07ab54fce72eea684ba893dd9c95',19,1,'title','|host_description| - CPU Utilization - CPU|query_hrProcessorFrwID|'),
 (40,'d99f8db04fd07bcd2260d246916e03da',17,1,'title','|host_description| - CPU Utilization - CPU|query_nwhrProcessorNum|'),
 (41,'f434ec853c479d424276f367e9806a75',20,1,'title','|host_description| - Traffic - |query_ifName|'),
 (42,'9b085245847444c5fb90ebbf4448e265',20,2,'title','|host_description| - Traffic - |query_ifIP| (|query_ifDescr|)'),
 (43,'5977863f28629bd8eb93a2a9cbc3e306',20,3,'title','|host_description| - Traffic - |query_ifDescr|/|query_ifIndex|'),
 (44,'37b6711af3930c56309cf8956d8bbf14',21,1,'title','|host_description| - Traffic - |query_ifName|'),
 (45,'cc435c5884a75421329a9b08207c1c90',21,2,'title','|host_description| - Traffic - |query_ifIP| (|query_ifDescr|)'),
 (46,'82edeea1ec249c9818773e3145836492',21,3,'title','|host_description| - Traffic - |query_ifDescr|/|query_ifIndex|'),
 (47,'87522150ee8a601b4d6a1f6b9e919c47',22,1,'title','|host_description| - Traffic - |query_ifName|'),
 (48,'993a87c04f550f1209d689d584aa8b45',22,2,'title','|host_description| - Traffic - |query_ifIP| (|query_ifDescr|)'),
 (49,'183bb486c92a566fddcb0585ede37865',22,3,'title','|host_description| - Traffic - |query_ifDescr|/|query_ifIndex|');
CREATE TABLE  `cacti`.`user_auth` (
  `id` mediumint(8) unsigned NOT NULL AUTO_INCREMENT,
  `username` varchar(50) NOT NULL DEFAULT '0',
  `password` varchar(50) NOT NULL DEFAULT '0',
  `realm` mediumint(8) NOT NULL DEFAULT '0',
  `full_name` varchar(100) DEFAULT '0',
  `must_change_password` char(2) DEFAULT NULL,
  `show_tree` char(2) DEFAULT 'on',
  `show_list` char(2) DEFAULT 'on',
  `show_preview` char(2) NOT NULL DEFAULT 'on',
  `graph_settings` char(2) DEFAULT NULL,
  `login_opts` tinyint(1) NOT NULL DEFAULT '1',
  `policy_graphs` tinyint(1) unsigned NOT NULL DEFAULT '1',
  `policy_trees` tinyint(1) unsigned NOT NULL DEFAULT '1',
  `policy_hosts` tinyint(1) unsigned NOT NULL DEFAULT '1',
  `policy_graph_templates` tinyint(1) unsigned NOT NULL DEFAULT '1',
  `enabled` char(2) NOT NULL DEFAULT 'on',
  PRIMARY KEY (`id`),
  KEY `username` (`username`),
  KEY `realm` (`realm`),
  KEY `enabled` (`enabled`)
) ENGINE=MyISAM AUTO_INCREMENT=5 DEFAULT CHARSET=latin1;
INSERT INTO `cacti`.`user_auth` VALUES  (1,'admin','1730cfc4b08345dafdc11fa888fa485e',0,'Administrator','','on','on','on','on',1,1,1,1,1,'on'),
 (3,'guest','43e9a4ab75570f5b',0,'Guest Account','on','on','on','on','on',3,1,1,1,1,'on'),
 (4,'swfcfe','dcfebc1735d19f5cb3857bb88f41b79a',0,'swfcfe Monitoring account','','on','on','on','on',1,2,2,2,2,'on');
CREATE TABLE  `cacti`.`user_auth_perms` (
  `user_id` mediumint(8) unsigned NOT NULL DEFAULT '0',
  `item_id` mediumint(8) unsigned NOT NULL DEFAULT '0',
  `type` tinyint(2) unsigned NOT NULL DEFAULT '0',
  PRIMARY KEY (`user_id`,`item_id`,`type`),
  KEY `user_id` (`user_id`,`type`)
) ENGINE=MyISAM DEFAULT CHARSET=latin1;
INSERT INTO `cacti`.`user_auth_perms` VALUES  (4,2,2),
 (4,2,3),
 (4,3,2),
 (4,3,3),
 (4,4,2),
 (4,4,3),
 (4,5,2),
 (4,6,2),
 (4,6,3),
 (4,7,2),
 (4,27,1),
 (4,28,1),
 (4,29,1),
 (4,30,1),
 (4,31,1),
 (4,38,1),
 (4,38,4),
 (4,39,1),
 (4,40,1),
 (4,40,4),
 (4,41,1),
 (4,41,4),
 (4,42,1),
 (4,42,4),
 (4,43,1),
 (4,43,4),
 (4,44,1),
 (4,45,1),
 (4,46,1),
 (4,47,1),
 (4,48,1),
 (4,49,1),
 (4,50,1);
CREATE TABLE  `cacti`.`user_auth_realm` (
  `realm_id` mediumint(8) unsigned NOT NULL DEFAULT '0',
  `user_id` mediumint(8) unsigned NOT NULL DEFAULT '0',
  PRIMARY KEY (`realm_id`,`user_id`),
  KEY `user_id` (`user_id`)
) ENGINE=MyISAM DEFAULT CHARSET=latin1;
INSERT INTO `cacti`.`user_auth_realm` VALUES  (1,1),
 (2,1),
 (3,1),
 (4,1),
 (4,3),
 (4,4),
 (5,1),
 (5,3),
 (5,4),
 (7,1),
 (7,3),
 (7,4),
 (8,1),
 (9,1),
 (10,1),
 (11,1),
 (12,1),
 (13,1),
 (14,1),
 (15,1),
 (16,1),
 (17,1);
CREATE TABLE  `cacti`.`user_log` (
  `username` varchar(50) NOT NULL DEFAULT '0',
  `user_id` mediumint(8) NOT NULL DEFAULT '0',
  `time` datetime NOT NULL DEFAULT '0000-00-00 00:00:00',
  `result` tinyint(1) NOT NULL DEFAULT '0',
  `ip` varchar(40) NOT NULL DEFAULT '',
  PRIMARY KEY (`username`,`user_id`,`time`),
  KEY `username` (`username`)
) ENGINE=MyISAM DEFAULT CHARSET=latin1;
INSERT INTO `cacti`.`user_log` VALUES  ('admin',0,'2011-06-22 09:54:07',0,'10.113.73.177'),
 ('admin',0,'2011-06-22 09:54:16',0,'10.113.73.177'),
 ('admin',1,'2011-06-22 09:54:23',1,'10.113.73.177'),
 ('admin',0,'0000-00-00 00:00:00',3,'10.113.73.177'),
 ('admin',1,'2011-07-12 09:38:50',1,'10.113.73.177'),
 ('admin',1,'2011-07-12 14:59:20',1,'10.113.74.36'),
 ('admin',1,'2011-07-13 09:17:01',1,'10.113.73.177'),
 ('admin',1,'2011-07-13 10:25:58',1,'10.113.74.36'),
 ('admin',1,'2011-07-13 12:47:34',1,'10.113.74.36'),
 ('admin',1,'2011-07-13 15:20:29',1,'10.113.74.36'),
 ('admin',1,'2011-07-14 14:49:50',1,'10.113.73.177'),
 ('admin',1,'2011-07-14 15:03:22',1,'10.113.74.36'),
 ('admin',1,'2011-07-15 13:39:44',1,'10.113.73.177'),
 ('admin',1,'2011-07-15 14:06:27',1,'10.113.68.21'),
 ('admin',1,'2011-07-18 11:41:48',1,'10.113.68.21'),
 ('admin',1,'2011-07-20 07:57:40',1,'10.113.68.21'),
 ('admin',1,'2011-07-22 17:10:58',1,'172.17.34.89'),
 ('admin',1,'2011-07-28 10:32:09',1,'10.113.68.21'),
 ('admin',1,'2011-08-01 14:16:19',1,'10.113.68.21'),
 ('admin',1,'2011-08-01 14:16:28',1,'10.113.68.21'),
 ('admin',1,'2011-08-01 14:16:39',1,'10.113.68.21'),
 ('admin',1,'2011-08-01 14:18:26',1,'10.113.68.21'),
 ('admin',1,'2011-08-01 14:18:36',1,'10.113.68.21'),
 ('admin',1,'2011-08-02 08:13:57',1,'10.113.68.21'),
 ('admin',1,'2011-08-08 12:43:25',1,'10.113.73.177'),
 ('admin',1,'2011-08-09 05:56:25',1,'10.113.68.21'),
 ('admin',1,'2011-08-09 12:43:50',1,'10.113.74.36'),
 ('admin',1,'2011-08-10 10:00:12',1,'10.113.74.36'),
 ('admin',1,'2011-08-10 15:33:23',1,'10.113.74.36'),
 ('admin',1,'2011-08-11 12:41:31',1,'10.113.74.36'),
 ('admin',1,'2011-08-12 09:39:28',1,'10.113.73.177'),
 ('admin',1,'2011-08-12 10:50:28',1,'10.113.74.36'),
 ('admin',1,'2011-08-16 08:59:25',1,'10.113.68.21'),
 ('admin',1,'2011-08-16 09:45:28',1,'10.113.73.177'),
 ('admin',1,'2011-08-16 11:58:57',1,'10.113.74.36'),
 ('guest',0,'2011-08-16 12:34:58',0,'10.113.74.36'),
 ('swfcfe',4,'2011-08-16 12:35:22',1,'10.113.74.36'),
 ('swfcfe',4,'2011-08-16 12:49:34',1,'10.113.74.36'),
 ('swfcfe',4,'2011-08-16 13:50:43',1,'10.113.74.36'),
 ('swfcfe',4,'2011-08-16 15:09:38',1,'10.113.110.13'),
 ('swfcfe',4,'2011-08-16 15:09:50',1,'10.113.75.44'),
 ('admin',1,'2011-08-16 15:10:29',1,'10.113.68.21'),
 ('swfcfe',4,'2011-08-16 15:17:15',1,'10.113.75.44'),
 ('admin',1,'2011-08-17 08:09:46',1,'10.113.68.21'),
 ('swfcfe',4,'2011-08-17 09:29:02',1,'10.113.75.44'),
 ('admin',1,'2011-08-17 10:52:29',1,'10.113.144.249');
CREATE TABLE  `cacti`.`version` (
  `cacti` char(20) DEFAULT NULL
) ENGINE=MyISAM DEFAULT CHARSET=latin1;
INSERT INTO `cacti`.`version` VALUES  ('0.8.7g');



/*!40101 SET SQL_MODE=@OLD_SQL_MODE */;
/*!40014 SET FOREIGN_KEY_CHECKS=@OLD_FOREIGN_KEY_CHECKS */;
/*!40014 SET UNIQUE_CHECKS=@OLD_UNIQUE_CHECKS */;
/*!40101 SET CHARACTER_SET_CLIENT=@OLD_CHARACTER_SET_CLIENT */;
/*!40101 SET CHARACTER_SET_RESULTS=@OLD_CHARACTER_SET_RESULTS */;
/*!40101 SET COLLATION_CONNECTION=@OLD_COLLATION_CONNECTION */;
/*!40101 SET CHARACTER_SET_CLIENT=@OLD_CHARACTER_SET_CLIENT */;
