-- MySQL Administrator dump 1.4
--
-- ------------------------------------------------------
-- Server version	5.1.58-1ubuntu1


/*!40101 SET @OLD_CHARACTER_SET_CLIENT=@@CHARACTER_SET_CLIENT */;
/*!40101 SET @OLD_CHARACTER_SET_RESULTS=@@CHARACTER_SET_RESULTS */;
/*!40101 SET @OLD_COLLATION_CONNECTION=@@COLLATION_CONNECTION */;
/*!40101 SET NAMES utf8 */;

/*!40014 SET @OLD_UNIQUE_CHECKS=@@UNIQUE_CHECKS, UNIQUE_CHECKS=0 */;
/*!40014 SET @OLD_FOREIGN_KEY_CHECKS=@@FOREIGN_KEY_CHECKS, FOREIGN_KEY_CHECKS=0 */;
/*!40101 SET @OLD_SQL_MODE=@@SQL_MODE, SQL_MODE='NO_AUTO_VALUE_ON_ZERO' */;


--
-- Create schema cacti
--

CREATE DATABASE IF NOT EXISTS cacti;
USE cacti;
CREATE TABLE  `cacti`.`cdef` (
  `id` mediumint(8) unsigned NOT NULL AUTO_INCREMENT,
  `hash` varchar(32) NOT NULL DEFAULT '',
  `name` varchar(255) NOT NULL DEFAULT '',
  PRIMARY KEY (`id`)
) ENGINE=MyISAM AUTO_INCREMENT=16 DEFAULT CHARSET=latin1;
INSERT INTO `cacti`.`cdef` VALUES  (3,'3d352eed9fa8f7b2791205b3273708c7','Make Stack Negative'),
 (4,'e961cc8ec04fda6ed4981cf5ad501aa5','Make Per 5 Minutes'),
 (12,'f1ac79f05f255c02f914c920f1038c54','Total All Data Sources'),
 (2,'73f95f8b77b5508157d64047342c421e','Turn Bytes into Bits'),
 (14,'634a23af5e78af0964e8d33b1a4ed26b','Multiply by 1024'),
 (15,'068984b5ccdfd2048869efae5166f722','Total All Data Sources, Multiply by 1024');
CREATE TABLE  `cacti`.`cdef_items` (
  `id` mediumint(8) unsigned NOT NULL AUTO_INCREMENT,
  `hash` varchar(32) NOT NULL DEFAULT '',
  `cdef_id` mediumint(8) unsigned NOT NULL DEFAULT '0',
  `sequence` mediumint(8) unsigned NOT NULL DEFAULT '0',
  `type` tinyint(2) NOT NULL DEFAULT '0',
  `value` varchar(150) NOT NULL DEFAULT '',
  PRIMARY KEY (`id`),
  KEY `cdef_id` (`cdef_id`)
) ENGINE=MyISAM AUTO_INCREMENT=24 DEFAULT CHARSET=latin1;
INSERT INTO `cacti`.`cdef_items` VALUES  (7,'9bbf6b792507bb9bb17d2af0970f9be9',2,1,4,'CURRENT_DATA_SOURCE'),
 (9,'a4b8eb2c3bf4920a3ef571a7a004be53',2,2,6,'8'),
 (8,'caa4e023ac2d7b1c4b4c8c4adfd55dfe',2,3,2,'3'),
 (10,'c888c9fe6b62c26c4bfe23e18991731d',3,1,4,'CURRENT_DATA_SOURCE'),
 (11,'1e1d0b29a94e08b648c8f053715442a0',3,3,2,'3'),
 (12,'4355c197998c7f8b285be7821ddc6da4',3,2,6,'-1'),
 (13,'40bb7a1143b0f2e2efca14eb356236de',4,1,4,'CURRENT_DATA_SOURCE'),
 (14,'42686ea0925c0220924b7d333599cd67',4,3,2,'3'),
 (15,'faf1b148b2c0e0527362ed5b8ca1d351',4,2,6,'300'),
 (16,'0ef6b8a42dc83b4e43e437960fccd2ea',12,1,4,'ALL_DATA_SOURCES_NODUPS'),
 (18,'86370cfa0008fe8c56b28be80ee39a40',14,1,4,'CURRENT_DATA_SOURCE'),
 (19,'9a35cc60d47691af37f6fddf02064e20',14,2,6,'1024'),
 (20,'5d7a7941ec0440b257e5598a27dd1688',14,3,2,'3'),
 (21,'44fd595c60539ff0f5817731d9f43a85',15,1,4,'ALL_DATA_SOURCES_NODUPS'),
 (22,'aa38be265e5ac31783e57ce6f9314e9a',15,2,6,'1024'),
 (23,'204423d4b2598f1f7252eea19458345c',15,3,2,'3');
CREATE TABLE  `cacti`.`colors` (
  `id` mediumint(8) unsigned NOT NULL AUTO_INCREMENT,
  `hex` varchar(6) NOT NULL DEFAULT '',
  PRIMARY KEY (`id`)
) ENGINE=MyISAM AUTO_INCREMENT=105 DEFAULT CHARSET=latin1;
INSERT INTO `cacti`.`colors` VALUES  (1,'000000'),
 (2,'FFFFFF'),
 (4,'FAFD9E'),
 (5,'C0C0C0'),
 (6,'74C366'),
 (7,'6DC8FE'),
 (8,'EA8F00'),
 (9,'FF0000'),
 (10,'4444FF'),
 (11,'FF00FF'),
 (12,'00FF00'),
 (13,'8D85F3'),
 (14,'AD3B6E'),
 (15,'EACC00'),
 (16,'12B3B5'),
 (17,'157419'),
 (18,'C4FD3D'),
 (19,'817C4E'),
 (20,'002A97'),
 (21,'0000FF'),
 (22,'00CF00'),
 (24,'F9FD5F'),
 (25,'FFF200'),
 (26,'CCBB00'),
 (27,'837C04'),
 (28,'EAAF00'),
 (29,'FFD660'),
 (30,'FFC73B'),
 (31,'FFAB00'),
 (33,'FF7D00'),
 (34,'ED7600'),
 (35,'FF5700'),
 (36,'EE5019'),
 (37,'B1441E'),
 (38,'FFC3C0'),
 (39,'FF897C'),
 (40,'FF6044'),
 (41,'FF4105'),
 (42,'DA4725'),
 (43,'942D0C'),
 (44,'FF3932'),
 (45,'862F2F'),
 (46,'FF5576'),
 (47,'562B29'),
 (48,'F51D30'),
 (49,'DE0056'),
 (50,'ED5394'),
 (51,'B90054'),
 (52,'8F005C'),
 (53,'F24AC8'),
 (54,'E8CDEF'),
 (55,'D8ACE0'),
 (56,'A150AA'),
 (57,'750F7D'),
 (58,'8D00BA'),
 (59,'623465'),
 (60,'55009D'),
 (61,'3D168B'),
 (62,'311F4E'),
 (63,'D2D8F9'),
 (64,'9FA4EE'),
 (65,'6557D0'),
 (66,'4123A1'),
 (67,'4668E4'),
 (68,'0D006A'),
 (69,'00004D'),
 (70,'001D61'),
 (71,'00234B'),
 (72,'002A8F'),
 (73,'2175D9'),
 (74,'7CB3F1'),
 (75,'005199'),
 (76,'004359'),
 (77,'00A0C1'),
 (78,'007283'),
 (79,'00BED9'),
 (80,'AFECED'),
 (81,'55D6D3'),
 (82,'00BBB4'),
 (83,'009485'),
 (84,'005D57'),
 (85,'008A77'),
 (86,'008A6D'),
 (87,'00B99B'),
 (88,'009F67'),
 (89,'00694A'),
 (90,'00A348'),
 (91,'00BF47'),
 (92,'96E78A'),
 (93,'00BD27'),
 (94,'35962B'),
 (95,'7EE600'),
 (96,'6EA100'),
 (97,'CAF100'),
 (98,'F5F800'),
 (99,'CDCFC4'),
 (100,'BCBEB3'),
 (101,'AAABA1'),
 (102,'8F9286'),
 (103,'797C6E'),
 (104,'2E3127');
CREATE TABLE  `cacti`.`data_input` (
  `id` mediumint(8) unsigned NOT NULL AUTO_INCREMENT,
  `hash` varchar(32) NOT NULL DEFAULT '',
  `name` varchar(200) NOT NULL DEFAULT '',
  `input_string` varchar(255) DEFAULT NULL,
  `type_id` tinyint(2) NOT NULL DEFAULT '0',
  PRIMARY KEY (`id`),
  KEY `name` (`name`)
) ENGINE=MyISAM AUTO_INCREMENT=31 DEFAULT CHARSET=latin1;
INSERT INTO `cacti`.`data_input` VALUES  (1,'3eb92bb845b9660a7445cf9740726522','Get SNMP Data','',2),
 (2,'bf566c869ac6443b0c75d1c32b5a350e','Get SNMP Data (Indexed)','',3),
 (3,'274f4685461170b9eb1b98d22567ab5e','Unix - Get Free Disk Space','<path_cacti>/scripts/diskfree.sh <partition>',1),
 (4,'95ed0993eb3095f9920d431ac80f4231','Unix - Get Load Average','perl <path_cacti>/scripts/loadavg_multi.pl',1),
 (5,'79a284e136bb6b061c6f96ec219ac448','Unix - Get Logged In Users','perl <path_cacti>/scripts/unix_users.pl <username>',1),
 (6,'362e6d4768937c4f899dd21b91ef0ff8','Linux - Get Memory Usage','perl <path_cacti>/scripts/linux_memory.pl <grepstr>',1),
 (7,'a637359e0a4287ba43048a5fdf202066','Unix - Get System Processes','perl <path_cacti>/scripts/unix_processes.pl',1),
 (8,'47d6bfe8be57a45171afd678920bd399','Unix - Get TCP Connections','perl <path_cacti>/scripts/unix_tcp_connections.pl <grepstr>',1),
 (9,'cc948e4de13f32b6aea45abaadd287a3','Unix - Get Web Hits','perl <path_cacti>/scripts/webhits.pl <log_path>',1),
 (10,'8bd153aeb06e3ff89efc73f35849a7a0','Unix - Ping Host','perl <path_cacti>/scripts/ping.pl <ip>',1),
 (11,'80e9e4c4191a5da189ae26d0e237f015','Get Script Data (Indexed)','',4),
 (12,'332111d8b54ac8ce939af87a7eac0c06','Get Script Server Data (Indexed)','',6),
 (27,'d8a1957f981c7b2b4cd5e17cbe2ee0ca','WL Data Source Monitoring Input Method','bash /home/swfcfe/MonitoringProject/CactiScripts/cactiWLDataSourceMonitoring.sh <server> <datasource> <servicename>',1),
 (17,'4ebc2eda38fe6a978c950876219ef1ff','AWA Performance Input Method','bash /home/swfcfe/MonitoringProject/CactiScripts/cactiAWAPerformance.sh <segment>',1),
 (16,'0f7237b7a9421870d8b7daf97b893fe8','WL Thread Monitoring Input Method','bash /home/swfcfe/MonitoringProject/CactiScripts/cactiWLThreadMonitoring.sh <servername> <servicename>',1),
 (19,'064ab45d30fdae930d3e7f93f0669a61','PPOW Campaing Qualifications Input Method','bash /home/swfcfe/MonitoringProject/CactiScripts/cactiDraftQualifications.sh <segment> <contract>',1),
 (20,'94a7daca0bb675c9c34974e233928b0a','Operation/Page Response Time Input Method','bash /home/swfcfe/MonitoringProject/ProcessingScripts/cactiOperationResponseTime.sh <server> <call>',1),
 (28,'0b3870f75fdaff43170d8db2d1c4d49e','WL Memory Usage Input Method','bash memoryUsage <server>',1),
 (24,'f6e9c9274ddec2bdbaf6a6642233c53e','Page Access Input Method','bash <server> <url>',1),
 (29,'6ce6572397cb5c9b04e42a260fb40e35','Unix - Get NetStats','bash /home/swfcfe/MonitoringProject/CactiScripts/cactiLinuxNetStatData.sh <host>',1);
CREATE TABLE  `cacti`.`data_input_data` (
  `data_input_field_id` mediumint(8) unsigned NOT NULL DEFAULT '0',
  `data_template_data_id` mediumint(8) unsigned NOT NULL DEFAULT '0',
  `t_value` char(2) DEFAULT NULL,
  `value` text,
  PRIMARY KEY (`data_input_field_id`,`data_template_data_id`),
  KEY `t_value` (`t_value`)
) ENGINE=MyISAM DEFAULT CHARSET=latin1;
INSERT INTO `cacti`.`data_input_data` VALUES  (14,1,'on',''),
 (13,1,'on',''),
 (12,1,'on',''),
 (14,2,'on',''),
 (13,2,'on',''),
 (12,2,'on',''),
 (14,3,'on',''),
 (13,3,'on',''),
 (12,3,'on',''),
 (1,4,'',''),
 (1,5,'',''),
 (1,6,'',''),
 (14,7,'on',''),
 (13,7,'on',''),
 (12,7,'on',''),
 (14,8,'on',''),
 (13,8,'on',''),
 (12,8,'on',''),
 (14,9,'on',''),
 (13,9,'on',''),
 (12,9,'on',''),
 (14,10,'on',''),
 (13,10,'on',''),
 (12,10,'on',''),
 (22,12,'','Buffers:'),
 (22,13,'','MemFree:'),
 (22,14,'','^Cached:'),
 (22,15,'','SwapFree:'),
 (29,18,'',''),
 (1,19,'',''),
 (2,19,'',''),
 (6,21,'','.1.3.6.1.2.1.25.3.3.1.2.1'),
 (1,27,'',''),
 (6,28,'','.1.3.6.1.4.1.9.9.109.1.1.1.1.3.1'),
 (6,29,'','.1.3.6.1.4.1.9.9.109.1.1.1.1.4.1'),
 (1,30,'',''),
 (1,31,'',''),
 (1,32,'',''),
 (1,33,'',''),
 (1,34,'',''),
 (14,35,'on',''),
 (13,35,'on',''),
 (12,35,'on',''),
 (14,36,'on',''),
 (13,36,'on',''),
 (12,36,'on',''),
 (1,22,'',''),
 (1,23,'',''),
 (1,24,'',''),
 (1,25,'',''),
 (1,26,'',''),
 (33,37,'on',''),
 (32,37,'on',''),
 (31,37,'on',''),
 (14,38,'on',''),
 (13,38,'on',''),
 (12,38,'on',''),
 (14,39,'on',''),
 (13,39,'on',''),
 (12,39,'on',''),
 (14,40,'on',''),
 (13,40,'on',''),
 (12,40,'on',''),
 (14,41,'on',''),
 (13,41,'on',''),
 (12,41,'on',''),
 (14,55,'on',''),
 (13,55,'on',''),
 (12,55,'on',''),
 (37,56,'on',''),
 (36,56,'on',''),
 (35,56,'on',''),
 (37,57,'on',''),
 (36,57,'on',''),
 (35,57,'on',''),
 (1,58,'',''),
 (1,59,'',''),
 (1,20,'',''),
 (5,6,'',''),
 (22,62,NULL,'MemFree:'),
 (22,63,NULL,'SwapFree:'),
 (4,6,'',''),
 (3,6,'',''),
 (2,6,'',''),
 (6,69,'on',''),
 (1,68,'',''),
 (2,68,'',''),
 (6,6,'','.1.3.6.1.4.1.2021.11.51.0'),
 (2,27,'',''),
 (3,27,'',''),
 (4,27,'',''),
 (5,27,'',''),
 (6,27,'','.1.3.6.1.4.1.9.2.1.58.0'),
 (2,59,'',''),
 (3,59,'',''),
 (4,59,'',''),
 (5,59,'',''),
 (6,59,'','.1.3.6.1.2.1.25.1.5.0'),
 (2,58,'',''),
 (3,58,'',''),
 (4,58,'',''),
 (5,58,'',''),
 (6,58,'','.1.3.6.1.2.1.25.1.6.0'),
 (2,24,'',''),
 (3,24,'',''),
 (4,24,'',''),
 (5,24,'',''),
 (6,24,'','.1.3.6.1.4.1.23.2.28.2.5.0'),
 (2,25,'',''),
 (3,25,'',''),
 (4,25,'',''),
 (5,25,'',''),
 (6,25,'','.1.3.6.1.4.1.23.2.28.2.6.0'),
 (2,22,'',''),
 (3,22,'',''),
 (4,22,'',''),
 (5,22,'',''),
 (6,22,'','.1.3.6.1.4.1.23.2.28.2.1.0'),
 (2,23,'',''),
 (3,23,'',''),
 (4,23,'',''),
 (5,23,'',''),
 (6,23,'','.1.3.6.1.4.1.23.2.28.2.2.0'),
 (2,26,'',''),
 (3,26,'',''),
 (4,26,'',''),
 (5,26,'',''),
 (6,26,'','.1.3.6.1.4.1.23.2.28.2.7.0'),
 (2,20,'',''),
 (3,20,'',''),
 (4,20,'',''),
 (5,20,'',''),
 (6,20,'','.1.3.6.1.4.1.23.2.28.3.2.0'),
 (3,19,'',''),
 (4,19,'',''),
 (5,19,'',''),
 (6,19,'','.1.3.6.1.4.1.23.2.28.3.1'),
 (2,4,'',''),
 (3,4,'',''),
 (4,4,'',''),
 (5,4,'',''),
 (6,4,'','.1.3.6.1.4.1.2021.11.52.0'),
 (2,5,'',''),
 (3,5,'',''),
 (4,5,'',''),
 (5,5,'',''),
 (6,5,'','.1.3.6.1.4.1.2021.11.50.0'),
 (2,30,'',''),
 (3,30,'',''),
 (4,30,'',''),
 (5,30,'',''),
 (6,30,'','.1.3.6.1.4.1.2021.10.1.3.1'),
 (2,32,'',''),
 (3,32,'',''),
 (4,32,'',''),
 (5,32,'',''),
 (6,32,'','.1.3.6.1.4.1.2021.10.1.3.3'),
 (2,31,'',''),
 (3,31,'',''),
 (4,31,'',''),
 (5,31,'',''),
 (6,31,'','.1.3.6.1.4.1.2021.10.1.3.2'),
 (2,33,'',''),
 (3,33,'',''),
 (4,33,'',''),
 (5,33,'',''),
 (6,33,'','.1.3.6.1.4.1.2021.4.14.0'),
 (3,68,'',''),
 (4,68,'',''),
 (5,68,'',''),
 (6,68,'','.1.3.6.1.4.1.2021.4.15.0'),
 (2,34,'',''),
 (3,34,'',''),
 (4,34,'',''),
 (5,34,'',''),
 (6,34,'','.1.3.6.1.4.1.2021.4.6.0'),
 (20,17,'',''),
 (20,65,NULL,''),
 (54,89,NULL,'weblogp7'),
 (55,89,NULL,'ppo1p'),
 (55,78,'on',''),
 (54,78,'on',''),
 (55,82,'','neos2'),
 (54,82,'','weblogp5'),
 (54,80,'','weblogp5'),
 (55,90,NULL,'ppo2p'),
 (54,90,NULL,'weblogp7'),
 (55,80,'','neos1'),
 (55,84,NULL,'neos2p'),
 (54,84,NULL,'weblogp5'),
 (55,85,NULL,'neos1p'),
 (54,85,NULL,'weblogp5'),
 (54,91,NULL,'weblogp7'),
 (55,91,NULL,'ppo3p'),
 (55,87,NULL,'neoswe1p'),
 (54,87,NULL,'weblogp5'),
 (55,88,NULL,'neoswe2p'),
 (54,88,NULL,'weblogp5'),
 (66,93,NULL,'RPOST'),
 (66,92,'on',''),
 (54,94,NULL,'weblogp7'),
 (55,94,NULL,'ppo4p'),
 (55,95,NULL,'fewspweb1p'),
 (54,95,NULL,'weblogp7'),
 (55,96,'','fewspweb2p'),
 (54,96,'','weblogp7'),
 (55,97,NULL,'fewspservices1p'),
 (54,97,NULL,'weblogp7'),
 (55,98,NULL,'fewspservices2p'),
 (54,98,NULL,'weblogp7'),
 (66,99,NULL,'MULEMP'),
 (120,175,NULL,'weblogp5'),
 (83,146,NULL,'weblogp5'),
 (120,174,'on',''),
 (84,146,NULL,'02045'),
 (84,153,NULL,'03031'),
 (84,152,NULL,'09020'),
 (83,153,NULL,'weblogp6'),
 (83,148,NULL,'weblogp6'),
 (84,148,NULL,'26027'),
 (84,149,NULL,'02045'),
 (83,149,NULL,'weblogp6'),
 (84,150,NULL,'02045'),
 (83,150,NULL,'weblogp6'),
 (83,151,NULL,'weblogp6'),
 (83,144,NULL,'weblogp6'),
 (84,151,NULL,'10004'),
 (84,161,NULL,'02062'),
 (83,161,NULL,'weblogp5'),
 (122,175,NULL,'neos1p'),
 (121,174,'on',''),
 (122,174,'on',''),
 (84,154,NULL,'GetInfoByLine'),
 (83,152,NULL,'weblogp6'),
 (80,116,'on',''),
 (79,116,'on',''),
 (80,117,NULL,'POSTPAGO'),
 (79,117,NULL,'RESIDENCIAL'),
 (66,118,'on',''),
 (84,126,NULL,'services'),
 (84,120,'on',''),
 (83,120,'on',''),
 (83,126,NULL,'weblogp6'),
 (84,122,NULL,'init.neos'),
 (83,122,NULL,'weblogp6'),
 (83,125,NULL,'weblogp5'),
 (84,125,NULL,'services'),
 (84,124,NULL,'callslist'),
 (83,124,NULL,'weblogp5'),
 (84,143,NULL,'dashboard.neos'),
 (83,155,NULL,'weblogp5'),
 (84,155,NULL,'GetProfile'),
 (80,128,NULL,'PREPAGO'),
 (79,128,NULL,'RESIDENCIAL'),
 (84,133,NULL,'03002'),
 (84,130,NULL,'dashboard.neos'),
 (83,130,NULL,'weblogp5'),
 (84,134,NULL,'03004'),
 (83,133,NULL,'weblogp5'),
 (84,129,'on',''),
 (83,129,'on',''),
 (84,144,NULL,'callslist'),
 (83,134,NULL,'weblogp5'),
 (84,139,'on',''),
 (83,139,'on',''),
 (83,143,NULL,'weblogp6'),
 (83,137,NULL,'weblogp5'),
 (84,137,NULL,'10010'),
 (84,136,NULL,'03031'),
 (83,136,NULL,'weblogp5'),
 (84,140,NULL,'init.neos'),
 (83,147,NULL,'weblogp5'),
 (83,140,NULL,'weblogp5'),
 (83,145,NULL,'weblogp5'),
 (84,145,NULL,'26027'),
 (109,141,'on',''),
 (108,141,'on',''),
 (109,142,NULL,'init.neos'),
 (108,142,NULL,'AOTLXPRWEB00003'),
 (84,147,NULL,'9020'),
 (83,154,NULL,'weblogp5'),
 (84,156,'','03040'),
 (83,156,'','weblogp5'),
 (83,157,'','weblogp5'),
 (84,157,'','10004'),
 (109,158,'','init.neos'),
 (108,158,'','AOTLXPRWEB00003'),
 (109,159,'','dashboard.neos'),
 (108,159,'','AOTLXPRWEB00003'),
 (83,160,NULL,'weblogp6'),
 (84,160,NULL,'GetProfile'),
 (66,172,NULL,'URL4'),
 (66,171,NULL,'URL3'),
 (83,165,NULL,'weblogp5'),
 (84,165,NULL,'GetUsage'),
 (83,166,NULL,'weblogp5'),
 (84,166,NULL,'GetLoyaltyBalance'),
 (66,170,NULL,'URL2'),
 (66,173,NULL,'URL1'),
 (121,175,NULL,'Neos+Datasource'),
 (122,177,NULL,'neos2p'),
 (121,177,NULL,'Neos+Datasource'),
 (120,177,NULL,'weblogp5'),
 (138,178,'on',''),
 (138,179,'','weblogp5'),
 (122,180,NULL,'ppo1p'),
 (121,180,NULL,'eCareDataSource'),
 (120,180,NULL,'weblogp7'),
 (84,181,'','03035'),
 (83,181,'','weblogp5'),
 (83,182,'','weblogp5'),
 (84,182,'','9050'),
 (83,183,'','weblogp5'),
 (84,183,'','48027'),
 (83,184,'','weblogp5'),
 (84,184,'','10027'),
 (84,185,'','GetProducts'),
 (83,185,'','weblogp5'),
 (122,186,NULL,'ppo2p'),
 (121,186,NULL,'eCareDataSource'),
 (120,186,NULL,'weblogp7'),
 (122,187,NULL,'ppo3p'),
 (121,187,NULL,'eCareDataSource'),
 (120,187,NULL,'weblogp7'),
 (122,188,NULL,'ppo4p'),
 (121,188,NULL,'eCareDataSource'),
 (120,188,NULL,'weblogp7'),
 (122,189,NULL,'neoswe1p'),
 (121,189,NULL,'Neos+Web+Datasource'),
 (120,189,NULL,'weblogp5'),
 (122,190,NULL,'neoswe2p'),
 (121,190,NULL,'Neos+Web+Datasource'),
 (120,190,NULL,'weblogp5'),
 (120,191,NULL,'weblogp7'),
 (122,191,NULL,'fewspservices1p'),
 (121,191,NULL,'Fewsp+Datasource'),
 (120,192,NULL,'weblogp7'),
 (122,192,NULL,'fewspservices2p'),
 (121,192,NULL,'Fewsp+Datasource'),
 (120,193,NULL,'weblogp7'),
 (122,193,NULL,'fewspweb2p'),
 (121,193,NULL,'Fewsp+Datasource'),
 (120,194,NULL,'weblogp7'),
 (122,194,NULL,'fewspweb1p'),
 (121,194,NULL,'Fewsp+Datasource'),
 (120,195,NULL,'weblogp7'),
 (122,195,NULL,'fewspweb2p'),
 (121,195,NULL,'FSP+Datasource'),
 (120,196,NULL,'weblogp7'),
 (122,196,NULL,'fewspweb1p'),
 (121,196,NULL,'FSP+Datasource'),
 (120,197,NULL,'weblogp7'),
 (122,197,NULL,'fewspservices2p'),
 (121,197,NULL,'FSP+Datasource'),
 (120,198,NULL,'weblogp7'),
 (122,198,NULL,'fewspservices1p'),
 (121,198,NULL,'FSP+Datasource'),
 (140,199,'on',''),
 (140,202,NULL,'AOTLXPRWEB00004'),
 (140,205,NULL,'AOTLXPRWEB00003');
CREATE TABLE  `cacti`.`data_input_fields` (
  `id` mediumint(8) unsigned NOT NULL AUTO_INCREMENT,
  `hash` varchar(32) NOT NULL DEFAULT '',
  `data_input_id` mediumint(8) unsigned NOT NULL DEFAULT '0',
  `name` varchar(200) NOT NULL DEFAULT '',
  `data_name` varchar(50) NOT NULL DEFAULT '',
  `input_output` char(3) NOT NULL DEFAULT '',
  `update_rra` char(2) DEFAULT '0',
  `sequence` smallint(5) NOT NULL DEFAULT '0',
  `type_code` varchar(40) DEFAULT NULL,
  `regexp_match` varchar(200) DEFAULT NULL,
  `allow_nulls` char(2) DEFAULT NULL,
  PRIMARY KEY (`id`),
  KEY `data_input_id` (`data_input_id`),
  KEY `type_code` (`type_code`)
) ENGINE=MyISAM AUTO_INCREMENT=148 DEFAULT CHARSET=latin1;
INSERT INTO `cacti`.`data_input_fields` VALUES  (1,'92f5906c8dc0f964b41f4253df582c38',1,'SNMP IP Address','management_ip','in','',0,'hostname','',''),
 (2,'32285d5bf16e56c478f5e83f32cda9ef',1,'SNMP Community','snmp_community','in','',0,'snmp_community','',''),
 (3,'ad14ac90641aed388139f6ba86a2e48b',1,'SNMP Username','snmp_username','in','',0,'snmp_username','','on'),
 (4,'9c55a74bd571b4f00a96fd4b793278c6',1,'SNMP Password','snmp_password','in','',0,'snmp_password','','on'),
 (5,'012ccb1d3687d3edb29c002ea66e72da',1,'SNMP Version (1, 2, or 3)','snmp_version','in','',0,'snmp_version','','on'),
 (6,'4276a5ec6e3fe33995129041b1909762',1,'OID','oid','in','',0,'snmp_oid','',''),
 (7,'617cdc8a230615e59f06f361ef6e7728',2,'SNMP IP Address','management_ip','in','',0,'hostname','',''),
 (8,'acb449d1451e8a2a655c2c99d31142c7',2,'SNMP Community','snmp_community','in','',0,'snmp_community','',''),
 (9,'f4facc5e2ca7ebee621f09bc6d9fc792',2,'SNMP Username (v3)','snmp_username','in','',0,'snmp_username','','on'),
 (10,'1cc1493a6781af2c478fa4de971531cf',2,'SNMP Password (v3)','snmp_password','in','',0,'snmp_password','','on'),
 (11,'b5c23f246559df38662c255f4aa21d6b',2,'SNMP Version (1, 2, or 3)','snmp_version','in','',0,'snmp_version','',''),
 (12,'6027a919c7c7731fbe095b6f53ab127b',2,'Index Type','index_type','in','',0,'index_type','',''),
 (13,'cbbe5c1ddfb264a6e5d509ce1c78c95f',2,'Index Value','index_value','in','',0,'index_value','',''),
 (14,'e6deda7be0f391399c5130e7c4a48b28',2,'Output Type ID','output_type','in','',0,'output_type','',''),
 (15,'edfd72783ad02df128ff82fc9324b4b9',3,'Disk Partition','partition','in','',1,'','',''),
 (16,'8b75fb61d288f0b5fc0bd3056af3689b',3,'Kilobytes Free','kilobytes','out','on',0,'','',''),
 (17,'363588d49b263d30aecb683c52774f39',4,'1 Minute Average','1min','out','on',0,'','',''),
 (18,'ad139a9e1d69881da36fca07889abf58',4,'5 Minute Average','5min','out','on',0,'','',''),
 (19,'5db9fee64824c08258c7ff6f8bc53337',4,'10 Minute Average','10min','out','on',0,'','',''),
 (20,'c0cfd0beae5e79927c5a360076706820',5,'Username (Optional)','username','in','',1,'','','on'),
 (21,'52c58ad414d9a2a83b00a7a51be75a53',5,'Logged In Users','users','out','on',0,'','',''),
 (22,'05eb5d710f0814871b8515845521f8d7',6,'Grep String','grepstr','in','',1,'','',''),
 (23,'86cb1cbfde66279dbc7f1144f43a3219',6,'Result (in Kilobytes)','kilobytes','out','on',0,'','',''),
 (24,'d5a8dd5fbe6a5af11667c0039af41386',7,'Number of Processes','proc','out','on',0,'','',''),
 (25,'8848cdcae831595951a3f6af04eec93b',8,'Grep String','grepstr','in','',1,'','','on'),
 (26,'3d1288d33008430ce354e8b9c162f7ff',8,'Connections','connections','out','on',0,'','',''),
 (27,'c6af570bb2ed9c84abf32033702e2860',9,'(Optional) Log Path','log_path','in','',1,'','','on'),
 (28,'f9389860f5c5340c9b27fca0b4ee5e71',9,'Web Hits','webhits','out','on',0,'','',''),
 (29,'5fbadb91ad66f203463c1187fe7bd9d5',10,'IP Address','ip','in','',1,'hostname','',''),
 (30,'6ac4330d123c69067d36a933d105e89a',10,'Milliseconds','out_ms','out','on',0,'','',''),
 (31,'d39556ecad6166701bfb0e28c5a11108',11,'Index Type','index_type','in','',0,'index_type','',''),
 (32,'3b7caa46eb809fc238de6ef18b6e10d5',11,'Index Value','index_value','in','',0,'index_value','',''),
 (33,'74af2e42dc12956c4817c2ef5d9983f9',11,'Output Type ID','output_type','in','',0,'output_type','',''),
 (34,'8ae57f09f787656bf4ac541e8bd12537',11,'Output Value','output','out','on',0,'','',''),
 (35,'172b4b0eacee4948c6479f587b62e512',12,'Index Type','index_type','in','',0,'index_type','',''),
 (36,'30fb5d5bcf3d66bb5abe88596f357c26',12,'Index Value','index_value','in','',0,'index_value','',''),
 (37,'31112c85ae4ff821d3b288336288818c',12,'Output Type ID','output_type','in','',0,'output_type','',''),
 (38,'5be8fa85472d89c621790b43510b5043',12,'Output Value','output','out','on',0,'','',''),
 (39,'c1f36ee60c3dc98945556d57f26e475b',2,'SNMP Port','snmp_port','in','',0,'snmp_port','',''),
 (40,'fc64b99742ec417cc424dbf8c7692d36',1,'SNMP Port','snmp_port','in','',0,'snmp_port','',''),
 (41,'20832ce12f099c8e54140793a091af90',1,'SNMP Authenticaion Protocol (v3)','snmp_auth_protocol','in','',0,'snmp_auth_protocol','',''),
 (42,'c60c9aac1e1b3555ea0620b8bbfd82cb',1,'SNMP Privacy Passphrase (v3)','snmp_priv_passphrase','in','',0,'snmp_priv_passphrase','',''),
 (43,'feda162701240101bc74148415ef415a',1,'SNMP Privacy Protocol (v3)','snmp_priv_protocol','in','',0,'snmp_priv_protocol','',''),
 (44,'2cf7129ad3ff819a7a7ac189bee48ce8',2,'SNMP Authenticaion Protocol (v3)','snmp_auth_protocol','in','',0,'snmp_auth_protocol','',''),
 (45,'6b13ac0a0194e171d241d4b06f913158',2,'SNMP Privacy Passphrase (v3)','snmp_priv_passphrase','in','',0,'snmp_priv_passphrase','',''),
 (46,'3a33d4fc65b8329ab2ac46a36da26b72',2,'SNMP Privacy Protocol (v3)','snmp_priv_protocol','in','',0,'snmp_priv_protocol','',''),
 (54,'37dd942c2c8de1d1fec0a06c3fc8caeb',16,'Weblogic Server Name','servername','in','',1,'','',''),
 (55,'fe7a87c1366776a4a16bcfb662ff677b',16,'Weblogic Service Name','servicename','in','',2,'','',''),
 (66,'ca5b80eb5a205a21c212125ba998d7e3',17,'Segmento de autentificacion','segment','in','',1,'','',''),
 (56,'04a49635e52983f7182312dd798e1442',16,'Active Execute Threads','activeExecuteThreads1','out','on',0,'','',''),
 (57,'f145d0af7dfc73766b07c192d7dad5d1',16,'Execute Thread Total Count','executeThreadTotalCount1','out','on',0,'','',''),
 (58,'48e9ab36d6f5dca39bf01b1c39499079',16,'Execute Thread Idle Count','executeThreadIdleCount1','out','on',0,'','',''),
 (59,'dd784065b0fc7520b88d9d5776f6c79d',16,'Standby Thread Count','standbyThreadCount1','out','on',0,'','',''),
 (60,'92edd07cec5de1fbeab29d1b4acda4e1',16,'Hogging Thread Count','hoggingThreadCount1','out','on',0,'','',''),
 (61,'0ce88081b8471c11d55651ee7d50aab6',16,'Queue Request Lenght','queueLength1','out','on',0,'','',''),
 (62,'fe17c3afbe3ffe43c45381203b7f154e',16,'Pending User Request Count','pendingUserRequestCount1','out','on',0,'','',''),
 (63,'9d5c136c831f83a1a333f75336a1f9dd',16,'Completed Requests Count','completedRequestCount1','out','on',0,'','',''),
 (64,'8701856f0f87dcf27ca0742bd86fb000',16,'Throughput','throughput1','out','on',0,'','',''),
 (65,'097947c0a8bf75813083e2f986e929a2',16,'Health OK/KO','healthState1','out','on',0,'','',''),
 (67,'33c7cbf4072526b2027067ad068088fc',17,'Response Time','time','out','on',0,'','',''),
 (125,'94808488b57823dbeef9619d1047d035',27,'Time to get a connection','ConnectionDelayTime1','out','on',0,'','',''),
 (124,'faae7a064886dee9479b6f4679985048',27,'Max number of active connections','ActiveConnectionsHighCount','out','on',0,'','',''),
 (123,'f8e0b30ae1ad922a0713c7b0f194de15',27,'Current count of active connections','ActiveConnectionsCurrentCount','out','on',0,'','',''),
 (122,'95424a37f696d43664faf45fa8270f55',27,'Connection name in the datasource','servicename','in','',3,'','',''),
 (121,'ce443432d6f908544843c9abbb34b18d',27,'Database Data Source name','datasource','in','',2,'','',''),
 (120,'6bec1967e1a3d1d75243feec42f912e9',27,'Server name of the WL console','server','in','',1,'','',''),
 (78,'31415a92d9d6b9d1cf71fbd35736e2e9',17,'AWA Status Indicator','status','out','',0,'','',''),
 (79,'d08bd16ca7bb1c25a0192e034965666e',19,'Client segment','segment','in','',1,'','',''),
 (80,'6c3ea9cabfaec9d1864daf94c75c4b91',19,'Client contract type','contract','in','',2,'','',''),
 (81,'9bb293d9157ec0372ff7faa3215aacc0',19,'Qualification Count campaing 5306740234','count5306740234','out','on',0,'','',''),
 (82,'3494863e8821893d3e91a65cff82a07a',19,'Qualification Count campaing 5306740294','count5306740294','out','on',0,'','',''),
 (83,'3e6149d36c8556849210123c40c6b8af',20,'Server name','server','in','',1,'','',''),
 (84,'848a750c0bc643305a6adf92612ebf26',20,'Operation code or URL name or other identifier','call','in','',2,'','',''),
 (85,'7efdb7461f8cca3252353604b32efeb5',20,'Total Call Count','totalCount','out','on',0,'','',''),
 (86,'a020db33e0b2d57389254f1a61f2df9d',20,'Average Response Time','averageTime','out','on',0,'','',''),
 (87,'277529bc46433c889edd499affe6fead',20,'Calls with elapsed >P1 secs','countP1','out','on',0,'','',''),
 (88,'0942d0d42e32693e18844d990411c39a',20,'Calls with elapsed >P2 secs','countP2','out','on',0,'','',''),
 (89,'e7dc2027fbd34333500f1d21200d2d1c',20,'Calls with elapsed >P3 secs','countP3','out','on',0,'','',''),
 (131,'9a33f1a039a15717947514003d04c333',27,'Number of connections available','NumAvailable1','out','on',0,'','',''),
 (130,'8fd81b1158a13f6cf1e6e699514a3a2d',27,'Number of failures to reconnect','FailuresToReconnectCount1','out','on',0,'','',''),
 (95,'cb38b7c1a6dc9c27f54ed36a04469b74',20,'Calls with elapsed >P4 secs','countP4','out','on',0,'','',''),
 (96,'a917437fb8b6cd6749603a077b856dcb',20,'Calls with elapsed >P5 secs','countP5','out','on',0,'','',''),
 (97,'fc7d696da661a0551cc98decb0a7af37',20,'Number of Calls in Timeout','TOCount','out','on',0,'','',''),
 (129,'7ffbd243e453c73431a0156b220c0fd0',27,'Number of failures in the reservation','FailedReserveRequestCount1','out','on',0,'','',''),
 (128,'ec899797f69c56ca48a7919f8c3ecd37',27,'Capacity higher level reached','CurrCapacityHighCount','out','on',0,'','',''),
 (127,'9e2fa4d0dee58e36c844590a3750da79',27,'Current capacity','CurrCapacity','out','on',0,'','',''),
 (126,'c822cf18a5e8b1649508b46b940ef456',27,'Total number of connections performed','ConnectionsTotalCount','out','on',0,'','',''),
 (108,'a2c07ef54addb3a8df3df8dec796aa93',24,'Server name','server','in','',1,'','',''),
 (109,'d22525e4f5e6087506984bdd25378719',24,'Page definition or URL name','url','in','',2,'','',''),
 (110,'5c033152e11b3ca2af422a74dc3d73cd',24,'Total number of pages in this time span','totalCount','out','on',0,'','',''),
 (111,'b4ded3d7580ba151281c02bc81878bf8',24,'Count of calls with HTTP result 200','count200','out','on',0,'','',''),
 (112,'3064ef80d67712fb26e08e800571c88e',24,'Count of calls with HTTP result 302','count302','out','on',0,'','',''),
 (113,'0795cfda93e759010ee69c7ede4ba66e',24,'Count of calls with HTTP result 403','count403','out','on',0,'','',''),
 (114,'0d7c1bc6df7224957ff37c152217de47',24,'Count of calls with HTTP result 404','count404','out','on',0,'','',''),
 (132,'308b986c8d09551d59263ae0a4390edf',27,'Number of connections not available','NumUnavailable1','out','on',0,'','',''),
 (133,'e2a49aafb18aa428764906d301a1f62a',27,'Current number of requests waiting for a free connection','WaitingForConnectionCurrentCount','out','on',0,'','',''),
 (134,'c75d1480e65855955034031edad40a31',27,'Number of requests waiting for connection failed','WaitingForConnectionFailureTotal','out','on',0,'','',''),
 (135,'fd48b4bcbe7a05a4f033b6894951e483',27,'Higher number of requests waiting for connection','WaitingForConnectionHighCount','out','on',0,'','',''),
 (136,'437001a7f6a21d0154717166caa6788c',27,'Number of connections succeeded','WaitingForConnectionSuccessTotal1','out','on',0,'','',''),
 (137,'e17624356627b28ad05afd4172150ac1',27,'Higher number of requests that waited','WaitingForConnectionTotal','out','on',0,'','',''),
 (138,'b9c75324decdb035bfa48e908c936eac',28,'Weblogic server name','server','in','',1,'','',''),
 (139,'8587cfa24e5e360afa1541e2862ea009',28,'Percentage of free memory at GC','pctMemoryFree','out','on',0,'','',''),
 (140,'c6f5a9ce235d5caf91abc52c12a479b2',29,'Host name of the server to scan','host','in','',1,'','',''),
 (141,'286cbd67b5800052ae8dd3b5ec505c58',29,'Number of port in LISTEN state','LISTEN','out','on',0,'','',''),
 (142,'d15c7a9ba8e49a3bf082dbf14db28d82',29,'Number of port in ESTABLISHED state','ESTABLISHED','out','on',0,'','',''),
 (143,'07554bac5d793386ac26bda05f2c7cdb',29,'Number of port in TIME_WAIT state','TIME_WAIT','out','on',0,'','',''),
 (144,'87820461a1a305947ab5afec12781d22',29,'Number of port in CLOSING state','CLOSING','out','on',0,'','','');
CREATE TABLE  `cacti`.`data_local` (
  `id` mediumint(8) unsigned NOT NULL AUTO_INCREMENT,
  `data_template_id` mediumint(8) unsigned NOT NULL DEFAULT '0',
  `host_id` mediumint(8) unsigned NOT NULL DEFAULT '0',
  `snmp_query_id` mediumint(8) NOT NULL DEFAULT '0',
  `snmp_index` varchar(255) NOT NULL DEFAULT '',
  PRIMARY KEY (`id`)
) ENGINE=MyISAM AUTO_INCREMENT=125 DEFAULT CHARSET=latin1;
INSERT INTO `cacti`.`data_local` VALUES  (3,13,1,0,''),
 (4,15,1,0,''),
 (5,11,1,0,''),
 (6,17,1,0,''),
 (7,16,1,0,''),
 (17,51,2,0,''),
 (24,51,4,0,''),
 (22,51,4,0,''),
 (18,51,2,0,''),
 (23,51,4,0,''),
 (20,51,2,0,''),
 (21,51,2,0,''),
 (25,54,6,0,''),
 (26,51,4,0,''),
 (27,51,4,0,''),
 (28,51,4,0,''),
 (29,51,4,0,''),
 (30,51,4,0,''),
 (31,54,6,0,''),
 (71,59,10,0,''),
 (78,59,13,0,''),
 (73,59,13,0,''),
 (74,59,13,0,''),
 (75,59,13,0,''),
 (64,59,10,0,''),
 (76,59,13,0,''),
 (86,59,10,0,''),
 (97,64,15,0,''),
 (79,59,7,0,''),
 (77,59,13,0,''),
 (47,56,4,0,''),
 (50,60,9,0,''),
 (68,59,9,0,''),
 (52,60,9,0,''),
 (53,60,9,0,''),
 (54,59,9,0,''),
 (80,59,7,0,''),
 (56,56,4,0,''),
 (57,60,9,0,''),
 (70,59,10,0,''),
 (60,59,10,0,''),
 (61,59,10,0,''),
 (69,60,9,0,''),
 (63,59,10,0,''),
 (72,59,10,0,''),
 (66,60,9,0,''),
 (67,61,11,0,''),
 (81,59,10,0,''),
 (82,59,10,0,''),
 (83,61,11,0,''),
 (84,61,11,0,''),
 (85,59,8,0,''),
 (94,54,6,0,''),
 (89,59,7,0,''),
 (90,59,7,0,''),
 (93,54,6,0,''),
 (95,54,6,0,''),
 (96,54,6,0,''),
 (99,64,15,0,''),
 (100,65,2,0,''),
 (101,64,16,0,''),
 (102,59,10,0,''),
 (103,59,10,0,''),
 (104,59,10,0,''),
 (105,59,10,0,''),
 (106,59,7,0,''),
 (107,64,16,0,''),
 (108,64,16,0,''),
 (109,64,16,0,''),
 (110,64,15,0,''),
 (111,64,15,0,''),
 (112,64,16,0,''),
 (113,64,16,0,''),
 (114,64,16,0,''),
 (115,64,16,0,''),
 (116,64,16,0,''),
 (117,64,16,0,''),
 (118,64,16,0,''),
 (119,64,16,0,''),
 (124,66,11,0,''),
 (122,66,12,0,'');
CREATE TABLE  `cacti`.`data_template` (
  `id` mediumint(8) unsigned NOT NULL AUTO_INCREMENT,
  `hash` varchar(32) NOT NULL DEFAULT '',
  `name` varchar(150) NOT NULL DEFAULT '',
  PRIMARY KEY (`id`)
) ENGINE=MyISAM AUTO_INCREMENT=68 DEFAULT CHARSET=latin1;
INSERT INTO `cacti`.`data_template` VALUES  (3,'c8a8f50f5f4a465368222594c5709ede','ucd/net - Hard Drive Space'),
 (4,'cdfed2d401723d2f41fc239d4ce249c7','ucd/net - CPU Usage - System'),
 (5,'a27e816377d2ac6434a87c494559c726','ucd/net - CPU Usage - User'),
 (6,'c06c3d20eccb9598939dc597701ff574','ucd/net - CPU Usage - Nice'),
 (7,'a14f2d6f233b05e64263ff03a5b0b386','Karlnet - Noise Level'),
 (8,'def1a9019d888ed2ad2e106aa9595ede','Karlnet - Signal Level'),
 (9,'513a99ae3c9c4413609c1534ffc36eab','Karlnet - Wireless Transmits'),
 (10,'77404ae93c9cc410f1c2c717e7117378','Karlnet - Wireless Re-Transmits'),
 (11,'9e72511e127de200733eb502eb818e1d','Unix - Load Average'),
 (13,'dc33aa9a8e71fb7c61ec0e7a6da074aa','Linux - Memory - Free'),
 (15,'41f55087d067142d702dd3c73c98f020','Linux - Memory - Free Swap'),
 (16,'9b8c92d3c32703900ff7dd653bfc9cd8','Unix - Processes'),
 (17,'c221c2164c585b6da378013a7a6a2c13','Unix - Logged in Users'),
 (18,'a30a81cb1de65b52b7da542c8df3f188','Unix - Ping Host'),
 (19,'0de466a1b81dfe581d44ac014b86553a','Netware - Total Users'),
 (20,'bbe2da0708103029fbf949817d3a4537','Netware - Total Logins'),
 (22,'e4ac5d5fe73e3c773671c6d0498a8d9d','Netware - File System Reads'),
 (23,'f29f8c998425eedd249be1e7caf90ceb','Netware - File System Writes'),
 (24,'7a6216a113e19881e35565312db8a371','Netware - Cache Checks'),
 (25,'1dbd1251c8e94b334c0e6aeae5ca4b8d','Netware - Cache Hits'),
 (26,'1a4c5264eb27b5e57acd3160af770a61','Netware - Open Files'),
 (27,'e9def3a0e409f517cb804dfeba4ccd90','Cisco Router - 5 Minute CPU'),
 (30,'9b82d44eb563027659683765f92c9757','ucd/net - Load Average - 1 Minute'),
 (31,'87847714d19f405ff3c74f3341b3f940','ucd/net - Load Average - 5 Minute'),
 (32,'308ac157f24e2763f8cd828a80b3e5ff','ucd/net - Load Average - 15 Minute'),
 (33,'797a3e92b0039841b52e441a2823a6fb','ucd/net - Memory - Buffers'),
 (34,'fa15932d3cab0da2ab94c69b1a9f5ca7','ucd/net - Memory - Free'),
 (35,'6ce4ab04378f9f3b03ee0623abb6479f','Netware - Volumes'),
 (36,'03060555fab086b8412bbf9951179cd9','Netware - Directory Entries'),
 (37,'e4ac6919d4f6f21ec5b281a1d6ac4d4e','Unix - Hard Drive Space'),
 (38,'36335cd98633963a575b70639cd2fdad','Interface - Errors/Discards'),
 (39,'2f654f7d69ac71a5d56b1db8543ccad3','Interface - Unicast Packets'),
 (40,'c84e511401a747409053c90ba910d0fe','Interface - Non-Unicast Packets'),
 (41,'6632e1e0b58a565c135d7ff90440c335','Interface - Traffic'),
 (42,'1d17325f416b262921a0b55fe5f7e31d','Netware - CPU Utilization'),
 (43,'d814fa3b79bd0f8933b6e0834d3f16d0','Host MIB - Hard Drive Space'),
 (44,'f6e7d21c19434666bbdac00ccef9932f','Host MIB - CPU Utilization'),
 (45,'f383db441d1c246cff8482f15e184e5f','Host MIB - Processes'),
 (46,'2ef027cc76d75720ee5f7a528f0f1fda','Host MIB - Logged in Users'),
 (47,'a274deec1f78654dca6c446ba75ebca4','ucd/net - Memory - Cache'),
 (48,'d429e4a6019c91e6e84562593c1968ca','SNMP - Generic OID Template'),
 (56,'9aefcd9c53b06d7c4ec710cd986f6314','PPOW Qualifications Data Template'),
 (54,'345bad0104164891f7ea2635a86a601f','AWA Performance Data Template'),
 (51,'ff7c186b02542bfa826c1d12ead4dce0','WL Thread Monitoring Data Template'),
 (55,'4e58bd974aec33470017c2da6c12fb27','MDW Ops Performance Data Template'),
 (59,'3c16e04f763d9188d93c3348912f28fd','Operation/Page Performance Data Template'),
 (60,'13b7e655392b54d745ba9d64362149e3','NEOS Page Performance Data Template'),
 (61,'08325deb6e55478efc981f271cba1ebd','Page Access Counts Data Template'),
 (64,'9c581fdd598481f229e869301187c330','WL Data Source Monitoring Data Template'),
 (65,'54edbde3d2ad6da96d7c293fd7c16198','WL Memory Usage Data Template'),
 (66,'e24a712139753c9c497730d08a76ff39','Unix - Netstats');
CREATE TABLE  `cacti`.`data_template_data` (
  `id` mediumint(8) unsigned NOT NULL AUTO_INCREMENT,
  `local_data_template_data_id` mediumint(8) unsigned NOT NULL DEFAULT '0',
  `local_data_id` mediumint(8) unsigned NOT NULL DEFAULT '0',
  `data_template_id` mediumint(8) unsigned NOT NULL DEFAULT '0',
  `data_input_id` mediumint(8) unsigned NOT NULL DEFAULT '0',
  `t_name` char(2) DEFAULT NULL,
  `name` varchar(250) NOT NULL DEFAULT '',
  `name_cache` varchar(255) NOT NULL DEFAULT '',
  `data_source_path` varchar(255) DEFAULT NULL,
  `t_active` char(2) DEFAULT NULL,
  `active` char(2) DEFAULT NULL,
  `t_rrd_step` char(2) DEFAULT NULL,
  `rrd_step` mediumint(8) unsigned NOT NULL DEFAULT '0',
  `t_rra_id` char(2) DEFAULT NULL,
  PRIMARY KEY (`id`),
  KEY `local_data_id` (`local_data_id`),
  KEY `data_template_id` (`data_template_id`)
) ENGINE=MyISAM AUTO_INCREMENT=206 DEFAULT CHARSET=latin1;
INSERT INTO `cacti`.`data_template_data` VALUES  (3,0,0,3,2,'on','|host_description| - Hard Drive Space','',NULL,'','on','',300,''),
 (4,0,0,4,1,'','|host_description| - CPU Usage - System','',NULL,'','on','',300,''),
 (5,0,0,5,1,'','|host_description| - CPU Usage - User','',NULL,'','on','',300,''),
 (6,0,0,6,1,'','|host_description| - CPU Usage - Nice','',NULL,'','on','',300,''),
 (7,0,0,7,2,'on','|host_description| - Noise Level','',NULL,'','on','',300,''),
 (8,0,0,8,2,'on','|host_description| - Signal Level','',NULL,'','on','',300,''),
 (9,0,0,9,2,'on','|host_description| - Wireless Transmits','',NULL,'','on','',300,''),
 (10,0,0,10,2,'on','|host_description| - Wireless Re-Transmits','',NULL,'','on','',300,''),
 (11,0,0,11,4,'','|host_description| - Load Average','',NULL,'','on','',60,''),
 (13,0,0,13,6,'','|host_description| - Memory - Free','',NULL,'','on','',300,''),
 (15,0,0,15,6,'','|host_description| - Memory - Free Swap','',NULL,'','on','',300,''),
 (16,0,0,16,7,'','|host_description| - Processes','',NULL,'','on','',300,''),
 (17,0,0,17,5,'','|host_description| - Logged in Users','',NULL,'','on','',300,''),
 (18,0,0,18,10,'','|host_description| - Ping Host','',NULL,'','on','',300,''),
 (19,0,0,19,1,'','|host_description| - Total Users','',NULL,'','on','',300,''),
 (20,0,0,20,1,'','|host_description| - Total Logins','',NULL,'','on','',300,''),
 (22,0,0,22,1,'','|host_description| - File System Reads','',NULL,'','on','',300,''),
 (23,0,0,23,1,'','|host_description| - File System Writes','',NULL,'','on','',300,''),
 (24,0,0,24,1,'','|host_description| - Cache Checks','',NULL,'','on','',300,''),
 (25,0,0,25,1,'','|host_description| - Cache Hits','',NULL,'','on','',300,''),
 (26,0,0,26,1,'','|host_description| - Open Files','',NULL,'','on','',300,''),
 (27,0,0,27,1,'','|host_description| - 5 Minute CPU','',NULL,'','on','',300,''),
 (30,0,0,30,1,'','|host_description| - Load Average - 1 Minute','',NULL,'','on','',300,''),
 (31,0,0,31,1,'','|host_description| - Load Average - 5 Minute','',NULL,'','on','',300,''),
 (32,0,0,32,1,'','|host_description| - Load Average - 15 Minute','',NULL,'','on','',300,''),
 (33,0,0,33,1,'','|host_description| - Memory - Buffers','',NULL,'','on','',300,''),
 (34,0,0,34,1,'','|host_description| - Memory - Free','',NULL,'','on','',300,''),
 (35,0,0,35,2,'on','|host_description| - Volumes','',NULL,'','on','',300,''),
 (36,0,0,36,2,'on','|host_description| - Directory Entries','',NULL,'','on','',300,''),
 (37,0,0,37,11,'on','|host_description| - Hard Drive Space','',NULL,'','on','',300,''),
 (38,0,0,38,2,'on','|host_description| - Errors/Discards','',NULL,'','on','',300,''),
 (39,0,0,39,2,'on','|host_description| - Unicast Packets','',NULL,'','on','',300,''),
 (40,0,0,40,2,'on','|host_description| - Non-Unicast Packets','',NULL,'','on','',300,''),
 (41,0,0,41,2,'on','|host_description| - Traffic','',NULL,'','on','',300,''),
 (55,0,0,42,2,'','|host_description| - CPU Utilization','',NULL,'','on','',300,''),
 (56,0,0,43,12,'','|host_description| - Hard Drive Space','',NULL,'','on','',300,''),
 (57,0,0,44,12,'','|host_description| - CPU Utilization','',NULL,'','on','',300,''),
 (58,0,0,45,1,'','|host_description| - Processes','',NULL,'','on','',300,''),
 (59,0,0,46,1,'','|host_description| - Logged in Users','',NULL,'','on','',300,''),
 (62,13,3,13,6,NULL,'|host_description| - Memory - Free','Localhost - Memory - Free','<path_rra>/localhost_mem_buffers_3.rrd',NULL,'on',NULL,300,NULL),
 (63,15,4,15,6,NULL,'|host_description| - Memory - Free Swap','Localhost - Memory - Free Swap','<path_rra>/localhost_mem_swap_4.rrd',NULL,'on',NULL,300,NULL),
 (64,11,5,11,4,NULL,'|host_description| - Load Average','Localhost - Load Average','<path_rra>/localhost_load_1min_5.rrd',NULL,'on',NULL,60,NULL),
 (65,17,6,17,5,NULL,'|host_description| - Logged in Users','Localhost - Logged in Users','<path_rra>/localhost_users_6.rrd',NULL,'on',NULL,300,NULL),
 (66,16,7,16,7,NULL,'|host_description| - Processes','Localhost - Processes','<path_rra>/localhost_proc_7.rrd',NULL,'on',NULL,300,NULL),
 (68,0,0,47,1,'','|host_description| - Memory - Cache','',NULL,'','on','',300,''),
 (69,0,0,48,1,'on','|host_description| -','',NULL,'','on','',300,''),
 (85,78,18,51,16,NULL,'WL Thread neos1p Data Source','WL Thread neos1p Data Source','<path_rra>/weblogic_weblogp5_neos1p.rrd',NULL,'on',NULL,60,NULL),
 (78,0,0,51,16,'on','WL Thread <servicename> Data Source','',NULL,'','on','',60,''),
 (91,78,24,51,16,'','WL Thread ppo3p Data Source','WL Thread ppo3p Data Source','<path_rra>/weblogic_weblogp7_ppo3p.rrd','','on','',60,NULL),
 (92,0,0,54,17,'on','AWA Performance <segment> Data Source','',NULL,'','on','',120,''),
 (93,92,25,54,17,NULL,'AWA Performance RES POST Data Source','AWA Performance RES POST Data Source','<path_rra>/awa_RPOST.rrd',NULL,'on',NULL,120,NULL),
 (89,78,22,51,16,'','WL Thread ppo1p Data Source','WL Thread ppo1p Data Source','<path_rra>/weblogic_weblogp7_ppo1p.rrd','','on','',60,NULL),
 (84,78,17,51,16,NULL,'WL Thread neos2p Data Source','WL Thread neos2p Data Source','<path_rra>/weblogic_weblogp5_neos2p.rrd',NULL,'on',NULL,60,NULL),
 (90,78,23,51,16,'','WL Thread ppo2p Data Source','WL Thread ppo2p Data Source','<path_rra>/weblogic_weblogp7_ppo2p.rrd','','on','',60,NULL),
 (87,78,20,51,16,'','WL Thread neosweb1p Data Source','WL Thread neosweb1p Data Source','<path_rra>/weblogic_weblogp5_neosweb1p.rrd','','on','',60,NULL),
 (88,78,21,51,16,NULL,'WL Thread neosweb2p Data Source','WL Thread neosweb2p Data Source','<path_rra>/weblogic_weblogp5_neosweb2p.rrd',NULL,'on',NULL,60,NULL),
 (94,78,26,51,16,'','WL Thread ppo4p Data Source','WL Thread ppo4p Data Source','<path_rra>/weblogic_weblogp7_ppo4p.rrd','','on','',60,NULL),
 (95,78,27,51,16,'','WL Thread fewspweb1p Data Source','WL Thread fewspweb1p Data Source','<path_rra>/weblogic_weblogp7_fewspweb1p.rrd','','on','',60,NULL),
 (96,78,28,51,16,'','WL Thread fewspweb2p Data Source','WL Thread fewspweb2p Data Source','<path_rra>/weblogic_weblogp7_fewspweb2p.rrd','','on','',60,NULL),
 (97,78,29,51,16,'','WL Thread fewspservices1p Data Source','WL Thread fewspservices1p Data Source','<path_rra>/weblogic_weblogp7_fewspservices1p.rrd','','on','',60,NULL),
 (98,78,30,51,16,'','WL Thread fewspservices2p Data Source','WL Thread fewspservices2p Data Source','<path_rra>/weblogic_weblogp7_fewspservices2p.rrd','','on','',60,NULL),
 (99,92,31,54,17,'','AWA Performance MULTILINEA Data Source','AWA Performance MULTILINEA Data Source','<path_rra>/awa_MULTILINEA.rrd','','on','',120,NULL),
 (100,0,0,55,18,'on','MDW <server> <op> Performance Source','',NULL,'','','',60,''),
 (146,129,71,59,20,'','MDW weblogp5 02045 Data Source','MDW weblogp5 02045 Data Source','<path_rra>/neos_weblogp5_MDW02045.rrd','','','',60,NULL),
 (156,129,81,59,20,'','MDW weblogp5 03040 Data Source','MDW weblogp5 03040 Data Source','<path_rra>/neos_weblogp5_MDW03040.rrd','','','',60,NULL),
 (157,129,82,59,20,'','MDW weblogp5 10004 Data Source','MDW weblogp5 10004 Data Source','<path_rra>/neos_weblogp5_MDW10004.rrd','','','',60,NULL),
 (148,129,73,59,20,NULL,'MDW weblogp6 26027 Data Source','MDW weblogp6 26027 Data Source','<path_rra>/neos_weblogp6_MDW26027.rrd',NULL,'',NULL,60,NULL),
 (150,129,75,59,20,'','MDW weblogp6 10010 Data Source','MDW weblogp6 10010 Data Source','<path_rra>/neos_mdw_weblogp6_averagetime_75.rrd','','','',60,NULL),
 (151,129,76,59,20,'','MDW weblogp6 10004 Data Source','MDW weblogp6 10004 Data Source','<path_rra>/neos_weblogp6_MDW10004.rrd','','','',60,NULL),
 (152,129,77,59,20,'','MDW weblogp6 09020 Data Source','MDW weblogp6 09020 Data Source','<path_rra>/neos_weblogp6_MDW09020.rrd','','','',60,NULL),
 (153,129,78,59,20,'','MDW weblogp6 03031 Data Source','MDW weblogp6 03031 Data Source','<path_rra>/neos_weblogp6_MDW03031.rrd','','','',60,NULL),
 (149,129,74,59,20,'','MDW weblogp6 02045 Data Source','MDW weblogp6 02045 Data Source','<path_rra>/neos_weblogp6_MDW02045.rrd','','','',60,NULL),
 (137,129,64,59,20,'','MDW weblogp5 10010 Data Source','MDW weblogp5 10010 Data Source','<path_rra>/neos_weblogp5_MDW10010.rrd','','','',60,NULL),
 (175,174,97,64,27,NULL,'WL NeosDatasource neos1p Datasource DS','WL NeosDatasource neos1p Datasource DS','<path_rra>/weblogic_weblogp5_NEOSDS_neos1p.rrd',NULL,'on',NULL,60,NULL),
 (178,0,0,65,28,'on','','',NULL,'','','on',60,''),
 (179,178,100,65,28,NULL,'WL weblogp5 Memory Usage DS','WL weblogp5 Memory Usage DS','<path_rra>/weblogp5_memoryusage.rrd',NULL,'',NULL,600,NULL),
 (161,129,86,59,20,'','MDW weblogp5 02062 Data Source','MDW weblogp5 02062 Data Source','<path_rra>/neos_weblogp6_MDW02062.rrd','','','',60,NULL),
 (158,141,83,61,24,'','Page Access init.neos Data Source','Page Access init.neos Data Source','<path_rra>/areaprivada_init.neos.rrd','','','',60,NULL),
 (154,129,79,59,20,NULL,'NEOS Op weblogp5 GetInfoByLine DS','NEOS Op weblogp5 GetInfoByLine DS','<path_rra>/neos_weblogp5_NEOSGetInfoByLine.rrd',NULL,'',NULL,60,NULL),
 (174,0,0,64,27,'on','WL <datasource><service> Datasource DS','',NULL,'','on','',60,''),
 (116,0,0,56,19,'on','PPOW Qualifications <segment> <contract> Data Source','',NULL,'','','',60,''),
 (117,116,47,56,19,NULL,'PPOW Qualifications RESIDENCIAL POSTPAGO Data Source','PPOW Qualifications RESIDENCIAL POSTPAGO Data Source','<path_rra>/ppow_qualifications_RESIDENCIAL_POSTPAGO.rrd',NULL,'',NULL,60,NULL),
 (144,139,69,60,20,'','NEOS Page weblogp6 callslist Performance DS','NEOS Page weblogp6 callslist Performance DS','<path_rra>/neosweb_weblogp6_callslist.rrd','','','',60,NULL),
 (122,139,50,60,20,NULL,'NEOS Page weblogp6 init.neos Performance DS','NEOS Page weblogp6 init.neos Performance DS','<path_rra>/neosweb_weblogp6_initneos.rrd',NULL,'',NULL,60,NULL),
 (124,139,52,60,20,'','NEOS Page weblogp5 callslist Performance DS','NEOS Page weblogp5 callslist Performance DS','<path_rra>/neosweb_weblogp5_callslist.rrd','','','',60,NULL),
 (143,129,68,59,20,'','NEOS Page weblogp6 dashboard Performance DS','NEOS Page weblogp6 dashboard Performance DS','<path_rra>/neosweb_weblogp6_dashboard.rrd','','','',60,NULL),
 (125,139,53,60,20,'','NEOS Page weblogp5 services Performance DS','NEOS Page weblogp5 services Performance DS','<path_rra>/neosweb_weblogp5_services.rrd','','','',60,NULL),
 (126,129,54,59,20,'','NEOS Page weblogp6 services Performance DS','NEOS Page weblogp6 services Performance DS','<path_rra>/neosweb_weblogp6_services.rrd','','','',60,NULL),
 (155,129,80,59,20,'','NEOS Op weblogp5 GetProfile DS','NEOS Op weblogp5 GetProfile DS','<path_rra>/neos_weblogp5_NEOSGetProfile.rrd','','','',60,NULL),
 (128,116,56,56,19,'','PPOW Qualifications RESIDENCIAL PREPAGO Data Source','PPOW Qualifications RESIDENCIAL PREPAGO Data Source','<path_rra>/ppow_qualifications_RESIDENCIAL_PREPAGO.rrd','','','',60,NULL),
 (129,0,0,59,20,'on','Operation/Page <server> <call> Data Source','',NULL,'','','',60,''),
 (130,139,57,60,20,'','NEOS Page weblogp5 dashboard Performance DS','NEOS Page weblogp5 dashboard Performance DS','<path_rra>/neosweb_weblogp5_dashboard.rrd','','','',60,NULL),
 (145,129,70,59,20,NULL,'MDW weblogp5 26027 Data Source','MDW weblogp5 26027 Data Source','<path_rra>/neos_weblogp5_MDW26027.rrd',NULL,'',NULL,60,NULL),
 (133,129,60,59,20,'','MDW weblogp5 03002 Data Source','MDW weblogp5 03002 Data Source','<path_rra>/neos_weblogp5_MDW03002.rrd','','','',60,NULL),
 (134,129,61,59,20,'','MDW weblogp5 03004 Data Source','MDW weblogp5 03004 Data Source','<path_rra>/neos_weblogp5_MDW03004.rrd','','','',60,NULL),
 (147,129,72,59,20,'','MDW weblogp5 09020 Data Source','MDW weblogp5 09020 Data Source','<path_rra>/neos_weblogp5_MDW09020.rrd','','','',60,NULL),
 (136,129,63,59,20,'','MDW weblogp5 03031 Data Source','MDW weblogp5 03031 Data Source','<path_rra>/neos_weblogp5_MDW03031.rrd','','','',60,NULL),
 (139,0,0,60,20,'on','NEOS Page <server> <call> Performance Source','',NULL,'','','',60,''),
 (140,139,66,60,20,NULL,'NEOS Page weblogp5 init.neos Performance DS','NEOS Page weblogp5 init.neos Performance DS','<path_rra>/neosweb_weblogp5_initneos.rrd',NULL,'',NULL,60,NULL),
 (141,0,0,61,24,'on','Page Access <server> <page> Data Source','',NULL,'','','',60,''),
 (142,141,67,61,24,NULL,'Page Access ap3 init.neos Data Source','Page Access ap3 init.neos Data Source','<path_rra>/areaprivada_ap3_init.neos.rrd',NULL,'',NULL,60,NULL),
 (159,141,84,61,24,'','Page Access dashboard.neos Data Source','Page Access dashboard.neos Data Source','<path_rra>/areaprivada_dashboard.neos.rrd','','','',60,NULL),
 (160,129,85,59,20,'','NEOS Op weblogp6 GetProfile DS','NEOS Op weblogp6 GetProfile DS','<path_rra>/neos_weblogp6_NEOSGetProfile.rrd','','','',60,NULL),
 (173,92,96,54,17,'','Page areaprivada-URL1 Response Time DS','Page areaprivada-URL1 Response Time DS','<path_rra>/areaprivada_PRTURL1.rrd','','on','',120,NULL),
 (172,92,95,54,17,'','Page areaprivada-URL4 Response Time DS','Page areaprivada-URL4 Response Time DS','<path_rra>/areaprivada_PRTURL4.rrd','','on','',120,NULL),
 (165,129,89,59,20,'','NEOS Op weblogp5 GetUsage DS','NEOS Op weblogp5 GetUsage DS','<path_rra>/neos_weblogp5_NEOSGetUsage.rrd','','','',60,NULL),
 (166,129,90,59,20,'','NEOS Op weblogp5 GetLoyaltyBalance DS','NEOS Op weblogp5 GetLoyaltyBalance DS','<path_rra>/neos_weblogp5_NEOSGetLoyaltyBalance.rrd','','','',60,NULL),
 (170,92,93,54,17,NULL,'Page areaprivada-URL2 Response Time DS','Page areaprivada-URL2 Response Time DS','<path_rra>/areaprivada_PRTURL2.rrd',NULL,'on',NULL,120,NULL),
 (171,92,94,54,17,'','Page areaprivada-URL3 Response Time DS','Page areaprivada-URL3 Response Time DS','<path_rra>/areaprivada_PRTURL3.rrd','','on','',120,NULL),
 (177,174,99,64,27,NULL,'WL NeosDatasource neos2p Datasource DS','WL NeosDatasource neos2p Datasource DS','<path_rra>/weblogic_weblogp5_NEOSDS_neos2p.rrd',NULL,'on',NULL,60,NULL),
 (180,174,101,64,27,'','WL PPOWDatasource ppo1p Datasource DS','WL PPOWDatasource ppo1p Datasource DS','<path_rra>/weblogic_weblogp7_PPOWDS_ppo1p.rrd','','on','',60,NULL),
 (181,129,102,59,20,'','MDW weblogp5 03035 Data Source','MDW weblogp5 03035 Data Source','<path_rra>/neos_weblogp5_MDW03035.rrd','','','',60,NULL),
 (182,129,103,59,20,'','MDW weblogp5 09050 Data Source','MDW weblogp5 09050 Data Source','<path_rra>/neos_weblogp5_MDW09050.rrd','','','',60,NULL),
 (183,129,104,59,20,'','MDW weblogp5 48027 Data Source','MDW weblogp5 48027 Data Source','<path_rra>/neos_weblogp5_MDW48027.rrd','','','',60,NULL),
 (184,129,105,59,20,'','MDW weblogp5 10027 Data Source','MDW weblogp5 10027 Data Source','<path_rra>/neos_weblogp5_MDW10027.rrd','','','',60,NULL),
 (185,129,106,59,20,'','NEOS Op weblogp5 GetProducts DS','NEOS Op weblogp5 GetProducts DS','<path_rra>/neos_weblogp5_NEOSGetProducts.rrd','','','',60,NULL),
 (186,174,107,64,27,'','WL PPOWDatasource ppo2p Datasource DS','WL PPOWDatasource ppo2p Datasource DS','<path_rra>/weblogic_weblogp7_PPOWDS_ppo2p.rrd','','on','',60,NULL),
 (187,174,108,64,27,'','WL PPOWDatasource ppo3p Datasource DS','WL PPOWDatasource ppo3p Datasource DS','<path_rra>/weblogic_weblogp7_PPOWDS_ppo3p.rrd','','on','',60,NULL),
 (188,174,109,64,27,'','WL PPOWDatasource ppo4p Datasource DS','WL PPOWDatasource ppo4p Datasource DS','<path_rra>/weblogic_weblogp7_PPOWDS_ppo4p.rrd','','on','',60,NULL),
 (189,174,110,64,27,'','WL NeosWebDatasource neoswe1p Datasource DS','WL NeosWebDatasource neoswe1p Datasource DS','<path_rra>/weblogic_weblogp5_NEOSDS_neoswe1p.rrd','','on','',60,NULL),
 (190,174,111,64,27,'','WL NeosWebDatasource neoswe2p Datasource DS','WL NeosWebDatasource neoswe2p Datasource DS','<path_rra>/weblogic_weblogp5_NEOSDS_neoswe2p.rrd','','on','',60,NULL),
 (191,174,112,64,27,'','WL FewspDatasource fewspservices1p DS','WL FewspDatasource fewspservices1p DS','<path_rra>/weblogic_weblogp5_FEWDS_fewspservices1p.rrd','','on','',60,NULL),
 (192,174,113,64,27,'','WL FewspDatasource fewspservices2p DS','WL FewspDatasource fewspservices2p DS','<path_rra>/weblogic_weblogp5_FEWDS_fewspservices2p.rrd','','on','',60,NULL),
 (193,174,114,64,27,'','WL FewspDatasource fewspweb2p DS','WL FewspDatasource fewspweb2p DS','<path_rra>/weblogic_weblogp5_FEWDS_fewspweb2p.rrd','','on','',60,NULL),
 (194,174,115,64,27,'','WL FewspDatasource fewspweb1p DS','WL FewspDatasource fewspweb1p DS','<path_rra>/weblogic_weblogp5_FEWDS_fewspweb1p.rrd','','on','',60,NULL),
 (195,174,116,64,27,'','WL FSPDatasource fewspweb2p DS','WL FSPDatasource fewspweb2p DS','<path_rra>/weblogic_weblogp5_FSPDS_fewspweb2p.rrd','','on','',60,NULL),
 (196,174,117,64,27,'','WL FSPDatasource fewspweb1p DS','WL FSPDatasource fewspweb1p DS','<path_rra>/weblogic_weblogp5_FSPDS_fewspweb1p.rrd','','on','',60,NULL),
 (197,174,118,64,27,'','WL FSPDatasource fewspservices2p DS','WL FSPDatasource fewspservices2p DS','<path_rra>/weblogic_weblogp5_FSPDS_fewspservices2p.rrd','','on','',60,NULL),
 (198,174,119,64,27,'','WL FSPDatasource fewspservices1p DS','WL FSPDatasource fewspservices1p DS','<path_rra>/weblogic_weblogp5_FSPDS_fewspservices1p.rrd','','on','',60,NULL),
 (199,0,0,66,29,'on','<HOST> NetStats 5m Data','',NULL,'','on','',60,''),
 (205,199,124,66,29,'','AOTLXPRWEB00003 NetStats 5m Data','AOTLXPRWEB00003 NetStats 5m Data','<path_rra>/AOTLXPRWEB00003_netstats.rrd','','on','',60,NULL),
 (202,199,122,66,29,NULL,'AOTLXPRWEB00004 NetStats 5m Data','AOTLXPRWEB00004 NetStats 5m Data','<path_rra>/AOTLXPRWEB00004_netstats.rrd',NULL,'on',NULL,60,NULL);
CREATE TABLE  `cacti`.`data_template_data_rra` (
  `data_template_data_id` mediumint(8) unsigned NOT NULL DEFAULT '0',
  `rra_id` mediumint(8) unsigned NOT NULL DEFAULT '0',
  PRIMARY KEY (`data_template_data_id`,`rra_id`),
  KEY `data_template_data_id` (`data_template_data_id`)
) ENGINE=MyISAM DEFAULT CHARSET=latin1;
INSERT INTO `cacti`.`data_template_data_rra` VALUES  (3,1),
 (3,2),
 (3,3),
 (3,4),
 (4,1),
 (4,2),
 (4,3),
 (4,4),
 (5,1),
 (5,2),
 (5,3),
 (5,4),
 (6,1),
 (6,2),
 (6,3),
 (6,4),
 (7,1),
 (7,2),
 (7,3),
 (7,4),
 (8,1),
 (8,2),
 (8,3),
 (8,4),
 (9,1),
 (9,2),
 (9,3),
 (9,4),
 (10,1),
 (10,2),
 (10,3),
 (10,4),
 (11,4),
 (11,6),
 (11,7),
 (11,8),
 (11,10),
 (13,1),
 (13,2),
 (13,3),
 (13,4),
 (15,1),
 (15,2),
 (15,3),
 (15,4),
 (16,1),
 (16,2),
 (16,3),
 (16,4),
 (17,1),
 (17,2),
 (17,3),
 (17,4),
 (18,1),
 (18,2),
 (18,3),
 (18,4),
 (19,1),
 (19,2),
 (19,3),
 (19,4),
 (20,1),
 (20,2),
 (20,3),
 (20,4),
 (22,1),
 (22,2),
 (22,3),
 (22,4),
 (23,1),
 (23,2),
 (23,3),
 (23,4),
 (24,1),
 (24,2),
 (24,3),
 (24,4),
 (25,1),
 (25,2),
 (25,3),
 (25,4),
 (26,1),
 (26,2),
 (26,3),
 (26,4),
 (27,1),
 (27,2),
 (27,3),
 (27,4),
 (30,1),
 (30,2),
 (30,3),
 (30,4),
 (31,1),
 (31,2),
 (31,3),
 (31,4),
 (32,1),
 (32,2),
 (32,3),
 (32,4),
 (33,1),
 (33,2),
 (33,3),
 (33,4),
 (34,1),
 (34,2),
 (34,3),
 (34,4),
 (35,1),
 (35,2),
 (35,3),
 (35,4),
 (36,1),
 (36,2),
 (36,3),
 (36,4),
 (37,1),
 (37,2),
 (37,3),
 (37,4),
 (38,1),
 (38,2),
 (38,3),
 (38,4),
 (39,1),
 (39,2),
 (39,3),
 (39,4),
 (40,1),
 (40,2),
 (40,3),
 (40,4),
 (41,1),
 (41,2),
 (41,3),
 (41,4),
 (55,1),
 (55,2),
 (55,3),
 (55,4),
 (56,1),
 (56,2),
 (56,3),
 (56,4),
 (57,1),
 (57,2),
 (57,3),
 (57,4),
 (58,1),
 (58,2),
 (58,3),
 (58,4),
 (59,1),
 (59,2),
 (59,3),
 (59,4),
 (62,1),
 (62,2),
 (62,3),
 (62,4),
 (63,1),
 (63,2),
 (63,3),
 (63,4),
 (64,4),
 (64,6),
 (64,7),
 (64,8),
 (64,10),
 (65,1),
 (65,2),
 (65,3),
 (65,4),
 (66,1),
 (66,2),
 (66,3),
 (66,4),
 (68,1),
 (68,2),
 (68,3),
 (68,4),
 (69,1),
 (69,2),
 (69,3),
 (69,4),
 (78,1),
 (78,2),
 (78,3),
 (78,4),
 (78,5),
 (84,1),
 (84,2),
 (84,3),
 (84,4),
 (84,5),
 (85,1),
 (85,2),
 (85,3),
 (85,4),
 (85,5),
 (87,1),
 (87,2),
 (87,3),
 (87,4),
 (87,5),
 (88,1),
 (88,2),
 (88,3),
 (88,4),
 (88,5),
 (89,1),
 (89,2),
 (89,3),
 (89,4),
 (89,5),
 (90,1),
 (90,2),
 (90,3),
 (90,4),
 (90,5),
 (91,1),
 (91,2),
 (91,3),
 (91,4),
 (91,5),
 (92,1),
 (92,2),
 (92,3),
 (92,4),
 (92,5),
 (93,1),
 (93,2),
 (93,3),
 (93,4),
 (93,5),
 (94,1),
 (94,2),
 (94,3),
 (94,4),
 (94,5),
 (95,1),
 (95,2),
 (95,3),
 (95,4),
 (95,5),
 (96,1),
 (96,2),
 (96,3),
 (96,4),
 (96,5),
 (97,1),
 (97,2),
 (97,3),
 (97,4),
 (97,5),
 (98,1),
 (98,2),
 (98,3),
 (98,4),
 (98,5),
 (99,1),
 (99,2),
 (99,3),
 (99,4),
 (99,5),
 (100,1),
 (100,2),
 (100,3),
 (100,4),
 (100,5),
 (122,1),
 (122,2),
 (122,3),
 (122,4),
 (122,5),
 (124,1),
 (124,2),
 (124,3),
 (124,4),
 (124,5),
 (125,1),
 (125,2),
 (125,3),
 (125,4),
 (125,5),
 (126,1),
 (126,2),
 (126,3),
 (126,4),
 (126,5),
 (129,1),
 (129,2),
 (129,3),
 (129,4),
 (129,5),
 (130,1),
 (130,2),
 (130,3),
 (130,4),
 (130,5),
 (133,1),
 (133,2),
 (133,3),
 (133,4),
 (133,5),
 (134,1),
 (134,2),
 (134,3),
 (134,4),
 (134,5),
 (136,1),
 (136,2),
 (136,3),
 (136,4),
 (136,5),
 (137,1),
 (137,2),
 (137,3),
 (137,4),
 (137,5),
 (139,1),
 (139,2),
 (139,3),
 (139,4),
 (139,5),
 (140,1),
 (140,2),
 (140,3),
 (140,4),
 (140,5),
 (141,1),
 (141,2),
 (141,3),
 (141,4),
 (141,5),
 (141,9),
 (142,1),
 (142,2),
 (142,3),
 (142,4),
 (142,5),
 (142,9),
 (143,1),
 (143,2),
 (143,3),
 (143,4),
 (143,5),
 (144,1),
 (144,2),
 (144,3),
 (144,4),
 (144,5),
 (145,1),
 (145,2),
 (145,3),
 (145,4),
 (145,5),
 (146,1),
 (146,2),
 (146,3),
 (146,4),
 (146,5),
 (147,1),
 (147,2),
 (147,3),
 (147,4),
 (147,5),
 (148,1),
 (148,2),
 (148,3),
 (148,4),
 (148,5),
 (149,1),
 (149,2),
 (149,3),
 (149,4),
 (149,5),
 (150,1),
 (150,2),
 (150,3),
 (150,4),
 (150,5),
 (151,1),
 (151,2),
 (151,3),
 (151,4),
 (151,5),
 (152,1),
 (152,2),
 (152,3),
 (152,4),
 (152,5),
 (153,1),
 (153,2),
 (153,3),
 (153,4),
 (153,5),
 (154,1),
 (154,2),
 (154,3),
 (154,4),
 (154,5),
 (155,1),
 (155,2),
 (155,3),
 (155,4),
 (155,5),
 (156,1),
 (156,2),
 (156,3),
 (156,4),
 (156,5),
 (157,1),
 (157,2),
 (157,3),
 (157,4),
 (157,5),
 (158,1),
 (158,2),
 (158,3),
 (158,4),
 (158,5),
 (158,9),
 (159,1),
 (159,2),
 (159,3),
 (159,4),
 (159,5),
 (159,9),
 (160,1),
 (160,2),
 (160,3),
 (160,4),
 (160,5),
 (161,1),
 (161,2),
 (161,3),
 (161,4),
 (161,5),
 (165,1),
 (165,2),
 (165,3),
 (165,4),
 (165,5),
 (166,1),
 (166,2),
 (166,3),
 (166,4),
 (166,5),
 (170,1),
 (170,2),
 (170,3),
 (170,4),
 (170,5),
 (171,1),
 (171,2),
 (171,3),
 (171,4),
 (171,5),
 (172,1),
 (172,2),
 (172,3),
 (172,4),
 (172,5),
 (173,1),
 (173,2),
 (173,3),
 (173,4),
 (173,5),
 (174,1),
 (174,2),
 (174,3),
 (174,4),
 (174,5),
 (175,1),
 (175,2),
 (175,3),
 (175,4),
 (175,5),
 (177,1),
 (177,2),
 (177,3),
 (177,4),
 (177,5),
 (178,1),
 (178,2),
 (178,3),
 (178,4),
 (178,5),
 (179,1),
 (179,2),
 (179,3),
 (179,4),
 (179,5),
 (180,1),
 (180,2),
 (180,3),
 (180,4),
 (180,5),
 (181,1),
 (181,2),
 (181,3),
 (181,4),
 (181,5),
 (182,1),
 (182,2),
 (182,3),
 (182,4),
 (182,5),
 (183,1),
 (183,2),
 (183,3),
 (183,4),
 (183,5),
 (184,1),
 (184,2),
 (184,3),
 (184,4),
 (184,5),
 (185,1),
 (185,2),
 (185,3),
 (185,4),
 (185,5),
 (186,1),
 (186,2),
 (186,3),
 (186,4),
 (186,5),
 (187,1),
 (187,2),
 (187,3),
 (187,4),
 (187,5),
 (188,1),
 (188,2),
 (188,3),
 (188,4),
 (188,5),
 (189,1),
 (189,2),
 (189,3),
 (189,4),
 (189,5),
 (190,1),
 (190,2),
 (190,3),
 (190,4),
 (190,5),
 (191,1),
 (191,2),
 (191,3),
 (191,4),
 (191,5),
 (192,1),
 (192,2),
 (192,3),
 (192,4),
 (192,5),
 (193,1),
 (193,2),
 (193,3),
 (193,4),
 (193,5),
 (194,1),
 (194,2),
 (194,3),
 (194,4),
 (194,5),
 (195,1),
 (195,2),
 (195,3),
 (195,4),
 (195,5),
 (196,1),
 (196,2),
 (196,3),
 (196,4),
 (196,5),
 (197,1),
 (197,2),
 (197,3),
 (197,4),
 (197,5),
 (198,1),
 (198,2),
 (198,3),
 (198,4),
 (198,5),
 (199,1),
 (199,2),
 (199,3),
 (199,4),
 (199,5),
 (202,1),
 (202,2),
 (202,3),
 (202,4),
 (202,5),
 (205,1),
 (205,2),
 (205,3),
 (205,4),
 (205,5);
CREATE TABLE  `cacti`.`data_template_rrd` (
  `id` mediumint(8) unsigned NOT NULL AUTO_INCREMENT,
  `hash` varchar(32) NOT NULL DEFAULT '',
  `local_data_template_rrd_id` mediumint(8) unsigned NOT NULL DEFAULT '0',
  `local_data_id` mediumint(8) unsigned NOT NULL DEFAULT '0',
  `data_template_id` mediumint(8) unsigned NOT NULL DEFAULT '0',
  `t_rrd_maximum` char(2) DEFAULT NULL,
  `rrd_maximum` varchar(20) NOT NULL DEFAULT '0',
  `t_rrd_minimum` char(2) DEFAULT NULL,
  `rrd_minimum` varchar(20) NOT NULL DEFAULT '0',
  `t_rrd_heartbeat` char(2) DEFAULT NULL,
  `rrd_heartbeat` mediumint(6) NOT NULL DEFAULT '0',
  `t_data_source_type_id` char(2) DEFAULT NULL,
  `data_source_type_id` smallint(5) NOT NULL DEFAULT '0',
  `t_data_source_name` char(2) DEFAULT NULL,
  `data_source_name` varchar(19) NOT NULL DEFAULT '',
  `t_data_input_field_id` char(2) DEFAULT NULL,
  `data_input_field_id` mediumint(8) unsigned NOT NULL DEFAULT '0',
  PRIMARY KEY (`id`),
  KEY `local_data_id` (`local_data_id`),
  KEY `data_template_id` (`data_template_id`),
  KEY `local_data_template_rrd_id` (`local_data_template_rrd_id`)
) ENGINE=MyISAM AUTO_INCREMENT=1014 DEFAULT CHARSET=latin1;
INSERT INTO `cacti`.`data_template_rrd` VALUES  (3,'2d53f9c76767a2ae8909f4152fd473a4',0,0,3,'','0','','0','',600,'',1,'','hdd_free','',0),
 (4,'93d91aa7a3cc5473e7b195d5d6e6e675',0,0,3,'','0','','0','',600,'',1,'','hdd_used','',0),
 (5,'7bee7987bbf30a3bc429d2a67c6b2595',0,0,4,'','100','','0','',600,'',2,'','cpu_system','',0),
 (6,'ddccd7fbdece499da0235b4098b87f9e',0,0,5,'','100','','0','',600,'',2,'','cpu_user','',0),
 (7,'122ab2097f8c6403b7b90cde7b9e2bc2',0,0,6,'','100','','0','',600,'',2,'','cpu_nice','',0),
 (8,'34f50c820092ea0fecba25b4b94a7946',0,0,7,'','100','','0','',600,'',1,'','wrls_noise','',0),
 (9,'830b811d1834e5ba0e2af93bd92db057',0,0,8,'','100','','0','',600,'',1,'','wrls_signal','',0),
 (10,'2f1b016a2465eef3f7369f6313cd4a94',0,0,9,'','1000000','','0','',600,'',2,'','wrls_transmits','',0),
 (11,'28ffcecaf8b50e49f676f2d4a822685d',0,0,10,'','1000000','','0','',600,'',2,'','wrls_retransmits','',0),
 (12,'8175ca431c8fe50efff5a1d3ae51b55d',0,0,11,'','500','','0','',600,'',1,'','load_1min','',17),
 (13,'a2eeb8acd6ea01cd0e3ac852965c0eb6',0,0,11,'','500','','0','',600,'',1,'','load_5min','',18),
 (14,'9f951b7fb3b19285a411aebb5254a831',0,0,11,'','500','','0','',600,'',1,'','load_15min','',19),
 (16,'a4df3de5238d3beabee1a2fe140d3d80',0,0,13,'','0','','0','',600,'',1,'','mem_buffers','',23),
 (18,'7fea6acc9b1a19484b4cb4cef2b6c5da',0,0,15,'','0','','0','',600,'',1,'','mem_swap','',23),
 (19,'f1ba3a5b17b95825021241398bb0f277',0,0,16,'','1000','','0','',600,'',1,'','proc','',24),
 (20,'46a5afe8e6c0419172c76421dc9e304a',0,0,17,'','500','','0','',600,'',1,'','users','',21),
 (21,'962fd1994fe9cae87fb36436bdb8a742',0,0,18,'','5000','','0','',600,'',1,'','ping','',30),
 (22,'7a8dd1111a8624369906bf2cd6ea9ca9',0,0,19,'','100000','','0','',600,'',1,'','total_users','',0),
 (23,'ddb6e74d34d2f1969ce85f809dbac23d',0,0,20,'','100000','','0','',600,'',1,'','total_logins','',0),
 (25,'289311d10336941d33d9a1c48a7b11ee',0,0,22,'','10000000','','0','',600,'',2,'','fs_reads','',0),
 (26,'02216f036cca04655ee2f67fedb6f4f0',0,0,23,'','10000000','','0','',600,'',2,'','fs_writes','',0),
 (27,'9e402c0f29131ef7139c20bd500b4e8a',0,0,24,'','10000000','','0','',600,'',2,'','cache_checks','',0),
 (28,'46717dfe3c8c030d8b5ec0874f9dbdca',0,0,25,'','1000000','','0','',600,'',2,'','cache_hits','',0),
 (29,'7a88a60729af62561812c43bde61dfc1',0,0,26,'','100000','','0','',600,'',1,'','open_files','',0),
 (30,'3c0fd1a188b64a662dfbfa985648397b',0,0,27,'','100','','0','',600,'',1,'','5min_cpu','',0),
 (33,'ed44c2438ef7e46e2aeed2b6c580815c',0,0,30,'','500','','0','',600,'',1,'','load_1min','',0),
 (34,'9b3a00c9e3530d9e58895ac38271361e',0,0,31,'','500','','0','',600,'',1,'','load_5min','',0),
 (35,'6746c2ed836ecc68a71bbddf06b0e5d9',0,0,32,'','500','','0','',600,'',1,'','load_15min','',0),
 (36,'9835d9e1a8c78aa2475d752e8fa74812',0,0,33,'','10000000','','0','',600,'',1,'','mem_buffers','',0),
 (37,'9c78dc1981bcea841b8c827c6dc0d26c',0,0,34,'','10000000','','0','',600,'',1,'','mem_free','',0),
 (38,'62a56dc76fe4cd8566a31b5df0274cc3',0,0,35,'','0','','0','',600,'',1,'','vol_total','',0),
 (39,'2e366ab49d0e0238fb4e3141ea5a88c3',0,0,35,'','0','','0','',600,'',1,'','vol_free','',0),
 (40,'dceedc84718dd93a5affe4b190bca810',0,0,35,'','0','','0','',600,'',1,'','vol_freeable','',0),
 (42,'93330503f1cf67db00d8fe636035e545',0,0,36,'','100000000000','','0','',600,'',1,'','dir_total','',0),
 (43,'6b0fe4aa6aaf22ef9cfbbe96d87fa0d7',0,0,36,'','100000000000','','0','',600,'',1,'','dir_used','',0),
 (44,'4c82df790325d789d304e6ee5cd4ab7d',0,0,37,'','0','','0','',600,'',1,'','hdd_free','',0),
 (46,'c802e2fd77f5b0a4c4298951bf65957c',0,0,38,'','10000000','','0','',600,'',2,'','errors_in','',0),
 (47,'4e2a72240955380dc8ffacfcc8c09874',0,0,38,'','10000000','','0','',600,'',2,'','discards_in','',0),
 (48,'636672962b5bb2f31d86985e2ab4bdfe',0,0,39,'','1000000000','','0','',600,'',2,'','unicast_in','',0),
 (49,'18ce92c125a236a190ee9dd948f56268',0,0,39,'','1000000000','','0','',600,'',2,'','unicast_out','',0),
 (50,'13ebb33f9cbccfcba828db1075a8167c',0,0,38,'','10000000','','0','',600,'',2,'','discards_out','',0),
 (51,'31399c3725bee7e09ec04049e3d5cd17',0,0,38,'','10000000','','0','',600,'',2,'','errors_out','',0),
 (52,'7be68cbc4ee0b2973eb9785f8c7a35c7',0,0,40,'','1000000000','','0','',600,'',2,'','nonunicast_out','',0),
 (53,'93e2b6f59b10b13f2ddf2da3ae98b89a',0,0,40,'','1000000000','','0','',600,'',2,'','nonunicast_in','',0),
 (54,'2df25c57022b0c7e7d0be4c035ada1a0',0,0,41,'on','100000000','','0','',600,'',2,'','traffic_in','',0),
 (55,'721c0794526d1ac1c359f27dc56faa49',0,0,41,'on','100000000','','0','',600,'',2,'','traffic_out','',0),
 (56,'07175541991def89bd02d28a215f6fcc',0,0,37,'','0','','0','',600,'',1,'','hdd_used','',0),
 (76,'07492e5cace6d74e7db3cb1fc005a3f3',0,0,42,'','100','','0','',600,'',1,'','cpu','',0),
 (78,'0ee6bb54957f6795a5369a29f818d860',0,0,43,'','0','','0','',600,'',1,'','hdd_used','',0),
 (79,'9825aaf7c0bdf1554c5b4b86680ac2c0',0,0,44,'','100','','0','',600,'',1,'','cpu','',0),
 (80,'50ccbe193c6c7fc29fb9f726cd6c48ee',0,0,45,'','1000','','0','',600,'',1,'','proc','',0),
 (81,'9464c91bcff47f23085ae5adae6ab987',0,0,46,'','5000','','0','',600,'',1,'','users','',0),
 (84,'',16,3,13,NULL,'0',NULL,'0',NULL,600,NULL,1,NULL,'mem_buffers',NULL,23),
 (85,'',18,4,15,NULL,'0',NULL,'0',NULL,600,NULL,1,NULL,'mem_swap',NULL,23),
 (86,'',12,5,11,NULL,'500',NULL,'0',NULL,600,NULL,1,NULL,'load_1min',NULL,17),
 (87,'',13,5,11,NULL,'500',NULL,'0',NULL,600,NULL,1,NULL,'load_5min',NULL,18),
 (88,'',14,5,11,NULL,'500',NULL,'0',NULL,600,NULL,1,NULL,'load_15min',NULL,19),
 (89,'',20,6,17,NULL,'500',NULL,'0',NULL,600,NULL,1,NULL,'users',NULL,21),
 (90,'',19,7,16,NULL,'1000',NULL,'0',NULL,600,NULL,1,NULL,'proc',NULL,24),
 (92,'165a0da5f461561c85d092dfe96b9551',0,0,43,'','0','','0','',600,'',1,'','hdd_total','',0),
 (95,'7a6ca455bbeff99ca891371bc77d5cf9',0,0,47,'','10000000','','0','',600,'',1,'','mem_cache','',0),
 (96,'224b83ea73f55f8a861bcf4c9bea0472',0,0,48,'on','100','','0','',600,'on',1,'','snmp_oid','',0),
 (149,'',148,17,51,NULL,'1000000',NULL,'0',NULL,600,NULL,2,NULL,'completedRequests',NULL,63),
 (117,'d8edc5986af494200a1175cf4c94ac59',0,0,51,'','1000','','0','',600,'',1,'','executeIdle','',58),
 (148,'8b489e4b587b6615447a8b671db14e7b',0,0,51,'','1000000','','0','',600,'',2,'','completedRequests','',63),
 (201,'',154,23,51,NULL,'300',NULL,'0',NULL,600,NULL,1,NULL,'throughput',NULL,64),
 (200,'',117,23,51,NULL,'1000',NULL,'0',NULL,600,NULL,1,NULL,'executeIdle',NULL,58),
 (113,'fe9f5b93986ae8db299e0441ef706866',0,0,51,'','0','','0','',120,'',1,'','activeThreads','',56),
 (114,'16d60badb09a39f7072803855cd5b4cd',0,0,51,'','1000','','1','',600,'',1,'','executeTotal','',57),
 (205,'',119,23,51,NULL,'1000',NULL,'0',NULL,600,NULL,1,NULL,'standbyThreads',NULL,59),
 (202,'',152,23,51,NULL,'1000',NULL,'0',NULL,600,NULL,1,NULL,'queueLength',NULL,61),
 (203,'',150,23,51,NULL,'10000',NULL,'0',NULL,600,NULL,1,NULL,'pendingRequests',NULL,62),
 (204,'',121,23,51,NULL,'1000',NULL,'0',NULL,600,NULL,1,NULL,'hoogingThreads',NULL,60),
 (119,'4e495e0cb77e61012821cd5dda2e0892',0,0,51,'','1000','','0','',600,'',1,'','standbyThreads','',59),
 (199,'',148,23,51,NULL,'1000000',NULL,'0',NULL,600,NULL,2,NULL,'completedRequests',NULL,63),
 (198,'',113,23,51,NULL,'0',NULL,'0',NULL,120,NULL,1,NULL,'activeThreads',NULL,56),
 (121,'f91f1a8ebec8db27f26d27f412086153',0,0,51,'','1000','','0','',600,'',1,'','hoogingThreads','',60),
 (197,'',114,23,51,NULL,'1000',NULL,'1',NULL,600,NULL,1,NULL,'executeTotal',NULL,57),
 (273,'b34a8d5672f5d35dfe05c74fb98c26db',0,0,55,'','0','','0','',120,'',1,'','averageTime','',76),
 (214,'',114,24,51,NULL,'1000',NULL,'1',NULL,600,NULL,1,NULL,'executeTotal',NULL,57),
 (213,'',113,24,51,NULL,'0',NULL,'0',NULL,120,NULL,1,NULL,'activeThreads',NULL,56),
 (212,'',148,24,51,NULL,'1000000',NULL,'0',NULL,600,NULL,2,NULL,'completedRequests',NULL,63),
 (211,'',121,24,51,NULL,'1000',NULL,'0',NULL,600,NULL,1,NULL,'hoogingThreads',NULL,60),
 (209,'',152,24,51,NULL,'1000',NULL,'0',NULL,600,NULL,1,NULL,'queueLength',NULL,61),
 (210,'',150,24,51,NULL,'10000',NULL,'0',NULL,600,NULL,1,NULL,'pendingRequests',NULL,62),
 (207,'',117,24,51,NULL,'1000',NULL,'0',NULL,600,NULL,1,NULL,'executeIdle',NULL,58),
 (208,'',119,24,51,NULL,'1000',NULL,'0',NULL,600,NULL,1,NULL,'standbyThreads',NULL,59),
 (206,'',154,24,51,NULL,'300',NULL,'0',NULL,600,NULL,1,NULL,'throughput',NULL,64),
 (191,'',114,22,51,NULL,'1000',NULL,'1',NULL,600,NULL,1,NULL,'executeTotal',NULL,57),
 (190,'',113,22,51,NULL,'0',NULL,'0',NULL,120,NULL,1,NULL,'activeThreads',NULL,56),
 (189,'',148,22,51,NULL,'1000000',NULL,'0',NULL,600,NULL,2,NULL,'completedRequests',NULL,63),
 (188,'',117,22,51,NULL,'1000',NULL,'0',NULL,600,NULL,1,NULL,'executeIdle',NULL,58),
 (143,'',117,17,51,NULL,'1000',NULL,'0',NULL,600,NULL,1,NULL,'executeIdle',NULL,58),
 (144,'',113,17,51,NULL,'0',NULL,'0',NULL,120,NULL,1,NULL,'activeThreads',NULL,56),
 (145,'',114,17,51,NULL,'1000',NULL,'1',NULL,600,NULL,1,NULL,'executeTotal',NULL,57),
 (146,'',119,17,51,NULL,'1000',NULL,'0',NULL,600,NULL,1,NULL,'standbyThreads',NULL,59),
 (147,'',121,17,51,NULL,'1000',NULL,'0',NULL,600,NULL,1,NULL,'hoogingThreads',NULL,60),
 (150,'4aeb2a3c9e1cc1121c95ab42997a7e61',0,0,51,'','10000','','0','',600,'',1,'','pendingRequests','',62),
 (151,'',150,17,51,NULL,'10000',NULL,'0',NULL,600,NULL,1,NULL,'pendingRequests',NULL,62),
 (152,'748769486f37679b6da34b5aeb7a03fe',0,0,51,'','1000','','0','',600,'',1,'','queueLength','',61),
 (153,'',152,17,51,NULL,'1000',NULL,'0',NULL,600,NULL,1,NULL,'queueLength',NULL,61),
 (154,'5dce8201ebebde987376f76ae4589809',0,0,51,'','300','','0','',600,'',1,'','throughput','',64),
 (155,'',154,17,51,NULL,'300',NULL,'0',NULL,600,NULL,1,NULL,'throughput',NULL,64),
 (156,'',117,18,51,NULL,'1000',NULL,'0',NULL,600,NULL,1,NULL,'executeIdle',NULL,58),
 (157,'',148,18,51,NULL,'1000000',NULL,'0',NULL,600,NULL,2,NULL,'completedRequests',NULL,63),
 (158,'',113,18,51,NULL,'0',NULL,'0',NULL,120,NULL,1,NULL,'activeThreads',NULL,56),
 (159,'',114,18,51,NULL,'1000',NULL,'1',NULL,600,NULL,1,NULL,'executeTotal',NULL,57),
 (160,'',119,18,51,NULL,'1000',NULL,'0',NULL,600,NULL,1,NULL,'standbyThreads',NULL,59),
 (161,'',121,18,51,NULL,'1000',NULL,'0',NULL,600,NULL,1,NULL,'hoogingThreads',NULL,60),
 (162,'',150,18,51,NULL,'10000',NULL,'0',NULL,600,NULL,1,NULL,'pendingRequests',NULL,62),
 (163,'',152,18,51,NULL,'1000',NULL,'0',NULL,600,NULL,1,NULL,'queueLength',NULL,61),
 (164,'',154,18,51,NULL,'300',NULL,'0',NULL,600,NULL,1,NULL,'throughput',NULL,64),
 (196,'',154,22,51,NULL,'300',NULL,'0',NULL,600,NULL,1,NULL,'throughput',NULL,64),
 (195,'',152,22,51,NULL,'1000',NULL,'0',NULL,600,NULL,1,NULL,'queueLength',NULL,61),
 (194,'',150,22,51,NULL,'10000',NULL,'0',NULL,600,NULL,1,NULL,'pendingRequests',NULL,62),
 (193,'',121,22,51,NULL,'1000',NULL,'0',NULL,600,NULL,1,NULL,'hoogingThreads',NULL,60),
 (192,'',119,22,51,NULL,'1000',NULL,'0',NULL,600,NULL,1,NULL,'standbyThreads',NULL,59),
 (170,'',117,20,51,NULL,'1000',NULL,'0',NULL,600,NULL,1,NULL,'executeIdle',NULL,58),
 (171,'',148,20,51,NULL,'1000000',NULL,'0',NULL,600,NULL,2,NULL,'completedRequests',NULL,63),
 (172,'',113,20,51,NULL,'0',NULL,'0',NULL,120,NULL,1,NULL,'activeThreads',NULL,56),
 (173,'',114,20,51,NULL,'1000',NULL,'1',NULL,600,NULL,1,NULL,'executeTotal',NULL,57),
 (174,'',119,20,51,NULL,'1000',NULL,'0',NULL,600,NULL,1,NULL,'standbyThreads',NULL,59),
 (175,'',121,20,51,NULL,'1000',NULL,'0',NULL,600,NULL,1,NULL,'hoogingThreads',NULL,60),
 (176,'',150,20,51,NULL,'10000',NULL,'0',NULL,600,NULL,1,NULL,'pendingRequests',NULL,62),
 (177,'',152,20,51,NULL,'1000',NULL,'0',NULL,600,NULL,1,NULL,'queueLength',NULL,61),
 (178,'',154,20,51,NULL,'300',NULL,'0',NULL,600,NULL,1,NULL,'throughput',NULL,64),
 (179,'',117,21,51,NULL,'1000',NULL,'0',NULL,600,NULL,1,NULL,'executeIdle',NULL,58),
 (180,'',148,21,51,NULL,'1000000',NULL,'0',NULL,600,NULL,2,NULL,'completedRequests',NULL,63),
 (181,'',113,21,51,NULL,'0',NULL,'0',NULL,120,NULL,1,NULL,'activeThreads',NULL,56),
 (182,'',114,21,51,NULL,'1000',NULL,'1',NULL,600,NULL,1,NULL,'executeTotal',NULL,57),
 (183,'',119,21,51,NULL,'1000',NULL,'0',NULL,600,NULL,1,NULL,'standbyThreads',NULL,59),
 (184,'',121,21,51,NULL,'1000',NULL,'0',NULL,600,NULL,1,NULL,'hoogingThreads',NULL,60),
 (185,'',150,21,51,NULL,'10000',NULL,'0',NULL,600,NULL,1,NULL,'pendingRequests',NULL,62),
 (186,'',152,21,51,NULL,'1000',NULL,'0',NULL,600,NULL,1,NULL,'queueLength',NULL,61),
 (187,'',154,21,51,NULL,'300',NULL,'0',NULL,600,NULL,1,NULL,'throughput',NULL,64),
 (232,'',150,26,51,NULL,'10000',NULL,'0',NULL,600,NULL,1,NULL,'pendingRequests',NULL,62),
 (217,'7aa87f9da32bac5d6494678e7594bcae',0,0,54,'','1000','','0','',600,'',1,'','time','',67),
 (272,'',217,31,54,NULL,'1000',NULL,'0',NULL,600,NULL,1,NULL,'time',NULL,67),
 (226,'',217,25,54,NULL,'1000',NULL,'0',NULL,600,NULL,1,NULL,'time',NULL,67),
 (227,'',114,26,51,NULL,'1000',NULL,'1',NULL,600,NULL,1,NULL,'executeTotal',NULL,57),
 (228,'',113,26,51,NULL,'0',NULL,'0',NULL,120,NULL,1,NULL,'activeThreads',NULL,56),
 (229,'',148,26,51,NULL,'1000000',NULL,'0',NULL,600,NULL,2,NULL,'completedRequests',NULL,63),
 (230,'',121,26,51,NULL,'1000',NULL,'0',NULL,600,NULL,1,NULL,'hoogingThreads',NULL,60),
 (231,'',152,26,51,NULL,'1000',NULL,'0',NULL,600,NULL,1,NULL,'queueLength',NULL,61),
 (233,'',117,26,51,NULL,'1000',NULL,'0',NULL,600,NULL,1,NULL,'executeIdle',NULL,58),
 (234,'',119,26,51,NULL,'1000',NULL,'0',NULL,600,NULL,1,NULL,'standbyThreads',NULL,59),
 (235,'',154,26,51,NULL,'300',NULL,'0',NULL,600,NULL,1,NULL,'throughput',NULL,64),
 (236,'',117,27,51,NULL,'1000',NULL,'0',NULL,600,NULL,1,NULL,'executeIdle',NULL,58),
 (237,'',148,27,51,NULL,'1000000',NULL,'0',NULL,600,NULL,2,NULL,'completedRequests',NULL,63),
 (238,'',113,27,51,NULL,'0',NULL,'0',NULL,120,NULL,1,NULL,'activeThreads',NULL,56),
 (239,'',114,27,51,NULL,'1000',NULL,'1',NULL,600,NULL,1,NULL,'executeTotal',NULL,57),
 (240,'',119,27,51,NULL,'1000',NULL,'0',NULL,600,NULL,1,NULL,'standbyThreads',NULL,59),
 (241,'',121,27,51,NULL,'1000',NULL,'0',NULL,600,NULL,1,NULL,'hoogingThreads',NULL,60),
 (242,'',150,27,51,NULL,'10000',NULL,'0',NULL,600,NULL,1,NULL,'pendingRequests',NULL,62),
 (243,'',152,27,51,NULL,'1000',NULL,'0',NULL,600,NULL,1,NULL,'queueLength',NULL,61),
 (244,'',154,27,51,NULL,'300',NULL,'0',NULL,600,NULL,1,NULL,'throughput',NULL,64),
 (245,'',117,28,51,NULL,'1000',NULL,'0',NULL,600,NULL,1,NULL,'executeIdle',NULL,58),
 (246,'',148,28,51,NULL,'1000000',NULL,'0',NULL,600,NULL,2,NULL,'completedRequests',NULL,63),
 (247,'',113,28,51,NULL,'0',NULL,'0',NULL,120,NULL,1,NULL,'activeThreads',NULL,56),
 (248,'',114,28,51,NULL,'1000',NULL,'1',NULL,600,NULL,1,NULL,'executeTotal',NULL,57),
 (249,'',119,28,51,NULL,'1000',NULL,'0',NULL,600,NULL,1,NULL,'standbyThreads',NULL,59),
 (250,'',121,28,51,NULL,'1000',NULL,'0',NULL,600,NULL,1,NULL,'hoogingThreads',NULL,60),
 (251,'',150,28,51,NULL,'10000',NULL,'0',NULL,600,NULL,1,NULL,'pendingRequests',NULL,62),
 (252,'',152,28,51,NULL,'1000',NULL,'0',NULL,600,NULL,1,NULL,'queueLength',NULL,61),
 (253,'',154,28,51,NULL,'300',NULL,'0',NULL,600,NULL,1,NULL,'throughput',NULL,64),
 (254,'',117,29,51,NULL,'1000',NULL,'0',NULL,600,NULL,1,NULL,'executeIdle',NULL,58),
 (255,'',148,29,51,NULL,'1000000',NULL,'0',NULL,600,NULL,2,NULL,'completedRequests',NULL,63),
 (256,'',113,29,51,NULL,'0',NULL,'0',NULL,120,NULL,1,NULL,'activeThreads',NULL,56),
 (257,'',114,29,51,NULL,'1000',NULL,'1',NULL,600,NULL,1,NULL,'executeTotal',NULL,57),
 (258,'',119,29,51,NULL,'1000',NULL,'0',NULL,600,NULL,1,NULL,'standbyThreads',NULL,59),
 (259,'',121,29,51,NULL,'1000',NULL,'0',NULL,600,NULL,1,NULL,'hoogingThreads',NULL,60),
 (260,'',150,29,51,NULL,'10000',NULL,'0',NULL,600,NULL,1,NULL,'pendingRequests',NULL,62),
 (261,'',152,29,51,NULL,'1000',NULL,'0',NULL,600,NULL,1,NULL,'queueLength',NULL,61),
 (262,'',154,29,51,NULL,'300',NULL,'0',NULL,600,NULL,1,NULL,'throughput',NULL,64),
 (263,'',117,30,51,NULL,'1000',NULL,'0',NULL,600,NULL,1,NULL,'executeIdle',NULL,58),
 (264,'',148,30,51,NULL,'1000000',NULL,'0',NULL,600,NULL,2,NULL,'completedRequests',NULL,63),
 (265,'',113,30,51,NULL,'0',NULL,'0',NULL,120,NULL,1,NULL,'activeThreads',NULL,56),
 (266,'',114,30,51,NULL,'1000',NULL,'1',NULL,600,NULL,1,NULL,'executeTotal',NULL,57),
 (267,'',119,30,51,NULL,'1000',NULL,'0',NULL,600,NULL,1,NULL,'standbyThreads',NULL,59),
 (268,'',121,30,51,NULL,'1000',NULL,'0',NULL,600,NULL,1,NULL,'hoogingThreads',NULL,60),
 (269,'',150,30,51,NULL,'10000',NULL,'0',NULL,600,NULL,1,NULL,'pendingRequests',NULL,62),
 (270,'',152,30,51,NULL,'1000',NULL,'0',NULL,600,NULL,1,NULL,'queueLength',NULL,61),
 (271,'',154,30,51,NULL,'300',NULL,'0',NULL,600,NULL,1,NULL,'throughput',NULL,64),
 (274,'4ea798bd0e54ec609e83b80b4016b785',0,0,55,'','0','','0','',120,'',1,'','totalCount','',70),
 (275,'df53276c1a85ad9c60bac0f481d3c8d5',0,0,55,'','0','','0','',120,'',1,'','count10','',74),
 (276,'a244c3bdde1a9c6cea21c406e5561d7c',0,0,55,'','0','','0','',120,'',1,'','count5','',75),
 (591,'',470,71,59,NULL,'0',NULL,'0',NULL,120,NULL,1,NULL,'TOCount',NULL,97),
 (590,'',397,71,59,NULL,'0',NULL,'0',NULL,120,NULL,1,NULL,'countP5',NULL,96),
 (589,'',396,71,59,NULL,'0',NULL,'0',NULL,120,NULL,1,NULL,'countP4',NULL,95),
 (652,'',453,79,59,NULL,'0',NULL,'0',NULL,120,NULL,1,NULL,'countP3',NULL,89),
 (651,'',452,79,59,NULL,'0',NULL,'0',NULL,120,NULL,1,NULL,'countP1',NULL,87),
 (647,'',451,78,59,NULL,'0',NULL,'0',NULL,120,NULL,1,NULL,'countP2',NULL,88),
 (648,'',449,79,59,NULL,'0',NULL,'0',NULL,120,NULL,1,NULL,'averageTime',NULL,86),
 (649,'',450,79,59,NULL,'0',NULL,'0',NULL,120,NULL,1,NULL,'totalCount',NULL,85),
 (650,'',451,79,59,NULL,'0',NULL,'0',NULL,120,NULL,1,NULL,'countP2',NULL,88),
 (605,'',454,73,59,NULL,'0',NULL,'0',NULL,120,NULL,1,NULL,'countP4',NULL,95),
 (604,'',453,73,59,NULL,'0',NULL,'0',NULL,120,NULL,1,NULL,'countP3',NULL,89),
 (603,'',452,73,59,NULL,'0',NULL,'0',NULL,120,NULL,1,NULL,'countP1',NULL,87),
 (602,'',451,73,59,NULL,'0',NULL,'0',NULL,120,NULL,1,NULL,'countP2',NULL,88),
 (631,'',449,76,59,NULL,'0',NULL,'0',NULL,120,NULL,1,NULL,'averageTime',NULL,86),
 (630,'',455,76,59,NULL,'0',NULL,'0',NULL,120,NULL,1,NULL,'countP5',NULL,96),
 (629,'',484,76,59,NULL,'0',NULL,'0',NULL,120,NULL,1,NULL,'TOCount',NULL,97),
 (619,'',450,75,59,NULL,'0',NULL,'0',NULL,120,NULL,1,NULL,'totalCount',NULL,85),
 (620,'',453,75,59,NULL,'0',NULL,'0',NULL,120,NULL,1,NULL,'countP3',NULL,89),
 (621,'',452,75,59,NULL,'0',NULL,'0',NULL,120,NULL,1,NULL,'countP1',NULL,87),
 (622,'',451,75,59,NULL,'0',NULL,'0',NULL,120,NULL,1,NULL,'countP2',NULL,88),
 (623,'',454,75,59,NULL,'0',NULL,'0',NULL,120,NULL,1,NULL,'countP4',NULL,95),
 (624,'',454,76,59,NULL,'0',NULL,'0',NULL,120,NULL,1,NULL,'countP4',NULL,95),
 (625,'',453,76,59,NULL,'0',NULL,'0',NULL,120,NULL,1,NULL,'countP3',NULL,89),
 (626,'',452,76,59,NULL,'0',NULL,'0',NULL,120,NULL,1,NULL,'countP1',NULL,87),
 (627,'',451,76,59,NULL,'0',NULL,'0',NULL,120,NULL,1,NULL,'countP2',NULL,88),
 (628,'',450,76,59,NULL,'0',NULL,'0',NULL,120,NULL,1,NULL,'totalCount',NULL,85),
 (523,'',396,64,59,NULL,'0',NULL,'0',NULL,120,NULL,1,NULL,'countP4',NULL,95),
 (522,'',391,64,59,NULL,'0',NULL,'0',NULL,120,NULL,1,NULL,'averageTime',NULL,86),
 (521,'',392,64,59,NULL,'0',NULL,'0',NULL,120,NULL,1,NULL,'totalCount',NULL,85),
 (637,'',452,77,59,NULL,'0',NULL,'0',NULL,120,NULL,1,NULL,'countP1',NULL,87),
 (636,'',453,77,59,NULL,'0',NULL,'0',NULL,120,NULL,1,NULL,'countP3',NULL,89),
 (635,'',454,77,59,NULL,'0',NULL,'0',NULL,120,NULL,1,NULL,'countP4',NULL,95),
 (703,'',393,86,59,NULL,'0',NULL,'0',NULL,120,NULL,1,NULL,'countP2',NULL,88),
 (702,'',392,86,59,NULL,'0',NULL,'0',NULL,120,NULL,1,NULL,'totalCount',NULL,85),
 (701,'',391,86,59,NULL,'0',NULL,'0',NULL,120,NULL,1,NULL,'averageTime',NULL,86),
 (321,'d5f4e2e9f6306065f925adc745e691ee',0,0,55,'','0','','0','',120,'',1,'','count20','',73),
 (588,'',391,71,59,NULL,'0',NULL,'0',NULL,120,NULL,1,NULL,'averageTime',NULL,86),
 (646,'',450,78,59,NULL,'0',NULL,'0',NULL,120,NULL,1,NULL,'totalCount',NULL,85),
 (616,'',449,75,59,NULL,'0',NULL,'0',NULL,120,NULL,1,NULL,'averageTime',NULL,86),
 (617,'',484,75,59,NULL,'0',NULL,'0',NULL,120,NULL,1,NULL,'TOCount',NULL,97),
 (618,'',455,75,59,NULL,'0',NULL,'0',NULL,120,NULL,1,NULL,'countP5',NULL,96),
 (634,'',484,77,59,NULL,'0',NULL,'0',NULL,120,NULL,1,NULL,'TOCount',NULL,97),
 (645,'',449,78,59,NULL,'0',NULL,'0',NULL,120,NULL,1,NULL,'averageTime',NULL,86),
 (615,'',449,74,59,NULL,'0',NULL,'0',NULL,120,NULL,1,NULL,'averageTime',NULL,86),
 (520,'',393,64,59,NULL,'0',NULL,'0',NULL,120,NULL,1,NULL,'countP2',NULL,88),
 (700,'',396,86,59,NULL,'0',NULL,'0',NULL,120,NULL,1,NULL,'countP4',NULL,95),
 (333,'feea9ca21b0f938db062fbf68e416030',0,0,55,'','0','','0','',120,'',1,'','count30','',72),
 (644,'',455,78,59,NULL,'0',NULL,'0',NULL,120,NULL,1,NULL,'countP5',NULL,96),
 (601,'',450,73,59,NULL,'0',NULL,'0',NULL,120,NULL,1,NULL,'totalCount',NULL,85),
 (613,'',484,74,59,NULL,'0',NULL,'0',NULL,120,NULL,1,NULL,'TOCount',NULL,97),
 (614,'',455,74,59,NULL,'0',NULL,'0',NULL,120,NULL,1,NULL,'countP5',NULL,96),
 (633,'',455,77,59,NULL,'0',NULL,'0',NULL,120,NULL,1,NULL,'countP5',NULL,96),
 (587,'',392,71,59,NULL,'0',NULL,'0',NULL,120,NULL,1,NULL,'totalCount',NULL,85),
 (612,'',450,74,59,NULL,'0',NULL,'0',NULL,120,NULL,1,NULL,'totalCount',NULL,85),
 (519,'',394,64,59,NULL,'0',NULL,'0',NULL,120,NULL,1,NULL,'countP1',NULL,87),
 (699,'',397,86,59,NULL,'0',NULL,'0',NULL,120,NULL,1,NULL,'countP5',NULL,96),
 (345,'9853f3f03583becb1fb2b61424946c87',0,0,55,'','0','','0','',120,'',1,'','count60','',71),
 (607,'',484,73,59,NULL,'0',NULL,'0',NULL,120,NULL,1,NULL,'TOCount',NULL,97),
 (609,'',453,74,59,NULL,'0',NULL,'0',NULL,120,NULL,1,NULL,'countP3',NULL,89),
 (610,'',452,74,59,NULL,'0',NULL,'0',NULL,120,NULL,1,NULL,'countP1',NULL,87),
 (611,'',451,74,59,NULL,'0',NULL,'0',NULL,120,NULL,1,NULL,'countP2',NULL,88),
 (586,'',393,71,59,NULL,'0',NULL,'0',NULL,120,NULL,1,NULL,'countP2',NULL,88),
 (606,'',455,73,59,NULL,'0',NULL,'0',NULL,120,NULL,1,NULL,'countP5',NULL,96),
 (600,'',449,73,59,NULL,'0',NULL,'0',NULL,120,NULL,1,NULL,'averageTime',NULL,86),
 (608,'',454,74,59,NULL,'0',NULL,'0',NULL,120,NULL,1,NULL,'countP4',NULL,95),
 (518,'',395,64,59,NULL,'0',NULL,'0',NULL,120,NULL,1,NULL,'countP3',NULL,89),
 (632,'',449,77,59,NULL,'0',NULL,'0',NULL,120,NULL,1,NULL,'averageTime',NULL,86),
 (698,'',470,86,59,NULL,'0',NULL,'0',NULL,120,NULL,1,NULL,'TOCount',NULL,97),
 (737,'',736,97,64,NULL,'0',NULL,'0',NULL,120,NULL,1,NULL,'ConnectionDelayTime',NULL,125),
 (736,'a943554ff9ac1b68ef10c0c5d6bf2e64',0,0,64,'','0','','0','',120,'',1,'','ConnectionDelayTime','',125),
 (735,'7abbbeb1c15cd22a8c946be1088185ed',0,0,64,'','0','','0','',120,'',1,'','ActiveConnectionsHC','',124),
 (734,'45737ec530a8c3f4eaa055af8a0a656a',0,0,64,'','0','','0','',120,'',1,'','ActiveConnectionsCC','',123),
 (740,'c1ddec77f8eb756f09af6ba1acc53492',0,0,64,'','0','','0','',120,'',1,'','ConnectionsTC','',126),
 (739,'',734,97,64,NULL,'0',NULL,'0',NULL,120,NULL,1,NULL,'ActiveConnectionsCC',NULL,123),
 (738,'',735,97,64,NULL,'0',NULL,'0',NULL,120,NULL,1,NULL,'ActiveConnectionsHC',NULL,124),
 (664,'',395,81,59,NULL,'0',NULL,'0',NULL,120,NULL,1,NULL,'countP3',NULL,89),
 (663,'',454,80,59,NULL,'0',NULL,'0',NULL,120,NULL,1,NULL,'countP4',NULL,95),
 (662,'',455,80,59,NULL,'0',NULL,'0',NULL,120,NULL,1,NULL,'countP5',NULL,96),
 (661,'',484,80,59,NULL,'0',NULL,'0',NULL,120,NULL,1,NULL,'TOCount',NULL,97),
 (655,'',484,79,59,NULL,'0',NULL,'0',NULL,120,NULL,1,NULL,'TOCount',NULL,97),
 (654,'',455,79,59,NULL,'0',NULL,'0',NULL,120,NULL,1,NULL,'countP5',NULL,96),
 (653,'',454,79,59,NULL,'0',NULL,'0',NULL,120,NULL,1,NULL,'countP4',NULL,95),
 (643,'',484,78,59,NULL,'0',NULL,'0',NULL,120,NULL,1,NULL,'TOCount',NULL,97),
 (642,'',454,78,59,NULL,'0',NULL,'0',NULL,120,NULL,1,NULL,'countP4',NULL,95),
 (641,'',453,78,59,NULL,'0',NULL,'0',NULL,120,NULL,1,NULL,'countP3',NULL,89),
 (640,'',452,78,59,NULL,'0',NULL,'0',NULL,120,NULL,1,NULL,'countP1',NULL,87),
 (639,'',450,77,59,NULL,'0',NULL,'0',NULL,120,NULL,1,NULL,'totalCount',NULL,85),
 (638,'',451,77,59,NULL,'0',NULL,'0',NULL,120,NULL,1,NULL,'countP2',NULL,88),
 (385,'fa17f2de34dd13ec7d4bd95682821a87',0,0,56,'','0','','0','',600,'',1,'','count5306740234','',81),
 (386,'cbdd656d4dd266e59063215fe43b4620',0,0,56,'','0','','0','',120,'',1,'','count5306740294','',82),
 (387,'',385,47,56,NULL,'0',NULL,'0',NULL,600,NULL,1,NULL,'count5306740234',NULL,81),
 (388,'',386,47,56,NULL,'0',NULL,'0',NULL,120,NULL,1,NULL,'count5306740294',NULL,82),
 (564,'',391,68,59,NULL,'0',NULL,'0',NULL,120,NULL,1,NULL,'averageTime',NULL,86),
 (405,'',0,50,60,NULL,'0',NULL,'0',NULL,120,NULL,1,NULL,'averageTime',NULL,86),
 (537,'0c1cf10c55a5baa00dcd5fe49be15d1f',0,0,60,'','0','','0','',120,'',1,'','countP1','',87),
 (536,'2ee9110afdf485d2f5ef3f42309c3c13',0,0,60,'','0','','0','',120,'',1,'','countP2','',88),
 (535,'ac25f5df299acd73d39f4fbe7e878778',0,0,60,'','0','','0','',120,'',1,'','totalCount','',85),
 (534,'f913bcffaea5a659fed97caabcd76ecd',0,0,60,'','0','','0','',120,'',1,'','averageTime','',86),
 (592,'',454,72,59,NULL,'0',NULL,'0',NULL,120,NULL,1,NULL,'countP4',NULL,95),
 (562,'',393,68,59,NULL,'0',NULL,'0',NULL,120,NULL,1,NULL,'countP2',NULL,88),
 (563,'',392,68,59,NULL,'0',NULL,'0',NULL,120,NULL,1,NULL,'totalCount',NULL,85),
 (561,'',394,68,59,NULL,'0',NULL,'0',NULL,120,NULL,1,NULL,'countP1',NULL,87),
 (560,'',395,68,59,NULL,'0',NULL,'0',NULL,120,NULL,1,NULL,'countP3',NULL,89),
 (406,'',0,50,60,NULL,'0',NULL,'0',NULL,120,NULL,1,NULL,'totalCount',NULL,85),
 (407,'',0,50,60,NULL,'0',NULL,'0',NULL,120,NULL,1,NULL,'countP2',NULL,88),
 (408,'',0,50,60,NULL,'0',NULL,'0',NULL,120,NULL,1,NULL,'countP1',NULL,87),
 (409,'',0,50,60,NULL,'0',NULL,'0',NULL,120,NULL,1,NULL,'countP3',NULL,89),
 (410,'',0,50,60,NULL,'0',NULL,'0',NULL,120,NULL,1,NULL,'countP4',NULL,95),
 (411,'',0,50,60,NULL,'0',NULL,'0',NULL,120,NULL,1,NULL,'countP5',NULL,96),
 (419,'',0,52,60,NULL,'0',NULL,'0',NULL,120,NULL,1,NULL,'countP3',NULL,89),
 (420,'',0,52,60,NULL,'0',NULL,'0',NULL,120,NULL,1,NULL,'countP1',NULL,87),
 (421,'',0,52,60,NULL,'0',NULL,'0',NULL,120,NULL,1,NULL,'countP2',NULL,88),
 (422,'',0,52,60,NULL,'0',NULL,'0',NULL,120,NULL,1,NULL,'totalCount',NULL,85),
 (423,'',0,52,60,NULL,'0',NULL,'0',NULL,120,NULL,1,NULL,'averageTime',NULL,86),
 (424,'',0,52,60,NULL,'0',NULL,'0',NULL,120,NULL,1,NULL,'countP4',NULL,95),
 (425,'',0,52,60,NULL,'0',NULL,'0',NULL,120,NULL,1,NULL,'countP5',NULL,96),
 (426,'',0,53,60,NULL,'0',NULL,'0',NULL,120,NULL,1,NULL,'countP3',NULL,89),
 (427,'',0,53,60,NULL,'0',NULL,'0',NULL,120,NULL,1,NULL,'countP1',NULL,87),
 (428,'',0,53,60,NULL,'0',NULL,'0',NULL,120,NULL,1,NULL,'countP2',NULL,88),
 (429,'',0,53,60,NULL,'0',NULL,'0',NULL,120,NULL,1,NULL,'totalCount',NULL,85),
 (430,'',0,53,60,NULL,'0',NULL,'0',NULL,120,NULL,1,NULL,'averageTime',NULL,86),
 (431,'',0,53,60,NULL,'0',NULL,'0',NULL,120,NULL,1,NULL,'countP4',NULL,95),
 (432,'',0,53,60,NULL,'0',NULL,'0',NULL,120,NULL,1,NULL,'countP5',NULL,96),
 (433,'',0,54,59,NULL,'0',NULL,'0',NULL,120,NULL,1,NULL,'countP3',NULL,89),
 (434,'',0,54,59,NULL,'0',NULL,'0',NULL,120,NULL,1,NULL,'countP1',NULL,87),
 (435,'',0,54,59,NULL,'0',NULL,'0',NULL,120,NULL,1,NULL,'countP2',NULL,88),
 (436,'',0,54,59,NULL,'0',NULL,'0',NULL,120,NULL,1,NULL,'totalCount',NULL,85),
 (437,'',0,54,59,NULL,'0',NULL,'0',NULL,120,NULL,1,NULL,'averageTime',NULL,86),
 (438,'',0,54,59,NULL,'0',NULL,'0',NULL,120,NULL,1,NULL,'countP4',NULL,95),
 (439,'',0,54,59,NULL,'0',NULL,'0',NULL,120,NULL,1,NULL,'countP5',NULL,96),
 (660,'',451,80,59,NULL,'0',NULL,'0',NULL,120,NULL,1,NULL,'countP2',NULL,88),
 (659,'',450,80,59,NULL,'0',NULL,'0',NULL,120,NULL,1,NULL,'totalCount',NULL,85),
 (658,'',449,80,59,NULL,'0',NULL,'0',NULL,120,NULL,1,NULL,'averageTime',NULL,86),
 (657,'',452,80,59,NULL,'0',NULL,'0',NULL,120,NULL,1,NULL,'countP1',NULL,87),
 (656,'',453,80,59,NULL,'0',NULL,'0',NULL,120,NULL,1,NULL,'countP3',NULL,89),
 (447,'',385,56,56,NULL,'0',NULL,'0',NULL,600,NULL,1,NULL,'count5306740234',NULL,81),
 (448,'',386,56,56,NULL,'0',NULL,'0',NULL,120,NULL,1,NULL,'count5306740294',NULL,82),
 (449,'be5f088868862ca30c7194abf5f203c2',0,0,59,'','0','','0','',120,'',1,'','averageTime','',86),
 (450,'a1502d2b74b15ab6afb3676684f7046f',0,0,59,'','0','','0','',120,'',1,'','totalCount','',85),
 (451,'cffdd855b9070a9c56f551cd7b5ba361',0,0,59,NULL,'0',NULL,'0',NULL,120,NULL,1,NULL,'countP2',NULL,88),
 (452,'0146c2377800ee20d845e28ed44b59d5',0,0,59,NULL,'0',NULL,'0',NULL,120,NULL,1,NULL,'countP1',NULL,87),
 (453,'dd5a0a40702280f0ebe111d4cb703888',0,0,59,NULL,'0',NULL,'0',NULL,120,NULL,1,NULL,'countP3',NULL,89),
 (454,'a9574f9c451bf71cf1c55f2a6eebba65',0,0,59,'','0','','0','',120,'',1,'','countP4','',95),
 (455,'2d6e5e50c25772832aec2edf8121e309',0,0,59,'','0','','0','',120,'',1,'','countP5','',96),
 (456,'',395,57,60,NULL,'0',NULL,'0',NULL,120,NULL,1,NULL,'countP3',NULL,89),
 (457,'',394,57,60,NULL,'0',NULL,'0',NULL,120,NULL,1,NULL,'countP1',NULL,87),
 (458,'',393,57,60,NULL,'0',NULL,'0',NULL,120,NULL,1,NULL,'countP2',NULL,88),
 (459,'',392,57,60,NULL,'0',NULL,'0',NULL,120,NULL,1,NULL,'totalCount',NULL,85),
 (460,'',391,57,60,NULL,'0',NULL,'0',NULL,120,NULL,1,NULL,'averageTime',NULL,86),
 (461,'',396,57,60,NULL,'0',NULL,'0',NULL,120,NULL,1,NULL,'countP4',NULL,95),
 (462,'',397,57,60,NULL,'0',NULL,'0',NULL,120,NULL,1,NULL,'countP5',NULL,96),
 (581,'',454,70,59,NULL,'0',NULL,'0',NULL,120,NULL,1,NULL,'countP4',NULL,95),
 (580,'',453,70,59,NULL,'0',NULL,'0',NULL,120,NULL,1,NULL,'countP3',NULL,89),
 (579,'',452,70,59,NULL,'0',NULL,'0',NULL,120,NULL,1,NULL,'countP1',NULL,87),
 (577,'',450,70,59,NULL,'0',NULL,'0',NULL,120,NULL,1,NULL,'totalCount',NULL,85),
 (578,'',451,70,59,NULL,'0',NULL,'0',NULL,120,NULL,1,NULL,'countP2',NULL,88),
 (575,'',0,69,60,NULL,'0',NULL,'0',NULL,120,NULL,1,NULL,'TOCount',NULL,97),
 (576,'',449,70,59,NULL,'0',NULL,'0',NULL,120,NULL,1,NULL,'averageTime',NULL,86),
 (472,'',0,50,60,NULL,'0',NULL,'0',NULL,120,NULL,1,NULL,'TOCount',NULL,97),
 (473,'',0,52,60,NULL,'0',NULL,'0',NULL,120,NULL,1,NULL,'TOCount',NULL,97),
 (474,'',0,53,60,NULL,'0',NULL,'0',NULL,120,NULL,1,NULL,'TOCount',NULL,97),
 (475,'',0,54,59,NULL,'0',NULL,'0',NULL,120,NULL,1,NULL,'TOCount',NULL,97),
 (583,'',484,70,59,NULL,'0',NULL,'0',NULL,120,NULL,1,NULL,'TOCount',NULL,97),
 (582,'',455,70,59,NULL,'0',NULL,'0',NULL,120,NULL,1,NULL,'countP5',NULL,96),
 (574,'',0,69,60,NULL,'0',NULL,'0',NULL,120,NULL,1,NULL,'countP5',NULL,96),
 (573,'',0,69,60,NULL,'0',NULL,'0',NULL,120,NULL,1,NULL,'countP4',NULL,95),
 (572,'',0,69,60,NULL,'0',NULL,'0',NULL,120,NULL,1,NULL,'averageTime',NULL,86),
 (484,'d9fc205736846e093a360cd7f3a073a7',0,0,59,'','0','','0','',120,'',1,'','TOCount','',97),
 (485,'',484,57,60,NULL,'0',NULL,'0',NULL,120,NULL,1,NULL,'TOCount',NULL,97),
 (486,'',395,60,59,NULL,'0',NULL,'0',NULL,120,NULL,1,NULL,'countP3',NULL,89),
 (487,'',394,60,59,NULL,'0',NULL,'0',NULL,120,NULL,1,NULL,'countP1',NULL,87),
 (488,'',393,60,59,NULL,'0',NULL,'0',NULL,120,NULL,1,NULL,'countP2',NULL,88),
 (489,'',392,60,59,NULL,'0',NULL,'0',NULL,120,NULL,1,NULL,'totalCount',NULL,85),
 (490,'',391,60,59,NULL,'0',NULL,'0',NULL,120,NULL,1,NULL,'averageTime',NULL,86),
 (491,'',396,60,59,NULL,'0',NULL,'0',NULL,120,NULL,1,NULL,'countP4',NULL,95),
 (492,'',397,60,59,NULL,'0',NULL,'0',NULL,120,NULL,1,NULL,'countP5',NULL,96),
 (493,'',470,60,59,NULL,'0',NULL,'0',NULL,120,NULL,1,NULL,'TOCount',NULL,97),
 (494,'',395,61,59,NULL,'0',NULL,'0',NULL,120,NULL,1,NULL,'countP3',NULL,89),
 (495,'',394,61,59,NULL,'0',NULL,'0',NULL,120,NULL,1,NULL,'countP1',NULL,87),
 (496,'',393,61,59,NULL,'0',NULL,'0',NULL,120,NULL,1,NULL,'countP2',NULL,88),
 (497,'',392,61,59,NULL,'0',NULL,'0',NULL,120,NULL,1,NULL,'totalCount',NULL,85),
 (498,'',391,61,59,NULL,'0',NULL,'0',NULL,120,NULL,1,NULL,'averageTime',NULL,86),
 (499,'',396,61,59,NULL,'0',NULL,'0',NULL,120,NULL,1,NULL,'countP4',NULL,95),
 (500,'',397,61,59,NULL,'0',NULL,'0',NULL,120,NULL,1,NULL,'countP5',NULL,96),
 (501,'',470,61,59,NULL,'0',NULL,'0',NULL,120,NULL,1,NULL,'TOCount',NULL,97),
 (571,'',0,69,60,NULL,'0',NULL,'0',NULL,120,NULL,1,NULL,'totalCount',NULL,85),
 (570,'',0,69,60,NULL,'0',NULL,'0',NULL,120,NULL,1,NULL,'countP2',NULL,88),
 (569,'',0,69,60,NULL,'0',NULL,'0',NULL,120,NULL,1,NULL,'countP1',NULL,87),
 (568,'',0,69,60,NULL,'0',NULL,'0',NULL,120,NULL,1,NULL,'countP3',NULL,89),
 (567,'',484,68,59,NULL,'0',NULL,'0',NULL,120,NULL,1,NULL,'TOCount',NULL,97),
 (566,'',397,68,59,NULL,'0',NULL,'0',NULL,120,NULL,1,NULL,'countP5',NULL,96),
 (565,'',396,68,59,NULL,'0',NULL,'0',NULL,120,NULL,1,NULL,'countP4',NULL,95),
 (510,'',395,63,59,NULL,'0',NULL,'0',NULL,120,NULL,1,NULL,'countP3',NULL,89),
 (511,'',394,63,59,NULL,'0',NULL,'0',NULL,120,NULL,1,NULL,'countP1',NULL,87),
 (512,'',393,63,59,NULL,'0',NULL,'0',NULL,120,NULL,1,NULL,'countP2',NULL,88),
 (513,'',392,63,59,NULL,'0',NULL,'0',NULL,120,NULL,1,NULL,'totalCount',NULL,85),
 (514,'',391,63,59,NULL,'0',NULL,'0',NULL,120,NULL,1,NULL,'averageTime',NULL,86),
 (515,'',396,63,59,NULL,'0',NULL,'0',NULL,120,NULL,1,NULL,'countP4',NULL,95),
 (516,'',397,63,59,NULL,'0',NULL,'0',NULL,120,NULL,1,NULL,'countP5',NULL,96),
 (517,'',470,63,59,NULL,'0',NULL,'0',NULL,120,NULL,1,NULL,'TOCount',NULL,97),
 (524,'',397,64,59,NULL,'0',NULL,'0',NULL,120,NULL,1,NULL,'countP5',NULL,96),
 (525,'',470,64,59,NULL,'0',NULL,'0',NULL,120,NULL,1,NULL,'TOCount',NULL,97),
 (538,'61a1c1e90de721f3072cb7534ac573ef',0,0,60,'','0','','0','',120,'',1,'','countP3','',89),
 (539,'60e31b2adc81efbe05d7702b46aecfb3',0,0,60,'','0','','0','',120,'',1,'','countP4','',95),
 (540,'acbc09f7884f33207053a00d1e798ed6',0,0,60,'','0','','0','',120,'',1,'','countP5','',96),
 (585,'',394,71,59,NULL,'0',NULL,'0',NULL,120,NULL,1,NULL,'countP1',NULL,87),
 (542,'',537,66,60,NULL,'0',NULL,'0',NULL,120,NULL,1,NULL,'countP1',NULL,87),
 (543,'',536,66,60,NULL,'0',NULL,'0',NULL,120,NULL,1,NULL,'countP2',NULL,88),
 (544,'',535,66,60,NULL,'0',NULL,'0',NULL,120,NULL,1,NULL,'totalCount',NULL,85),
 (545,'',534,66,60,NULL,'0',NULL,'0',NULL,120,NULL,1,NULL,'averageTime',NULL,86),
 (546,'',538,66,60,NULL,'0',NULL,'0',NULL,120,NULL,1,NULL,'countP3',NULL,89),
 (547,'',539,66,60,NULL,'0',NULL,'0',NULL,120,NULL,1,NULL,'countP4',NULL,95),
 (548,'',540,66,60,NULL,'0',NULL,'0',NULL,120,NULL,1,NULL,'countP5',NULL,96),
 (584,'',395,71,59,NULL,'0',NULL,'0',NULL,120,NULL,1,NULL,'countP3',NULL,89),
 (550,'94ab9567590a0ed330abcbd09c5e9131',0,0,61,'','0','','0','',120,'',1,'','totalCount','',110),
 (551,'67f2feb2535d07e09436dc0af06f162f',0,0,61,'','0','','0','',120,'',1,'','count200','',111),
 (552,'80cbce659c9dba18331e55b667f2c958',0,0,61,'','0','','0','',120,'',1,'','count302','',112),
 (553,'6ab49dfb3c2b1b649b760b9cb21c8969',0,0,61,'','0','','0','',120,'',1,'','count403','',113),
 (554,'dc0aa7794828803dce66431d9e2a83a4',0,0,61,'','0','','0','',120,'',1,'','count404','',114),
 (555,'',550,67,61,NULL,'0',NULL,'0',NULL,120,NULL,1,NULL,'totalCount',NULL,110),
 (556,'',551,67,61,NULL,'0',NULL,'0',NULL,120,NULL,1,NULL,'count200',NULL,111),
 (557,'',552,67,61,NULL,'0',NULL,'0',NULL,120,NULL,1,NULL,'count302',NULL,112),
 (558,'',553,67,61,NULL,'0',NULL,'0',NULL,120,NULL,1,NULL,'count403',NULL,113),
 (559,'',554,67,61,NULL,'0',NULL,'0',NULL,120,NULL,1,NULL,'count404',NULL,114),
 (593,'',453,72,59,NULL,'0',NULL,'0',NULL,120,NULL,1,NULL,'countP3',NULL,89),
 (594,'',452,72,59,NULL,'0',NULL,'0',NULL,120,NULL,1,NULL,'countP1',NULL,87),
 (595,'',450,72,59,NULL,'0',NULL,'0',NULL,120,NULL,1,NULL,'totalCount',NULL,85),
 (596,'',451,72,59,NULL,'0',NULL,'0',NULL,120,NULL,1,NULL,'countP2',NULL,88),
 (597,'',449,72,59,NULL,'0',NULL,'0',NULL,120,NULL,1,NULL,'averageTime',NULL,86),
 (598,'',484,72,59,NULL,'0',NULL,'0',NULL,120,NULL,1,NULL,'TOCount',NULL,97),
 (599,'',455,72,59,NULL,'0',NULL,'0',NULL,120,NULL,1,NULL,'countP5',NULL,96),
 (665,'',394,81,59,NULL,'0',NULL,'0',NULL,120,NULL,1,NULL,'countP1',NULL,87),
 (666,'',393,81,59,NULL,'0',NULL,'0',NULL,120,NULL,1,NULL,'countP2',NULL,88),
 (667,'',392,81,59,NULL,'0',NULL,'0',NULL,120,NULL,1,NULL,'totalCount',NULL,85),
 (668,'',391,81,59,NULL,'0',NULL,'0',NULL,120,NULL,1,NULL,'averageTime',NULL,86),
 (669,'',396,81,59,NULL,'0',NULL,'0',NULL,120,NULL,1,NULL,'countP4',NULL,95),
 (670,'',397,81,59,NULL,'0',NULL,'0',NULL,120,NULL,1,NULL,'countP5',NULL,96),
 (671,'',470,81,59,NULL,'0',NULL,'0',NULL,120,NULL,1,NULL,'TOCount',NULL,97),
 (672,'',396,82,59,NULL,'0',NULL,'0',NULL,120,NULL,1,NULL,'countP4',NULL,95),
 (673,'',391,82,59,NULL,'0',NULL,'0',NULL,120,NULL,1,NULL,'averageTime',NULL,86),
 (674,'',392,82,59,NULL,'0',NULL,'0',NULL,120,NULL,1,NULL,'totalCount',NULL,85),
 (675,'',393,82,59,NULL,'0',NULL,'0',NULL,120,NULL,1,NULL,'countP2',NULL,88),
 (676,'',394,82,59,NULL,'0',NULL,'0',NULL,120,NULL,1,NULL,'countP1',NULL,87),
 (677,'',395,82,59,NULL,'0',NULL,'0',NULL,120,NULL,1,NULL,'countP3',NULL,89),
 (678,'',397,82,59,NULL,'0',NULL,'0',NULL,120,NULL,1,NULL,'countP5',NULL,96),
 (679,'',470,82,59,NULL,'0',NULL,'0',NULL,120,NULL,1,NULL,'TOCount',NULL,97),
 (680,'',550,83,61,NULL,'0',NULL,'0',NULL,120,NULL,1,NULL,'totalCount',NULL,110),
 (681,'',551,83,61,NULL,'0',NULL,'0',NULL,120,NULL,1,NULL,'count200',NULL,111),
 (682,'',552,83,61,NULL,'0',NULL,'0',NULL,120,NULL,1,NULL,'count302',NULL,112),
 (683,'',553,83,61,NULL,'0',NULL,'0',NULL,120,NULL,1,NULL,'count403',NULL,113),
 (684,'',554,83,61,NULL,'0',NULL,'0',NULL,120,NULL,1,NULL,'count404',NULL,114),
 (685,'',550,84,61,NULL,'0',NULL,'0',NULL,120,NULL,1,NULL,'totalCount',NULL,110),
 (686,'',551,84,61,NULL,'0',NULL,'0',NULL,120,NULL,1,NULL,'count200',NULL,111),
 (687,'',552,84,61,NULL,'0',NULL,'0',NULL,120,NULL,1,NULL,'count302',NULL,112),
 (688,'',553,84,61,NULL,'0',NULL,'0',NULL,120,NULL,1,NULL,'count403',NULL,113),
 (689,'',554,84,61,NULL,'0',NULL,'0',NULL,120,NULL,1,NULL,'count404',NULL,114),
 (690,'',454,85,59,NULL,'0',NULL,'0',NULL,120,NULL,1,NULL,'countP4',NULL,95),
 (691,'',455,85,59,NULL,'0',NULL,'0',NULL,120,NULL,1,NULL,'countP5',NULL,96),
 (692,'',484,85,59,NULL,'0',NULL,'0',NULL,120,NULL,1,NULL,'TOCount',NULL,97),
 (693,'',451,85,59,NULL,'0',NULL,'0',NULL,120,NULL,1,NULL,'countP2',NULL,88),
 (694,'',450,85,59,NULL,'0',NULL,'0',NULL,120,NULL,1,NULL,'totalCount',NULL,85),
 (695,'',449,85,59,NULL,'0',NULL,'0',NULL,120,NULL,1,NULL,'averageTime',NULL,86),
 (696,'',452,85,59,NULL,'0',NULL,'0',NULL,120,NULL,1,NULL,'countP1',NULL,87),
 (697,'',453,85,59,NULL,'0',NULL,'0',NULL,120,NULL,1,NULL,'countP3',NULL,89),
 (704,'',394,86,59,NULL,'0',NULL,'0',NULL,120,NULL,1,NULL,'countP1',NULL,87),
 (705,'',395,86,59,NULL,'0',NULL,'0',NULL,120,NULL,1,NULL,'countP3',NULL,89),
 (772,'',758,99,64,NULL,'0',NULL,'0',NULL,120,NULL,1,NULL,'ConnAvailable',NULL,131),
 (771,'',755,99,64,NULL,'0',NULL,'0',NULL,120,NULL,1,NULL,'FailuresToReconnect',NULL,130),
 (709,'',454,89,59,NULL,'0',NULL,'0',NULL,120,NULL,1,NULL,'countP4',NULL,95),
 (710,'',455,89,59,NULL,'0',NULL,'0',NULL,120,NULL,1,NULL,'countP5',NULL,96),
 (711,'',484,89,59,NULL,'0',NULL,'0',NULL,120,NULL,1,NULL,'TOCount',NULL,97),
 (712,'',451,89,59,NULL,'0',NULL,'0',NULL,120,NULL,1,NULL,'countP2',NULL,88),
 (713,'',450,89,59,NULL,'0',NULL,'0',NULL,120,NULL,1,NULL,'totalCount',NULL,85),
 (714,'',449,89,59,NULL,'0',NULL,'0',NULL,120,NULL,1,NULL,'averageTime',NULL,86),
 (715,'',452,89,59,NULL,'0',NULL,'0',NULL,120,NULL,1,NULL,'countP1',NULL,87),
 (716,'',453,89,59,NULL,'0',NULL,'0',NULL,120,NULL,1,NULL,'countP3',NULL,89),
 (717,'',454,90,59,NULL,'0',NULL,'0',NULL,120,NULL,1,NULL,'countP4',NULL,95),
 (718,'',455,90,59,NULL,'0',NULL,'0',NULL,120,NULL,1,NULL,'countP5',NULL,96),
 (719,'',484,90,59,NULL,'0',NULL,'0',NULL,120,NULL,1,NULL,'TOCount',NULL,97),
 (720,'',451,90,59,NULL,'0',NULL,'0',NULL,120,NULL,1,NULL,'countP2',NULL,88),
 (721,'',450,90,59,NULL,'0',NULL,'0',NULL,120,NULL,1,NULL,'totalCount',NULL,85),
 (722,'',449,90,59,NULL,'0',NULL,'0',NULL,120,NULL,1,NULL,'averageTime',NULL,86),
 (723,'',452,90,59,NULL,'0',NULL,'0',NULL,120,NULL,1,NULL,'countP1',NULL,87),
 (724,'',453,90,59,NULL,'0',NULL,'0',NULL,120,NULL,1,NULL,'countP3',NULL,89),
 (730,'',217,93,54,NULL,'1000',NULL,'0',NULL,600,NULL,1,NULL,'time',NULL,67),
 (731,'',217,94,54,NULL,'1000',NULL,'0',NULL,600,NULL,1,NULL,'time',NULL,67),
 (732,'',217,95,54,NULL,'1000',NULL,'0',NULL,600,NULL,1,NULL,'time',NULL,67),
 (733,'',217,96,54,NULL,'1000',NULL,'0',NULL,600,NULL,1,NULL,'time',NULL,67),
 (741,'',740,97,64,NULL,'0',NULL,'0',NULL,120,NULL,1,NULL,'ConnectionsTC',NULL,126),
 (770,'',752,99,64,NULL,'0',NULL,'0',NULL,120,NULL,1,NULL,'FailedReserveRQC',NULL,129),
 (746,'f86283c634e16a2677e3bb11e2f5a490',0,0,64,'','0','','0','',120,'',1,'','CurrCapacity','',127),
 (747,'',746,97,64,NULL,'0',NULL,'0',NULL,120,NULL,1,NULL,'CurrCapacity',NULL,127),
 (769,'',749,99,64,NULL,'0',NULL,'0',NULL,120,NULL,1,NULL,'CurrCapacityHC',NULL,128),
 (749,'98f1962540c785134fb37ba1c48a53a2',0,0,64,'','0','','0','',120,'',1,'','CurrCapacityHC','',128),
 (750,'',749,97,64,NULL,'0',NULL,'0',NULL,120,NULL,1,NULL,'CurrCapacityHC',NULL,128),
 (768,'',746,99,64,NULL,'0',NULL,'0',NULL,120,NULL,1,NULL,'CurrCapacity',NULL,127),
 (752,'0d20a7ff4956ef3bc6c693fe35f95b28',0,0,64,'','0','','0','',120,'',1,'','FailedReserveRQC','',129),
 (753,'',752,97,64,NULL,'0',NULL,'0',NULL,120,NULL,1,NULL,'FailedReserveRQC',NULL,129),
 (767,'',740,99,64,NULL,'0',NULL,'0',NULL,120,NULL,1,NULL,'ConnectionsTC',NULL,126),
 (755,'f51cb7daf27cf1815d62013ddc22f029',0,0,64,'','0','','0','',120,'',1,'','FailuresToReconnect','',130),
 (756,'',755,97,64,NULL,'0',NULL,'0',NULL,120,NULL,1,NULL,'FailuresToReconnect',NULL,130),
 (766,'',734,99,64,NULL,'0',NULL,'0',NULL,120,NULL,1,NULL,'ActiveConnectionsCC',NULL,123),
 (758,'aea2bc1474c31311bb7e5c3de683b3d6',0,0,64,'','0','','0','',120,'',1,'','ConnAvailable','',131),
 (759,'',758,97,64,NULL,'0',NULL,'0',NULL,120,NULL,1,NULL,'ConnAvailable',NULL,131),
 (765,'',735,99,64,NULL,'0',NULL,'0',NULL,120,NULL,1,NULL,'ActiveConnectionsHC',NULL,124),
 (761,'5fbb44b8059e30caea4f69484a05df1c',0,0,64,'','0','','0','',120,'',1,'','ConnUnavailable','',132),
 (762,'',761,97,64,NULL,'0',NULL,'0',NULL,120,NULL,1,NULL,'ConnUnavailable',NULL,132),
 (764,'',736,99,64,NULL,'0',NULL,'0',NULL,120,NULL,1,NULL,'ConnectionDelayTime',NULL,125),
 (773,'',761,99,64,NULL,'0',NULL,'0',NULL,120,NULL,1,NULL,'ConnUnavailable',NULL,132),
 (774,'c4ed28ea66404fda008bc7b853447917',0,0,65,'','0','','0','on',120,'',1,'','pctMemoryFree','',139),
 (775,'',774,100,65,NULL,'0',NULL,'0',NULL,1800,NULL,1,NULL,'pctMemoryFree',NULL,139),
 (776,'',758,101,64,NULL,'0',NULL,'0',NULL,120,NULL,1,NULL,'ConnAvailable',NULL,131),
 (777,'',755,101,64,NULL,'0',NULL,'0',NULL,120,NULL,1,NULL,'FailuresToReconnect',NULL,130),
 (778,'',752,101,64,NULL,'0',NULL,'0',NULL,120,NULL,1,NULL,'FailedReserveRQC',NULL,129),
 (779,'',749,101,64,NULL,'0',NULL,'0',NULL,120,NULL,1,NULL,'CurrCapacityHC',NULL,128),
 (780,'',746,101,64,NULL,'0',NULL,'0',NULL,120,NULL,1,NULL,'CurrCapacity',NULL,127),
 (781,'',740,101,64,NULL,'0',NULL,'0',NULL,120,NULL,1,NULL,'ConnectionsTC',NULL,126),
 (782,'',734,101,64,NULL,'0',NULL,'0',NULL,120,NULL,1,NULL,'ActiveConnectionsCC',NULL,123),
 (783,'',735,101,64,NULL,'0',NULL,'0',NULL,120,NULL,1,NULL,'ActiveConnectionsHC',NULL,124),
 (784,'',736,101,64,NULL,'0',NULL,'0',NULL,120,NULL,1,NULL,'ConnectionDelayTime',NULL,125),
 (785,'',761,101,64,NULL,'0',NULL,'0',NULL,120,NULL,1,NULL,'ConnUnavailable',NULL,132),
 (786,'',395,102,59,NULL,'0',NULL,'0',NULL,120,NULL,1,NULL,'countP3',NULL,89),
 (787,'',394,102,59,NULL,'0',NULL,'0',NULL,120,NULL,1,NULL,'countP1',NULL,87),
 (788,'',393,102,59,NULL,'0',NULL,'0',NULL,120,NULL,1,NULL,'countP2',NULL,88),
 (789,'',392,102,59,NULL,'0',NULL,'0',NULL,120,NULL,1,NULL,'totalCount',NULL,85),
 (790,'',391,102,59,NULL,'0',NULL,'0',NULL,120,NULL,1,NULL,'averageTime',NULL,86),
 (791,'',396,102,59,NULL,'0',NULL,'0',NULL,120,NULL,1,NULL,'countP4',NULL,95),
 (792,'',397,102,59,NULL,'0',NULL,'0',NULL,120,NULL,1,NULL,'countP5',NULL,96),
 (793,'',470,102,59,NULL,'0',NULL,'0',NULL,120,NULL,1,NULL,'TOCount',NULL,97),
 (794,'',454,103,59,NULL,'0',NULL,'0',NULL,120,NULL,1,NULL,'countP4',NULL,95),
 (795,'',453,103,59,NULL,'0',NULL,'0',NULL,120,NULL,1,NULL,'countP3',NULL,89),
 (796,'',452,103,59,NULL,'0',NULL,'0',NULL,120,NULL,1,NULL,'countP1',NULL,87),
 (797,'',450,103,59,NULL,'0',NULL,'0',NULL,120,NULL,1,NULL,'totalCount',NULL,85),
 (798,'',451,103,59,NULL,'0',NULL,'0',NULL,120,NULL,1,NULL,'countP2',NULL,88),
 (799,'',449,103,59,NULL,'0',NULL,'0',NULL,120,NULL,1,NULL,'averageTime',NULL,86),
 (800,'',484,103,59,NULL,'0',NULL,'0',NULL,120,NULL,1,NULL,'TOCount',NULL,97),
 (801,'',455,103,59,NULL,'0',NULL,'0',NULL,120,NULL,1,NULL,'countP5',NULL,96),
 (802,'',454,104,59,NULL,'0',NULL,'0',NULL,120,NULL,1,NULL,'countP4',NULL,95),
 (803,'',453,104,59,NULL,'0',NULL,'0',NULL,120,NULL,1,NULL,'countP3',NULL,89),
 (804,'',452,104,59,NULL,'0',NULL,'0',NULL,120,NULL,1,NULL,'countP1',NULL,87),
 (805,'',451,104,59,NULL,'0',NULL,'0',NULL,120,NULL,1,NULL,'countP2',NULL,88),
 (806,'',450,104,59,NULL,'0',NULL,'0',NULL,120,NULL,1,NULL,'totalCount',NULL,85),
 (807,'',484,104,59,NULL,'0',NULL,'0',NULL,120,NULL,1,NULL,'TOCount',NULL,97),
 (808,'',455,104,59,NULL,'0',NULL,'0',NULL,120,NULL,1,NULL,'countP5',NULL,96),
 (809,'',449,104,59,NULL,'0',NULL,'0',NULL,120,NULL,1,NULL,'averageTime',NULL,86),
 (810,'',396,105,59,NULL,'0',NULL,'0',NULL,120,NULL,1,NULL,'countP4',NULL,95),
 (811,'',391,105,59,NULL,'0',NULL,'0',NULL,120,NULL,1,NULL,'averageTime',NULL,86),
 (812,'',392,105,59,NULL,'0',NULL,'0',NULL,120,NULL,1,NULL,'totalCount',NULL,85),
 (813,'',393,105,59,NULL,'0',NULL,'0',NULL,120,NULL,1,NULL,'countP2',NULL,88),
 (814,'',394,105,59,NULL,'0',NULL,'0',NULL,120,NULL,1,NULL,'countP1',NULL,87),
 (815,'',395,105,59,NULL,'0',NULL,'0',NULL,120,NULL,1,NULL,'countP3',NULL,89),
 (816,'',397,105,59,NULL,'0',NULL,'0',NULL,120,NULL,1,NULL,'countP5',NULL,96),
 (817,'',470,105,59,NULL,'0',NULL,'0',NULL,120,NULL,1,NULL,'TOCount',NULL,97),
 (818,'',453,106,59,NULL,'0',NULL,'0',NULL,120,NULL,1,NULL,'countP3',NULL,89),
 (819,'',452,106,59,NULL,'0',NULL,'0',NULL,120,NULL,1,NULL,'countP1',NULL,87),
 (820,'',449,106,59,NULL,'0',NULL,'0',NULL,120,NULL,1,NULL,'averageTime',NULL,86),
 (821,'',450,106,59,NULL,'0',NULL,'0',NULL,120,NULL,1,NULL,'totalCount',NULL,85),
 (822,'',451,106,59,NULL,'0',NULL,'0',NULL,120,NULL,1,NULL,'countP2',NULL,88),
 (823,'',484,106,59,NULL,'0',NULL,'0',NULL,120,NULL,1,NULL,'TOCount',NULL,97),
 (824,'',455,106,59,NULL,'0',NULL,'0',NULL,120,NULL,1,NULL,'countP5',NULL,96),
 (825,'',454,106,59,NULL,'0',NULL,'0',NULL,120,NULL,1,NULL,'countP4',NULL,95),
 (826,'',758,107,64,NULL,'0',NULL,'0',NULL,120,NULL,1,NULL,'ConnAvailable',NULL,131),
 (827,'',755,107,64,NULL,'0',NULL,'0',NULL,120,NULL,1,NULL,'FailuresToReconnect',NULL,130),
 (828,'',752,107,64,NULL,'0',NULL,'0',NULL,120,NULL,1,NULL,'FailedReserveRQC',NULL,129),
 (829,'',749,107,64,NULL,'0',NULL,'0',NULL,120,NULL,1,NULL,'CurrCapacityHC',NULL,128),
 (830,'',746,107,64,NULL,'0',NULL,'0',NULL,120,NULL,1,NULL,'CurrCapacity',NULL,127),
 (831,'',740,107,64,NULL,'0',NULL,'0',NULL,120,NULL,1,NULL,'ConnectionsTC',NULL,126),
 (832,'',734,107,64,NULL,'0',NULL,'0',NULL,120,NULL,1,NULL,'ActiveConnectionsCC',NULL,123),
 (833,'',735,107,64,NULL,'0',NULL,'0',NULL,120,NULL,1,NULL,'ActiveConnectionsHC',NULL,124),
 (834,'',736,107,64,NULL,'0',NULL,'0',NULL,120,NULL,1,NULL,'ConnectionDelayTime',NULL,125),
 (835,'',761,107,64,NULL,'0',NULL,'0',NULL,120,NULL,1,NULL,'ConnUnavailable',NULL,132),
 (836,'',758,108,64,NULL,'0',NULL,'0',NULL,120,NULL,1,NULL,'ConnAvailable',NULL,131),
 (837,'',755,108,64,NULL,'0',NULL,'0',NULL,120,NULL,1,NULL,'FailuresToReconnect',NULL,130),
 (838,'',752,108,64,NULL,'0',NULL,'0',NULL,120,NULL,1,NULL,'FailedReserveRQC',NULL,129),
 (839,'',749,108,64,NULL,'0',NULL,'0',NULL,120,NULL,1,NULL,'CurrCapacityHC',NULL,128),
 (840,'',746,108,64,NULL,'0',NULL,'0',NULL,120,NULL,1,NULL,'CurrCapacity',NULL,127),
 (841,'',740,108,64,NULL,'0',NULL,'0',NULL,120,NULL,1,NULL,'ConnectionsTC',NULL,126),
 (842,'',734,108,64,NULL,'0',NULL,'0',NULL,120,NULL,1,NULL,'ActiveConnectionsCC',NULL,123),
 (843,'',735,108,64,NULL,'0',NULL,'0',NULL,120,NULL,1,NULL,'ActiveConnectionsHC',NULL,124),
 (844,'',736,108,64,NULL,'0',NULL,'0',NULL,120,NULL,1,NULL,'ConnectionDelayTime',NULL,125),
 (845,'',761,108,64,NULL,'0',NULL,'0',NULL,120,NULL,1,NULL,'ConnUnavailable',NULL,132),
 (846,'',758,109,64,NULL,'0',NULL,'0',NULL,120,NULL,1,NULL,'ConnAvailable',NULL,131),
 (847,'',755,109,64,NULL,'0',NULL,'0',NULL,120,NULL,1,NULL,'FailuresToReconnect',NULL,130),
 (848,'',752,109,64,NULL,'0',NULL,'0',NULL,120,NULL,1,NULL,'FailedReserveRQC',NULL,129),
 (849,'',749,109,64,NULL,'0',NULL,'0',NULL,120,NULL,1,NULL,'CurrCapacityHC',NULL,128),
 (850,'',746,109,64,NULL,'0',NULL,'0',NULL,120,NULL,1,NULL,'CurrCapacity',NULL,127),
 (851,'',740,109,64,NULL,'0',NULL,'0',NULL,120,NULL,1,NULL,'ConnectionsTC',NULL,126),
 (852,'',734,109,64,NULL,'0',NULL,'0',NULL,120,NULL,1,NULL,'ActiveConnectionsCC',NULL,123),
 (853,'',735,109,64,NULL,'0',NULL,'0',NULL,120,NULL,1,NULL,'ActiveConnectionsHC',NULL,124),
 (854,'',736,109,64,NULL,'0',NULL,'0',NULL,120,NULL,1,NULL,'ConnectionDelayTime',NULL,125),
 (855,'',761,109,64,NULL,'0',NULL,'0',NULL,120,NULL,1,NULL,'ConnUnavailable',NULL,132),
 (856,'889ed4aa68d4057afdab9386cf1e85c0',0,0,64,'','0','','0','',120,'',1,'','WaitingConnectionCC','',133),
 (857,'',856,97,64,NULL,'0',NULL,'0',NULL,120,NULL,1,NULL,'WaitingConnectionCC',NULL,133),
 (858,'',856,99,64,NULL,'0',NULL,'0',NULL,120,NULL,1,NULL,'WaitingConnectionCC',NULL,133),
 (859,'',856,101,64,NULL,'0',NULL,'0',NULL,120,NULL,1,NULL,'WaitingConnectionCC',NULL,133),
 (860,'',856,107,64,NULL,'0',NULL,'0',NULL,120,NULL,1,NULL,'WaitingConnectionCC',NULL,133),
 (861,'',856,108,64,NULL,'0',NULL,'0',NULL,120,NULL,1,NULL,'WaitingConnectionCC',NULL,133),
 (862,'',856,109,64,NULL,'0',NULL,'0',NULL,120,NULL,1,NULL,'WaitingConnectionCC',NULL,133),
 (863,'c9085421cb65ee72f21bc2c3490aa4a9',0,0,64,'','0','','0','',120,'',1,'','WaitingConnectionHC','',135),
 (864,'',863,97,64,NULL,'0',NULL,'0',NULL,120,NULL,1,NULL,'WaitingConnectionHC',NULL,135),
 (865,'',863,99,64,NULL,'0',NULL,'0',NULL,120,NULL,1,NULL,'WaitingConnectionHC',NULL,135),
 (866,'',863,101,64,NULL,'0',NULL,'0',NULL,120,NULL,1,NULL,'WaitingConnectionHC',NULL,135),
 (867,'',863,107,64,NULL,'0',NULL,'0',NULL,120,NULL,1,NULL,'WaitingConnectionHC',NULL,135),
 (868,'',863,108,64,NULL,'0',NULL,'0',NULL,120,NULL,1,NULL,'WaitingConnectionHC',NULL,135),
 (869,'',863,109,64,NULL,'0',NULL,'0',NULL,120,NULL,1,NULL,'WaitingConnectionHC',NULL,135),
 (870,'',758,110,64,NULL,'0',NULL,'0',NULL,120,NULL,1,NULL,'ConnAvailable',NULL,131),
 (871,'',755,110,64,NULL,'0',NULL,'0',NULL,120,NULL,1,NULL,'FailuresToReconnect',NULL,130),
 (872,'',752,110,64,NULL,'0',NULL,'0',NULL,120,NULL,1,NULL,'FailedReserveRQC',NULL,129),
 (873,'',749,110,64,NULL,'0',NULL,'0',NULL,120,NULL,1,NULL,'CurrCapacityHC',NULL,128),
 (874,'',746,110,64,NULL,'0',NULL,'0',NULL,120,NULL,1,NULL,'CurrCapacity',NULL,127),
 (875,'',740,110,64,NULL,'0',NULL,'0',NULL,120,NULL,1,NULL,'ConnectionsTC',NULL,126),
 (876,'',734,110,64,NULL,'0',NULL,'0',NULL,120,NULL,1,NULL,'ActiveConnectionsCC',NULL,123),
 (877,'',735,110,64,NULL,'0',NULL,'0',NULL,120,NULL,1,NULL,'ActiveConnectionsHC',NULL,124),
 (878,'',736,110,64,NULL,'0',NULL,'0',NULL,120,NULL,1,NULL,'ConnectionDelayTime',NULL,125),
 (879,'',761,110,64,NULL,'0',NULL,'0',NULL,120,NULL,1,NULL,'ConnUnavailable',NULL,132),
 (880,'',856,110,64,NULL,'0',NULL,'0',NULL,120,NULL,1,NULL,'WaitingConnectionCC',NULL,133),
 (881,'',863,110,64,NULL,'0',NULL,'0',NULL,120,NULL,1,NULL,'WaitingConnectionHC',NULL,135),
 (882,'',758,111,64,NULL,'0',NULL,'0',NULL,120,NULL,1,NULL,'ConnAvailable',NULL,131),
 (883,'',755,111,64,NULL,'0',NULL,'0',NULL,120,NULL,1,NULL,'FailuresToReconnect',NULL,130),
 (884,'',752,111,64,NULL,'0',NULL,'0',NULL,120,NULL,1,NULL,'FailedReserveRQC',NULL,129),
 (885,'',749,111,64,NULL,'0',NULL,'0',NULL,120,NULL,1,NULL,'CurrCapacityHC',NULL,128),
 (886,'',746,111,64,NULL,'0',NULL,'0',NULL,120,NULL,1,NULL,'CurrCapacity',NULL,127),
 (887,'',740,111,64,NULL,'0',NULL,'0',NULL,120,NULL,1,NULL,'ConnectionsTC',NULL,126),
 (888,'',734,111,64,NULL,'0',NULL,'0',NULL,120,NULL,1,NULL,'ActiveConnectionsCC',NULL,123),
 (889,'',735,111,64,NULL,'0',NULL,'0',NULL,120,NULL,1,NULL,'ActiveConnectionsHC',NULL,124),
 (890,'',736,111,64,NULL,'0',NULL,'0',NULL,120,NULL,1,NULL,'ConnectionDelayTime',NULL,125),
 (891,'',761,111,64,NULL,'0',NULL,'0',NULL,120,NULL,1,NULL,'ConnUnavailable',NULL,132),
 (892,'',856,111,64,NULL,'0',NULL,'0',NULL,120,NULL,1,NULL,'WaitingConnectionCC',NULL,133),
 (893,'',863,111,64,NULL,'0',NULL,'0',NULL,120,NULL,1,NULL,'WaitingConnectionHC',NULL,135),
 (894,'',736,112,64,NULL,'0',NULL,'0',NULL,120,NULL,1,NULL,'ConnectionDelayTime',NULL,125),
 (895,'',734,112,64,NULL,'0',NULL,'0',NULL,120,NULL,1,NULL,'ActiveConnectionsCC',NULL,123),
 (896,'',735,112,64,NULL,'0',NULL,'0',NULL,120,NULL,1,NULL,'ActiveConnectionsHC',NULL,124),
 (897,'',740,112,64,NULL,'0',NULL,'0',NULL,120,NULL,1,NULL,'ConnectionsTC',NULL,126),
 (898,'',746,112,64,NULL,'0',NULL,'0',NULL,120,NULL,1,NULL,'CurrCapacity',NULL,127),
 (899,'',749,112,64,NULL,'0',NULL,'0',NULL,120,NULL,1,NULL,'CurrCapacityHC',NULL,128),
 (900,'',752,112,64,NULL,'0',NULL,'0',NULL,120,NULL,1,NULL,'FailedReserveRQC',NULL,129),
 (901,'',755,112,64,NULL,'0',NULL,'0',NULL,120,NULL,1,NULL,'FailuresToReconnect',NULL,130),
 (902,'',758,112,64,NULL,'0',NULL,'0',NULL,120,NULL,1,NULL,'ConnAvailable',NULL,131),
 (903,'',761,112,64,NULL,'0',NULL,'0',NULL,120,NULL,1,NULL,'ConnUnavailable',NULL,132),
 (904,'',856,112,64,NULL,'0',NULL,'0',NULL,120,NULL,1,NULL,'WaitingConnectionCC',NULL,133),
 (905,'',863,112,64,NULL,'0',NULL,'0',NULL,120,NULL,1,NULL,'WaitingConnectionHC',NULL,135),
 (906,'',736,113,64,NULL,'0',NULL,'0',NULL,120,NULL,1,NULL,'ConnectionDelayTime',NULL,125),
 (907,'',734,113,64,NULL,'0',NULL,'0',NULL,120,NULL,1,NULL,'ActiveConnectionsCC',NULL,123),
 (908,'',735,113,64,NULL,'0',NULL,'0',NULL,120,NULL,1,NULL,'ActiveConnectionsHC',NULL,124),
 (909,'',740,113,64,NULL,'0',NULL,'0',NULL,120,NULL,1,NULL,'ConnectionsTC',NULL,126),
 (910,'',746,113,64,NULL,'0',NULL,'0',NULL,120,NULL,1,NULL,'CurrCapacity',NULL,127),
 (911,'',749,113,64,NULL,'0',NULL,'0',NULL,120,NULL,1,NULL,'CurrCapacityHC',NULL,128),
 (912,'',752,113,64,NULL,'0',NULL,'0',NULL,120,NULL,1,NULL,'FailedReserveRQC',NULL,129),
 (913,'',755,113,64,NULL,'0',NULL,'0',NULL,120,NULL,1,NULL,'FailuresToReconnect',NULL,130),
 (914,'',758,113,64,NULL,'0',NULL,'0',NULL,120,NULL,1,NULL,'ConnAvailable',NULL,131),
 (915,'',761,113,64,NULL,'0',NULL,'0',NULL,120,NULL,1,NULL,'ConnUnavailable',NULL,132),
 (916,'',856,113,64,NULL,'0',NULL,'0',NULL,120,NULL,1,NULL,'WaitingConnectionCC',NULL,133),
 (917,'',863,113,64,NULL,'0',NULL,'0',NULL,120,NULL,1,NULL,'WaitingConnectionHC',NULL,135),
 (918,'',736,114,64,NULL,'0',NULL,'0',NULL,120,NULL,1,NULL,'ConnectionDelayTime',NULL,125),
 (919,'',734,114,64,NULL,'0',NULL,'0',NULL,120,NULL,1,NULL,'ActiveConnectionsCC',NULL,123),
 (920,'',735,114,64,NULL,'0',NULL,'0',NULL,120,NULL,1,NULL,'ActiveConnectionsHC',NULL,124),
 (921,'',740,114,64,NULL,'0',NULL,'0',NULL,120,NULL,1,NULL,'ConnectionsTC',NULL,126),
 (922,'',746,114,64,NULL,'0',NULL,'0',NULL,120,NULL,1,NULL,'CurrCapacity',NULL,127),
 (923,'',749,114,64,NULL,'0',NULL,'0',NULL,120,NULL,1,NULL,'CurrCapacityHC',NULL,128),
 (924,'',752,114,64,NULL,'0',NULL,'0',NULL,120,NULL,1,NULL,'FailedReserveRQC',NULL,129),
 (925,'',755,114,64,NULL,'0',NULL,'0',NULL,120,NULL,1,NULL,'FailuresToReconnect',NULL,130),
 (926,'',758,114,64,NULL,'0',NULL,'0',NULL,120,NULL,1,NULL,'ConnAvailable',NULL,131),
 (927,'',761,114,64,NULL,'0',NULL,'0',NULL,120,NULL,1,NULL,'ConnUnavailable',NULL,132),
 (928,'',856,114,64,NULL,'0',NULL,'0',NULL,120,NULL,1,NULL,'WaitingConnectionCC',NULL,133),
 (929,'',863,114,64,NULL,'0',NULL,'0',NULL,120,NULL,1,NULL,'WaitingConnectionHC',NULL,135),
 (930,'',736,115,64,NULL,'0',NULL,'0',NULL,120,NULL,1,NULL,'ConnectionDelayTime',NULL,125),
 (931,'',734,115,64,NULL,'0',NULL,'0',NULL,120,NULL,1,NULL,'ActiveConnectionsCC',NULL,123),
 (932,'',735,115,64,NULL,'0',NULL,'0',NULL,120,NULL,1,NULL,'ActiveConnectionsHC',NULL,124),
 (933,'',740,115,64,NULL,'0',NULL,'0',NULL,120,NULL,1,NULL,'ConnectionsTC',NULL,126),
 (934,'',746,115,64,NULL,'0',NULL,'0',NULL,120,NULL,1,NULL,'CurrCapacity',NULL,127),
 (935,'',749,115,64,NULL,'0',NULL,'0',NULL,120,NULL,1,NULL,'CurrCapacityHC',NULL,128),
 (936,'',752,115,64,NULL,'0',NULL,'0',NULL,120,NULL,1,NULL,'FailedReserveRQC',NULL,129),
 (937,'',755,115,64,NULL,'0',NULL,'0',NULL,120,NULL,1,NULL,'FailuresToReconnect',NULL,130),
 (938,'',758,115,64,NULL,'0',NULL,'0',NULL,120,NULL,1,NULL,'ConnAvailable',NULL,131),
 (939,'',761,115,64,NULL,'0',NULL,'0',NULL,120,NULL,1,NULL,'ConnUnavailable',NULL,132),
 (940,'',856,115,64,NULL,'0',NULL,'0',NULL,120,NULL,1,NULL,'WaitingConnectionCC',NULL,133),
 (941,'',863,115,64,NULL,'0',NULL,'0',NULL,120,NULL,1,NULL,'WaitingConnectionHC',NULL,135),
 (942,'',736,116,64,NULL,'0',NULL,'0',NULL,120,NULL,1,NULL,'ConnectionDelayTime',NULL,125),
 (943,'',734,116,64,NULL,'0',NULL,'0',NULL,120,NULL,1,NULL,'ActiveConnectionsCC',NULL,123),
 (944,'',735,116,64,NULL,'0',NULL,'0',NULL,120,NULL,1,NULL,'ActiveConnectionsHC',NULL,124),
 (945,'',740,116,64,NULL,'0',NULL,'0',NULL,120,NULL,1,NULL,'ConnectionsTC',NULL,126),
 (946,'',746,116,64,NULL,'0',NULL,'0',NULL,120,NULL,1,NULL,'CurrCapacity',NULL,127),
 (947,'',749,116,64,NULL,'0',NULL,'0',NULL,120,NULL,1,NULL,'CurrCapacityHC',NULL,128),
 (948,'',752,116,64,NULL,'0',NULL,'0',NULL,120,NULL,1,NULL,'FailedReserveRQC',NULL,129),
 (949,'',755,116,64,NULL,'0',NULL,'0',NULL,120,NULL,1,NULL,'FailuresToReconnect',NULL,130),
 (950,'',758,116,64,NULL,'0',NULL,'0',NULL,120,NULL,1,NULL,'ConnAvailable',NULL,131),
 (951,'',761,116,64,NULL,'0',NULL,'0',NULL,120,NULL,1,NULL,'ConnUnavailable',NULL,132),
 (952,'',856,116,64,NULL,'0',NULL,'0',NULL,120,NULL,1,NULL,'WaitingConnectionCC',NULL,133),
 (953,'',863,116,64,NULL,'0',NULL,'0',NULL,120,NULL,1,NULL,'WaitingConnectionHC',NULL,135),
 (954,'',736,117,64,NULL,'0',NULL,'0',NULL,120,NULL,1,NULL,'ConnectionDelayTime',NULL,125),
 (955,'',734,117,64,NULL,'0',NULL,'0',NULL,120,NULL,1,NULL,'ActiveConnectionsCC',NULL,123),
 (956,'',735,117,64,NULL,'0',NULL,'0',NULL,120,NULL,1,NULL,'ActiveConnectionsHC',NULL,124),
 (957,'',740,117,64,NULL,'0',NULL,'0',NULL,120,NULL,1,NULL,'ConnectionsTC',NULL,126),
 (958,'',746,117,64,NULL,'0',NULL,'0',NULL,120,NULL,1,NULL,'CurrCapacity',NULL,127),
 (959,'',749,117,64,NULL,'0',NULL,'0',NULL,120,NULL,1,NULL,'CurrCapacityHC',NULL,128),
 (960,'',752,117,64,NULL,'0',NULL,'0',NULL,120,NULL,1,NULL,'FailedReserveRQC',NULL,129),
 (961,'',755,117,64,NULL,'0',NULL,'0',NULL,120,NULL,1,NULL,'FailuresToReconnect',NULL,130),
 (962,'',758,117,64,NULL,'0',NULL,'0',NULL,120,NULL,1,NULL,'ConnAvailable',NULL,131),
 (963,'',761,117,64,NULL,'0',NULL,'0',NULL,120,NULL,1,NULL,'ConnUnavailable',NULL,132),
 (964,'',856,117,64,NULL,'0',NULL,'0',NULL,120,NULL,1,NULL,'WaitingConnectionCC',NULL,133),
 (965,'',863,117,64,NULL,'0',NULL,'0',NULL,120,NULL,1,NULL,'WaitingConnectionHC',NULL,135),
 (966,'',736,118,64,NULL,'0',NULL,'0',NULL,120,NULL,1,NULL,'ConnectionDelayTime',NULL,125),
 (967,'',734,118,64,NULL,'0',NULL,'0',NULL,120,NULL,1,NULL,'ActiveConnectionsCC',NULL,123),
 (968,'',735,118,64,NULL,'0',NULL,'0',NULL,120,NULL,1,NULL,'ActiveConnectionsHC',NULL,124),
 (969,'',740,118,64,NULL,'0',NULL,'0',NULL,120,NULL,1,NULL,'ConnectionsTC',NULL,126),
 (970,'',746,118,64,NULL,'0',NULL,'0',NULL,120,NULL,1,NULL,'CurrCapacity',NULL,127),
 (971,'',749,118,64,NULL,'0',NULL,'0',NULL,120,NULL,1,NULL,'CurrCapacityHC',NULL,128),
 (972,'',752,118,64,NULL,'0',NULL,'0',NULL,120,NULL,1,NULL,'FailedReserveRQC',NULL,129),
 (973,'',755,118,64,NULL,'0',NULL,'0',NULL,120,NULL,1,NULL,'FailuresToReconnect',NULL,130),
 (974,'',758,118,64,NULL,'0',NULL,'0',NULL,120,NULL,1,NULL,'ConnAvailable',NULL,131),
 (975,'',761,118,64,NULL,'0',NULL,'0',NULL,120,NULL,1,NULL,'ConnUnavailable',NULL,132),
 (976,'',856,118,64,NULL,'0',NULL,'0',NULL,120,NULL,1,NULL,'WaitingConnectionCC',NULL,133),
 (977,'',863,118,64,NULL,'0',NULL,'0',NULL,120,NULL,1,NULL,'WaitingConnectionHC',NULL,135),
 (978,'',736,119,64,NULL,'0',NULL,'0',NULL,120,NULL,1,NULL,'ConnectionDelayTime',NULL,125),
 (979,'',734,119,64,NULL,'0',NULL,'0',NULL,120,NULL,1,NULL,'ActiveConnectionsCC',NULL,123),
 (980,'',735,119,64,NULL,'0',NULL,'0',NULL,120,NULL,1,NULL,'ActiveConnectionsHC',NULL,124),
 (981,'',740,119,64,NULL,'0',NULL,'0',NULL,120,NULL,1,NULL,'ConnectionsTC',NULL,126),
 (982,'',746,119,64,NULL,'0',NULL,'0',NULL,120,NULL,1,NULL,'CurrCapacity',NULL,127),
 (983,'',749,119,64,NULL,'0',NULL,'0',NULL,120,NULL,1,NULL,'CurrCapacityHC',NULL,128),
 (984,'',752,119,64,NULL,'0',NULL,'0',NULL,120,NULL,1,NULL,'FailedReserveRQC',NULL,129),
 (985,'',755,119,64,NULL,'0',NULL,'0',NULL,120,NULL,1,NULL,'FailuresToReconnect',NULL,130),
 (986,'',758,119,64,NULL,'0',NULL,'0',NULL,120,NULL,1,NULL,'ConnAvailable',NULL,131),
 (987,'',761,119,64,NULL,'0',NULL,'0',NULL,120,NULL,1,NULL,'ConnUnavailable',NULL,132),
 (988,'',856,119,64,NULL,'0',NULL,'0',NULL,120,NULL,1,NULL,'WaitingConnectionCC',NULL,133),
 (989,'',863,119,64,NULL,'0',NULL,'0',NULL,120,NULL,1,NULL,'WaitingConnectionHC',NULL,135),
 (990,'96b85eafe7c3ae8534f9fc099411f36e',0,0,66,'','0','','0','',120,'',1,'','LISTEN','',141),
 (991,'42dce8febe6bb4359044a26684ee7dd2',0,0,66,'','0','','0','',120,'',1,'','CLOSING','',144),
 (992,'87f0c795e28c4b430d27ef6822655b89',0,0,66,'','0','','0','',120,'',1,'','ESTABLISHED','',142),
 (993,'f942ad87e330146e4c76cfe4e076a929',0,0,66,'','0','','0','',120,'',1,'','TIME_WAIT','',143),
 (1013,'',990,124,66,NULL,'0',NULL,'0',NULL,120,NULL,1,NULL,'LISTEN',NULL,141),
 (1012,'',991,124,66,NULL,'0',NULL,'0',NULL,120,NULL,1,NULL,'CLOSING',NULL,144),
 (1005,'',993,122,66,NULL,'0',NULL,'0',NULL,120,NULL,1,NULL,'TIME_WAIT',NULL,143),
 (1004,'',992,122,66,NULL,'0',NULL,'0',NULL,120,NULL,1,NULL,'ESTABLISHED',NULL,142),
 (1003,'',991,122,66,NULL,'0',NULL,'0',NULL,120,NULL,1,NULL,'CLOSING',NULL,144),
 (1002,'',990,122,66,NULL,'0',NULL,'0',NULL,120,NULL,1,NULL,'LISTEN',NULL,141),
 (1011,'',992,124,66,NULL,'0',NULL,'0',NULL,120,NULL,1,NULL,'ESTABLISHED',NULL,142),
 (1010,'',993,124,66,NULL,'0',NULL,'0',NULL,120,NULL,1,NULL,'TIME_WAIT',NULL,143);
CREATE TABLE  `cacti`.`graph_local` (
  `id` mediumint(8) unsigned NOT NULL AUTO_INCREMENT,
  `graph_template_id` mediumint(8) unsigned NOT NULL DEFAULT '0',
  `host_id` mediumint(8) unsigned NOT NULL DEFAULT '0',
  `snmp_query_id` mediumint(8) NOT NULL DEFAULT '0',
  `snmp_index` varchar(255) NOT NULL DEFAULT '',
  PRIMARY KEY (`id`),
  KEY `host_id` (`host_id`),
  KEY `graph_template_id` (`graph_template_id`),
  KEY `snmp_query_id` (`snmp_query_id`),
  KEY `snmp_index` (`snmp_index`)
) ENGINE=MyISAM AUTO_INCREMENT=110 DEFAULT CHARSET=latin1 COMMENT='Creates a relationship for each item in a custom graph.';
INSERT INTO `cacti`.`graph_local` VALUES  (1,12,1,0,''),
 (2,9,1,0,''),
 (3,10,1,0,''),
 (4,8,1,0,''),
 (5,21,1,0,''),
 (20,40,4,0,''),
 (19,38,2,0,''),
 (18,38,2,0,''),
 (21,38,2,0,''),
 (22,38,2,0,''),
 (23,38,4,0,''),
 (24,38,4,0,''),
 (25,38,4,0,''),
 (26,38,4,0,''),
 (27,38,4,0,''),
 (28,38,4,0,''),
 (29,38,4,0,''),
 (30,38,4,0,''),
 (31,40,2,0,''),
 (32,40,2,0,''),
 (33,40,2,0,''),
 (34,40,2,0,''),
 (35,40,4,0,''),
 (36,40,4,0,''),
 (37,40,4,0,''),
 (38,41,6,0,''),
 (39,41,6,0,''),
 (40,47,10,0,''),
 (41,47,10,0,''),
 (42,47,10,0,''),
 (43,47,10,0,''),
 (83,47,10,0,''),
 (82,44,11,0,''),
 (46,47,13,0,''),
 (87,41,6,0,''),
 (48,47,10,0,''),
 (49,46,8,0,''),
 (50,43,8,0,''),
 (51,47,10,0,''),
 (52,46,8,0,''),
 (53,44,9,0,''),
 (54,46,7,0,''),
 (55,45,9,0,''),
 (56,46,7,0,''),
 (85,46,7,0,''),
 (59,47,10,0,''),
 (60,47,10,0,''),
 (61,47,10,0,''),
 (62,43,9,0,''),
 (63,44,11,0,''),
 (64,45,9,0,''),
 (65,45,9,0,''),
 (72,46,7,0,''),
 (67,43,9,0,''),
 (68,43,9,0,''),
 (69,43,9,0,''),
 (70,45,9,0,''),
 (71,43,9,0,''),
 (73,47,13,0,''),
 (74,47,13,0,''),
 (75,47,13,0,''),
 (76,47,13,0,''),
 (77,47,13,0,''),
 (78,47,13,0,''),
 (79,47,13,0,''),
 (80,47,13,0,''),
 (81,47,13,0,''),
 (86,46,7,0,''),
 (88,41,6,0,''),
 (89,41,6,0,''),
 (90,41,6,0,''),
 (91,38,7,0,''),
 (92,49,15,0,''),
 (93,49,15,0,''),
 (94,41,2,0,''),
 (95,47,10,0,''),
 (96,47,10,0,''),
 (97,47,10,0,''),
 (98,47,10,0,''),
 (99,46,7,0,''),
 (100,49,16,0,''),
 (101,49,16,0,''),
 (102,49,16,0,''),
 (103,49,16,0,''),
 (104,49,15,0,''),
 (105,49,15,0,''),
 (108,50,11,0,''),
 (109,50,12,0,'');
CREATE TABLE  `cacti`.`graph_template_input` (
  `id` mediumint(8) unsigned NOT NULL AUTO_INCREMENT,
  `hash` varchar(32) NOT NULL DEFAULT '',
  `graph_template_id` mediumint(8) unsigned NOT NULL DEFAULT '0',
  `name` varchar(255) NOT NULL DEFAULT '',
  `description` text,
  `column_name` varchar(50) NOT NULL DEFAULT '',
  PRIMARY KEY (`id`)
) ENGINE=MyISAM AUTO_INCREMENT=218 DEFAULT CHARSET=latin1 COMMENT='Stores the names for graph item input groups.';
INSERT INTO `cacti`.`graph_template_input` VALUES  (3,'e9d4191277fdfd7d54171f153da57fb0',2,'Inbound Data Source','','task_item_id'),
 (4,'7b361722a11a03238ee8ab7ce44a1037',2,'Outbound Data Source','','task_item_id'),
 (5,'b33eb27833614056e06ee5952c3e0724',3,'Available Disk Space Data Source','','task_item_id'),
 (6,'ef8799e63ee00e8904bcc4228015784a',3,'Used Disk Space Data Source','','task_item_id'),
 (7,'2662ef4fbb0bf92317ffd42c7515af37',5,'Signal Level Data Source','','task_item_id'),
 (8,'a6edef6624c796d3a6055305e2e3d4bf',5,'Noise Level Data Source','','task_item_id'),
 (9,'b0e902db1875e392a9d7d69bfbb13515',5,'Signal Level Color','','color_id'),
 (10,'24632b1d4a561e937225d0a5fbe65e41',5,'Noise Level Color','','color_id'),
 (11,'6d078f1d58b70ad154a89eb80fe6ab75',6,'Transmissions Data Source','','task_item_id'),
 (12,'878241872dd81c68d78e6ff94871d97d',6,'Re-Transmissions Data Source','','task_item_id'),
 (13,'f8fcdc3a3f0e8ead33bd9751895a3462',6,'Transmissions Color','','color_id'),
 (14,'394ab4713a34198dddb5175aa40a2b4a',6,'Re-Transmissions Color','','color_id'),
 (15,'433f328369f9569446ddc59555a63eb8',7,'Ping Host Data Source','','task_item_id'),
 (16,'a1a91c1514c65152d8cb73522ea9d4e6',7,'Legend Color','','color_id'),
 (17,'2fb4deb1448379b27ddc64e30e70dc42',7,'Legend Text','','text_format'),
 (18,'592cedd465877bc61ab549df688b0b2a',8,'Processes Data Source','','task_item_id'),
 (19,'1d51dbabb200fcea5c4b157129a75410',8,'Legend Color','','color_id'),
 (20,'8cb8ed3378abec21a1819ea52dfee6a3',9,'1 Minute Data Source','','task_item_id'),
 (21,'5dfcaf9fd771deb8c5430bce1562e371',9,'5 Minute Data Source','','task_item_id'),
 (22,'6f3cc610315ee58bc8e0b1f272466324',9,'15 Minute Data Source','','task_item_id'),
 (23,'b457a982bf46c6760e6ef5f5d06d41fb',10,'Logged in Users Data Source','','task_item_id'),
 (24,'bd4a57adf93c884815b25a8036b67f98',10,'Legend Color','','color_id'),
 (25,'d7cdb63500c576e0f9f354de42c6cf3a',11,'1 Minute Data Source','','task_item_id'),
 (26,'a23152f5ec02e7762ca27608c0d89f6c',11,'5 Minute Data Source','','task_item_id'),
 (27,'2cc5d1818da577fba15115aa18f64d85',11,'15 Minute Data Source','','task_item_id'),
 (30,'6273c71cdb7ed4ac525cdbcf6180918c',12,'Free Data Source','','task_item_id'),
 (31,'5e62dbea1db699f1bda04c5863e7864d',12,'Swap Data Source','','task_item_id'),
 (32,'4d52e112a836d4c9d451f56602682606',4,'System CPU Data Source','','task_item_id'),
 (33,'f0310b066cc919d2f898b8d1ebf3b518',4,'User CPU Data Source','','task_item_id'),
 (34,'d9eb6b9eb3d7dd44fd14fdefb4096b54',4,'Nice CPU Data Source','','task_item_id'),
 (35,'f45def7cad112b450667aa67262258cb',13,'Memory Free Data Source','','task_item_id'),
 (36,'f8c361a8c8b7ad80e8be03ba7ea5d0d6',13,'Memory Buffers Data Source','','task_item_id'),
 (37,'03d11dce695963be30bd744bd6cbac69',14,'Cache Hits Data Source','','task_item_id'),
 (38,'9cbc515234779af4bf6cdf71a81c556a',14,'Cache Checks Data Source','','task_item_id'),
 (39,'2c4d561ee8132a8dda6de1104336a6ec',15,'CPU Utilization Data Source','','task_item_id'),
 (40,'6e1cf7addc0cc419aa903552e3eedbea',16,'File System Reads Data Source','','task_item_id'),
 (41,'7ea2aa0656f7064d25a36135dd0e9082',16,'File System Writes Data Source','','task_item_id'),
 (42,'63480bca78a38435f24a5b5d5ed050d7',17,'Current Logins Data Source','','task_item_id'),
 (44,'31fed1f9e139d4897d0460b10fb7be94',15,'Legend Color','','color_id'),
 (45,'bb9d83a02261583bc1f92d9e66ea705d',18,'CPU Usage Data Source','','task_item_id'),
 (46,'51196222ed37b44236d9958116028980',18,'Legend Color','','color_id'),
 (47,'fd26b0f437b75715d6dff983e7efa710',19,'Free Space Data Source','','task_item_id'),
 (48,'a463dd46862605c90ea60ccad74188db',19,'Total Space Data Source','','task_item_id'),
 (49,'9977dd7a41bcf0f0c02872b442c7492e',19,'Freeable Space Data Source','','task_item_id'),
 (51,'a7a69bbdf6890d6e6eaa7de16e815ec6',20,'Used Directory Entries Data Source','','task_item_id'),
 (52,'0072b613a33f1fae5ce3e5903dec8fdb',20,'Available Directory Entries Data Source','','task_item_id'),
 (53,'940beb0f0344e37f4c6cdfc17d2060bc',21,'Available Disk Space Data Source','','task_item_id'),
 (54,'7b0674dd447a9badf0d11bec688028a8',21,'Used Disk Space Data Source','','task_item_id'),
 (55,'fa83cd3a3b4271b644cb6459ea8c35dc',22,'Discards In Data Source','','task_item_id'),
 (56,'7946e8ee1e38a65462b85e31a15e35e5',22,'Errors In Data Source','','task_item_id'),
 (57,'00ae916640272f5aca54d73ae34c326b',23,'Unicast Packets Out Data Source','','task_item_id'),
 (58,'1bc1652f82488ebfb7242c65d2ffa9c7',23,'Unicast Packets In Data Source','','task_item_id'),
 (59,'e3177d0e56278de320db203f32fb803d',24,'Non-Unicast Packets In Data Source','','task_item_id'),
 (60,'4f20fba2839764707f1c3373648c5fef',24,'Non-Unicast Packets Out Data Source','','task_item_id'),
 (61,'e5acdd5368137c408d56ecf55b0e077c',22,'Discards Out Data Source','','task_item_id'),
 (62,'a028e586e5fae667127c655fe0ac67f0',22,'Errors Out Data Source','','task_item_id'),
 (63,'2764a4f142ba9fd95872106a1b43541e',25,'Inbound Data Source','','task_item_id'),
 (64,'f73f7ddc1f4349356908122093dbfca2',25,'Outbound Data Source','','task_item_id'),
 (65,'86bd8819d830a81d64267761e1fd8ec4',26,'Total Disk Space Data Source','','task_item_id'),
 (66,'6c8967850102202de166951e4411d426',26,'Used Disk Space Data Source','','task_item_id'),
 (67,'bdad718851a52b82eca0a310b0238450',27,'CPU Utilization Data Source','','task_item_id'),
 (68,'e7b578e12eb8a82627557b955fd6ebd4',27,'Legend Color','','color_id'),
 (69,'37d09fb7ce88ecec914728bdb20027f3',28,'Logged in Users Data Source','','task_item_id'),
 (70,'699bd7eff7ba0c3520db3692103a053d',28,'Legend Color','','color_id'),
 (71,'df905e159d13a5abed8a8a7710468831',29,'Processes Data Source','','task_item_id'),
 (72,'8ca9e3c65c080dbf74a59338d64b0c14',29,'Legend Color','','color_id'),
 (73,'69ad68fc53af03565aef501ed5f04744',30,'Open Files Data Source','','task_item_id'),
 (74,'562726cccdb67d5c6941e9e826ef4ef5',31,'Inbound Data Source','','task_item_id'),
 (75,'82426afec226f8189c8928e7f083f80f',31,'Outbound Data Source','','task_item_id'),
 (76,'69a23877302e7d142f254b208c58b596',32,'Inbound Data Source','','task_item_id'),
 (77,'f28013abf8e5813870df0f4111a5e695',32,'Outbound Data Source','','task_item_id'),
 (78,'8644b933b6a09dde6c32ff24655eeb9a',33,'Outbound Data Source','','task_item_id'),
 (79,'49c4b4800f3e638a6f6bb681919aea80',33,'Inbound Data Source','','task_item_id'),
 (80,'e0b395be8db4f7b938d16df7ae70065f',13,'Cache Memory Data Source','','task_item_id'),
 (81,'2dca37011521501b9c2b705d080db750',34,'Data Source [snmp_oid]',NULL,'task_item_id'),
 (82,'b8d8ade5f5f3dd7b12f8cc56bbb4083e',34,'Legend Color','','color_id'),
 (83,'ac2355b4895c37e14df827f969f31c12',34,'Legend Text','','text_format'),
 (182,'20da331a8fc1f253e5f5d09748aeb633',43,'Data Source [countP1] 10s','','task_item_id'),
 (191,'dfcbf931ac5066d5e1f5e0a49b2793f6',47,'Data Source [countP2]','','task_item_id'),
 (192,'227ca25bfc359f41992bee8957f3cd81',47,'Data Source [averageTime]','','task_item_id'),
 (130,'25a995c8afcfa0a8784a423342e6b150',42,'Data Source [count5]',NULL,'task_item_id'),
 (183,'dca577e8bf09906fa1b8201b20fcc3e5',43,'Data Source [countP2] 15s','','task_item_id'),
 (104,'796fa9609d27719933e50286f21141e0',38,'Active Threads','','task_item_id'),
 (101,'99b32c051a1f23e53760086499b70d7a',38,'Open Threads','','task_item_id'),
 (128,'5684e257ea7940ad68b8d1575df3a768',42,'Data Source [averageTime]','','task_item_id'),
 (129,'fa090705ec08d03cd51cd7877765eccb',42,'Data Source [count10]',NULL,'task_item_id'),
 (127,'8c276bdb6fd08cec2c04d2da21b805b9',42,'Data Source [totalCount]',NULL,'task_item_id'),
 (123,'967d2340868b78356daa8659911ee3de',40,'Completed Requests','','task_item_id'),
 (124,'8af8464972db8a19b42cec6453fb510b',38,'Hogging Threads','','task_item_id'),
 (126,'a6a6132a260aa8ea79b2233ea2dc2473',41,'AWA Response Time','','task_item_id'),
 (117,'4d8b40b24fd48e3513e6298e7e2d4e0e',40,'Active Threads','','task_item_id'),
 (125,'81c84bf900f8025a0bf8380a0c502701',40,'Data Source [throughput]','','task_item_id'),
 (121,'48190805f96e31914dfbe82135c8ee07',40,'Pending Requests','','task_item_id'),
 (116,'dbfc2ffb909c3fd255c28029a038b264',38,'Standby Threads','','task_item_id'),
 (115,'20a70cfc63bbab642fce048d329edd34',38,'Idle Threads','','task_item_id'),
 (181,'acb5e5f09e4086474da7dc9e125d9e59',43,'Data Source [averageTime]',NULL,'task_item_id'),
 (184,'5a9b1d0128c0288394f0ac3ab52d8622',43,'Data Source [countP4] 40s','','task_item_id'),
 (185,'99415c27e4abf99ff952943ff4924f56',46,'Data Source [countP2]','','task_item_id'),
 (137,'d23f50e2a9f55ea354e8b396afc6c32f',42,'Data Source [count30]',NULL,'task_item_id'),
 (138,'94f40b23ad4062cc3f5569a5586d5c1d',42,'Data Source [count60]',NULL,'task_item_id'),
 (190,'37f2d2a219da544062ed893fa4c366c8',46,'Data Source [averageTime]',NULL,'task_item_id'),
 (172,'25bf72c2e2935cc79309d16abfaf080f',44,'Data Source [count302]','','task_item_id'),
 (174,'df2997c5ba95e31a2852ccc95f3e1e6c',44,'Data Source [count404]',NULL,'task_item_id'),
 (175,'3e1baceec96f62eacaea44c6842ab1d7',45,'Data Source [countP1] >10s WL5','','task_item_id'),
 (159,'7253404117bc8e9aa86542486fa67078',42,'Data Source [count20]',NULL,'task_item_id'),
 (176,'f8843f9e3a34ce01be4ff7fa6a68d08e',45,'Data Source [countP1] >10s WL6','','task_item_id'),
 (154,'1fb0b28a4322fde36c958278d55a6eab',45,'Data Source [totalCount] WL6','','task_item_id'),
 (180,'5538c1aefcd852128fda9aa01e26b0a5',43,'Data Source [totalCount]',NULL,'task_item_id'),
 (156,'03aba4f0c54e61e22a1277405636054a',45,'Data Source [totalCount] WL5','','task_item_id'),
 (173,'487e95e4adea943d42723406d94b0064',44,'Data Source [count403]',NULL,'task_item_id'),
 (179,'babc67ae47869d232ec7705b9c143915',45,'Data Source [countP4] >40s WL6','','task_item_id'),
 (193,'6d13163266c0c9497de42d248bbe5bcb',47,'Data Source [totalCount]','','task_item_id'),
 (162,'4f194c5e67ca47684143e6abea8df74f',46,'Data Source [totalCount]','','task_item_id'),
 (188,'788aac8f507822238c8164260ee23496',46,'Data Source [countP4]','','task_item_id'),
 (189,'b73e7666ef037b75a896c1bdad5d4712',46,'Data Source [countP5]',NULL,'task_item_id'),
 (178,'04069904af34e91f727eccc4782fedc2',45,'Data Source [countP4] >40s WL5','','task_item_id'),
 (171,'f09f8cfa19c62647692afa2c9dc50757',44,'Data Source [totalCount]','','task_item_id'),
 (186,'144029d7e3e350687304b1d86fc61ef1',46,'Data Source [countP1]',NULL,'task_item_id'),
 (170,'7400dc16040f2cb4701e22d6e2c6d21e',46,'Data Source [Timeout]','','task_item_id'),
 (194,'d680ff07bfdcd5001837891fc954d098',47,'Data Source [countP4]','','task_item_id'),
 (195,'a3e64646a87edcf086db0a623b04018a',47,'Data Source [countP5]','','task_item_id'),
 (196,'bfe51c975bedde9f7b3c5e35f523d217',47,'Data Source [countP1]','','task_item_id'),
 (197,'9461242122d16184aa7a357d83590994',47,'Data Source [Timeout]','','task_item_id'),
 (210,'3c5720e235ef7afc8aa38bdc603bcaff',49,'Data Source [WaitingConnectionHC]',NULL,'task_item_id'),
 (199,'a5bb228be15b0e6396319e7f2a34ac7d',48,'Data Source [Time]',NULL,'task_item_id'),
 (206,'ced77e44e8ff6f550ef602f868352951',49,'Data Source [ActiveConnectionsHC]',NULL,'task_item_id'),
 (207,'cea28145ab8a103416d041b280ba8c00',49,'Data Source [ActiveConnectionsCC]',NULL,'task_item_id'),
 (209,'af4ec3da2aa00209bcedfb8ea5248260',49,'Data Source [WaitingConnectionCC]',NULL,'task_item_id'),
 (214,'45a53106af77a2d95e815f8856d58422',50,'Data Source [ESTABLISHED]',NULL,'task_item_id'),
 (215,'b2c5b7c096d32d64417e1704ba583530',50,'Data Source [CLOSING]',NULL,'task_item_id'),
 (216,'e025d3d72826884a30ad925cc1a50f2a',50,'Data Source [TIME_WAIT]',NULL,'task_item_id'),
 (217,'26f602466cc39456e18bca786ad374b6',50,'Data Source [LISTEN]',NULL,'task_item_id');
CREATE TABLE  `cacti`.`graph_template_input_defs` (
  `graph_template_input_id` mediumint(8) unsigned NOT NULL DEFAULT '0',
  `graph_template_item_id` int(12) unsigned NOT NULL DEFAULT '0',
  PRIMARY KEY (`graph_template_input_id`,`graph_template_item_id`),
  KEY `graph_template_input_id` (`graph_template_input_id`)
) ENGINE=MyISAM DEFAULT CHARSET=latin1 COMMENT='Stores the relationship for what graph iitems are associated';
INSERT INTO `cacti`.`graph_template_input_defs` VALUES  (3,9),
 (3,10),
 (3,11),
 (3,12),
 (4,13),
 (4,14),
 (4,15),
 (4,16),
 (5,21),
 (5,22),
 (5,23),
 (5,24),
 (6,17),
 (6,18),
 (6,19),
 (6,20),
 (7,45),
 (7,46),
 (7,47),
 (7,48),
 (8,49),
 (8,50),
 (8,51),
 (8,52),
 (9,45),
 (10,49),
 (11,53),
 (11,54),
 (11,55),
 (11,56),
 (12,57),
 (12,58),
 (12,59),
 (12,60),
 (13,53),
 (14,57),
 (15,61),
 (15,62),
 (15,63),
 (15,64),
 (16,61),
 (17,61),
 (18,65),
 (18,66),
 (18,67),
 (18,68),
 (19,65),
 (20,69),
 (20,70),
 (21,71),
 (21,72),
 (22,73),
 (22,74),
 (23,76),
 (23,77),
 (23,78),
 (23,79),
 (24,76),
 (25,80),
 (25,81),
 (26,82),
 (26,83),
 (27,84),
 (27,85),
 (30,95),
 (30,96),
 (30,97),
 (30,98),
 (31,99),
 (31,100),
 (31,101),
 (31,102),
 (32,29),
 (32,30),
 (32,31),
 (32,32),
 (33,33),
 (33,34),
 (33,35),
 (33,36),
 (34,37),
 (34,38),
 (34,39),
 (34,40),
 (35,103),
 (35,104),
 (35,105),
 (35,106),
 (36,107),
 (36,108),
 (36,109),
 (36,110),
 (37,111),
 (37,112),
 (37,113),
 (37,114),
 (38,115),
 (38,116),
 (38,117),
 (38,118),
 (39,119),
 (39,120),
 (39,121),
 (39,122),
 (40,123),
 (40,124),
 (40,125),
 (40,126),
 (41,127),
 (41,128),
 (41,129),
 (41,130),
 (42,131),
 (42,132),
 (42,133),
 (42,134),
 (44,119),
 (45,139),
 (45,140),
 (45,141),
 (45,142),
 (46,139),
 (47,143),
 (47,144),
 (47,145),
 (47,146),
 (48,147),
 (48,148),
 (48,149),
 (48,150),
 (49,151),
 (49,152),
 (49,153),
 (49,154),
 (51,159),
 (51,160),
 (51,161),
 (51,162),
 (52,163),
 (52,164),
 (52,165),
 (52,166),
 (53,172),
 (53,173),
 (53,174),
 (53,175),
 (54,167),
 (54,169),
 (54,170),
 (54,171),
 (55,180),
 (55,181),
 (55,182),
 (55,183),
 (56,184),
 (56,185),
 (56,186),
 (56,187),
 (57,188),
 (57,189),
 (57,190),
 (57,191),
 (58,192),
 (58,193),
 (58,194),
 (58,195),
 (59,196),
 (59,197),
 (59,198),
 (59,199),
 (60,200),
 (60,201),
 (60,202),
 (60,203),
 (61,204),
 (61,205),
 (61,206),
 (61,207),
 (62,208),
 (62,209),
 (62,210),
 (62,211),
 (63,212),
 (63,213),
 (63,214),
 (63,215),
 (64,216),
 (64,217),
 (64,218),
 (64,219),
 (65,307),
 (65,308),
 (65,309),
 (65,310),
 (66,303),
 (66,304),
 (66,305),
 (66,306),
 (67,315),
 (67,316),
 (67,317),
 (67,318),
 (68,315),
 (69,319),
 (69,320),
 (69,321),
 (69,322),
 (70,319),
 (71,323),
 (71,324),
 (71,325),
 (71,326),
 (72,323),
 (73,358),
 (73,359),
 (73,360),
 (73,361),
 (74,362),
 (74,363),
 (74,364),
 (74,365),
 (75,366),
 (75,367),
 (75,368),
 (75,369),
 (75,371),
 (75,372),
 (76,373),
 (76,374),
 (76,375),
 (76,376),
 (76,383),
 (77,377),
 (77,378),
 (77,379),
 (77,380),
 (77,384),
 (78,385),
 (78,386),
 (78,387),
 (78,388),
 (78,393),
 (79,389),
 (79,390),
 (79,391),
 (79,392),
 (79,394),
 (80,403),
 (80,404),
 (80,405),
 (80,406),
 (81,407),
 (81,408),
 (81,409),
 (81,410),
 (82,407),
 (83,407),
 (101,451),
 (101,453),
 (104,454),
 (104,468),
 (104,527),
 (115,473),
 (115,475),
 (115,530),
 (116,497),
 (116,499),
 (116,533),
 (117,511),
 (117,512),
 (117,882),
 (121,515),
 (121,516),
 (121,741),
 (123,517),
 (123,518),
 (124,558),
 (124,563),
 (124,568),
 (124,750),
 (125,513),
 (125,514),
 (126,763),
 (126,766),
 (126,769),
 (127,772),
 (127,849),
 (127,1063),
 (128,773),
 (128,781),
 (129,778),
 (129,796),
 (129,949),
 (130,784),
 (130,792),
 (130,938),
 (137,905),
 (137,916),
 (137,927),
 (154,1022),
 (154,1024),
 (156,1021),
 (156,1028),
 (159,1106),
 (159,1119),
 (159,1132),
 (162,1196),
 (162,1203),
 (162,1208),
 (170,1210),
 (170,1225),
 (171,973),
 (171,976),
 (171,980),
 (171,1047),
 (172,977),
 (172,978),
 (172,984),
 (173,975),
 (173,979),
 (173,983),
 (174,981),
 (174,982),
 (174,1051),
 (175,1025),
 (175,1026),
 (175,1032),
 (176,1029),
 (176,1030),
 (176,1033),
 (178,1023),
 (178,1027),
 (178,1031),
 (179,1257),
 (179,1260),
 (179,1263),
 (180,868),
 (180,875),
 (180,1055),
 (181,869),
 (181,871),
 (182,872),
 (182,873),
 (182,894),
 (183,870),
 (183,874),
 (183,891),
 (184,876),
 (184,877),
 (184,1059),
 (185,1198),
 (185,1202),
 (185,1206),
 (186,1200),
 (186,1201),
 (186,1207),
 (188,1204),
 (188,1205),
 (188,1209),
 (189,1369),
 (189,1374),
 (189,1379),
 (190,1385),
 (190,1391),
 (191,1435),
 (191,1438),
 (191,1442),
 (192,1450),
 (192,1451),
 (193,1433),
 (193,1439),
 (193,1444),
 (194,1440),
 (194,1441),
 (194,1445),
 (195,1447),
 (195,1448),
 (195,1449),
 (196,1436),
 (196,1437),
 (196,1443),
 (197,1434),
 (197,1446),
 (199,1707),
 (199,1708),
 (199,1709),
 (206,1744),
 (206,1745),
 (207,1748),
 (207,1749),
 (207,1754),
 (209,1750),
 (209,1751),
 (209,1753),
 (210,1919),
 (210,1926),
 (214,1960),
 (214,1961),
 (215,1962),
 (215,1963),
 (216,1964),
 (216,1965),
 (217,1966),
 (217,1988);
CREATE TABLE  `cacti`.`graph_templates` (
  `id` mediumint(8) unsigned NOT NULL AUTO_INCREMENT,
  `hash` char(32) NOT NULL DEFAULT '',
  `name` char(255) NOT NULL DEFAULT '',
  PRIMARY KEY (`id`),
  KEY `name` (`name`)
) ENGINE=MyISAM AUTO_INCREMENT=51 DEFAULT CHARSET=latin1 COMMENT='Contains each graph template name.';
INSERT INTO `cacti`.`graph_templates` VALUES  (34,'010b90500e1fc6a05abfd542940584d0','SNMP - Generic OID Template'),
 (2,'5deb0d66c81262843dce5f3861be9966','Interface - Traffic (bits/sec)'),
 (3,'abb5e813c9f1e8cd6fc1e393092ef8cb','ucd/net - Available Disk Space'),
 (4,'e334bdcf821cd27270a4cc945e80915e','ucd/net - CPU Usage'),
 (5,'280e38336d77acde4672879a7db823f3','Karlnet - Wireless Levels'),
 (6,'3109d88e6806d2ce50c025541b542499','Karlnet - Wireless Transmissions'),
 (7,'cf96dfb22b58e08bf101ca825377fa4b','Unix - Ping Latency'),
 (8,'9fe8b4da353689d376b99b2ea526cc6b','Unix - Processes'),
 (9,'fe5edd777a76d48fc48c11aded5211ef','Unix - Load Average'),
 (10,'63610139d44d52b195cc375636653ebd','Unix - Logged in Users'),
 (11,'5107ec0206562e77d965ce6b852ef9d4','ucd/net - Load Average'),
 (12,'6992ed4df4b44f3d5595386b8298f0ec','Linux - Memory Usage'),
 (13,'be275639d5680e94c72c0ebb4e19056d','ucd/net - Memory Usage'),
 (14,'f17e4a77b8496725dc924b8c35b60036','Netware - File System Cache'),
 (15,'46bb77f4c0c69671980e3c60d3f22fa9','Netware - CPU Utilization'),
 (16,'8e77a3036312fd0fda32eaea2b5f141b','Netware - File System Activity'),
 (17,'5892c822b1bb2d38589b6c27934b9936','Netware - Logged In Users'),
 (18,'9a5e6d7781cc1bd6cf24f64dd6ffb423','Cisco - CPU Usage'),
 (19,'0dd0438d5e6cad6776f79ecaa96fb708','Netware - Volume Information'),
 (20,'b18a3742ebea48c6198412b392d757fc','Netware - Directory Information'),
 (21,'8e7c8a511652fe4a8e65c69f3d34779d','Unix - Available Disk Space'),
 (22,'06621cd4a9289417cadcb8f9b5cfba80','Interface - Errors/Discards'),
 (23,'e0d1625a1f4776a5294583659d5cee15','Interface - Unicast Packets'),
 (24,'10ca5530554da7b73dc69d291bf55d38','Interface - Non-Unicast Packets'),
 (25,'df244b337547b434b486662c3c5c7472','Interface - Traffic (bytes/sec)'),
 (26,'7489e44466abee8a7d8636cb2cb14a1a','Host MIB - Available Disk Space'),
 (27,'c6bb62bedec4ab97f9db9fd780bd85a6','Host MIB - CPU Utilization'),
 (28,'e8462bbe094e4e9e814d4e681671ea82','Host MIB - Logged in Users'),
 (29,'62205afbd4066e5c4700338841e3901e','Host MIB - Processes'),
 (30,'e3780a13b0f7a3f85a44b70cd4d2fd36','Netware - Open Files'),
 (31,'1742b2066384637022d178cc5072905a','Interface - Traffic (bits/sec, 95th Percentile)'),
 (32,'13b47e10b2d5db45707d61851f69c52b','Interface - Traffic (bits/sec, Total Bandwidth)'),
 (33,'8ad6790c22b693680e041f21d62537ac','Interface - Traffic (bytes/sec, Total Bandwidth)'),
 (43,'77e91b58d28d1259c0439204521e265a','NEOS Ops Performance Graph Template'),
 (42,'6326f6eb48c50b66ad2c3aee05529394','MDW Ops Performance Graph Template'),
 (41,'8fdd0da1862382ab4a05c74863e50b97','AWA Performance Graph Template'),
 (38,'1713fbd395c491faf8f9ee59209bafd0','WL Thread Usage Graph Template'),
 (40,'c8ff9587296633df13d24130f4c0dd7d','WL Server Load Graph Template'),
 (44,'26b6138f059b2e3678bcb30e2f3961f5','Pages Access Count Graph Template'),
 (45,'a5adc06ca286e67f3a261301190d4960','Multiserver Pages Performance Graph Template'),
 (46,'55a251f529c9ced8e9d2ff54afa9963a','Operation/Call Performance Graph Template'),
 (47,'b8f1d324af0b3635c88a9ebac5c92b74','MDW Operation/Call Performance Graph Template'),
 (48,'c873704388a9503241683128e2b5a709','Page Response Time Graph Template'),
 (49,'a9083f743b2cbce018fbeeeb46272e34','WL Data Source Usage Graph Template'),
 (50,'d93e8db18ab1bdd3f2866bfd26361814','Unix - NetStat Usage');
CREATE TABLE  `cacti`.`graph_templates_gprint` (
  `id` mediumint(8) unsigned NOT NULL AUTO_INCREMENT,
  `hash` varchar(32) NOT NULL DEFAULT '',
  `name` varchar(100) NOT NULL DEFAULT '',
  `gprint_text` varchar(255) DEFAULT NULL,
  PRIMARY KEY (`id`)
) ENGINE=MyISAM AUTO_INCREMENT=5 DEFAULT CHARSET=latin1;
INSERT INTO `cacti`.`graph_templates_gprint` VALUES  (2,'e9c43831e54eca8069317a2ce8c6f751','Normal','%8.2lf %s'),
 (3,'19414480d6897c8731c7dc6c5310653e','Exact Numbers','%8.0lf'),
 (4,'304a778405392f878a6db435afffc1e9','Load Average','%8.2lf');
CREATE TABLE  `cacti`.`graph_templates_graph` (
  `id` mediumint(8) unsigned NOT NULL AUTO_INCREMENT,
  `local_graph_template_graph_id` mediumint(8) unsigned NOT NULL DEFAULT '0',
  `local_graph_id` mediumint(8) unsigned NOT NULL DEFAULT '0',
  `graph_template_id` mediumint(8) unsigned NOT NULL DEFAULT '0',
  `t_image_format_id` char(2) DEFAULT '0',
  `image_format_id` tinyint(1) NOT NULL DEFAULT '0',
  `t_title` char(2) DEFAULT '0',
  `title` varchar(255) NOT NULL DEFAULT '',
  `title_cache` varchar(255) NOT NULL DEFAULT '',
  `t_height` char(2) DEFAULT '0',
  `height` mediumint(8) NOT NULL DEFAULT '0',
  `t_width` char(2) DEFAULT '0',
  `width` mediumint(8) NOT NULL DEFAULT '0',
  `t_upper_limit` char(2) DEFAULT '0',
  `upper_limit` varchar(20) NOT NULL DEFAULT '0',
  `t_lower_limit` char(2) DEFAULT '0',
  `lower_limit` varchar(20) NOT NULL DEFAULT '0',
  `t_vertical_label` char(2) DEFAULT '0',
  `vertical_label` varchar(200) DEFAULT NULL,
  `t_slope_mode` char(2) DEFAULT '0',
  `slope_mode` char(2) DEFAULT 'on',
  `t_auto_scale` char(2) DEFAULT '0',
  `auto_scale` char(2) DEFAULT NULL,
  `t_auto_scale_opts` char(2) DEFAULT '0',
  `auto_scale_opts` tinyint(1) NOT NULL DEFAULT '0',
  `t_auto_scale_log` char(2) DEFAULT '0',
  `auto_scale_log` char(2) DEFAULT NULL,
  `t_scale_log_units` char(2) DEFAULT '0',
  `scale_log_units` char(2) DEFAULT NULL,
  `t_auto_scale_rigid` char(2) DEFAULT '0',
  `auto_scale_rigid` char(2) DEFAULT NULL,
  `t_auto_padding` char(2) DEFAULT '0',
  `auto_padding` char(2) DEFAULT NULL,
  `t_base_value` char(2) DEFAULT '0',
  `base_value` mediumint(8) NOT NULL DEFAULT '0',
  `t_grouping` char(2) DEFAULT '0',
  `grouping` char(2) NOT NULL DEFAULT '',
  `t_export` char(2) DEFAULT '0',
  `export` char(2) DEFAULT NULL,
  `t_unit_value` char(2) DEFAULT '0',
  `unit_value` varchar(20) DEFAULT NULL,
  `t_unit_exponent_value` char(2) DEFAULT '0',
  `unit_exponent_value` varchar(5) NOT NULL DEFAULT '',
  PRIMARY KEY (`id`),
  KEY `local_graph_id` (`local_graph_id`),
  KEY `graph_template_id` (`graph_template_id`),
  KEY `title_cache` (`title_cache`)
) ENGINE=MyISAM AUTO_INCREMENT=169 DEFAULT CHARSET=latin1 COMMENT='Stores the actual graph data.';
INSERT INTO `cacti`.`graph_templates_graph` VALUES  (2,0,0,2,'',1,'on','|host_description| - Traffic','','',120,'',500,'','100','','0','','bits per second','0','on','','on','',2,'','','0','','','on','','on','',1000,'0','','','on','','','',''),
 (3,0,0,3,'',1,'on','|host_description| - Hard Drive Space','','',120,'',500,'','100','','0','','bytes','0','on','','on','',2,'','','0','','','on','','on','',1024,'0','','','on','','','',''),
 (4,0,0,4,'',1,'','|host_description| - CPU Usage','','',120,'',500,'','100','','0','','percent','0','on','','on','',2,'','','0','','','on','','on','',1000,'0','','','on','','','',''),
 (5,0,0,5,'',1,'on','|host_description| - Wireless Levels','','',120,'',500,'','100','','0','','percent','0','on','','','',2,'','','0','','','on','','on','',1000,'0','','','on','','','',''),
 (6,0,0,6,'',1,'on','|host_description| - Wireless Transmissions','','',120,'',500,'','100','','0','','transmissions','0','on','','on','',2,'','','0','','','on','','on','',1000,'0','','','on','','','',''),
 (7,0,0,7,'',1,'','|host_description| - Ping Latency','','',120,'',500,'','100','','0','','milliseconds','0','on','','on','',2,'','','0','','','','','on','',1000,'0','','','on','','','',''),
 (8,0,0,8,'',1,'','|host_description| - Processes','','',120,'',500,'','100','','0','','processes','0','on','','on','',2,'','','0','','','','','on','',1000,'0','','','on','','','',''),
 (9,0,0,9,'',1,'','|host_description| - Load Average','','',120,'',500,'','100','','0','','processes in the run queue','0','on','','on','',2,'','','0','','','on','','on','',1000,'0','','','on','','','','0'),
 (10,0,0,10,'',1,'','|host_description| - Logged in Users','','',120,'',500,'','100','','0','','users','0','on','','on','',2,'','','0','','','on','','on','',1000,'0','','','on','','','',''),
 (11,0,0,11,'',1,'','|host_description| - Load Average','','',120,'',500,'','100','','0','','processes in the run queue','0','on','','on','',2,'','','0','','','on','','on','',1000,'0','','','on','','','','0'),
 (12,0,0,12,'',1,'','|host_description| - Memory Usage','','',120,'',500,'','100','','0','','kilobytes','0','on','','on','',2,'','','0','','','on','','on','',1000,'0','','','on','','','',''),
 (13,0,0,13,'',1,'','|host_description| - Memory Usage','','',120,'',500,'','100','','0','','bytes','0','on','','on','',2,'','','0','','','on','','on','',1000,'0','','','on','','','',''),
 (14,0,0,14,'',1,'','|host_description| - File System Cache','','',120,'',500,'','100','','0','','cache checks/hits','0','on','','on','',2,'','','0','','','on','','on','',1000,'0','','','on','','','',''),
 (15,0,0,15,'',1,'','|host_description| - CPU Utilization','','',120,'',500,'','100','','0','','percent','0','on','','on','',2,'','','0','','','on','','on','',1000,'0','','','on','','','',''),
 (16,0,0,16,'',1,'','|host_description| - File System Activity','','',120,'',500,'','100','','0','','reads/writes per sec','0','on','','on','',2,'','','0','','','on','','on','',1000,'0','','','on','','','',''),
 (17,0,0,17,'',1,'','|host_description| - Logged In Users','','',120,'',500,'','100','','0','','users','0','on','','on','',2,'','','0','','','on','','on','',1000,'0','','','on','','','',''),
 (18,0,0,18,'',1,'','|host_description| - CPU Usage','','',120,'',500,'','100','','0','','percent','0','on','','on','',2,'','','0','','','on','','on','',1000,'0','','','on','','','',''),
 (19,0,0,19,'',1,'on','|host_description| - Volume Information','','',120,'',500,'','100','','0','','bytes','0','on','','on','',2,'','','0','','','on','','on','',1000,'0','','','on','','','',''),
 (20,0,0,20,'',1,'','|host_description| - Directory Information','','',120,'',500,'','100','','0','','directory entries','0','on','','on','',2,'','','0','','','on','','on','',1000,'0','','','on','','','',''),
 (21,0,0,21,'',1,'on','|host_description| - Available Disk Space','','',120,'',500,'','100','','0','','bytes','0','on','','on','',2,'','','0','','','on','','on','',1024,'0','','','on','','','',''),
 (22,0,0,22,'',1,'on','|host_description| - Errors/Discards','','',120,'',500,'','100','','0','','errors/sec','0','on','','on','',2,'','','0','','','on','','on','',1000,'0','','','on','','','',''),
 (23,0,0,23,'',1,'on','|host_description| - Unicast Packets','','',120,'',500,'','100','','0','','packets/sec','0','on','','on','',2,'','','0','','','on','','on','',1000,'0','','','on','','','',''),
 (24,0,0,24,'',1,'on','|host_description| - Non-Unicast Packets','','',120,'',500,'','100','','0','','packets/sec','0','on','','on','',2,'','','0','','','on','','on','',1000,'0','','','on','','','',''),
 (25,0,0,25,'',1,'on','|host_description| - Traffic','','',120,'',500,'','100','','0','','bytes per second','0','on','','on','',2,'','','0','','','on','','on','',1000,'0','','','on','','','',''),
 (34,0,0,26,'',1,'on','|host_description| - Available Disk Space','','',120,'',500,'','100','','0','','bytes','0','on','','on','',2,'','','0','','','on','','on','',1024,'0','','','on','','','',''),
 (35,0,0,27,'',1,'on','|host_description| - CPU Utilization','','',120,'',500,'','100','','0','','percent','0','on','','on','',2,'','','0','','','on','','on','',1000,'0','','','on','','','',''),
 (36,0,0,28,'',1,'','|host_description| - Logged in Users','','',120,'',500,'','100','','0','','users','0','on','','on','',2,'','','0','','','on','','on','',1000,'0','','','on','','','',''),
 (37,0,0,29,'',1,'','|host_description| - Processes','','',120,'',500,'','100','','0','','processes','0','on','','on','',2,'','','0','','','','','on','',1000,'0','','','on','','','',''),
 (38,12,1,12,'0',1,'0','|host_description| - Memory Usage','Localhost - Memory Usage','0',120,'0',500,'0','100','0','0','0','kilobytes','0','on','0','on','0',2,'0','','0','','0','on','0','on','0',1000,'0','','0','on','0','','0',''),
 (39,9,2,9,'0',1,'0','|host_description| - Load Average','Localhost - Load Average','0',120,'0',500,'0','100','0','0','0','processes in the run queue','0','on','0','on','0',2,'0','','0','','0','on','0','on','0',1000,'0','','0','on','0','','0','0'),
 (40,10,3,10,'0',1,'0','|host_description| - Logged in Users','Localhost - Logged in Users','0',120,'0',500,'0','100','0','0','0','users','0','on','0','on','0',2,'0','','0','','0','on','0','on','0',1000,'0','','0','on','0','','0',''),
 (41,8,4,8,'0',1,'0','|host_description| - Processes','Localhost - Processes','0',120,'0',500,'0','100','0','0','0','processes','0','on','0','on','0',2,'0','','0','','0','','0','on','0',1000,'0','','0','on','0','','0',''),
 (42,0,0,30,'',1,'','|host_description| - Open Files','','',120,'',500,'','100','','0','','files','0','on','','on','',2,'','','0','','','','','on','',1000,'0','','','on','','','',''),
 (43,0,0,31,'',1,'on','|host_description| - Traffic','','',120,'',500,'','100','','0','','bits per second','0','on','','on','',2,'','','0','','','on','','on','',1000,'0','','','on','','','',''),
 (44,0,0,32,'',1,'on','|host_description| - Traffic','','',120,'',500,'','100','','0','','bits per second','0','on','','on','',2,'','','0','','','on','','on','',1000,'0','','','on','','','',''),
 (45,0,0,33,'',1,'on','|host_description| - Traffic','','',120,'',500,'','100','','0','','bytes per second','0','on','','on','',2,'','','0','','','on','','on','',1000,'0','','','on','','','',''),
 (47,0,0,34,'',1,'on','|host_description| -','','',120,'',500,'','100','','0','on','','0','on','','on','',2,'','','0','','','','','on','',1000,'0','','','on','','','',''),
 (48,21,5,21,'0',1,'0','|host_description| - Available Disk Space','Localhost - Available Disk Space','0',120,'0',500,'0','100','0','0','0','bytes','0','on','0','on','0',2,'0','','0','','0','on','0','on','0',1024,'0','','0','on','0','','0',''),
 (68,0,0,40,'',1,'on','Weblogic <server> Load Information','','',170,'',700,'','100','','0','','load on WL server','','on','','on','',2,'','','','','','','','on','',1000,'0','','','on','','','',''),
 (69,68,20,40,'0',1,'0','Weblogic ppo1p Load Information','Weblogic ppo1p Load Information','0',170,'0',700,'0','100','0','0','0','load on WL server','0','on','0','on','0',2,'0','','0','','0','','0','on','0',1000,'0','','0','on','0','','0',''),
 (70,59,21,38,'0',1,'0','Weblogic neosweb1p Threads Usage Information','Weblogic neosweb1p Threads Usage Information','0',170,'0',700,'0','100','0','0','0','threads in use on WL server','0','on','0','on','0',2,'0','','0','','0','','0','on','0',1000,'0','','0','on','0','','0',''),
 (71,59,22,38,'0',1,'0','Weblogic neosweb2p Threads Usage Information','Weblogic neosweb2p Threads Usage Information','0',170,'0',700,'0','100','0','0','0','threads in use on WL server','0','on','0','on','0',2,'0','','0','','0','','0','on','0',1000,'0','','0','on','0','','0',''),
 (59,0,0,38,'',1,'on','Weblogic <server> Threads Usage Information','','',170,'',700,'','100','','0','','threads in use on WL server','','on','','on','',2,'','','','','','','','on','',1000,'0','','','on','','','',''),
 (67,59,19,38,'0',1,'0','Weblogic neos2p Threads Usage Information','Weblogic neos2p Threads Usage Information','0',170,'0',700,'0','100','0','0','0','threads in use on WL server','0','on','0','on','0',2,'0','','0','','0','','0','on','0',1000,'0','','0','on','0','','0',''),
 (66,59,18,38,'0',1,'0','Weblogic neos1p Threads Usage Information','Weblogic neos1p Threads Usage Information','0',170,'0',700,'0','100','0','0','0','threads in use on WL server','0','on','0','on','0',2,'0','','0','','0','','0','on','0',1000,'0','','0','on','0','','0',''),
 (72,59,23,38,'0',1,'0','Weblogic ppo1p Threads Usage Information','Weblogic ppo1p Threads Usage Information','0',170,'0',700,'0','100','0','0','0','threads in use on WL server','0','on','0','on','0',2,'0','','0','','0','','0','on','0',1000,'0','','0','on','0','','0',''),
 (73,59,24,38,'0',1,'0','Weblogic ppo2p Threads Usage Information','Weblogic ppo2p Threads Usage Information','0',170,'0',700,'0','100','0','0','0','threads in use on WL server','0','on','0','on','0',2,'0','','0','','0','','0','on','0',1000,'0','','0','on','0','','0',''),
 (74,59,25,38,'0',1,'0','Weblogic ppo3p Threads Usage Information','Weblogic ppo3p Threads Usage Information','0',170,'0',700,'0','100','0','0','0','threads in use on WL server','0','on','0','on','0',2,'0','','0','','0','','0','on','0',1000,'0','','0','on','0','','0',''),
 (75,59,26,38,'0',1,'0','Weblogic ppo4p Threads Usage Information','Weblogic ppo4p Threads Usage Information','0',170,'0',700,'0','100','0','0','0','threads in use on WL server','0','on','0','on','0',2,'0','','0','','0','','0','on','0',1000,'0','','0','on','0','','0',''),
 (76,59,27,38,'0',1,'0','Weblogic fewspservices1p Threads Usage Information','Weblogic fewspservices1p Threads Usage Information','0',170,'0',700,'0','100','0','0','0','threads in use on WL server','0','on','0','on','0',2,'0','','0','','0','','0','on','0',1000,'0','','0','on','0','','0',''),
 (77,59,28,38,'0',1,'0','Weblogic fewspservices2p Threads Usage Information','Weblogic fewspservices2p Threads Usage Information','0',170,'0',700,'0','100','0','0','0','threads in use on WL server','0','on','0','on','0',2,'0','','0','','0','','0','on','0',1000,'0','','0','on','0','','0',''),
 (78,59,29,38,'0',1,'0','Weblogic fewspweb1p Threads Usage Information','Weblogic fewspweb1p Threads Usage Information','0',170,'0',700,'0','100','0','0','0','threads in use on WL server','0','on','0','on','0',2,'0','','0','','0','','0','on','0',1000,'0','','0','on','0','','0',''),
 (79,59,30,38,'0',1,'0','Weblogic fewspweb2p Threads Usage Information','Weblogic fewspweb2p Threads Usage Information','0',170,'0',700,'0','100','0','0','0','threads in use on WL server','0','on','0','on','0',2,'0','','0','','0','','0','on','0',1000,'0','','0','on','0','','0',''),
 (80,68,31,40,'0',1,'0','Weblogic neos1p Load Information','Weblogic neos1p Load Information','0',170,'0',700,'0','100','0','0','0','load on WL server','0','on','0','on','0',2,'0','','0','','0','','0','on','0',1000,'0','','0','on','0','','0',''),
 (81,68,32,40,'0',1,'0','Weblogic neos2p Load Information','Weblogic neos2p Load Information','0',170,'0',700,'0','100','0','0','0','load on WL server','0','on','0','on','0',2,'0','','0','','0','','0','on','0',1000,'0','','0','on','0','','0',''),
 (82,68,33,40,'0',1,'0','Weblogic neosweb1p Load Information','Weblogic neosweb1p Load Information','0',170,'0',700,'0','100','0','0','0','load on WL server','0','on','0','on','0',2,'0','','0','','0','','0','on','0',1000,'0','','0','on','0','','0',''),
 (83,68,34,40,'0',1,'0','Weblogic neosweb2p Load Information','Weblogic neosweb2p Load Information','0',170,'0',700,'0','100','0','0','0','load on WL server','0','on','0','on','0',2,'0','','0','','0','','0','on','0',1000,'0','','0','on','0','','0',''),
 (84,68,35,40,'0',1,'0','Weblogic ppo2p Load Information','Weblogic ppo2p Load Information','0',170,'0',700,'0','100','0','0','0','load on WL server','0','on','0','on','0',2,'0','','0','','0','','0','on','0',1000,'0','','0','on','0','','0',''),
 (85,68,36,40,'0',1,'0','Weblogic ppo3p Load Information','Weblogic ppo3p Load Information','0',170,'0',700,'0','100','0','0','0','load on WL server','0','on','0','on','0',2,'0','','0','','0','','0','on','0',1000,'0','','0','on','0','','0',''),
 (86,68,37,40,'0',1,'0','Weblogic ppo4p Load Information','Weblogic ppo4p Load Information','0',170,'0',700,'0','100','0','0','0','load on WL server','0','on','0','on','0',2,'0','','0','','0','','0','on','0',1000,'0','','0','on','0','','0',''),
 (87,0,0,41,'',1,'on','AWA <segment> Performance Graph Template','','',150,'',700,'','100','','0','','','','on','','on','',2,'','','','','','','','on','',1000,'0','','','on','','','',''),
 (88,87,38,41,'0',1,'0','AWA RES POST Performance Graph Template','AWA RES POST Performance Graph Template','0',150,'0',700,'0','100','0','0','0','','0','on','0','on','0',2,'0','','0','','0','','0','on','0',1000,'0','','0','on','0','','0',''),
 (89,87,39,41,'0',1,'0','AWA MULTILINEA Performance Graph Template','AWA MULTILINEA Performance Graph Template','0',150,'0',700,'0','100','0','0','0','','0','on','0','on','0',2,'0','','0','','0','','0','on','0',1000,'0','','0','on','0','','0',''),
 (90,0,0,42,'',1,'on','MDW Ops Performace Graph - <server> <op>','','',150,'',700,'','100','','0','','MDW Ops call counts','','on','','on','',2,'','','','','','','','on','',1000,'0','','','on','','','',''),
 (91,128,40,47,'0',1,'0','MDW Ops Performace Graph - weblogp5 09020','MDW Ops Performace Graph - weblogp5 09020','0',180,'0',700,'0','100','0','0','0','Operation/Page calls per minute','0','on','0','on','0',2,'0','','0','','0','','0','on','0',1000,'0','','0','on','0','','0',''),
 (92,128,41,47,'0',1,'0','MDW Ops Performace Graph - weblogp5 26027','MDW Ops Performace Graph - weblogp5 26027','0',180,'0',700,'0','100','0','0','0','Operation/Page calls per minute','0','on','0','on','0',2,'0','','0','','0','','0','on','0',1000,'0','','0','on','0','','0',''),
 (93,128,42,47,'0',1,'0','MDW Ops Performace Graph - weblogp5 03040','MDW Ops Performace Graph - weblogp5 03040','0',180,'0',700,'0','100','0','0','0','Operation/Page calls per minute','0','on','0','on','0',2,'0','','0','','0','','0','on','0',1000,'0','','0','on','0','','0',''),
 (94,128,43,47,'0',1,'0','MDW Ops Performace Graph - weblogp5 10010','MDW Ops Performace Graph - weblogp5 10010','0',180,'0',700,'0','100','0','0','0','Operation/Page calls per minute','0','on','0','on','0',2,'0','','0','','0','','0','on','0',1000,'0','','0','on','0','','0',''),
 (139,128,83,47,'0',1,'0','MDW Ops Performace Graph - weblogp5 02062','MDW Ops Performace Graph - weblogp5 02062','0',180,'0',700,'0','100','0','0','0','Operation/Page calls per minute','0','on','0','on','0',2,'0','','0','','0','','0','on','0',1000,'0','','0','on','0','','0',''),
 (97,128,46,47,'0',1,'0','MDW Ops Performace Graph - weblogp6 26027','MDW Ops Performace Graph - weblogp6 26027','0',180,'0',700,'0','100','0','0','0','Operation/Page calls per minute','0','on','0','on','0',2,'0','','0','','0','','0','on','0',1000,'0','','0','on','0','','0',''),
 (99,128,48,47,'0',1,'0','MDW Ops Performace Graph - weblogp5 03031','MDW Ops Performace Graph - weblogp5 03031','0',180,'0',700,'0','100','0','0','0','Operation/Page calls per minute','0','on','0','on','0',2,'0','','0','','0','','0','on','0',1000,'0','','0','on','0','','0',''),
 (100,116,49,46,'0',1,'0','NEOS Ops Performace Graph - weblogp6 GetProfile','NEOS Ops Performace Graph - weblogp6 GetProfile','0',180,'0',700,'0','100','0','0','0','Operation/Page calls per minute','0','on','0','on','0',2,'0','','0','','0','','0','on','0',1000,'0','','0','on','0','','0',''),
 (101,102,50,43,'0',1,'0','NEOS Ops Performace Graph - weblogp6 GetOffer','NEOS Ops Performace Graph - weblogp6 GetOffer','0',170,'0',700,'0','100','0','0','0','NEOS calls counts','0','on','0','on','0',2,'0','','0','','0','','0','on','0',1000,'0','','0','on','0','','0',''),
 (102,0,0,43,'',1,'on','MDW Ops Performace Graph - <server> <op>','','',170,'',700,'','100','','0','','NEOS calls counts','','on','','on','',2,'','','','','','','','on','',1000,'0','','','on','','','',''),
 (103,128,51,47,'0',1,'0','MDW Ops Performace Graph - weblogp5 02045','MDW Ops Performace Graph - weblogp5 02045','0',180,'0',700,'0','100','0','0','0','Operation/Page calls per minute','0','on','0','on','0',2,'0','','0','','0','','0','on','0',1000,'0','','0','on','0','','0',''),
 (138,105,82,44,'0',1,'0','Pages Access Graph - dashboard.neos','Pages Access Graph - dashboard.neos','0',170,'0',700,'0','100','0','0','0','Page Access counts and HTTP codes','0','on','0','on','0',2,'0','','0','','0','','0','on','0',1000,'0','','0','on','0','','0',''),
 (104,116,52,46,'0',1,'0','NEOS Page Performace Graph - weblogp6 init.neos','Page Performace Graph - weblogp6 init.neos','0',180,'0',700,'0','100','0','0','0','Operation/Page calls per minute','0','on','0','on','0',2,'0','','0','','0','','0','on','0',1000,'0','','0','on','0','','0',''),
 (105,0,0,44,'',1,'on','Pages Access Graph - <server> <call>','','',170,'',700,'','100','','0','','Page Access counts and HTTP codes','','on','','on','',2,'','','','','','','','on','',1000,'0','','','on','','','',''),
 (106,105,53,44,'0',1,'0','Page Performace Graph - weblogp5 init.neos','Page Performace Graph - weblogp5 init.neos','0',170,'0',700,'0','100','0','0','0','Page Access counts and HTTP codes','0','on','0','on','0',2,'0','','0','','0','','0','on','0',1000,'0','','0','on','0','','0',''),
 (107,116,54,46,'0',1,'0','Page Performace Graph - weblogp5 callslist','Page Performace Graph - weblogp5 callslist','0',180,'0',700,'0','100','0','0','0','Operation/Page calls per minute','0','on','0','on','0',2,'0','','0','','0','','0','on','0',1000,'0','','0','on','0','','0',''),
 (108,109,55,45,'0',1,'0','Multiserver Page Performace Graph - services','Multiserver Page Performace Graph - services','0',170,'0',700,'0','100','0','0','0','Multiserver Page Performance and calls','0','on','0','on','0',2,'0','','0','','0','','0','on','0',1000,'0','','0','on','0','','0',''),
 (109,0,0,45,'',1,'on','Operation/Page Performace Graph - <call>','','',170,'',700,'','100','','0','','Multiserver Page Performance and calls','','on','','on','',2,'','','','','','','','on','',1000,'0','','','on','','','',''),
 (110,116,56,46,'0',1,'0','NEOS Ops Performace Graph - weblogp5 GetProfile','NEOS Ops Performace Graph - weblogp5 GetProfile','0',180,'0',700,'0','100','0','0','0','Operation/Page calls per minute','0','on','0','on','0',2,'0','','0','','0','','0','on','0',1000,'0','','0','on','0','','0',''),
 (145,87,88,41,'0',1,'0','URL3: areaprivada.orange.es/neos/js/jquery-ui-1.7.2.custom.min.js','URL3: areaprivada.orange.es/neos/js/jquery-ui-1.7.2.custom.min.js','0',150,'0',700,'0','100','0','0','0','','0','on','0','on','0',2,'0','','0','','0','','0','on','0',1000,'0','','0','on','0','','0',''),
 (141,116,85,46,'0',1,'0','NEOS Ops Performace Graph - weblogp5 GetUsage','NEOS Ops Performace Graph - weblogp5 GetUsage','0',180,'0',700,'0','100','0','0','0','Operation/Page calls per minute','0','on','0','on','0',2,'0','','0','','0','','0','on','0',1000,'0','','0','on','0','','0',''),
 (142,116,86,46,'0',1,'0','NEOS Ops Performace Graph - weblogp5 GetLoyaltyBalance','NEOS Ops Performace Graph - weblogp5 GetLoyaltyBalance','0',180,'0',700,'0','100','0','0','0','Operation/Page calls per minute','0','on','0','on','0',2,'0','','0','','0','','0','on','0',1000,'0','','0','on','0','','0',''),
 (113,128,59,47,'0',1,'0','MDW Ops Performace Graph - weblogp5 10004','MDW Ops Performace Graph - weblogp5 10004','0',180,'0',700,'0','100','0','0','0','Operation/Page calls per minute','0','on','0','on','0',2,'0','','0','','0','','0','on','0',1000,'0','','0','on','0','','0',''),
 (114,128,60,47,'0',1,'0','MDW Ops Performace Graph - weblogp5 03002','MDW Ops Performace Graph - weblogp5 03002','0',180,'0',700,'0','100','0','0','0','Operation/Page calls per minute','0','on','0','on','0',2,'0','','0','','0','','0','on','0',1000,'0','','0','on','0','','0',''),
 (115,128,61,47,'0',1,'0','MDW Ops Performace Graph - weblogp5 03004','MDW Ops Performace Graph - weblogp5 03004','0',180,'0',700,'0','100','0','0','0','Operation/Page calls per minute','0','on','0','on','0',2,'0','','0','','0','','0','on','0',1000,'0','','0','on','0','','0',''),
 (116,0,0,46,'',1,'on','Operation/Call Performace Graph - <server> <call>','','',180,'',700,'','100','','0','','Operation/Page calls per minute','','on','','on','',2,'','','','','','','','on','',1000,'0','','','on','','','',''),
 (117,102,62,43,'0',1,'0','NEOS Page Performace Graph - weblogp5 init.neos','NEOS Page Performace Graph - weblogp5 init.neos','0',170,'0',700,'0','100','0','0','0','NEOS calls counts','0','on','0','on','0',2,'0','','0','','0','','0','on','0',1000,'0','','0','on','0','','0',''),
 (120,109,65,45,'0',1,'0','NEOS Page Performace Graph - callslist','NEOS Page Performace Graph - callslist','0',170,'0',700,'0','100','0','0','0','Multiserver Page Performance and calls','0','on','0','on','0',2,'0','','0','','0','','0','on','0',1000,'0','','0','on','0','','0',''),
 (118,105,63,44,'0',1,'0','Pages Access Graph - init.neos','Pages Access Graph - init.neos','0',170,'0',700,'0','100','0','0','0','Page Access counts and HTTP codes','0','on','0','on','0',2,'0','','0','','0','','0','on','0',1000,'0','','0','on','0','','0',''),
 (119,109,64,45,'0',1,'0','Multiserver Page Performace Graph - init.neos','Multiserver Page Performace Graph - init.neos','0',170,'0',700,'0','100','0','0','0','Multiserver Page Performance and calls','0','on','0','on','0',2,'0','','0','','0','','0','on','0',1000,'0','','0','on','0','','0',''),
 (122,102,67,43,'0',1,'0','NEOS Page Performace Graph - weblogp5 callslist','NEOS Page Performace Graph - weblogp5 callslist','0',170,'0',700,'0','100','0','0','0','NEOS calls counts','0','on','0','on','0',2,'0','','0','','0','','0','on','0',1000,'0','','0','on','0','','0',''),
 (123,102,68,43,'0',1,'0','NEOS Page Performace Graph - weblogp5 dashboard','NEOS Page Performace Graph - weblogp5 dashboard','0',170,'0',700,'0','100','0','0','0','NEOS calls counts','0','on','0','on','0',2,'0','','0','','0','','0','on','0',1000,'0','','0','on','0','','0',''),
 (124,102,69,43,'0',1,'0','NEOS Page Performace Graph - weblogp6 init.neos','NEOS Page Performace Graph - weblogp6 init.neos','0',170,'0',700,'0','100','0','0','0','NEOS calls counts','0','on','0','on','0',2,'0','','0','','0','','0','on','0',1000,'0','','0','on','0','','0',''),
 (125,109,70,45,'0',1,'0','Multiserver Page Performace Graph - callslist','Multiserver Page Performace Graph - callslist','0',170,'0',700,'0','100','0','0','0','Multiserver Page Performance and calls','0','on','0','on','0',2,'0','','0','','0','','0','on','0',1000,'0','','0','on','0','','0',''),
 (126,102,71,43,'0',1,'0','NEOS Page Performace Graph - weblogp6 callslist','NEOS Page Performace Graph - weblogp6 callslist','0',170,'0',700,'0','100','0','0','0','NEOS calls counts','0','on','0','on','0',2,'0','','0','','0','','0','on','0',1000,'0','','0','on','0','','0',''),
 (127,116,72,46,'0',1,'0','NEOS Ops Performace Graph - weblogp5 GetInfoByLine','NEOS Ops Performace Graph - weblogp5 GetInfoByLine','0',180,'0',700,'0','100','0','0','0','Operation/Page calls per minute','0','on','0','on','0',2,'0','','0','','0','','0','on','0',1000,'0','','0','on','0','','0',''),
 (128,0,0,47,'',1,'on','Operation/Call Performace Graph - <server> <call>','','',180,'',700,'','100','','0','','Operation/Page calls per minute','','on','','on','',2,'','','','','','','','on','',1000,'0','','','on','','','',''),
 (129,128,73,47,'0',1,'0','MDW Ops Performace Graph - weblogp6 03031','MDW Ops Performace Graph - weblogp6 03031','0',180,'0',700,'0','100','0','0','0','Operation/Page calls per minute','0','on','0','on','0',2,'0','','0','','0','','0','on','0',1000,'0','','0','on','0','','0',''),
 (130,128,74,47,'0',1,'0','MDW Ops Performace Graph - weblogp6 (1)','MDW Ops Performace Graph - weblogp6 (1)','0',180,'0',700,'0','100','0','0','0','Operation/Page calls per minute','0','on','0','on','0',2,'0','','0','','0','','0','on','0',1000,'0','','0','on','0','','0',''),
 (131,128,75,47,'0',1,'0','MDW Ops Performace Graph - weblogp6 02045','MDW Ops Performace Graph - weblogp6 02045','0',180,'0',700,'0','100','0','0','0','Operation/Page calls per minute','0','on','0','on','0',2,'0','','0','','0','','0','on','0',1000,'0','','0','on','0','','0',''),
 (132,128,76,47,'0',1,'0','MDW Ops Performace Graph - weblogp6 03031','MDW Ops Performace Graph - weblogp6 03031','0',180,'0',700,'0','100','0','0','0','Operation/Page calls per minute','0','on','0','on','0',2,'0','','0','','0','','0','on','0',1000,'0','','0','on','0','','0',''),
 (133,128,77,47,'0',1,'0','MDW Ops Performace Graph - weblogp6 (1)','MDW Ops Performace Graph - weblogp6 (1)','0',180,'0',700,'0','100','0','0','0','Operation/Page calls per minute','0','on','0','on','0',2,'0','','0','','0','','0','on','0',1000,'0','','0','on','0','','0',''),
 (134,128,78,47,'0',1,'0','MDW Ops Performace Graph - weblogp6 (1)','MDW Ops Performace Graph - weblogp6 (1)','0',180,'0',700,'0','100','0','0','0','Operation/Page calls per minute','0','on','0','on','0',2,'0','','0','','0','','0','on','0',1000,'0','','0','on','0','','0',''),
 (135,128,79,47,'0',1,'0','MDW Ops Performace Graph - weblogp6 (1)','MDW Ops Performace Graph - weblogp6 (1)','0',180,'0',700,'0','100','0','0','0','Operation/Page calls per minute','0','on','0','on','0',2,'0','','0','','0','','0','on','0',1000,'0','','0','on','0','','0',''),
 (136,128,80,47,'0',1,'0','MDW Ops Performace Graph - weblogp6 02045','MDW Ops Performace Graph - weblogp6 02045','0',180,'0',700,'0','100','0','0','0','Operation/Page calls per minute','0','on','0','on','0',2,'0','','0','','0','','0','on','0',1000,'0','','0','on','0','','0',''),
 (137,128,81,47,'0',1,'0','MDW Ops Performace Graph - weblogp6 02045','MDW Ops Performace Graph - weblogp6 02045','0',180,'0',700,'0','100','0','0','0','Operation/Page calls per minute','0','on','0','on','0',2,'0','','0','','0','','0','on','0',1000,'0','','0','on','0','','0',''),
 (143,0,0,48,'',1,'on','Page <segment> Renponse Graph Template','','',150,'',500,'','100','','0','','Page response time (s)','','on','','on','',2,'','','','','','','','on','',1000,'0','','','on','','','',''),
 (144,87,87,41,'0',1,'0','URL2: sdc.francetelecom.com/dcsbynxcr648kylesxcfk4vs7_6c8r/dcs.gif','URL2: sdc.francetelecom.com/dcsbynxcr648kylesxcfk4vs7_6c8r/dcs.gif','0',150,'0',700,'0','100','0','0','0','','0','on','0','on','0',2,'0','','0','','0','','0','on','0',1000,'0','','0','on','0','','0',''),
 (146,87,89,41,'0',1,'0','URL4: areaprivada.orange.es/neos/css/css.common.css','URL4: areaprivada.orange.es/neos/css/css.common.css','0',150,'0',700,'0','100','0','0','0','','0','on','0','on','0',2,'0','','0','','0','','0','on','0',1000,'0','','0','on','0','','0',''),
 (147,87,90,41,'0',1,'0','URL1: https://empleadosorange.orange.es/logs/www.orange.es/p.html','URL1: https://empleadosorange.orange.es/logs/www.orange.es/p.html','0',150,'0',700,'0','100','0','0','0','','0','on','0','on','0',2,'0','','0','','0','','0','on','0',1000,'0','','0','on','0','','0',''),
 (148,59,91,38,'0',1,'0','Weblogic <server> Threads Usage Information','Weblogic <server> Threads Usage Information','0',170,'0',700,'0','100','0','0','0','threads in use on WL server','0','on','0','on','0',2,'0','','0','','0','','0','on','0',1000,'0','','0','on','0','','0',''),
 (149,0,0,49,'',1,'on','Weblogic <service> Data Source Usage Information','','',170,'',700,'','100','','0','','DB connections usage on WL server','','on','','on','',2,'','','','','','','','on','',1000,'0','','','on','','','',''),
 (150,149,92,49,'0',1,'0','Weblogic neos1p Data Source Usage Information','Weblogic neos1p Data Source Usage Information','0',170,'0',700,'0','100','0','0','0','DB connections usage on WL server','0','on','0','on','0',2,'0','','0','','0','','0','on','0',1000,'0','','0','on','0','','0',''),
 (151,149,93,49,'0',1,'0','Weblogic neos2p Data Source Usage Information','Weblogic neos2p Data Source Usage Information','0',170,'0',700,'0','100','0','0','0','DB connections usage on WL server','0','on','0','on','0',2,'0','','0','','0','','0','on','0',1000,'0','','0','on','0','','0',''),
 (152,87,94,41,'0',1,'0','WL weblogp5 Memory Usage Graph Template','WL weblogp5 Memory Usage Graph Template','0',150,'0',700,'0','100','0','0','0','','0','on','0','on','0',2,'0','','0','','0','','0','on','0',1000,'0','','0','on','0','','0',''),
 (153,128,95,47,'0',1,'0','MDW Ops Performace Graph - weblogp5 03035','MDW Ops Performace Graph - weblogp5 03035','0',180,'0',700,'0','100','0','0','0','Operation/Page calls per minute','0','on','0','on','0',2,'0','','0','','0','','0','on','0',1000,'0','','0','on','0','','0',''),
 (154,128,96,47,'0',1,'0','MDW Ops Performace Graph - weblogp5 09050','MDW Ops Performace Graph - weblogp5 09050','0',180,'0',700,'0','100','0','0','0','Operation/Page calls per minute','0','on','0','on','0',2,'0','','0','','0','','0','on','0',1000,'0','','0','on','0','','0',''),
 (155,128,97,47,'0',1,'0','MDW Ops Performace Graph - weblogp5 48027','MDW Ops Performace Graph - weblogp5 48027','0',180,'0',700,'0','100','0','0','0','Operation/Page calls per minute','0','on','0','on','0',2,'0','','0','','0','','0','on','0',1000,'0','','0','on','0','','0',''),
 (156,128,98,47,'0',1,'0','MDW Ops Performace Graph - weblogp5 10027','MDW Ops Performace Graph - weblogp5 10027','0',180,'0',700,'0','100','0','0','0','Operation/Page calls per minute','0','on','0','on','0',2,'0','','0','','0','','0','on','0',1000,'0','','0','on','0','','0',''),
 (157,116,99,46,'0',1,'0','NEOS Ops Performace Graph - weblogp5 GetProducts','NEOS Ops Performace Graph - weblogp5 GetProducts','0',180,'0',700,'0','100','0','0','0','Operation/Page calls per minute','0','on','0','on','0',2,'0','','0','','0','','0','on','0',1000,'0','','0','on','0','','0',''),
 (158,149,100,49,'0',1,'0','Weblogic ppo1p Data Source Usage Information','Weblogic ppo1p Data Source Usage Information','0',170,'0',700,'0','100','0','0','0','DB connections usage on WL server','0','on','0','on','0',2,'0','','0','','0','','0','on','0',1000,'0','','0','on','0','','0',''),
 (159,149,101,49,'0',1,'0','Weblogic ppo2p Data Source Usage Information','Weblogic ppo2p Data Source Usage Information','0',170,'0',700,'0','100','0','0','0','DB connections usage on WL server','0','on','0','on','0',2,'0','','0','','0','','0','on','0',1000,'0','','0','on','0','','0',''),
 (160,149,102,49,'0',1,'0','Weblogic ppo3p Data Source Usage Information','Weblogic ppo3p Data Source Usage Information','0',170,'0',700,'0','100','0','0','0','DB connections usage on WL server','0','on','0','on','0',2,'0','','0','','0','','0','on','0',1000,'0','','0','on','0','','0',''),
 (161,149,103,49,'0',1,'0','Weblogic ppo4p Data Source Usage Information','Weblogic ppo4p Data Source Usage Information','0',170,'0',700,'0','100','0','0','0','DB connections usage on WL server','0','on','0','on','0',2,'0','','0','','0','','0','on','0',1000,'0','','0','on','0','','0',''),
 (162,149,104,49,'0',1,'0','Weblogic neoswe1p Data Source Usage Information','Weblogic neoswe1p Data Source Usage Information','0',170,'0',700,'0','100','0','0','0','DB connections usage on WL server','0','on','0','on','0',2,'0','','0','','0','','0','on','0',1000,'0','','0','on','0','','0',''),
 (163,149,105,49,'0',1,'0','Weblogic neoswe2p Data Source Usage Information','Weblogic neoswe2p Data Source Usage Information','0',170,'0',700,'0','100','0','0','0','DB connections usage on WL server','0','on','0','on','0',2,'0','','0','','0','','0','on','0',1000,'0','','0','on','0','','0',''),
 (165,0,0,50,'',1,'','|host_description| - NetStats State Usage','','',120,'',500,'','100','','0','','netstats state usage','','on','','on','',2,'','','','','','on','','on','',1000,'0','','','on','','','','0'),
 (167,165,108,50,'0',1,'0','|host_description| - NetStats State Usage','NEOS Apache ap3 - NetStats State Usage','0',120,'0',500,'0','100','0','0','0','netstats state usage','0','on','0','on','0',2,'0','','0','','0','on','0','on','0',1000,'0','','0','on','0','','0','0'),
 (168,165,109,50,'0',1,'0','|host_description| - NetStats State Usage','NEOS Apache ap4 - NetStats State Usage','0',120,'0',500,'0','100','0','0','0','netstats state usage','0','on','0','on','0',2,'0','','0','','0','on','0','on','0',1000,'0','','0','on','0','','0','0');
CREATE TABLE  `cacti`.`graph_templates_item` (
  `id` int(12) unsigned NOT NULL AUTO_INCREMENT,
  `hash` varchar(32) NOT NULL DEFAULT '',
  `local_graph_template_item_id` int(12) unsigned NOT NULL DEFAULT '0',
  `local_graph_id` mediumint(8) unsigned NOT NULL DEFAULT '0',
  `graph_template_id` mediumint(8) unsigned NOT NULL DEFAULT '0',
  `task_item_id` mediumint(8) unsigned NOT NULL DEFAULT '0',
  `color_id` mediumint(8) unsigned NOT NULL DEFAULT '0',
  `alpha` char(2) DEFAULT 'FF',
  `graph_type_id` tinyint(3) NOT NULL DEFAULT '0',
  `cdef_id` mediumint(8) unsigned NOT NULL DEFAULT '0',
  `consolidation_function_id` tinyint(2) NOT NULL DEFAULT '0',
  `text_format` varchar(255) DEFAULT NULL,
  `value` varchar(255) DEFAULT NULL,
  `hard_return` char(2) DEFAULT NULL,
  `gprint_id` mediumint(8) unsigned NOT NULL DEFAULT '0',
  `sequence` mediumint(8) unsigned NOT NULL DEFAULT '0',
  PRIMARY KEY (`id`),
  KEY `graph_template_id` (`graph_template_id`),
  KEY `local_graph_id` (`local_graph_id`),
  KEY `task_item_id` (`task_item_id`)
) ENGINE=MyISAM AUTO_INCREMENT=1991 DEFAULT CHARSET=latin1 COMMENT='Stores the actual graph item data.';
INSERT INTO `cacti`.`graph_templates_item` VALUES  (9,'0470b2427dbfadb6b8346e10a71268fa',0,0,2,54,22,'FF',7,2,1,'Inbound','','',2,1),
 (10,'84a5fe0db518550266309823f994ce9c',0,0,2,54,0,'FF',9,2,4,'Current:','','',2,2),
 (11,'2f222f28084085cd06a1f46e4449c793',0,0,2,54,0,'FF',9,2,1,'Average:','','',2,3),
 (12,'55acbcc33f46ee6d754e8e81d1b54808',0,0,2,54,0,'FF',9,2,3,'Maximum:','','on',2,4),
 (13,'fdaf2321fc890e355711c2bffc07d036',0,0,2,55,20,'FF',4,2,1,'Outbound','','',2,5),
 (14,'768318f42819217ed81196d2179d3e1b',0,0,2,55,0,'FF',9,2,4,'Current:','','',2,6),
 (15,'cb3aa6256dcb3acd50d4517b77a1a5c3',0,0,2,55,0,'FF',9,2,1,'Average:','','',2,7),
 (16,'671e989be7cbf12c623b4e79d91c7bed',0,0,2,55,0,'FF',9,2,3,'Maximum:','','on',2,8),
 (17,'b561ed15b3ba66d277e6d7c1640b86f7',0,0,3,4,48,'FF',7,14,1,'Used','','',2,1),
 (18,'99ef051057fa6adfa6834a7632e9d8a2',0,0,3,4,0,'FF',9,14,4,'Current:','','',2,2),
 (19,'3986695132d3f4716872df4c6fbccb65',0,0,3,4,0,'FF',9,14,1,'Average:','','',2,3),
 (20,'0444300017b368e6257f010dca8bbd0d',0,0,3,4,0,'FF',9,14,3,'Maximum:','','on',2,4),
 (21,'4d6a0b9063124ca60e2d1702b3e15e41',0,0,3,3,20,'FF',8,14,1,'Available','','',2,5),
 (22,'181b08325e4d00cd50b8cdc8f8ae8e77',0,0,3,3,0,'FF',9,14,4,'Current:','','',2,6),
 (23,'bba0a9ff1357c990df50429d64314340',0,0,3,3,0,'FF',9,14,1,'Average:','','',2,7),
 (24,'d4a67883d53bc1df8aead21c97c0bc52',0,0,3,3,0,'FF',9,14,3,'Maximum:','','on',2,8),
 (25,'253c9ec2d66905245149c1c2dc8e536e',0,0,3,0,1,'FF',5,15,1,'Total','','',2,9),
 (26,'ea9ea883383f4eb462fec6aa309ba7b5',0,0,3,0,0,'FF',9,15,4,'Current:','','',2,10),
 (27,'83b746bcaba029eeca170a9f77ec4864',0,0,3,0,0,'FF',9,15,1,'Average:','','',2,11),
 (28,'82e01dd92fd37887c0696192efe7af65',0,0,3,0,0,'FF',9,15,3,'Maximum:','','on',2,12),
 (29,'ff0a6125acbb029b814ed1f271ad2d38',0,0,4,5,9,'FF',7,0,1,'System','','',2,1),
 (30,'f0776f7d6638bba76c2c27f75a424f0f',0,0,4,5,0,'FF',9,0,4,'Current:','','',2,2),
 (31,'39f4e021aa3fed9207b5f45a82122b21',0,0,4,5,0,'FF',9,0,1,'Average:','','',2,3),
 (32,'800f0b067c06f4ec9c2316711ea83c1e',0,0,4,5,0,'FF',9,0,3,'Maximum:','','on',2,4),
 (33,'9419dd5dbf549ba4c5dc1462da6ee321',0,0,4,6,21,'FF',8,0,1,'User','','',2,5),
 (34,'e461dd263ae47657ea2bf3fd82bec096',0,0,4,6,0,'FF',9,0,4,'Current:','','',2,6),
 (35,'f2d1fbb8078a424ffc8a6c9d44d8caa0',0,0,4,6,0,'FF',9,0,1,'Average:','','',2,7),
 (36,'e70a5de639df5ba1705b5883da7fccfc',0,0,4,6,0,'FF',9,0,3,'Maximum:','','on',2,8),
 (37,'85fefb25ce9fd0317da2706a5463fc42',0,0,4,7,12,'FF',8,0,1,'Nice','','',2,9),
 (38,'a1cb26878776999db16f1de7577b3c2a',0,0,4,7,0,'FF',9,0,4,'Current:','','',2,10),
 (39,'7d0f9bf64a0898a0095f099674754273',0,0,4,7,0,'FF',9,0,1,'Average:','','',2,11),
 (40,'b2879248a522d9679333e1f29e9a87c3',0,0,4,7,0,'FF',9,0,3,'Maximum:','','on',2,12),
 (41,'d800aa59eee45383b3d6d35a11cdc864',0,0,4,0,1,'FF',4,12,1,'Total','','',2,13),
 (42,'cab4ae79a546826288e273ca1411c867',0,0,4,0,0,'FF',9,12,4,'Current:','','',2,14),
 (43,'d44306ae85622fec971507460be63f5c',0,0,4,0,0,'FF',9,12,1,'Average:','','',2,15),
 (44,'aa5c2118035bb83be497d4e099afcc0d',0,0,4,0,0,'FF',9,12,3,'Maximum:','','on',2,16),
 (45,'4aa34ea1b7542b770ace48e8bc395a22',0,0,5,9,48,'FF',7,0,1,'Signal Level','','',2,1),
 (46,'22f118a9d81d0a9c8d922efbbc8a9cc1',0,0,5,9,0,'FF',9,0,4,'Current:','','',2,2),
 (47,'229de0c4b490de9d20d8f8d41059f933',0,0,5,9,0,'FF',9,0,1,'Average:','','',2,3),
 (48,'cd17feb30c02fd8f21e4d4dcde04e024',0,0,5,9,0,'FF',9,0,3,'Maximum:','','on',2,4),
 (49,'8723600cfd0f8a7b3f7dc1361981aabd',0,0,5,8,25,'FF',5,0,1,'Noise Level','','',2,5),
 (50,'cb06be2601b5abfb7a42fc07586de1c2',0,0,5,8,0,'FF',9,0,4,'Current:','','',2,6),
 (51,'55a2ee0fd511e5210ed85759171de58f',0,0,5,8,0,'FF',9,0,1,'Average:','','',2,7),
 (52,'704459564c84e42462e106eef20db169',0,0,5,8,0,'FF',9,0,3,'Maximum:','','on',2,8),
 (53,'aaebb19ec522497eaaf8c87a631b7919',0,0,6,10,48,'FF',7,0,1,'Transmissions','','',2,1),
 (54,'8b54843ac9d41bce2fcedd023560ed64',0,0,6,10,0,'FF',9,0,4,'Current:','','',2,2),
 (55,'05927dc83e07c7d9cffef387d68f35c9',0,0,6,10,0,'FF',9,0,1,'Average:','','',2,3),
 (56,'d11e62225a7e7a0cdce89242002ca547',0,0,6,10,0,'FF',9,0,3,'Maximum:','','on',2,4),
 (57,'6397b92032486c476b0e13a35b727041',0,0,6,11,25,'FF',5,0,1,'Re-Transmissions','','',2,5),
 (58,'cdfa5f8f82f4c479ff7f6f54160703f6',0,0,6,11,0,'FF',9,0,4,'Current:','','',2,6),
 (59,'ce2a309fb9ef64f83f471895069a6f07',0,0,6,11,0,'FF',9,0,1,'Average:','','',2,7),
 (60,'9cbfbf57ebde435b27887f27c7d3caea',0,0,6,11,0,'FF',9,0,3,'Maximum:','','on',2,8),
 (61,'80e0aa956f50c261e5143273da58b8a3',0,0,7,21,25,'FF',7,0,1,'','','',2,1),
 (62,'48fdcae893a7b7496e1a61efc3453599',0,0,7,21,0,'FF',9,0,4,'Current:','','',2,2),
 (63,'22f43e5fa20f2716666ba9ed9a7d1727',0,0,7,21,0,'FF',9,0,1,'Average:','','',2,3),
 (64,'3e86d497bcded7af7ab8408e4908e0d8',0,0,7,21,0,'FF',9,0,3,'Maximum:','','on',2,4),
 (65,'ba00ecd28b9774348322ff70a96f2826',0,0,8,19,48,'FF',7,0,1,'Running Processes','','',2,1),
 (66,'8d76de808efd73c51e9a9cbd70579512',0,0,8,19,0,'FF',9,0,4,'Current:','','',3,2),
 (67,'304244ca63d5b09e62a94c8ec6fbda8d',0,0,8,19,0,'FF',9,0,1,'Average:','','',3,3),
 (68,'da1ba71a93d2ed4a2a00d54592b14157',0,0,8,19,0,'FF',9,0,3,'Maximum:','','on',3,4),
 (69,'93ad2f2803b5edace85d86896620b9da',0,0,9,12,15,'FF',7,0,1,'1 Minute Average','','',2,1),
 (70,'e28736bf63d3a3bda03ea9f1e6ecb0f1',0,0,9,12,0,'FF',9,0,4,'Current:','','on',4,2),
 (71,'bbdfa13adc00398eed132b1ccb4337d2',0,0,9,13,8,'FF',8,0,1,'5 Minute Average','','',2,3),
 (72,'2c14062c7d67712f16adde06132675d6',0,0,9,13,0,'FF',9,0,4,'Current:','','on',4,4),
 (73,'9cf6ed48a6a54b9644a1de8c9929bd4e',0,0,9,14,9,'FF',8,0,1,'15 Minute Average','','',2,5),
 (74,'c9824064305b797f38feaeed2352e0e5',0,0,9,14,0,'FF',9,0,4,'Current:','','on',4,6),
 (75,'fa1bc4eff128c4da70f5247d55b8a444',0,0,9,0,1,'FF',4,12,1,'','','on',2,7),
 (76,'5c94ac24bc0d6d2712cc028fa7d4c7d2',0,0,10,20,67,'FF',7,0,1,'Users','','',2,1),
 (77,'8bc7f905526f62df7d5c2d8c27c143c1',0,0,10,20,0,'FF',9,0,4,'Current:','','',3,2),
 (78,'cd074cd2b920aab70d480c020276d45b',0,0,10,20,0,'FF',9,0,1,'Average:','','',3,3),
 (79,'415630f25f5384ba0c82adbdb05fe98b',0,0,10,20,0,'FF',9,0,3,'Maximum:','','on',3,4),
 (80,'d77d2050be357ab067666a9485426e6b',0,0,11,33,15,'FF',7,0,1,'1 Minute Average','','',2,1),
 (81,'13d22f5a0eac6d97bf6c97d7966f0a00',0,0,11,33,0,'FF',9,0,4,'Current:','','on',4,2),
 (82,'8580230d31d2851ec667c296a665cbf9',0,0,11,34,8,'FF',8,0,1,'5 Minute Average','','',2,3),
 (83,'b5b7d9b64e7640aa51dbf58c69b86d15',0,0,11,34,0,'FF',9,0,4,'Current:','','on',4,4),
 (84,'2ec10edf4bfaa866b7efd544d4c3f446',0,0,11,35,9,'FF',8,0,1,'15 Minute Average','','',2,5),
 (85,'b65666f0506c0c70966f493c19607b93',0,0,11,35,0,'FF',9,0,4,'Current:','','on',4,6),
 (86,'6c73575c74506cfc75b89c4276ef3455',0,0,11,0,1,'FF',4,12,1,'Total','','on',2,7),
 (95,'5fa7c2317f19440b757ab2ea1cae6abc',0,0,12,16,41,'FF',7,14,1,'Free','','',2,9),
 (96,'b1d18060bfd3f68e812c508ff4ac94ed',0,0,12,16,0,'FF',9,14,4,'Current:','','',2,10),
 (97,'780b6f0850aaf9431d1c246c55143061',0,0,12,16,0,'FF',9,14,1,'Average:','','',2,11),
 (98,'2d54a7e7bb45e6c52d97a09e24b7fba7',0,0,12,16,0,'FF',9,14,3,'Maximum:','','on',2,12),
 (99,'40206367a3c192b836539f49801a0b15',0,0,12,18,30,'FF',8,14,1,'Swap','','',2,13),
 (100,'7ee72e2bb3722d4f8a7f9c564e0dd0d0',0,0,12,18,0,'FF',9,14,4,'Current:','','',2,14),
 (101,'c8af33b949e8f47133ee25e63c91d4d0',0,0,12,18,0,'FF',9,14,1,'Average:','','',2,15),
 (102,'568128a16723d1195ce6a234d353ce00',0,0,12,18,0,'FF',9,14,3,'Maximum:','','on',2,16),
 (103,'7517a40d478e28ed88ba2b2a65e16b57',0,0,13,37,52,'FF',7,14,1,'Memory Free','','',2,1),
 (104,'df0c8b353d26c334cb909dc6243957c5',0,0,13,37,0,'FF',9,14,4,'Current:','','',2,2),
 (105,'c41a4cf6fefaf756a24f0a9510580724',0,0,13,37,0,'FF',9,14,1,'Average:','','',2,3),
 (106,'9efa8f01c6ed11364a21710ff170f422',0,0,13,37,0,'FF',9,14,3,'Maximum:','','on',2,4),
 (107,'95d6e4e5110b456f34324f7941d08318',0,0,13,36,35,'FF',8,14,1,'Memory Buffers','','',2,5),
 (108,'0c631bfc0785a9cca68489ea87a6c3da',0,0,13,36,0,'FF',9,14,4,'Current:','','',2,6),
 (109,'3468579d3b671dfb788696df7dcc1ec9',0,0,13,36,0,'FF',9,14,1,'Average:','','',2,7),
 (110,'c3ddfdaa65449f99b7f1a735307f9abe',0,0,13,36,0,'FF',9,14,3,'Maximum:','','on',2,8),
 (111,'4c64d5c1ce8b5d8b94129c23b46a5fd6',0,0,14,28,41,'FF',7,0,1,'Cache Hits','','',2,1),
 (112,'5c1845c9bd1af684a3c0ad843df69e3e',0,0,14,28,0,'FF',9,0,4,'Current:','','',3,2),
 (113,'e5169563f3f361701902a8da3ac0c77f',0,0,14,28,0,'FF',9,0,1,'Average:','','',3,3),
 (114,'35e87262efa521edbb1fd27f09c036f5',0,0,14,28,0,'FF',9,0,3,'Maximum:','','on',3,4),
 (115,'53069d7dba4c31b338f609bea4cd16f3',0,0,14,27,66,'FF',8,0,1,'Cache Checks','','',2,5),
 (116,'d9c102579839c5575806334d342b50de',0,0,14,27,0,'FF',9,0,4,'Current:','','',3,6),
 (117,'dc1897c3249dbabe269af49cee92f8c0',0,0,14,27,0,'FF',9,0,1,'Average:','','',3,7),
 (118,'ccd21fe0b5a8c24057f1eff4a6b66391',0,0,14,27,0,'FF',9,0,3,'Maximum:','','on',3,8),
 (119,'ab09d41c358f6b8a9d0cad4eccc25529',0,0,15,76,9,'FF',7,0,1,'CPU Utilization','','',2,1),
 (120,'5d5b8d8fbe751dc9c86ee86f85d7433b',0,0,15,76,0,'FF',9,0,4,'Current:','','',3,2),
 (121,'4822a98464c6da2afff10c6d12df1831',0,0,15,76,0,'FF',9,0,1,'Average:','','',3,3),
 (122,'fc6fbf2a964bea0b3c88ed0f18616aa7',0,0,15,76,0,'FF',9,0,3,'Maximum:','','on',3,4),
 (123,'e4094625d5443b4c87f9a87ba616a469',0,0,16,25,67,'FF',7,0,1,'File System Reads','','',2,1),
 (124,'ae68425cd10e8a6623076b2e6859a6aa',0,0,16,25,0,'FF',9,0,4,'Current:','','',3,2),
 (125,'40b8e14c6568b3f6be6a5d89d6a9f061',0,0,16,25,0,'FF',9,0,1,'Average:','','',3,3),
 (126,'4afbdc3851c03e206672930746b1a5e2',0,0,16,25,0,'FF',9,0,3,'Maximum:','','on',3,4),
 (127,'ea47d2b5516e334bc5f6ce1698a3ae76',0,0,16,26,93,'FF',8,0,1,'File System Writes','','',2,5),
 (128,'899c48a2f79ea3ad4629aff130d0f371',0,0,16,26,0,'FF',9,0,4,'Current:','','',3,6),
 (129,'ab474d7da77e9ec1f6a1d45c602580cd',0,0,16,26,0,'FF',9,0,1,'Average:','','',3,7),
 (130,'e143f8b4c6d4eeb6a28b052e6b8ce5a9',0,0,16,26,0,'FF',9,0,3,'Maximum:','','on',3,8),
 (131,'facfeeb6fc2255ba2985b2d2f695d78a',0,0,17,23,30,'FF',7,0,1,'Current Logins','','',2,1),
 (132,'2470e43034a5560260d79084432ed14f',0,0,17,23,0,'FF',9,0,4,'Current:','','',3,2),
 (133,'e9e645f07bde92b52d93a7a1f65efb30',0,0,17,23,0,'FF',9,0,1,'Average:','','',3,3),
 (134,'bdfe0d66103211cfdaa267a44a98b092',0,0,17,23,0,'FF',9,0,3,'Maximum:','','on',3,4),
 (139,'098b10c13a5701ddb7d4d1d2e2b0fdb7',0,0,18,30,9,'FF',7,0,1,'CPU Usage','','',2,1),
 (140,'1dbda412a9926b0ee5c025aa08f3b230',0,0,18,30,0,'FF',9,0,4,'Current:','','',3,2),
 (141,'725c45917146807b6a4257fc351f2bae',0,0,18,30,0,'FF',9,0,1,'Average:','','',3,3),
 (142,'4e336fdfeb84ce65f81ded0e0159a5e0',0,0,18,30,0,'FF',9,0,3,'Maximum:','','on',3,4),
 (143,'7dab7a3ceae2addd1cebddee6c483e7c',0,0,19,39,25,'FF',7,14,1,'Free Space','','',2,5),
 (144,'aea239f3ceea8c63d02e453e536190b8',0,0,19,39,0,'FF',9,14,4,'Current:','','',2,6),
 (145,'a0efae92968a6d4ae099b676e0f1430e',0,0,19,39,0,'FF',9,14,1,'Average:','','',2,7),
 (146,'4fd5ba88be16e3d513c9231b78ccf0e1',0,0,19,39,0,'FF',9,14,3,'Maximum:','','on',2,8),
 (147,'d2e98e51189e1d9be8888c3d5c5a4029',0,0,19,38,69,'FF',7,14,1,'Total Space','','',2,1),
 (148,'12829294ee3958f4a31a58a61228e027',0,0,19,38,0,'FF',9,14,4,'Current:','','',2,2),
 (149,'4b7e8755b0f2253723c1e9fb21fd37b1',0,0,19,38,0,'FF',9,14,1,'Average:','','',2,3),
 (150,'cbb19ffd7a0ead2bf61512e86d51ee8e',0,0,19,38,0,'FF',9,14,3,'Maximum:','','on',2,4),
 (151,'37b4cbed68f9b77e49149343069843b4',0,0,19,40,95,'FF',5,14,1,'Freeable Space','','',2,9),
 (152,'5eb7532200f2b5cc93e13743a7db027c',0,0,19,40,0,'FF',9,14,4,'Current:','','',2,10),
 (153,'b0f9f602fbeaaff090ea3f930b46c1c7',0,0,19,40,0,'FF',9,14,1,'Average:','','',2,11),
 (154,'06477f7ea46c63272cee7253e7cd8760',0,0,19,40,0,'FF',9,14,3,'Maximum:','','on',2,12),
 (171,'a751838f87068e073b95be9555c57bde',0,0,21,56,0,'FF',9,14,3,'Maximum:','','on',2,4),
 (170,'3b13eb2e542fe006c9bf86947a6854fa',0,0,21,56,0,'FF',9,14,1,'Average:','','',2,3),
 (169,'8ef3e7fb7ce962183f489725939ea40f',0,0,21,56,0,'FF',9,14,4,'Current:','','',2,2),
 (167,'6ca2161c37b0118786dbdb46ad767e5d',0,0,21,56,48,'FF',7,14,1,'Used','','',2,1),
 (159,'6877a2a5362a9390565758b08b9b37f7',0,0,20,43,77,'FF',7,0,1,'Used Directory Entries','','',2,1),
 (160,'a978834f3d02d833d3d2def243503bf2',0,0,20,43,0,'FF',9,0,4,'Current:','','',3,2),
 (161,'7422d87bc82de20a4333bd2f6460b2d4',0,0,20,43,0,'FF',9,0,1,'Average:','','',3,3),
 (162,'4d52762859a3fec297ebda0e7fd760d9',0,0,20,43,0,'FF',9,0,3,'Maximum:','','on',3,4),
 (163,'999d4ed1128ff03edf8ea47e56d361dd',0,0,20,42,1,'FF',5,0,1,'Available Directory Entries','','',2,5),
 (164,'3dfcd7f8c7a760ac89d34398af79b979',0,0,20,42,0,'FF',9,0,4,'Current:','','',3,6),
 (165,'217be75e28505c8f8148dec6b71b9b63',0,0,20,42,0,'FF',9,0,1,'Average:','','',3,7),
 (166,'69b89e1c5d6fc6182c93285b967f970a',0,0,20,42,0,'FF',9,0,3,'Maximum:','','on',3,8),
 (172,'5d6dff9c14c71dc1ebf83e87f1c25695',0,0,21,44,20,'FF',8,14,1,'Available','','',2,5),
 (173,'b27cb9a158187d29d17abddc6fdf0f15',0,0,21,44,0,'FF',9,14,4,'Current:','','',2,6),
 (174,'6c0555013bb9b964e51d22f108dae9b0',0,0,21,44,0,'FF',9,14,1,'Average:','','',2,7),
 (175,'42ce58ec17ef5199145fbf9c6ee39869',0,0,21,44,0,'FF',9,14,3,'Maximum:','','on',2,8),
 (176,'9bdff98f2394f666deea028cbca685f3',0,0,21,0,1,'FF',5,15,1,'Total','','',2,9),
 (177,'fb831fefcf602bc31d9d24e8e456c2e6',0,0,21,0,0,'FF',9,15,4,'Current:','','',2,10),
 (178,'5a958d56785a606c08200ef8dbf8deef',0,0,21,0,0,'FF',9,15,1,'Average:','','',2,11),
 (179,'5ce67a658cec37f526dc84ac9e08d6e7',0,0,21,0,0,'FF',9,15,3,'Maximum:','','on',2,12),
 (180,'7e04a041721df1f8828381a9ea2f2154',0,0,22,47,31,'FF',4,0,1,'Discards In','','',2,1),
 (181,'afc8bca6b1b3030a6d71818272336c6c',0,0,22,47,0,'FF',9,0,4,'Current:','','',2,2),
 (182,'6ac169785f5aeaf1cc5cdfd38dfcfb6c',0,0,22,47,0,'FF',9,0,1,'Average:','','',2,3),
 (183,'178c0a0ce001d36a663ff6f213c07505',0,0,22,47,0,'FF',9,0,3,'Maximum:','','on',2,4),
 (184,'8e3268c0abde7550616bff719f10ee2f',0,0,22,46,48,'FF',4,0,1,'Errors In','','',2,5),
 (185,'18891392b149de63b62c4258a68d75f8',0,0,22,46,0,'FF',9,0,4,'Current:','','',2,6),
 (186,'dfc9d23de0182c9967ae3dabdfa55a16',0,0,22,46,0,'FF',9,0,1,'Average:','','',2,7),
 (187,'c47ba64e2e5ea8bf84aceec644513176',0,0,22,46,0,'FF',9,0,3,'Maximum:','','on',2,8),
 (188,'9d052e7d632c479737fbfaced0821f79',0,0,23,49,71,'FF',4,0,1,'Unicast Packets Out','','',2,5),
 (189,'9b9fa6268571b6a04fa4411d8e08c730',0,0,23,49,0,'FF',9,0,4,'Current:','','',2,6),
 (190,'8e8f2fbeb624029cbda1d2a6ddd991ba',0,0,23,49,0,'FF',9,0,1,'Average:','','',2,7),
 (191,'c76495beb1ed01f0799838eb8a893124',0,0,23,49,0,'FF',9,0,3,'Maximum:','','on',2,8),
 (192,'d4e5f253f01c3ea77182c5a46418fc44',0,0,23,48,25,'FF',7,0,1,'Unicast Packets In','','',2,1),
 (193,'526a96add143da021c5f00d8764a6c12',0,0,23,48,0,'FF',9,0,4,'Current:','','',2,2),
 (194,'81eeb46f451212f00fd7caee42a81c0b',0,0,23,48,0,'FF',9,0,1,'Average:','','',2,3),
 (195,'089e4d1c3faeb00fd5dcc9622b06d656',0,0,23,48,0,'FF',9,0,3,'Maximum:','','on',2,4),
 (196,'fe66cb973966d22250de073405664200',0,0,24,53,25,'FF',7,0,1,'Non-Unicast Packets In','','',2,1),
 (197,'1ba3fc3466ad32fdd2669cac6cad6faa',0,0,24,53,0,'FF',9,0,4,'Current:','','',2,2),
 (198,'f810154d3a934c723c21659e66199cdf',0,0,24,53,0,'FF',9,0,1,'Average:','','',2,3),
 (199,'98a161df359b01304346657ff1a9d787',0,0,24,53,0,'FF',9,0,3,'Maximum:','','on',2,4),
 (200,'d5e55eaf617ad1f0516f6343b3f07c5e',0,0,24,52,71,'FF',4,0,1,'Non-Unicast Packets Out','','',2,5),
 (201,'9fde6b8c84089b9f9044e681162e7567',0,0,24,52,0,'FF',9,0,4,'Current:','','',2,6),
 (202,'9a3510727c3d9fa7e2e7a015783a99b3',0,0,24,52,0,'FF',9,0,1,'Average:','','',2,7),
 (203,'451afd23f2cb59ab9b975fd6e2735815',0,0,24,52,0,'FF',9,0,3,'Maximum:','','on',2,8),
 (204,'617d10dff9bbc3edd9d733d9c254da76',0,0,22,50,18,'FF',4,0,1,'Discards Out','','',2,9),
 (205,'9269a66502c34d00ac3c8b1fcc329ac6',0,0,22,50,0,'FF',9,0,4,'Current:','','',2,10),
 (206,'d45deed7e1ad8350f3b46b537ae0a933',0,0,22,50,0,'FF',9,0,1,'Average:','','',2,11),
 (207,'2f64cf47dc156e8c800ae03c3b893e3c',0,0,22,50,0,'FF',9,0,3,'Maximum:','','on',2,12),
 (208,'57434bef8cb21283c1a73f055b0ada19',0,0,22,51,89,'FF',4,0,1,'Errors Out','','',2,13),
 (209,'660a1b9365ccbba356fd142faaec9f04',0,0,22,51,0,'FF',9,0,4,'Current:','','',2,14),
 (210,'28c5297bdaedcca29acf245ef4bbed9e',0,0,22,51,0,'FF',9,0,1,'Average:','','',2,15),
 (211,'99098604fd0c78fd7dabac8f40f1fb29',0,0,22,51,0,'FF',9,0,3,'Maximum:','','on',2,16),
 (212,'de3eefd6d6c58afabdabcaf6c0168378',0,0,25,54,22,'FF',7,0,1,'Inbound','','',2,1),
 (213,'1a80fa108f5c46eecb03090c65bc9a12',0,0,25,54,0,'FF',9,0,4,'Current:','','',2,2),
 (214,'fe458892e7faa9d232e343d911e845f3',0,0,25,54,0,'FF',9,0,1,'Average:','','',2,3),
 (215,'175c0a68689bebc38aad2fbc271047b3',0,0,25,54,0,'FF',9,0,3,'Maximum:','','on',2,4),
 (216,'1bf2283106510491ddf3b9c1376c0b31',0,0,25,55,20,'FF',4,0,1,'Outbound','','',2,5),
 (217,'c5202f1690ffe45600c0d31a4a804f67',0,0,25,55,0,'FF',9,0,4,'Current:','','',2,6),
 (218,'eb9794e3fdafc2b74f0819269569ed40',0,0,25,55,0,'FF',9,0,1,'Average:','','',2,7),
 (219,'6bcedd61e3ccf7518ca431940c93c439',0,0,25,55,0,'FF',9,0,3,'Maximum:','','on',2,8),
 (303,'b7b381d47972f836785d338a3bef6661',0,0,26,78,0,'FF',9,0,3,'Maximum:','','on',2,8),
 (304,'36fa8063df3b07cece878d54443db727',0,0,26,78,0,'FF',9,0,1,'Average:','','',2,7),
 (305,'2c35b5cae64c5f146a55fcb416dd14b5',0,0,26,78,0,'FF',9,0,4,'Current:','','',2,6),
 (306,'16d6a9a7f608762ad65b0841e5ef4e9c',0,0,26,78,48,'FF',7,0,1,'Used','','',2,5),
 (307,'d80e4a4901ab86ee39c9cc613e13532f',0,0,26,92,20,'FF',7,0,1,'Total','','',2,1),
 (308,'567c2214ee4753aa712c3d101ea49a5d',0,0,26,92,0,'FF',9,0,4,'Current:','','',2,2),
 (309,'ba0b6a9e316ef9be66abba68b80f7587',0,0,26,92,0,'FF',9,0,1,'Average:','','',2,3),
 (310,'4b8e4a6bf2757f04c3e3a088338a2f7a',0,0,26,92,0,'FF',9,0,3,'Maximum:','','on',2,4),
 (317,'8536e034ab5268a61473f1ff2f6bd88f',0,0,27,79,0,'FF',9,0,1,'Average:','','',3,3),
 (316,'d478a76de1df9edf896c9ce51506c483',0,0,27,79,0,'FF',9,0,4,'Current:','','',3,2),
 (315,'42537599b5fb8ea852240b58a58633de',0,0,27,79,9,'FF',7,0,1,'CPU Utilization','','',2,1),
 (318,'87e10f9942b625aa323a0f39b60058e7',0,0,27,79,0,'FF',9,0,3,'Maximum:','','on',3,4),
 (319,'38f6891b0db92aa8950b4ce7ae902741',0,0,28,81,67,'FF',7,0,1,'Users','','',2,1),
 (320,'af13152956a20aa894ef4a4067b88f63',0,0,28,81,0,'FF',9,0,4,'Current:','','',3,2),
 (321,'1b2388bbede4459930c57dc93645284e',0,0,28,81,0,'FF',9,0,1,'Average:','','',3,3),
 (322,'6407dc226db1d03be9730f4d6f3eeccf',0,0,28,81,0,'FF',9,0,3,'Maximum:','','on',3,4),
 (323,'fca6a530c8f37476b9004a90b42ee988',0,0,29,80,48,'FF',7,0,1,'Running Processes','','',2,1),
 (324,'5acebbde3dc65e02f8fda03955852fbe',0,0,29,80,0,'FF',9,0,4,'Current:','','',3,2),
 (325,'311079ffffac75efaab2837df8123122',0,0,29,80,0,'FF',9,0,1,'Average:','','',3,3),
 (326,'724d27007ebf31016cfa5530fee1b867',0,0,29,80,0,'FF',9,0,3,'Maximum:','','on',3,4),
 (373,'1995d8c23e7d8e1efa2b2c55daf3c5a7',0,0,32,54,22,'FF',7,2,1,'Inbound','','',2,1),
 (335,'',95,1,12,84,41,'FF',7,0,1,'Free','','',2,9),
 (336,'',96,1,12,84,0,'FF',9,0,4,'Current:','','',2,10),
 (337,'',97,1,12,84,0,'FF',9,0,1,'Average:','','',2,11),
 (338,'',98,1,12,84,0,'FF',9,0,3,'Maximum:','','on',2,12),
 (339,'',99,1,12,85,30,'FF',8,0,1,'Swap','','',2,13),
 (340,'',100,1,12,85,0,'FF',9,0,4,'Current:','','',2,14),
 (341,'',101,1,12,85,0,'FF',9,0,1,'Average:','','',2,15),
 (342,'',102,1,12,85,0,'FF',9,0,3,'Maximum:','','on',2,16),
 (343,'',69,2,9,86,15,'FF',7,0,1,'1 Minute Average','','',2,1),
 (344,'',70,2,9,86,0,'FF',9,0,4,'Current:','','on',4,2),
 (345,'',71,2,9,87,8,'FF',8,0,1,'5 Minute Average','','',2,3),
 (346,'',72,2,9,87,0,'FF',9,0,4,'Current:','','on',4,4),
 (347,'',73,2,9,88,9,'FF',8,0,1,'15 Minute Average','','',2,5),
 (348,'',74,2,9,88,0,'FF',9,0,4,'Current:','','on',4,6),
 (349,'',75,2,9,0,1,'FF',4,12,1,'','','',2,7),
 (350,'',76,3,10,89,67,'FF',7,0,1,'Users','','',2,1),
 (351,'',77,3,10,89,0,'FF',9,0,4,'Current:','','',3,2),
 (352,'',78,3,10,89,0,'FF',9,0,1,'Average:','','',3,3),
 (353,'',79,3,10,89,0,'FF',9,0,3,'Maximum:','','on',3,4),
 (354,'',65,4,8,90,48,'FF',7,0,1,'Running Processes','','',2,1),
 (355,'',66,4,8,90,0,'FF',9,0,4,'Current:','','',3,2),
 (356,'',67,4,8,90,0,'FF',9,0,1,'Average:','','',3,3),
 (357,'',68,4,8,90,0,'FF',9,0,3,'Maximum:','','on',3,4),
 (358,'803b96bcaec33148901b4b562d9d2344',0,0,30,29,89,'FF',7,0,1,'Open Files','','',2,1),
 (359,'da26dd92666cb840f8a70e2ec5e90c07',0,0,30,29,0,'FF',9,0,4,'Current:','','',3,2),
 (360,'5258970186e4407ed31cca2782650c45',0,0,30,29,0,'FF',9,0,1,'Average:','','',3,3),
 (361,'7d08b996bde9cdc7efa650c7031137b4',0,0,30,29,0,'FF',9,0,3,'Maximum:','','on',3,4),
 (362,'918e6e7d41bb4bae0ea2937b461742a4',0,0,31,54,22,'FF',7,2,1,'Inbound','','',2,1),
 (363,'f19fbd06c989ea85acd6b4f926e4a456',0,0,31,54,0,'FF',9,2,4,'Current:','','',2,2),
 (364,'fc150a15e20c57e11e8d05feca557ef9',0,0,31,54,0,'FF',9,2,1,'Average:','','',2,3),
 (365,'ccbd86e03ccf07483b4d29e63612fb18',0,0,31,54,0,'FF',9,2,3,'Maximum:','','on',2,4),
 (366,'964c5c30cd05eaf5a49c0377d173de86',0,0,31,55,20,'FF',4,2,1,'Outbound','','',2,5),
 (367,'b1a6fb775cf62e79e1c4bc4933c7e4ce',0,0,31,55,0,'FF',9,2,4,'Current:','','',2,6),
 (368,'721038182a872ab266b5cf1bf7f7755c',0,0,31,55,0,'FF',9,2,1,'Average:','','',2,7),
 (369,'2302f80c2c70b897d12182a1fc11ecd6',0,0,31,55,0,'FF',9,2,3,'Maximum:','','on',2,8),
 (370,'4ffc7af8533d103748316752b70f8e3c',0,0,31,0,0,'FF',1,0,1,'','','',2,9),
 (371,'64527c4b6eeeaf627acc5117ff2180fd',0,0,31,55,9,'FF',2,0,1,'95th Percentile','|95:bits:0:max:2|','',2,10),
 (372,'d5bbcbdbf83ae858862611ac6de8fc62',0,0,31,55,0,'FF',1,0,1,'(|95:bits:6:max:2| mbit in+out)','','on',2,11),
 (374,'55083351cd728b82cc4dde68eb935700',0,0,32,54,0,'FF',9,2,4,'Current:','','',2,2),
 (375,'54782f71929e7d1734ed5ad4b8dda50d',0,0,32,54,0,'FF',9,2,1,'Average:','','',2,3),
 (376,'88d3094d5dc2164cbf2f974aeb92f051',0,0,32,54,0,'FF',9,2,3,'Maximum:','','on',2,4),
 (377,'4a381a8e87d4db1ac99cf8d9078266d3',0,0,32,55,20,'FF',4,2,1,'Outbound','','',2,6),
 (378,'5bff63207c7bf076d76ff3036b5dad54',0,0,32,55,0,'FF',9,2,4,'Current:','','',2,7),
 (379,'979fff9d691ca35e3f4b3383d9cae43f',0,0,32,55,0,'FF',9,2,1,'Average:','','',2,8),
 (380,'0e715933830112c23c15f7e3463f77b6',0,0,32,55,0,'FF',9,2,3,'Maximum:','','on',2,11),
 (383,'5b43e4102600ad75379c5afd235099c4',0,0,32,54,0,'FF',1,0,1,'Total In:  |sum:auto:current:2:auto|','','on',2,5),
 (384,'db7c15d253ca666601b3296f2574edc9',0,0,32,55,0,'FF',1,0,1,'Total Out: |sum:auto:current:2:auto|','','on',2,12),
 (385,'fdaec5b9227522c758ad55882c483a83',0,0,33,55,0,'FF',9,0,3,'Maximum:','','on',2,11),
 (386,'6824d29c3f13fe1e849f1dbb8377d3f1',0,0,33,55,0,'FF',9,0,1,'Average:','','',2,8),
 (387,'54e3971b3dd751dd2509f62721c12b41',0,0,33,55,0,'FF',9,0,4,'Current:','','',2,7),
 (388,'cf8c9f69878f0f595d583eac109a9be1',0,0,33,55,20,'FF',4,0,1,'Outbound','','',2,6),
 (389,'de265acbbfa99eb4b3e9f7e90c7feeda',0,0,33,54,0,'FF',9,0,3,'Maximum:','','on',2,4),
 (390,'777aa88fb0a79b60d081e0e3759f1cf7',0,0,33,54,0,'FF',9,0,1,'Average:','','',2,3),
 (391,'66bfdb701c8eeadffe55e926d6e77e71',0,0,33,54,0,'FF',9,0,4,'Current:','','',2,2),
 (392,'3ff8dba1ca6279692b3fcabed0bc2631',0,0,33,54,22,'FF',7,0,1,'Inbound','','',2,1),
 (393,'d6041d14f9c8fb9b7ddcf3556f763c03',0,0,33,55,0,'FF',1,0,1,'Total Out: |sum:auto:current:2:auto|','','on',2,12),
 (394,'76ae747365553a02313a2d8a0dd55c8a',0,0,33,54,0,'FF',1,0,1,'Total In:  |sum:auto:current:2:auto|','','on',2,5),
 (403,'8a1b44ab97d3b56207d0e9e77a035d25',0,0,13,95,30,'FF',8,14,1,'Cache Memory','','',2,9),
 (404,'6db3f439e9764941ff43fbaae348f5dc',0,0,13,95,0,'FF',9,14,4,'Current:','','',2,10),
 (405,'cc9b2fe7acf0820caa61c1519193f65e',0,0,13,95,0,'FF',9,14,1,'Average:','','',2,11),
 (406,'9eea140bdfeaa40d50c5cdcd1f23f72d',0,0,13,95,0,'FF',9,14,3,'Maximum:','','on',2,12),
 (407,'41316670b1a36171de2bda91a0cc2364',0,0,34,96,98,'FF',7,0,1,'','','',2,1),
 (408,'c9e8cbdca0215b434c902e68755903ea',0,0,34,96,0,'FF',9,0,4,'Current:','','',2,2),
 (409,'dab91d7093e720841393feea5bdcba85',0,0,34,96,0,'FF',9,0,1,'Average:','','',2,3),
 (410,'03e5bd2151fea3c90843eb1130b84458',0,0,34,96,0,'FF',9,0,3,'Maximum:','','on',2,4),
 (411,'',167,5,21,56,48,'FF',7,14,1,'Used','','',2,1),
 (412,'',169,5,21,56,0,'FF',9,14,4,'Current:','','',2,2),
 (413,'',170,5,21,56,0,'FF',9,14,1,'Average:','','',2,3),
 (414,'',171,5,21,56,0,'FF',9,14,3,'Maximum:','','on',2,4),
 (415,'',172,5,21,44,20,'FF',8,14,1,'Available','','',2,5),
 (416,'',173,5,21,44,0,'FF',9,14,4,'Current:','','',2,6),
 (417,'',174,5,21,44,0,'FF',9,14,1,'Average:','','',2,7),
 (418,'',175,5,21,44,0,'FF',9,14,3,'Maximum:','','on',2,8),
 (419,'',176,5,21,0,1,'FF',5,15,1,'Total','','',2,9),
 (420,'',177,5,21,0,0,'FF',9,15,4,'Current:','','',2,10),
 (421,'',178,5,21,0,0,'FF',9,15,1,'Average:','','',2,11),
 (422,'',179,5,21,0,0,'FF',9,15,3,'Maximum:','','on',2,12),
 (517,'c5dfee3a8a0cad01a5c86cd81ddf13bc',0,0,40,148,13,'FF',4,0,1,'Completed','','',2,12),
 (511,'af1f8f04105e0e0e404d58ad94708b11',0,0,40,113,96,'FF',4,0,1,'Active Threads','','',2,4),
 (518,'899d4a16a3ca2596c2ba548f7d539248',0,0,40,148,0,'FF',9,0,1,'Current:','','on',3,13),
 (501,'0',499,19,38,146,0,'FF',9,0,4,'Current:','','',3,4),
 (502,'0',497,19,38,146,64,'FF',7,0,1,'Standby Threads','','',2,3),
 (503,'0',475,19,38,143,0,'FF',9,0,4,'Current:','','',3,10),
 (504,'0',468,19,38,144,0,'FF',9,0,4,'Current:','','',3,7),
 (505,'0',473,19,38,143,95,'CC',5,0,1,'Idle Threads','','',2,9),
 (506,'0',453,19,38,145,0,'FF',9,0,4,'Current:','','on',3,2),
 (507,'0',454,19,38,144,33,'66',6,0,1,'Active Threads','','',2,6),
 (508,'0',451,19,38,145,64,'7F',7,0,1,'Execute Threads','','',2,1),
 (451,'7a6dd4927c3c104c278a3e1d69c4d94b',0,0,38,114,64,'7F',7,0,1,'Execute Threads','','',2,1),
 (500,'',499,18,38,160,0,'FF',9,0,4,'Current:','','',3,4),
 (453,'bcc54cc93f2583951dddb6e34082b0bc',0,0,38,117,0,'FF',9,0,4,'Current:','','on',3,2),
 (454,'3f0d3dfe6868419ad727890b6f808cb3',0,0,38,113,33,'66',6,0,1,'Active Threads','','',2,6),
 (514,'d5658eeb2cae6284f3eb84de57569000',0,0,40,154,33,'B2',5,0,1,'Throughput','','',2,10),
 (513,'8471b0a0089be59782f37499b010c9f2',0,0,40,154,0,'FF',9,0,4,'Current:','','on',3,11),
 (512,'784c1c2ee2a43abdc36bbb6d18a834a6',0,0,40,113,0,'FF',9,0,4,'Current:','','',3,5),
 (468,'2deb6211256c874b317dbe723fe9695e',0,0,38,113,0,'FF',9,0,4,'Current:','','',3,7),
 (499,'45c67bdd5f3e13ba27586d30bd3d6cfa',0,0,38,119,0,'FF',9,0,4,'Current:','','',3,4),
 (497,'129e7990bfee3e304d4854434291ddb3',0,0,38,119,64,'FF',7,0,1,'Standby Threads','','',2,3),
 (498,'',497,18,38,160,64,'FF',7,0,1,'Standby Threads','','',2,3),
 (473,'09950729ae90b20e7e3b47fbbb3fd476',0,0,38,117,95,'CC',5,0,1,'Idle Threads','','',2,9),
 (494,'',475,18,38,156,0,'FF',9,0,4,'Current:','','',3,10),
 (475,'7f5d0437169d974fc5df67197d473d06',0,0,38,117,0,'FF',9,0,4,'Current:','','',3,10),
 (492,'',468,18,38,158,0,'FF',9,0,4,'Current:','','',3,7),
 (493,'',473,18,38,156,95,'CC',5,0,1,'Idle Threads','','',2,9),
 (490,'',453,18,38,159,0,'FF',9,0,4,'Current:','','on',3,2),
 (491,'',454,18,38,158,33,'66',6,0,1,'Active Threads','','',2,6),
 (489,'',451,18,38,159,64,'7F',7,0,1,'Execute Threads','','',2,1),
 (515,'0fe40191b058cce1112e9d6a1a2af0cb',0,0,40,150,9,'B2',7,0,3,'Pending Requests','','',2,7),
 (516,'0f3eeaed37944c644d6cfe786cefba6b',0,0,40,117,0,'FF',9,0,4,'Current:','','',3,8),
 (519,'',511,20,40,190,96,'FF',4,0,1,'Active Threads','','',2,4),
 (520,'',512,20,40,190,0,'FF',9,0,4,'Current:','','',3,5),
 (521,'',515,20,40,194,9,'B2',7,0,3,'Pending Requests','','',2,7),
 (522,'',516,20,40,194,0,'FF',9,0,4,'Current:','','',3,8),
 (523,'',514,20,40,196,33,'B2',5,0,1,'Throughput','','',2,10),
 (524,'',513,20,40,196,0,'FF',9,0,4,'Current:','','on',3,11),
 (525,'',517,20,40,189,13,'FF',4,0,1,'Completed','','',2,12),
 (526,'',518,20,40,189,0,'FF',9,0,1,'Current:','','on',3,13),
 (527,'8ee778b272d59f366d68145da1b05f36',0,0,38,113,0,'FF',9,0,1,'Average:','','on',2,8),
 (528,'',527,19,38,144,0,'FF',9,0,1,'Average:','','on',2,8),
 (529,'',527,18,38,158,0,'FF',9,0,1,'Average:','','on',2,8),
 (530,'18e6c8be6fc0cf93cf6e2fb70230f1d1',0,0,38,117,0,'FF',9,0,1,'Average:','','on',2,11),
 (531,'',530,19,38,143,0,'FF',9,0,1,'Average:','','on',2,11),
 (532,'',530,18,38,156,0,'FF',9,0,1,'Average:','','on',2,11),
 (533,'1a5872a4e8dbb6b56acbbddcce78b4a8',0,0,38,119,0,'FF',9,0,1,'Average:','','on',2,5),
 (534,'',533,19,38,146,0,'FF',9,0,1,'Average:','','on',2,5),
 (535,'',533,18,38,160,0,'FF',9,0,1,'Average:','','on',2,5),
 (536,'0',499,21,38,174,0,'FF',9,0,4,'Current:','','',3,4),
 (537,'0',497,21,38,174,64,'FF',7,0,1,'Standby Threads','','',2,3),
 (538,'0',475,21,38,170,0,'FF',9,0,4,'Current:','','',3,10),
 (539,'0',468,21,38,172,0,'FF',9,0,4,'Current:','','',3,7),
 (540,'0',473,21,38,170,95,'CC',5,0,1,'Idle Threads','','',2,9),
 (541,'0',453,21,38,173,0,'FF',9,0,4,'Current:','','on',3,2),
 (542,'0',454,21,38,172,33,'66',6,0,1,'Active Threads','','',2,6),
 (543,'0',451,21,38,173,64,'7F',7,0,1,'Execute Threads','','',2,1),
 (544,'0',527,21,38,172,0,'FF',9,0,1,'Average:','','on',2,8),
 (545,'0',530,21,38,170,0,'FF',9,0,1,'Average:','','on',2,11),
 (546,'0',533,21,38,174,0,'FF',9,0,1,'Average:','','on',2,5),
 (547,'0',499,22,38,183,0,'FF',9,0,4,'Current:','','',3,4),
 (548,'0',497,22,38,183,64,'FF',7,0,1,'Standby Threads','','',2,3),
 (549,'0',475,22,38,179,0,'FF',9,0,4,'Current:','','',3,10),
 (550,'0',468,22,38,181,0,'FF',9,0,4,'Current:','','',3,7),
 (551,'0',473,22,38,179,95,'CC',5,0,1,'Idle Threads','','',2,9),
 (552,'0',453,22,38,182,0,'FF',9,0,4,'Current:','','on',3,2),
 (553,'0',454,22,38,181,33,'66',6,0,1,'Active Threads','','',2,6),
 (554,'0',451,22,38,182,64,'7F',7,0,1,'Execute Threads','','',2,1),
 (555,'0',527,22,38,181,0,'FF',9,0,1,'Average:','','on',2,8),
 (556,'0',530,22,38,179,0,'FF',9,0,1,'Average:','','on',2,11),
 (557,'0',533,22,38,183,0,'FF',9,0,1,'Average:','','on',2,5),
 (558,'74a78abe1b43d728e2da1f976c0c8c85',0,0,38,121,9,'B2',7,0,1,'Blocked Threads','','',2,12),
 (559,'',558,21,38,175,9,'B2',7,0,1,'Blocked Threads','','',2,12),
 (560,'',558,22,38,184,9,'B2',7,0,1,'Blocked Threads','','',2,12),
 (561,'',558,19,38,147,9,'B2',7,0,1,'Blocked Threads','','',2,12),
 (562,'',558,18,38,161,9,'B2',7,0,1,'Blocked Threads','','',2,12),
 (563,'04e56a81608a26b7d169c6a07ed9b1f2',0,0,38,121,0,'FF',9,0,4,'Current:','','',3,13),
 (564,'',563,21,38,175,0,'FF',9,0,4,'Current:','','',3,13),
 (565,'',563,22,38,184,0,'FF',9,0,4,'Current:','','',3,13),
 (566,'',563,19,38,147,0,'FF',9,0,4,'Current:','','',3,13),
 (567,'',563,18,38,161,0,'FF',9,0,4,'Current:','','',3,13),
 (568,'3e1e5cb90ec90b281bd44b45205c3e5f',0,0,38,121,0,'FF',9,0,1,'Average:','','',2,14),
 (569,'',568,21,38,175,0,'FF',9,0,1,'Average:','','',2,14),
 (570,'',568,22,38,184,0,'FF',9,0,1,'Average:','','',2,14),
 (571,'',568,19,38,147,0,'FF',9,0,1,'Average:','','',2,14),
 (572,'',568,18,38,161,0,'FF',9,0,1,'Average:','','',2,14),
 (573,'0',499,23,38,192,0,'FF',9,0,4,'Current:','','',3,4),
 (574,'0',497,23,38,192,64,'FF',7,0,1,'Standby Threads','','',2,3),
 (575,'0',475,23,38,188,0,'FF',9,0,4,'Current:','','',3,10),
 (576,'0',468,23,38,190,0,'FF',9,0,4,'Current:','','',3,7),
 (577,'0',473,23,38,188,95,'CC',5,0,1,'Idle Threads','','',2,9),
 (578,'0',453,23,38,191,0,'FF',9,0,4,'Current:','','on',3,2),
 (579,'0',454,23,38,190,33,'66',6,0,1,'Active Threads','','',2,6),
 (580,'0',451,23,38,191,64,'7F',7,0,1,'Execute Threads','','',2,1),
 (581,'0',527,23,38,190,0,'FF',9,0,1,'Average:','','on',2,8),
 (582,'0',530,23,38,188,0,'FF',9,0,1,'Average:','','on',2,11),
 (583,'0',533,23,38,192,0,'FF',9,0,1,'Average:','','on',2,5),
 (584,'0',558,23,38,193,9,'B2',7,0,1,'Blocked Threads','','',2,12),
 (585,'0',563,23,38,193,0,'FF',9,0,4,'Current:','','',3,13),
 (586,'0',568,23,38,193,0,'FF',9,0,1,'Average:','','',2,14),
 (587,'0',499,24,38,205,0,'FF',9,0,4,'Current:','','',3,4),
 (588,'0',497,24,38,205,64,'FF',7,0,1,'Standby Threads','','',2,3),
 (589,'0',475,24,38,200,0,'FF',9,0,4,'Current:','','',3,10),
 (590,'0',468,24,38,198,0,'FF',9,0,4,'Current:','','',3,7),
 (591,'0',473,24,38,200,95,'CC',5,0,1,'Idle Threads','','',2,9),
 (592,'0',453,24,38,197,0,'FF',9,0,4,'Current:','','on',3,2),
 (593,'0',454,24,38,198,33,'66',6,0,1,'Active Threads','','',2,6),
 (594,'0',451,24,38,197,64,'7F',7,0,1,'Execute Threads','','',2,1),
 (595,'0',527,24,38,198,0,'FF',9,0,1,'Average:','','on',2,8),
 (596,'0',530,24,38,200,0,'FF',9,0,1,'Average:','','on',2,11),
 (597,'0',533,24,38,205,0,'FF',9,0,1,'Average:','','on',2,5),
 (598,'0',558,24,38,204,9,'B2',7,0,1,'Blocked Threads','','',2,12),
 (599,'0',563,24,38,204,0,'FF',9,0,4,'Current:','','',3,13),
 (600,'0',568,24,38,204,0,'FF',9,0,1,'Average:','','',2,14),
 (601,'0',499,25,38,208,0,'FF',9,0,4,'Current:','','',3,4),
 (602,'0',497,25,38,208,64,'FF',7,0,1,'Standby Threads','','',2,3),
 (603,'0',475,25,38,207,0,'FF',9,0,4,'Current:','','',3,10),
 (604,'0',468,25,38,213,0,'FF',9,0,4,'Current:','','',3,7),
 (605,'0',473,25,38,207,95,'CC',5,0,1,'Idle Threads','','',2,9),
 (606,'0',453,25,38,214,0,'FF',9,0,4,'Current:','','on',3,2),
 (607,'0',454,25,38,213,33,'66',6,0,1,'Active Threads','','',2,6),
 (608,'0',451,25,38,214,64,'7F',7,0,1,'Execute Threads','','',2,1),
 (609,'0',527,25,38,213,0,'FF',9,0,1,'Average:','','on',2,8),
 (610,'0',530,25,38,207,0,'FF',9,0,1,'Average:','','on',2,11),
 (611,'0',533,25,38,208,0,'FF',9,0,1,'Average:','','on',2,5),
 (612,'0',558,25,38,211,9,'B2',7,0,1,'Blocked Threads','','',2,12),
 (613,'0',563,25,38,211,0,'FF',9,0,4,'Current:','','',3,13),
 (614,'0',568,25,38,211,0,'FF',9,0,1,'Average:','','',2,14),
 (615,'0',499,26,38,234,0,'FF',9,0,4,'Current:','','',3,4),
 (616,'0',497,26,38,234,64,'FF',7,0,1,'Standby Threads','','',2,3),
 (617,'0',475,26,38,233,0,'FF',9,0,4,'Current:','','',3,10),
 (618,'0',468,26,38,228,0,'FF',9,0,4,'Current:','','',3,7),
 (619,'0',473,26,38,233,95,'CC',5,0,1,'Idle Threads','','',2,9),
 (620,'0',453,26,38,227,0,'FF',9,0,4,'Current:','','on',3,2),
 (621,'0',454,26,38,228,33,'66',6,0,1,'Active Threads','','',2,6),
 (622,'0',451,26,38,227,64,'7F',7,0,1,'Execute Threads','','',2,1),
 (623,'0',527,26,38,228,0,'FF',9,0,1,'Average:','','on',2,8),
 (624,'0',530,26,38,233,0,'FF',9,0,1,'Average:','','on',2,11),
 (625,'0',533,26,38,234,0,'FF',9,0,1,'Average:','','on',2,5),
 (626,'0',558,26,38,230,9,'B2',7,0,1,'Blocked Threads','','',2,12),
 (627,'0',563,26,38,230,0,'FF',9,0,4,'Current:','','',3,13),
 (628,'0',568,26,38,230,0,'FF',9,0,1,'Average:','','',2,14),
 (629,'0',499,27,38,258,0,'FF',9,0,4,'Current:','','',3,4),
 (630,'0',497,27,38,258,64,'FF',7,0,1,'Standby Threads','','',2,3),
 (631,'0',475,27,38,254,0,'FF',9,0,4,'Current:','','',3,10),
 (632,'0',468,27,38,256,0,'FF',9,0,4,'Current:','','',3,7),
 (633,'0',473,27,38,254,95,'CC',5,0,1,'Idle Threads','','',2,9),
 (634,'0',453,27,38,257,0,'FF',9,0,4,'Current:','','on',3,2),
 (635,'0',454,27,38,256,33,'66',6,0,1,'Active Threads','','',2,6),
 (636,'0',451,27,38,257,64,'7F',7,0,1,'Execute Threads','','',2,1),
 (637,'0',527,27,38,256,0,'FF',9,0,1,'Average:','','on',2,8),
 (638,'0',530,27,38,254,0,'FF',9,0,1,'Average:','','on',2,11),
 (639,'0',533,27,38,258,0,'FF',9,0,1,'Average:','','on',2,5),
 (640,'0',558,27,38,259,9,'B2',7,0,1,'Blocked Threads','','',2,12),
 (641,'0',563,27,38,259,0,'FF',9,0,4,'Current:','','',3,13),
 (642,'0',568,27,38,259,0,'FF',9,0,1,'Average:','','',2,14),
 (643,'0',499,28,38,267,0,'FF',9,0,4,'Current:','','',3,4),
 (644,'0',497,28,38,267,64,'FF',7,0,1,'Standby Threads','','',2,3),
 (645,'0',475,28,38,263,0,'FF',9,0,4,'Current:','','',3,10),
 (646,'0',468,28,38,265,0,'FF',9,0,4,'Current:','','',3,7),
 (647,'0',473,28,38,263,95,'CC',5,0,1,'Idle Threads','','',2,9),
 (648,'0',453,28,38,266,0,'FF',9,0,4,'Current:','','on',3,2),
 (649,'0',454,28,38,265,33,'66',6,0,1,'Active Threads','','',2,6),
 (650,'0',451,28,38,266,64,'7F',7,0,1,'Execute Threads','','',2,1),
 (651,'0',527,28,38,265,0,'FF',9,0,1,'Average:','','on',2,8),
 (652,'0',530,28,38,263,0,'FF',9,0,1,'Average:','','on',2,11),
 (653,'0',533,28,38,267,0,'FF',9,0,1,'Average:','','on',2,5),
 (654,'0',558,28,38,268,9,'B2',7,0,1,'Blocked Threads','','',2,12),
 (655,'0',563,28,38,268,0,'FF',9,0,4,'Current:','','',3,13),
 (656,'0',568,28,38,268,0,'FF',9,0,1,'Average:','','',2,14),
 (657,'0',499,29,38,240,0,'FF',9,0,4,'Current:','','',3,4),
 (658,'0',497,29,38,240,64,'FF',7,0,1,'Standby Threads','','',2,3),
 (659,'0',475,29,38,236,0,'FF',9,0,4,'Current:','','',3,10),
 (660,'0',468,29,38,238,0,'FF',9,0,4,'Current:','','',3,7),
 (661,'0',473,29,38,236,95,'CC',5,0,1,'Idle Threads','','',2,9),
 (662,'0',453,29,38,239,0,'FF',9,0,4,'Current:','','on',3,2),
 (663,'0',454,29,38,238,33,'66',6,0,1,'Active Threads','','',2,6),
 (664,'0',451,29,38,239,64,'7F',7,0,1,'Execute Threads','','',2,1),
 (665,'0',527,29,38,238,0,'FF',9,0,1,'Average:','','on',2,8),
 (666,'0',530,29,38,236,0,'FF',9,0,1,'Average:','','on',2,11),
 (667,'0',533,29,38,240,0,'FF',9,0,1,'Average:','','on',2,5),
 (668,'0',558,29,38,241,9,'B2',7,0,1,'Blocked Threads','','',2,12),
 (669,'0',563,29,38,241,0,'FF',9,0,4,'Current:','','',3,13),
 (670,'0',568,29,38,241,0,'FF',9,0,1,'Average:','','',2,14),
 (671,'0',499,30,38,249,0,'FF',9,0,4,'Current:','','',3,4),
 (672,'0',497,30,38,249,64,'FF',7,0,1,'Standby Threads','','',2,3),
 (673,'0',475,30,38,245,0,'FF',9,0,4,'Current:','','',3,10),
 (674,'0',468,30,38,247,0,'FF',9,0,4,'Current:','','',3,7),
 (675,'0',473,30,38,245,95,'CC',5,0,1,'Idle Threads','','',2,9),
 (676,'0',453,30,38,248,0,'FF',9,0,4,'Current:','','on',3,2),
 (677,'0',454,30,38,247,33,'66',6,0,1,'Active Threads','','',2,6),
 (678,'0',451,30,38,248,64,'7F',7,0,1,'Execute Threads','','',2,1),
 (679,'0',527,30,38,247,0,'FF',9,0,1,'Average:','','on',2,8),
 (680,'0',530,30,38,245,0,'FF',9,0,1,'Average:','','on',2,11),
 (681,'0',533,30,38,249,0,'FF',9,0,1,'Average:','','on',2,5),
 (682,'0',558,30,38,250,9,'B2',7,0,1,'Blocked Threads','','',2,12),
 (683,'0',563,30,38,250,0,'FF',9,0,4,'Current:','','',3,13),
 (684,'0',568,30,38,250,0,'FF',9,0,1,'Average:','','',2,14),
 (685,'0',511,31,40,158,96,'FF',4,0,1,'Active Threads','','',2,4),
 (686,'0',512,31,40,158,0,'FF',9,0,4,'Current:','','',3,5),
 (687,'0',515,31,40,162,9,'B2',7,0,3,'Pending Requests','','',2,7),
 (688,'0',516,31,40,162,0,'FF',9,0,4,'Current:','','',3,8),
 (689,'0',514,31,40,164,33,'B2',5,0,1,'Throughput','','',2,10),
 (690,'0',513,31,40,164,0,'FF',9,0,4,'Current:','','on',3,11),
 (691,'0',517,31,40,157,13,'FF',4,0,1,'Completed','','',2,12),
 (692,'0',518,31,40,157,0,'FF',9,0,1,'Current:','','on',3,13),
 (693,'0',511,32,40,144,96,'FF',4,0,1,'Active Threads','','',2,4),
 (694,'0',512,32,40,144,0,'FF',9,0,4,'Current:','','',3,5),
 (695,'0',515,32,40,151,9,'B2',7,0,3,'Pending Requests','','',2,7),
 (696,'0',516,32,40,151,0,'FF',9,0,4,'Current:','','',3,8),
 (697,'0',514,32,40,155,33,'B2',5,0,1,'Throughput','','',2,10),
 (698,'0',513,32,40,155,0,'FF',9,0,4,'Current:','','on',3,11),
 (699,'0',517,32,40,149,13,'FF',4,0,1,'Completed','','',2,12),
 (700,'0',518,32,40,149,0,'FF',9,0,1,'Current:','','on',3,13),
 (701,'0',511,33,40,172,96,'FF',4,0,1,'Active Threads','','',2,4),
 (702,'0',512,33,40,172,0,'FF',9,0,4,'Current:','','',3,5),
 (703,'0',515,33,40,176,9,'B2',7,0,3,'Pending Requests','','',2,7),
 (704,'0',516,33,40,176,0,'FF',9,0,4,'Current:','','',3,8),
 (705,'0',514,33,40,178,33,'B2',5,0,1,'Throughput','','',2,10),
 (706,'0',513,33,40,178,0,'FF',9,0,4,'Current:','','on',3,11),
 (707,'0',517,33,40,171,13,'FF',4,0,1,'Completed','','',2,12),
 (708,'0',518,33,40,171,0,'FF',9,0,1,'Current:','','on',3,13),
 (709,'0',511,34,40,181,96,'FF',4,0,1,'Active Threads','','',2,4),
 (710,'0',512,34,40,181,0,'FF',9,0,4,'Current:','','',3,5),
 (711,'0',515,34,40,185,9,'B2',7,0,3,'Pending Requests','','',2,7),
 (712,'0',516,34,40,185,0,'FF',9,0,4,'Current:','','',3,8),
 (713,'0',514,34,40,187,33,'B2',5,0,1,'Throughput','','',2,10),
 (714,'0',513,34,40,187,0,'FF',9,0,4,'Current:','','on',3,11),
 (715,'0',517,34,40,180,13,'FF',4,0,1,'Completed','','',2,12),
 (716,'0',518,34,40,180,0,'FF',9,0,1,'Current:','','on',3,13),
 (717,'0',511,35,40,198,96,'FF',4,0,1,'Active Threads','','',2,4),
 (718,'0',512,35,40,198,0,'FF',9,0,4,'Current:','','',3,5),
 (719,'0',515,35,40,203,9,'B2',7,0,3,'Pending Requests','','',2,7),
 (720,'0',516,35,40,203,0,'FF',9,0,4,'Current:','','',3,8),
 (721,'0',514,35,40,201,33,'B2',5,0,1,'Throughput','','',2,10),
 (722,'0',513,35,40,201,0,'FF',9,0,4,'Current:','','on',3,11),
 (723,'0',517,35,40,199,13,'FF',4,0,1,'Completed','','',2,12),
 (724,'0',518,35,40,199,0,'FF',9,0,1,'Current:','','on',3,13),
 (725,'0',511,36,40,213,96,'FF',4,0,1,'Active Threads','','',2,4),
 (726,'0',512,36,40,213,0,'FF',9,0,4,'Current:','','',3,5),
 (727,'0',515,36,40,210,9,'B2',7,0,3,'Pending Requests','','',2,7),
 (728,'0',516,36,40,210,0,'FF',9,0,4,'Current:','','',3,8),
 (729,'0',514,36,40,206,33,'B2',5,0,1,'Throughput','','',2,10),
 (730,'0',513,36,40,206,0,'FF',9,0,4,'Current:','','on',3,11),
 (731,'0',517,36,40,212,13,'FF',4,0,1,'Completed','','',2,12),
 (732,'0',518,36,40,212,0,'FF',9,0,1,'Current:','','on',3,13),
 (733,'0',511,37,40,228,96,'FF',4,0,1,'Active Threads','','',2,4),
 (734,'0',512,37,40,228,0,'FF',9,0,4,'Current:','','',3,5),
 (735,'0',515,37,40,232,9,'B2',7,0,3,'Pending Requests','','',2,7),
 (736,'0',516,37,40,232,0,'FF',9,0,4,'Current:','','',3,8),
 (737,'0',514,37,40,235,33,'B2',5,0,1,'Throughput','','',2,10),
 (738,'0',513,37,40,235,0,'FF',9,0,4,'Current:','','on',3,11),
 (739,'0',517,37,40,229,13,'FF',4,0,1,'Completed','','',2,12),
 (740,'0',518,37,40,229,0,'FF',9,0,1,'Current:','','on',3,13),
 (741,'ba59831a1b8345c5d12b86013298434d',0,0,40,150,0,'FF',9,0,3,'Max Pending:','','on',2,9),
 (742,'',741,20,40,194,0,'FF',9,0,3,'Max Pending:','','on',2,9),
 (743,'',741,31,40,162,0,'FF',9,0,3,'Max Pending:','','on',2,9),
 (744,'',741,32,40,151,0,'FF',9,0,3,'Max Pending:','','on',2,9),
 (745,'',741,33,40,176,0,'FF',9,0,3,'Max Pending:','','on',2,9),
 (746,'',741,34,40,185,0,'FF',9,0,3,'Max Pending:','','on',2,9),
 (747,'',741,35,40,203,0,'FF',9,0,3,'Max Pending:','','on',2,9),
 (748,'',741,36,40,210,0,'FF',9,0,3,'Max Pending:','','on',2,9),
 (749,'',741,37,40,232,0,'FF',9,0,3,'Max Pending:','','on',2,9),
 (750,'a1d7c06576e799278a6a5d6c2b3c9e06',0,0,38,121,33,'FF',9,0,3,'Max:','','on',2,15),
 (751,'',750,21,38,175,33,'FF',9,0,3,'Max:','','on',2,15),
 (752,'',750,22,38,184,33,'FF',9,0,3,'Max:','','on',2,15),
 (753,'',750,19,38,147,33,'FF',9,0,3,'Max:','','on',2,15),
 (754,'',750,18,38,161,33,'FF',9,0,3,'Max:','','on',2,15),
 (755,'',750,23,38,193,33,'FF',9,0,3,'Max:','','on',2,15),
 (756,'',750,24,38,204,33,'FF',9,0,3,'Max:','','on',2,15),
 (757,'',750,25,38,211,33,'FF',9,0,3,'Max:','','on',2,15),
 (758,'',750,26,38,230,33,'FF',9,0,3,'Max:','','on',2,15),
 (759,'',750,27,38,259,33,'FF',9,0,3,'Max:','','on',2,15),
 (760,'',750,28,38,268,33,'FF',9,0,3,'Max:','','on',2,15),
 (761,'',750,29,38,241,33,'FF',9,0,3,'Max:','','on',2,15),
 (762,'',750,30,38,250,33,'FF',9,0,3,'Max:','','on',2,15),
 (763,'c346318a2fda0074792601d5e0e4f38c',0,0,41,217,64,'FF',7,0,1,'AWA Response Time','','',2,1),
 (764,'',763,38,41,226,64,'FF',7,0,1,'AWA Response Time','','',2,1),
 (765,'0',763,39,41,272,64,'FF',7,0,1,'AWA Response Time','','',2,1),
 (766,'ba4acd430b77a7350f8b8131e0651c3f',0,0,41,217,0,'FF',9,0,4,'Current:','','',2,2),
 (767,'',766,38,41,226,0,'FF',9,0,4,'Current:','','',2,2),
 (768,'',766,39,41,272,0,'FF',9,0,4,'Current:','','',2,2),
 (769,'ca4453993af1dbc9f1df4b14a586b579',0,0,41,217,0,'FF',9,0,3,'Max:','','on',2,3),
 (770,'',769,38,41,226,0,'FF',9,0,3,'Max:','','on',2,3),
 (771,'',769,39,41,272,0,'FF',9,0,3,'Max:','','on',2,3),
 (772,'2b95c671c3bf5061b8c06e7a22274161',0,0,42,274,13,'7F',4,0,1,'Total Count','','',2,1),
 (773,'2d60ff5ba9906fcedad67e6548ab76dc',0,0,42,273,96,'99',5,0,1,'Average elapsed (s)','','',2,4),
 (774,'',1433,40,47,595,13,'CC',7,0,1,'Total Count','','',2,1),
 (1411,'',1208,72,46,649,0,'FF',9,0,3,'Max:','','on',2,3),
 (776,'0',1433,41,47,577,13,'CC',7,0,1,'Total Count','','',2,1),
 (1410,'',1203,72,46,649,0,'FF',9,0,4,'Current:','','',2,2),
 (778,'0a73aa11b38b137a6a83f703fe3f67a7',0,0,42,275,30,'7F',4,0,1,'Elapsed >10s','','',2,9),
 (779,'',1442,40,47,596,0,'FF',9,0,4,'Current:','','',2,9),
 (780,'',1442,41,47,578,0,'FF',9,0,4,'Current:','','',2,9),
 (781,'882e445a3e50e70f7a6db5bb5d1a0167',0,0,42,273,0,'FF',9,0,4,'Current:','','on',2,5),
 (782,'',1436,40,47,594,25,'FF',7,0,1,'Elapsed >5s','','',2,5),
 (783,'',1436,41,47,579,25,'FF',7,0,1,'Elapsed >5s','','',2,5),
 (784,'2a83df54984a232c85e5b536e1ea7421',0,0,42,276,12,'B2',4,0,1,'Elapsed >5s','','',2,6),
 (785,'',1443,40,47,594,0,'FF',9,0,4,'Current:','','',2,6),
 (786,'',1443,41,47,579,0,'FF',9,0,4,'Current:','','',2,6),
 (787,'0',1433,42,47,667,13,'CC',7,0,1,'Total Count','','',2,1),
 (1409,'',1196,72,46,649,13,'CC',7,0,1,'Total Count','','',2,1),
 (789,'0',1442,42,47,666,0,'FF',9,0,4,'Current:','','',2,9),
 (790,'0',1436,42,47,665,25,'FF',7,0,1,'Elapsed >5s','','',2,5),
 (791,'0',1443,42,47,665,0,'FF',9,0,4,'Current:','','',2,6),
 (792,'2c809bc3ad5dbe35ca372ffe47dde26b',0,0,42,276,0,'FF',9,0,3,'Max:','','on',2,8),
 (793,'',1435,40,47,596,8,'FF',7,0,1,'Elapsed >10s','','',2,8),
 (794,'',1435,41,47,578,8,'FF',7,0,1,'Elapsed >10s','','',2,8),
 (795,'',1435,42,47,666,8,'FF',7,0,1,'Elapsed >10s','','',2,8),
 (796,'6d24ee9d1f452bd70d56b7174654acdc',0,0,42,275,0,'FF',9,0,3,'Max:','','on',2,11),
 (797,'',1440,40,47,592,35,'FF',7,0,1,'Elapsed >30s','','',2,11),
 (798,'',1438,41,47,578,0,'FF',9,0,3,'Max:','','on',2,10),
 (799,'',1440,42,47,669,35,'FF',7,0,1,'Elapsed >30s','','',2,11),
 (800,'0',1433,43,47,521,13,'CC',7,0,1,'Total Count','','',2,1),
 (802,'0',1442,43,47,520,0,'FF',9,0,4,'Current:','','',2,9),
 (803,'0',1436,43,47,519,25,'FF',7,0,1,'Elapsed >5s','','',2,5),
 (804,'0',1443,43,47,519,0,'FF',9,0,4,'Current:','','',2,6),
 (805,'0',1435,43,47,520,8,'FF',7,0,1,'Elapsed >10s','','',2,8),
 (806,'0',1440,43,47,523,35,'FF',7,0,1,'Elapsed >30s','','',2,11),
 (1649,'0',1436,83,47,704,25,'FF',7,0,1,'Elapsed >5s','','',2,5),
 (1647,'0',1433,83,47,702,13,'CC',7,0,1,'Total Count','','',2,1),
 (1646,'',1391,49,46,695,0,'FF',9,0,4,'Current:','','on',2,20),
 (1644,'',1225,49,46,692,0,'FF',9,0,3,'Max:','','on',2,18),
 (1638,'0',979,82,44,688,0,'FF',9,0,3,'Max:','','on',2,12),
 (1636,'0',975,82,44,688,31,'B2',4,0,1,'HTTP 403','','',2,10),
 (1635,'0',978,82,44,687,0,'FF',9,0,3,'Max:','','on',2,9),
 (1634,'0',984,82,44,687,0,'FF',9,0,4,'Current:','','',2,8),
 (1633,'0',977,82,44,687,12,'99',4,0,1,'HTTP 302','','',2,7),
 (821,'0',1433,46,47,601,13,'CC',7,0,1,'Total Count','','',2,1),
 (822,'0',1436,46,47,603,25,'FF',7,0,1,'Elapsed >5s','','',2,5),
 (823,'0',1438,46,47,602,0,'FF',9,0,3,'Max:','','on',2,10),
 (824,'0',1443,46,47,603,0,'FF',9,0,4,'Current:','','',2,6),
 (825,'0',1437,46,47,603,0,'FF',9,0,3,'Max:','','on',2,7),
 (826,'0',1442,46,47,602,0,'FF',9,0,4,'Current:','','',2,9),
 (827,'0',1445,46,47,605,0,'FF',9,0,4,'Current:','','',2,12),
 (1660,'0',1434,83,47,698,68,'FF',5,0,4,'Timeouts','','',2,17),
 (1659,'0',1448,83,47,699,9,'FF',4,0,1,'Elapsed >60s','','',2,14),
 (1658,'0',1445,83,47,700,0,'FF',9,0,4,'Current:','','',2,12),
 (1657,'0',1444,83,47,702,0,'FF',9,0,3,'Max:','','on',2,3),
 (1656,'0',1440,83,47,700,35,'FF',7,0,1,'Elapsed >30s','','',2,11),
 (1655,'0',1437,83,47,704,0,'FF',9,0,3,'Max:','','on',2,7),
 (835,'0',1433,48,47,513,13,'CC',7,0,1,'Total Count','','',2,1),
 (837,'0',1442,48,47,512,0,'FF',9,0,4,'Current:','','',2,9),
 (838,'0',1436,48,47,511,25,'FF',7,0,1,'Elapsed >5s','','',2,5),
 (839,'0',1443,48,47,511,0,'FF',9,0,4,'Current:','','',2,6),
 (840,'0',1435,48,47,512,8,'FF',7,0,1,'Elapsed >10s','','',2,8),
 (841,'0',1440,48,47,515,35,'FF',7,0,1,'Elapsed >30s','','',2,11),
 (842,'0',1196,49,46,694,13,'CC',7,0,1,'Total Count','','',2,1),
 (843,'0',1200,49,46,696,25,'FF',7,0,1,'Elapsed >10s','','',2,5),
 (844,'0',1202,49,46,693,0,'FF',9,0,3,'Max:','','on',2,10),
 (845,'0',1207,49,46,696,0,'FF',9,0,4,'Current:','','',2,6),
 (846,'0',1201,49,46,696,0,'FF',9,0,3,'Max:','','on',2,7),
 (847,'0',1206,49,46,693,0,'FF',9,0,4,'Current:','','',2,9),
 (848,'0',1209,49,46,690,0,'FF',9,0,4,'Current:','','',2,12),
 (849,'b674a34d6dbd28bd65126cee1e629ec1',0,0,42,274,0,'FF',9,0,4,'Current:','','',2,2),
 (850,'',1439,40,47,595,0,'FF',9,0,4,'Current:','','',2,2),
 (851,'',1439,41,47,577,0,'FF',9,0,4,'Current:','','',2,2),
 (852,'',1439,42,47,667,0,'FF',9,0,4,'Current:','','',2,2),
 (853,'',1439,43,47,521,0,'FF',9,0,4,'Current:','','',2,2),
 (1643,'',1210,49,46,692,68,'FF',5,0,4,'Timeouts','','',2,17),
 (1632,'0',973,82,44,681,13,'CC',4,0,1,'Total Count','','',2,1),
 (856,'',1439,46,47,601,0,'FF',9,0,4,'Current:','','',2,2),
 (1654,'0',1446,83,47,698,0,'FF',9,0,3,'Max:','','on',2,18),
 (858,'',1439,48,47,513,0,'FF',9,0,4,'Current:','','',2,2),
 (859,'',1203,49,46,694,0,'FF',9,0,4,'Current:','','',2,2),
 (1645,'',1385,49,46,695,94,'FF',5,0,4,'Average Time (s)','','',2,19),
 (1648,'0',1442,83,47,703,0,'FF',9,0,4,'Current:','','',2,9),
 (1637,'0',983,82,44,688,0,'FF',9,0,4,'Current:','','',2,11),
 (1375,'',1447,41,47,582,0,'FF',9,0,4,'Current:','','',2,15),
 (860,'0',868,50,43,358,13,'FF',4,0,1,'Total Count','','',2,1),
 (861,'0',869,50,43,357,10,'B2',5,0,1,'Average elapsed (s)','','',2,4),
 (862,'0',870,50,43,359,28,'99',4,0,1,'Elapsed >15s','','',2,9),
 (863,'0',871,50,43,357,0,'FF',9,0,4,'Current:','','on',2,5),
 (864,'0',872,50,43,360,12,'FF',4,0,1,'Elapsed >10s','','',2,6),
 (865,'0',873,50,43,360,0,'FF',9,0,3,'Max:','','on',2,8),
 (866,'0',874,50,43,359,0,'FF',9,0,3,'Max:','','on',2,11),
 (867,'0',875,50,43,358,0,'FF',9,0,4,'Current:','','',2,2),
 (868,'d3a274bef72b6fd18056210e102ba7a5',0,0,43,535,13,'FF',4,0,1,'Total Count','','',2,1),
 (869,'405f0bbfd7ad97fdcf727571d40dbcb2',0,0,43,534,10,'B2',5,0,1,'Average elapsed (s)','','',2,4),
 (870,'d27b8c3f6b17b0a7ec4d13b0e9a5f372',0,0,43,536,28,'99',4,0,1,'Elapsed >15s','','',2,9),
 (871,'7e380614c74d0d3bccc426bb03585809',0,0,43,534,0,'FF',9,0,4,'Current:','','on',2,5),
 (872,'1569042b47dfce5d1c06d90b1bb18d57',0,0,43,537,12,'FF',4,0,1,'Elapsed >10s','','',2,6),
 (873,'1ba01b4d5a3db2b7e69241fe3a19c771',0,0,43,537,0,'FF',9,0,3,'Max:','','on',2,8),
 (874,'7e3f3dbff7222fd476c309dbfb8d835e',0,0,43,536,0,'FF',9,0,3,'Max:','','on',2,11),
 (875,'33d066c5798ae89958213f77bab2128c',0,0,43,535,0,'FF',9,0,4,'Current:','','',2,2),
 (876,'337147f702545efae30e1ce2625f105e',0,0,43,539,9,'CC',7,0,1,'Elapsed >40s','','',2,12),
 (877,'c2310a9fe6fc49254508122757b4a78c',0,0,43,539,0,'FF',9,0,3,'Max:','','on',2,14),
 (878,'',876,50,43,361,9,'CC',7,0,1,'Elapsed >40s','','',2,12),
 (879,'',877,50,43,361,0,'FF',9,0,3,'Max:','','on',2,14),
 (880,'',1205,49,46,690,0,'FF',9,0,3,'Max:','','on',2,13),
 (881,'',1374,49,46,691,0,'FF',9,0,4,'Current:','','',2,15),
 (882,'324f6f2d2bb0fdb14fffc4b919330d63',0,0,40,113,0,'FF',9,0,3,'Max active:','','on',2,6),
 (883,'',882,20,40,190,0,'FF',9,0,3,'Max active:','','on',2,6),
 (884,'',882,31,40,158,0,'FF',9,0,3,'Max active:','','on',2,6),
 (885,'',882,32,40,144,0,'FF',9,0,3,'Max active:','','on',2,6),
 (886,'',882,33,40,172,0,'FF',9,0,3,'Max active:','','on',2,6),
 (887,'',882,34,40,181,0,'FF',9,0,3,'Max active:','','on',2,6),
 (888,'',882,35,40,198,0,'FF',9,0,3,'Max active:','','on',2,6),
 (889,'',882,36,40,213,0,'FF',9,0,3,'Max active:','','on',2,6),
 (890,'',882,37,40,228,0,'FF',9,0,3,'Max active:','','on',2,6),
 (891,'281574bb9f7ba1082e3155e74880df62',0,0,43,536,0,'FF',9,0,4,'Current:','','',2,10),
 (892,'',1204,49,46,690,35,'FF',7,0,1,'Elapsed >30s','','',2,11),
 (893,'',891,50,43,359,0,'FF',9,0,4,'Current:','','',2,10),
 (894,'d7e9a528ab39774197aa5dab9bd53429',0,0,43,537,0,'FF',9,0,4,'Current:','','',2,7),
 (895,'',1198,49,46,693,8,'FF',7,0,1,'Elapsed >15s','','',2,8),
 (896,'',894,50,43,360,0,'FF',9,0,4,'Current:','','',2,7),
 (897,'0',1433,51,47,587,13,'CC',7,0,1,'Total Count','','',2,1),
 (899,'0',1442,51,47,586,0,'FF',9,0,4,'Current:','','',2,9),
 (900,'0',1436,51,47,585,25,'FF',7,0,1,'Elapsed >5s','','',2,5),
 (901,'0',1443,51,47,585,0,'FF',9,0,4,'Current:','','',2,6),
 (902,'0',1435,51,47,586,8,'FF',7,0,1,'Elapsed >10s','','',2,8),
 (903,'0',1438,51,47,586,0,'FF',9,0,3,'Max:','','on',2,10),
 (904,'0',1439,51,47,587,0,'FF',9,0,4,'Current:','','',2,2),
 (905,'c508dd89864546ede5bcdb310953bb28',0,0,42,333,51,'B2',4,0,1,'Elapsed >30s','','',2,15),
 (906,'',1447,40,47,599,0,'FF',9,0,4,'Current:','','',2,15),
 (907,'',1446,41,47,583,0,'FF',9,0,3,'Max:','','on',2,18),
 (908,'',1447,42,47,670,0,'FF',9,0,4,'Current:','','',2,15),
 (909,'',1447,43,47,524,0,'FF',9,0,4,'Current:','','',2,15),
 (1642,'',1379,49,46,691,0,'FF',9,0,3,'Max:','','on',2,16),
 (1631,'0',980,82,44,681,0,'FF',9,0,4,'Current:','','',2,2),
 (912,'',1449,46,47,606,0,'FF',9,0,3,'Max:','','on',2,16),
 (1653,'0',1439,83,47,702,0,'FF',9,0,4,'Current:','','',2,2),
 (914,'',1447,48,47,516,0,'FF',9,0,4,'Current:','','',2,15),
 (915,'',1446,51,47,591,0,'FF',9,0,3,'Max:','','on',2,18),
 (916,'6391fdd101d302a4b6c83500737e8d2e',0,0,42,333,0,'FF',9,0,4,'Current:','','',2,16),
 (917,'',1449,40,47,599,0,'FF',9,0,3,'Max:','','on',2,16),
 (919,'',1449,42,47,670,0,'FF',9,0,3,'Max:','','on',2,16),
 (920,'',1449,43,47,524,0,'FF',9,0,3,'Max:','','on',2,16),
 (923,'',1434,46,47,607,68,'FF',5,0,4,'Timeouts','','',2,17),
 (1652,'0',1438,83,47,703,0,'FF',9,0,3,'Max:','','on',2,10),
 (925,'',1449,48,47,516,0,'FF',9,0,3,'Max:','','on',2,16),
 (927,'ff0fe3b650a0e4dc2201b3940d261a1a',0,0,42,333,0,'FF',9,0,3,'Max:','','on',2,17),
 (928,'',1434,40,47,598,68,'FF',5,0,4,'Timeouts','','',2,17),
 (930,'',1434,42,47,671,68,'FF',5,0,4,'Timeouts','','',2,17),
 (931,'',1434,43,47,525,68,'FF',5,0,4,'Timeouts','','',2,17),
 (1630,'0',976,82,44,681,0,'FF',9,0,4,'Current:','','on',2,5),
 (934,'',1446,46,47,607,0,'FF',9,0,3,'Max:','','on',2,18),
 (936,'',1434,48,47,517,68,'FF',5,0,4,'Timeouts','','',2,17),
 (1377,'',1374,52,46,484,0,'FF',9,0,4,'Current:','','',2,15),
 (938,'4b20d14217234f11e4c60c2d65dbf114',0,0,42,276,0,'FF',9,0,4,'Current:','','',2,7),
 (939,'',1437,40,47,594,0,'FF',9,0,3,'Max:','','on',2,7),
 (940,'',1437,41,47,579,0,'FF',9,0,3,'Max:','','on',2,7),
 (941,'',1437,42,47,665,0,'FF',9,0,3,'Max:','','on',2,7),
 (942,'',1437,43,47,519,0,'FF',9,0,3,'Max:','','on',2,7),
 (1629,'0',1047,82,44,681,0,'FF',9,0,3,'Max:','','on',2,3),
 (945,'',1435,46,47,602,8,'FF',7,0,1,'Elapsed >10s','','',2,8),
 (947,'',1437,48,47,511,0,'FF',9,0,3,'Max:','','on',2,7),
 (948,'',1437,51,47,585,0,'FF',9,0,3,'Max:','','on',2,7),
 (949,'88f8d2e0193b5aca3c58e9d4ac66faf2',0,0,42,275,0,'FF',9,0,4,'Current:','','',2,10),
 (950,'',1438,40,47,596,0,'FF',9,0,3,'Max:','','on',2,10),
 (951,'',1440,41,47,581,35,'FF',7,0,1,'Elapsed >30s','','',2,11),
 (952,'',1438,42,47,666,0,'FF',9,0,3,'Max:','','on',2,10),
 (953,'',1438,43,47,520,0,'FF',9,0,3,'Max:','','on',2,10),
 (1628,'',1451,46,47,600,0,'FF',9,0,4,'Current:','','on',2,20),
 (956,'',1440,46,47,605,35,'FF',7,0,1,'Elapsed >30s','','',2,11),
 (958,'',1438,48,47,512,0,'FF',9,0,3,'Max:','','on',2,10),
 (959,'',1440,51,47,589,35,'FF',7,0,1,'Elapsed >30s','','',2,11),
 (960,'0',1196,52,46,406,13,'CC',7,0,1,'Total Count','','',2,1),
 (1229,'',1047,63,44,680,0,'FF',9,0,3,'Max:','','on',2,3),
 (962,'0',1198,52,46,407,8,'FF',7,0,1,'Elapsed >15s','','',2,8),
 (964,'0',1200,52,46,408,25,'FF',7,0,1,'Elapsed >10s','','',2,5),
 (965,'0',1201,52,46,408,0,'FF',9,0,3,'Max:','','on',2,7),
 (966,'0',1204,52,46,407,35,'FF',7,0,1,'Elapsed >30s','','',2,11),
 (967,'0',1203,52,46,406,0,'FF',9,0,4,'Current:','','',2,2),
 (968,'0',1202,52,46,409,0,'FF',9,0,3,'Max:','','on',2,10),
 (969,'0',1210,52,46,409,68,'FF',5,0,4,'Timeouts','','',2,17),
 (973,'15dba4b7f52d0e4026141f5e1286483a',0,0,44,550,13,'CC',4,0,1,'Total Count','','',2,1),
 (971,'0',1207,52,46,408,0,'FF',9,0,4,'Current:','','',2,6),
 (972,'0',1206,52,46,407,0,'FF',9,0,4,'Current:','','',2,9),
 (1230,'',976,63,44,680,0,'FF',9,0,4,'Current:','','on',2,5),
 (975,'2a4c4a6458c8a9863d1242f87ae4adab',0,0,44,553,31,'B2',4,0,1,'HTTP 403','','',2,10),
 (976,'3c3ecb59f8801b61c9bb8cdb966f5cb2',0,0,44,550,0,'FF',9,0,4,'Current:','','on',2,5),
 (977,'c050e0fbecba1d1dedadba368601b3cb',0,0,44,552,12,'99',4,0,1,'HTTP 302','','',2,7),
 (978,'5face00a7f0623538e42b88c4549571c',0,0,44,552,0,'FF',9,0,3,'Max:','','on',2,9),
 (979,'5a998f3fd0ef98290e1b37ce8e0dd04b',0,0,44,553,0,'FF',9,0,3,'Max:','','on',2,12),
 (980,'d9071df873b907b5a20fcde6ec5b10e0',0,0,44,550,0,'FF',9,0,4,'Current:','','',2,2),
 (981,'7bf12e6b8fd884ec4d0c17a280d422b0',0,0,44,554,51,'CC',4,0,1,'HTTP 404','','',2,13),
 (982,'1eb82dbab110947c9d55e1d81ce08bb1',0,0,44,554,0,'FF',9,0,3,'Max:','','on',2,15),
 (983,'2186f8b54564e3f69a7067c15e2cda43',0,0,44,553,0,'FF',9,0,4,'Current:','','',2,11),
 (984,'1f2d360a71ea45b44f719afc42c3e701',0,0,44,552,0,'FF',9,0,4,'Current:','','',2,8),
 (985,'0',973,53,44,0,13,'CC',4,0,1,'Total Count','','',2,1),
 (1228,'',980,63,44,680,0,'FF',9,0,4,'Current:','','',2,2),
 (987,'0',975,53,44,0,31,'B2',4,0,1,'HTTP 403','','',2,10),
 (988,'0',976,53,44,0,0,'FF',9,0,4,'Current:','','on',2,5),
 (989,'0',977,53,44,0,12,'99',4,0,1,'HTTP 302','','',2,7),
 (990,'0',978,53,44,0,0,'FF',9,0,3,'Max:','','on',2,9),
 (991,'0',979,53,44,0,0,'FF',9,0,3,'Max:','','on',2,12),
 (992,'0',980,53,44,0,0,'FF',9,0,4,'Current:','','',2,2),
 (993,'0',981,53,44,0,51,'CC',4,0,1,'HTTP 404','','',2,13),
 (994,'0',982,53,44,0,0,'FF',9,0,3,'Max:','','on',2,15),
 (995,'0',984,53,44,0,0,'FF',9,0,4,'Current:','','',2,8),
 (996,'0',983,53,44,0,0,'FF',9,0,4,'Current:','','',2,11),
 (997,'0',1196,54,46,422,13,'CC',7,0,1,'Total Count','','',2,1),
 (1227,'',973,63,44,680,13,'CC',4,0,1,'Total Count','','',2,1),
 (999,'0',1198,54,46,421,8,'FF',7,0,1,'Elapsed >15s','','',2,8),
 (1001,'0',1200,54,46,420,25,'FF',7,0,1,'Elapsed >10s','','',2,5),
 (1002,'0',1201,54,46,420,0,'FF',9,0,3,'Max:','','on',2,7),
 (1003,'0',1204,54,46,421,35,'FF',7,0,1,'Elapsed >30s','','',2,11),
 (1004,'0',1203,54,46,422,0,'FF',9,0,4,'Current:','','',2,2),
 (1005,'0',1202,54,46,425,0,'FF',9,0,3,'Max:','','on',2,10),
 (1006,'0',1210,54,46,425,68,'FF',5,0,4,'Timeouts','','',2,17),
 (1007,'0',1207,54,46,420,0,'FF',9,0,4,'Current:','','',2,6),
 (1008,'0',1206,54,46,421,0,'FF',9,0,4,'Current:','','',2,9),
 (1009,'0',1021,55,45,429,13,'FF',4,0,1,'Total WL5','','',2,1),
 (1010,'0',1022,55,45,436,10,'B2',5,0,1,'Total WL6','','',2,3),
 (1011,'0',1029,55,45,435,96,'CC',4,0,1,'Elapsed >10s WL6','','',2,8),
 (1012,'0',1024,55,45,436,0,'FF',9,0,4,'Current:','','on',2,4),
 (1013,'0',1025,55,45,428,12,'FF',4,0,1,'Elapsed >10s WL5','','',2,5),
 (1014,'0',1026,55,45,428,0,'FF',9,0,3,'Max:','','on',2,7),
 (1015,'0',1030,55,45,435,0,'FF',9,0,3,'Max:','','on',2,10),
 (1016,'0',1028,55,45,429,0,'FF',9,0,4,'Current:','','on',2,2),
 (1017,'0',1023,55,45,426,28,'99',4,0,1,'Elapsed >40s WL5','','',2,11),
 (1018,'0',1031,55,45,426,0,'FF',9,0,4,'Current:','','',2,12),
 (1019,'0',1032,55,45,428,0,'FF',9,0,4,'Current:','','',2,6),
 (1020,'0',1033,55,45,435,0,'FF',9,0,4,'Current:','','',2,9),
 (1021,'62dfefcb12af3d022a845aa920811a91',0,0,45,450,13,'FF',4,0,1,'Total WL5','','',2,1),
 (1022,'f8d94fd6a6b9b6aa32be8860f675b062',0,0,45,450,10,'B2',5,0,1,'Total WL6','','',2,3),
 (1023,'98a61bbcdb176be148a1cf5e3ed46616',0,0,45,453,28,'99',4,0,1,'Elapsed >40s WL5','','',2,11),
 (1024,'d4fc29ee2337d6ddcf511a0701e04075',0,0,45,450,0,'FF',9,0,4,'Current:','','on',2,4),
 (1025,'a4b09e5a29053a471987a815355c98ba',0,0,45,451,12,'FF',4,0,1,'Elapsed >10s WL5','','',2,5),
 (1026,'4a84303f0d920a7a61f0665364f13d27',0,0,45,451,0,'FF',9,0,3,'Max:','','on',2,7),
 (1027,'f8583ea61a4fa9fdceb7a42ce30742d3',0,0,45,453,0,'FF',9,0,3,'Max:','','on',2,13),
 (1028,'d960174a330e133cc353b77882906fab',0,0,45,450,0,'FF',9,0,4,'Current:','','on',2,2),
 (1029,'70ef204717dd8cbf97423dc40c9b4ef6',0,0,45,451,96,'CC',4,0,1,'Elapsed >10s WL6','','',2,8),
 (1030,'bfe95e37db76eec2b5687ca0c9accab5',0,0,45,451,0,'FF',9,0,3,'Max:','','on',2,10),
 (1031,'4529fdfc008403863f8c6f47b80fa091',0,0,45,453,0,'FF',9,0,4,'Current:','','',2,12),
 (1032,'9d26ed862c098bc07bfccdb7191f2a82',0,0,45,451,0,'FF',9,0,4,'Current:','','',2,6),
 (1033,'4c7186a28f58562c41c9cb93850d5b6a',0,0,45,451,0,'FF',9,0,4,'Current:','','',2,9),
 (1034,'',1027,55,45,426,0,'FF',9,0,3,'Max:','','on',2,13),
 (1035,'0',1196,56,46,659,13,'CC',7,0,1,'Total Count','','',2,1),
 (1036,'0',1200,56,46,657,25,'FF',7,0,1,'Elapsed >10s','','',2,5),
 (1037,'0',1202,56,46,660,0,'FF',9,0,3,'Max:','','on',2,10),
 (1038,'0',1207,56,46,657,0,'FF',9,0,4,'Current:','','',2,6),
 (1039,'0',1201,56,46,657,0,'FF',9,0,3,'Max:','','on',2,7),
 (1040,'0',1206,56,46,660,0,'FF',9,0,4,'Current:','','',2,9),
 (1041,'0',1209,56,46,663,0,'FF',9,0,4,'Current:','','',2,12),
 (1042,'0',1203,56,46,659,0,'FF',9,0,4,'Current:','','',2,2),
 (1043,'0',1205,56,46,663,0,'FF',9,0,3,'Max:','','on',2,13),
 (1044,'0',1374,56,46,662,0,'FF',9,0,4,'Current:','','',2,15),
 (1045,'0',1204,56,46,663,35,'FF',7,0,1,'Elapsed >30s','','',2,11),
 (1046,'0',1198,56,46,660,8,'FF',7,0,1,'Elapsed >15s','','',2,8),
 (1047,'27b025cf9e0f4c5178d2426e6613d68d',0,0,44,550,0,'FF',9,0,3,'Max:','','on',2,3),
 (1048,'',1208,52,46,406,0,'FF',9,0,3,'Max:','','on',2,3),
 (1049,'',1047,53,44,0,0,'FF',9,0,3,'Max:','','on',2,3),
 (1050,'',1208,54,46,422,0,'FF',9,0,3,'Max:','','on',2,3),
 (1051,'748160f86f7c83c618a2dadd029adfd3',0,0,44,554,0,'FF',9,0,4,'Current:','','',2,14),
 (1052,'',1209,52,46,409,0,'FF',9,0,4,'Current:','','',2,12),
 (1053,'',1051,53,44,0,0,'FF',9,0,4,'Current:','','',2,14),
 (1054,'',1209,54,46,425,0,'FF',9,0,4,'Current:','','',2,12),
 (1055,'7bd361c811a5ee101ec33ccc5e5859d3',0,0,43,535,0,'FF',9,0,3,'Max:','','on',2,3),
 (1056,'',1208,49,46,694,0,'FF',9,0,3,'Max:','','on',2,3),
 (1057,'',1055,50,43,358,0,'FF',9,0,3,'Max:','','on',2,3),
 (1058,'',1208,56,46,659,0,'FF',9,0,3,'Max:','','on',2,3),
 (1059,'98bf721bf9488df41ecaf1794a5b188b',0,0,43,539,0,'FF',9,0,4,'Current:','','',2,13),
 (1060,'',1369,49,46,691,9,'FF',7,0,1,'Elapsed >40s','','',2,14),
 (1061,'',1059,50,43,361,0,'FF',9,0,4,'Current:','','',2,13),
 (1062,'',1369,56,46,662,9,'FF',7,0,1,'Elapsed >40s','','',2,14),
 (1063,'e4112af4175787c3b10aa7d61a517568',0,0,42,274,0,'FF',9,0,3,'Max:','','on',2,3),
 (1064,'',1444,40,47,595,0,'FF',9,0,3,'Max:','','on',2,3),
 (1065,'',1444,41,47,577,0,'FF',9,0,3,'Max:','','on',2,3),
 (1066,'',1444,42,47,667,0,'FF',9,0,3,'Max:','','on',2,3),
 (1067,'',1444,43,47,521,0,'FF',9,0,3,'Max:','','on',2,3),
 (1641,'0',982,82,44,689,0,'FF',9,0,3,'Max:','','on',2,15),
 (1070,'',1444,46,47,601,0,'FF',9,0,3,'Max:','','on',2,3),
 (1651,'0',1435,83,47,703,8,'FF',7,0,1,'Elapsed >10s','','',2,8),
 (1072,'',1444,48,47,513,0,'FF',9,0,3,'Max:','','on',2,3),
 (1073,'',1444,51,47,587,0,'FF',9,0,3,'Max:','','on',2,3),
 (1677,'0',1205,85,46,709,0,'FF',9,0,3,'Max:','','on',2,13),
 (1676,'0',1203,85,46,713,0,'FF',9,0,4,'Current:','','',2,2),
 (1675,'0',1209,85,46,709,0,'FF',9,0,4,'Current:','','',2,12),
 (1674,'0',1206,85,46,712,0,'FF',9,0,4,'Current:','','',2,9),
 (1673,'0',1201,85,46,715,0,'FF',9,0,3,'Max:','','on',2,7),
 (1672,'0',1207,85,46,715,0,'FF',9,0,4,'Current:','','',2,6),
 (1671,'0',1202,85,46,712,0,'FF',9,0,3,'Max:','','on',2,10),
 (1670,'0',1200,85,46,715,25,'FF',7,0,1,'Elapsed >10s','','',2,5),
 (1669,'0',1196,85,46,713,13,'CC',7,0,1,'Total Count','','',2,1),
 (1712,'',769,87,41,730,0,'FF',9,0,3,'Max:','','on',2,3),
 (1711,'',766,87,41,730,0,'FF',9,0,4,'Current:','','',2,2),
 (1665,'0',1451,83,47,701,0,'FF',9,0,4,'Current:','','on',2,20),
 (1710,'',763,87,41,730,64,'FF',7,0,1,'AWA Response Time','','',2,1),
 (1684,'0',1210,85,46,711,68,'FF',5,0,4,'Timeouts','','',2,17),
 (1683,'0',1379,85,46,710,0,'FF',9,0,3,'Max:','','on',2,16),
 (1682,'0',1369,85,46,710,9,'FF',7,0,1,'Elapsed >40s','','',2,14),
 (1681,'0',1208,85,46,713,0,'FF',9,0,3,'Max:','','on',2,3),
 (1680,'0',1198,85,46,712,8,'FF',7,0,1,'Elapsed >15s','','',2,8),
 (1679,'0',1204,85,46,709,35,'FF',7,0,1,'Elapsed >30s','','',2,11),
 (1678,'0',1374,85,46,710,0,'FF',9,0,4,'Current:','','',2,15),
 (1107,'',1445,40,47,592,0,'FF',9,0,4,'Current:','','',2,12),
 (1106,'e21afd39c8eb4d32744686f10efc3115',0,0,42,321,48,'99',4,0,1,'Elapsed >20s','','',2,12),
 (1108,'',1445,41,47,581,0,'FF',9,0,4,'Current:','','',2,12);
INSERT INTO `cacti`.`graph_templates_item` VALUES  (1109,'',1445,42,47,669,0,'FF',9,0,4,'Current:','','',2,12),
 (1110,'',1445,43,47,523,0,'FF',9,0,4,'Current:','','',2,12),
 (1640,'0',1051,82,44,689,0,'FF',9,0,4,'Current:','','',2,14),
 (1627,'',1450,46,47,600,94,'FF',5,0,4,'Average Time (s)','','',2,19),
 (1113,'',1441,46,47,605,0,'FF',9,0,3,'Max:','','on',2,13),
 (1115,'',1445,48,47,515,0,'FF',9,0,4,'Current:','','',2,12),
 (1116,'',1445,51,47,589,0,'FF',9,0,4,'Current:','','',2,12),
 (1664,'0',1450,83,47,701,94,'FF',5,0,4,'Average Time (s)','','',2,19),
 (1119,'928c3d6a162036ca35712a404945ab5f',0,0,42,321,0,'FF',9,0,4,'Current:','','',2,13),
 (1120,'',1441,40,47,592,0,'FF',9,0,3,'Max:','','on',2,13),
 (1121,'',1448,41,47,582,9,'FF',4,0,1,'Elapsed >60s','','',2,14),
 (1122,'',1441,42,47,669,0,'FF',9,0,3,'Max:','','on',2,13),
 (1123,'',1441,43,47,523,0,'FF',9,0,3,'Max:','','on',2,13),
 (1126,'',1448,46,47,606,9,'FF',4,0,1,'Elapsed >60s','','',2,14),
 (1128,'',1441,48,47,515,0,'FF',9,0,3,'Max:','','on',2,13),
 (1129,'',1448,51,47,590,9,'FF',4,0,1,'Elapsed >60s','','',2,14),
 (1662,'0',1441,83,47,700,0,'FF',9,0,3,'Max:','','on',2,13),
 (1663,'0',1449,83,47,699,0,'FF',9,0,3,'Max:','','on',2,16),
 (1132,'9eee0d2a48d9a70a64c1fca39a51b445',0,0,42,321,0,'FF',9,0,3,'Max:','','on',2,14),
 (1133,'',1448,40,47,599,9,'FF',4,0,1,'Elapsed >60s','','',2,14),
 (1134,'',1434,41,47,583,68,'FF',5,0,4,'Timeouts','','',2,17),
 (1135,'',1448,42,47,670,9,'FF',4,0,1,'Elapsed >60s','','',2,14),
 (1136,'',1448,43,47,524,9,'FF',4,0,1,'Elapsed >60s','','',2,14),
 (1639,'0',981,82,44,689,51,'CC',4,0,1,'HTTP 404','','',2,13),
 (1139,'',1447,46,47,606,0,'FF',9,0,4,'Current:','','',2,15),
 (1650,'0',1443,83,47,704,0,'FF',9,0,4,'Current:','','',2,6),
 (1141,'',1448,48,47,516,9,'FF',4,0,1,'Elapsed >60s','','',2,14),
 (1142,'',1434,51,47,591,68,'FF',5,0,4,'Timeouts','','',2,17),
 (1661,'0',1447,83,47,699,0,'FF',9,0,4,'Current:','','',2,15),
 (1145,'0',1433,59,47,674,13,'CC',7,0,1,'Total Count','','',2,1),
 (1146,'0',1436,59,47,676,25,'FF',7,0,1,'Elapsed >5s','','',2,5),
 (1147,'0',1438,59,47,675,0,'FF',9,0,3,'Max:','','on',2,10),
 (1148,'0',1443,59,47,676,0,'FF',9,0,4,'Current:','','',2,6),
 (1149,'0',1437,59,47,676,0,'FF',9,0,3,'Max:','','on',2,7),
 (1150,'0',1442,59,47,675,0,'FF',9,0,4,'Current:','','',2,9),
 (1151,'0',1445,59,47,672,0,'FF',9,0,4,'Current:','','',2,12),
 (1152,'0',1439,59,47,674,0,'FF',9,0,4,'Current:','','',2,2),
 (1153,'0',1449,59,47,678,0,'FF',9,0,3,'Max:','','on',2,16),
 (1154,'0',1434,59,47,679,68,'FF',5,0,4,'Timeouts','','',2,17),
 (1155,'0',1446,59,47,679,0,'FF',9,0,3,'Max:','','on',2,18),
 (1156,'0',1435,59,47,675,8,'FF',7,0,1,'Elapsed >10s','','',2,8),
 (1157,'0',1440,59,47,672,35,'FF',7,0,1,'Elapsed >30s','','',2,11),
 (1158,'0',1444,59,47,674,0,'FF',9,0,3,'Max:','','on',2,3),
 (1159,'0',1441,59,47,672,0,'FF',9,0,3,'Max:','','on',2,13),
 (1160,'0',1448,59,47,678,9,'FF',4,0,1,'Elapsed >60s','','',2,14),
 (1161,'0',1447,59,47,678,0,'FF',9,0,4,'Current:','','',2,15),
 (1162,'0',1433,60,47,489,13,'CC',7,0,1,'Total Count','','',2,1),
 (1164,'0',1442,60,47,488,0,'FF',9,0,4,'Current:','','',2,9),
 (1165,'0',1436,60,47,487,25,'FF',7,0,1,'Elapsed >5s','','',2,5),
 (1166,'0',1443,60,47,487,0,'FF',9,0,4,'Current:','','',2,6),
 (1167,'0',1435,60,47,488,8,'FF',7,0,1,'Elapsed >10s','','',2,8),
 (1168,'0',1440,60,47,491,35,'FF',7,0,1,'Elapsed >30s','','',2,11),
 (1169,'0',1439,60,47,489,0,'FF',9,0,4,'Current:','','',2,2),
 (1170,'0',1447,60,47,492,0,'FF',9,0,4,'Current:','','',2,15),
 (1171,'0',1449,60,47,492,0,'FF',9,0,3,'Max:','','on',2,16),
 (1172,'0',1434,60,47,493,68,'FF',5,0,4,'Timeouts','','',2,17),
 (1173,'0',1437,60,47,487,0,'FF',9,0,3,'Max:','','on',2,7),
 (1174,'0',1438,60,47,488,0,'FF',9,0,3,'Max:','','on',2,10),
 (1175,'0',1444,60,47,489,0,'FF',9,0,3,'Max:','','on',2,3),
 (1176,'0',1445,60,47,491,0,'FF',9,0,4,'Current:','','',2,12),
 (1177,'0',1441,60,47,491,0,'FF',9,0,3,'Max:','','on',2,13),
 (1178,'0',1448,60,47,492,9,'FF',4,0,1,'Elapsed >60s','','',2,14),
 (1179,'0',1433,61,47,497,13,'CC',7,0,1,'Total Count','','',2,1),
 (1180,'0',1436,61,47,495,25,'FF',7,0,1,'Elapsed >5s','','',2,5),
 (1181,'0',1438,61,47,496,0,'FF',9,0,3,'Max:','','on',2,10),
 (1182,'0',1443,61,47,495,0,'FF',9,0,4,'Current:','','',2,6),
 (1183,'0',1437,61,47,495,0,'FF',9,0,3,'Max:','','on',2,7),
 (1184,'0',1442,61,47,496,0,'FF',9,0,4,'Current:','','',2,9),
 (1185,'0',1445,61,47,499,0,'FF',9,0,4,'Current:','','',2,12),
 (1186,'0',1439,61,47,497,0,'FF',9,0,4,'Current:','','',2,2),
 (1187,'0',1449,61,47,500,0,'FF',9,0,3,'Max:','','on',2,16),
 (1188,'0',1434,61,47,501,68,'FF',5,0,4,'Timeouts','','',2,17),
 (1189,'0',1446,61,47,501,0,'FF',9,0,3,'Max:','','on',2,18),
 (1190,'0',1435,61,47,496,8,'FF',7,0,1,'Elapsed >10s','','',2,8),
 (1191,'0',1440,61,47,499,35,'FF',7,0,1,'Elapsed >30s','','',2,11),
 (1192,'0',1444,61,47,497,0,'FF',9,0,3,'Max:','','on',2,3),
 (1193,'0',1441,61,47,499,0,'FF',9,0,3,'Max:','','on',2,13),
 (1194,'0',1448,61,47,500,9,'FF',4,0,1,'Elapsed >60s','','',2,14),
 (1195,'0',1447,61,47,500,0,'FF',9,0,4,'Current:','','',2,15),
 (1196,'139416a5372b23e7d53bdb2f604de1c9',0,0,46,450,13,'CC',7,0,1,'Total Count','','',2,1),
 (1210,'c7b18cff2e1c643c37dbd1e334865cf6',0,0,46,484,68,'FF',5,0,4,'Timeouts','','',2,17),
 (1198,'d9266c838abbdaebcd5867499e18eb1d',0,0,46,451,8,'FF',7,0,1,'Elapsed >15s','','',2,8),
 (1412,'',1200,72,46,651,25,'FF',7,0,1,'Elapsed >10s','','',2,5),
 (1200,'4ef3465bb5eddebf323287c9d556bc45',0,0,46,452,25,'FF',7,0,1,'Elapsed >10s','','',2,5),
 (1201,'8848047fec9ee421b4c6da354d4c1400',0,0,46,452,0,'FF',9,0,3,'Max:','','on',2,7),
 (1202,'b8c0d1624fa4e625712996ad432a3d73',0,0,46,451,0,'FF',9,0,3,'Max:','','on',2,10),
 (1203,'4864b8f34b0c5cf227ada1f1c49b8d1d',0,0,46,450,0,'FF',9,0,4,'Current:','','',2,2),
 (1204,'6a953e4c3e8a3d46156aaf39dd06bdd0',0,0,46,454,35,'FF',7,0,1,'Elapsed >30s','','',2,11),
 (1205,'f7c43df31084d44517892a3f2cffca92',0,0,46,454,0,'FF',9,0,3,'Max:','','on',2,13),
 (1206,'c11b356a140c5bc8f09dde88ec169353',0,0,46,451,0,'FF',9,0,4,'Current:','','',2,9),
 (1207,'80ae67b4842e027ee8d23c640eb652af',0,0,46,452,0,'FF',9,0,4,'Current:','','',2,6),
 (1208,'b582c87bb74dd44abea72ee7395b9b28',0,0,46,450,0,'FF',9,0,3,'Max:','','on',2,3),
 (1209,'e6d997cae2c63f21b2bc69d454634726',0,0,46,454,0,'FF',9,0,4,'Current:','','',2,12),
 (1211,'',868,62,43,544,13,'FF',4,0,1,'Total Count','','',2,1),
 (1212,'',875,62,43,544,0,'FF',9,0,4,'Current:','','',2,2),
 (1213,'',1055,62,43,544,0,'FF',9,0,3,'Max:','','on',2,3),
 (1214,'',869,62,43,545,10,'B2',5,0,1,'Average elapsed (s)','','',2,4),
 (1215,'',871,62,43,545,0,'FF',9,0,4,'Current:','','on',2,5),
 (1216,'',872,62,43,542,12,'FF',4,0,1,'Elapsed >10s','','',2,6),
 (1217,'',894,62,43,542,0,'FF',9,0,4,'Current:','','',2,7),
 (1218,'',873,62,43,542,0,'FF',9,0,3,'Max:','','on',2,8),
 (1219,'',870,62,43,543,28,'99',4,0,1,'Elapsed >15s','','',2,9),
 (1220,'',891,62,43,543,0,'FF',9,0,4,'Current:','','',2,10),
 (1221,'',874,62,43,543,0,'FF',9,0,3,'Max:','','on',2,11),
 (1222,'',876,62,43,547,9,'CC',7,0,1,'Elapsed >40s','','',2,12),
 (1223,'',1059,62,43,547,0,'FF',9,0,4,'Current:','','',2,13),
 (1224,'',877,62,43,547,0,'FF',9,0,3,'Max:','','on',2,14),
 (1225,'7dba58db93d3315b51bd653f34620aa6',0,0,46,484,0,'FF',9,0,3,'Max:','','on',2,18),
 (1297,'0',868,67,43,422,13,'FF',4,0,1,'Total Count','','',2,1),
 (1231,'',977,63,44,682,12,'99',4,0,1,'HTTP 302','','',2,7),
 (1232,'',984,63,44,682,0,'FF',9,0,4,'Current:','','',2,8),
 (1233,'',978,63,44,682,0,'FF',9,0,3,'Max:','','on',2,9),
 (1234,'',975,63,44,683,31,'B2',4,0,1,'HTTP 403','','',2,10),
 (1235,'',983,63,44,683,0,'FF',9,0,4,'Current:','','',2,11),
 (1236,'',979,63,44,683,0,'FF',9,0,3,'Max:','','on',2,12),
 (1237,'',981,63,44,684,51,'CC',4,0,1,'HTTP 404','','',2,13),
 (1238,'',1051,63,44,684,0,'FF',9,0,4,'Current:','','',2,14),
 (1239,'',982,63,44,684,0,'FF',9,0,3,'Max:','','on',2,15),
 (1240,'0',1021,64,45,544,13,'FF',4,0,1,'Total WL5','','',2,1),
 (1241,'0',1022,64,45,406,10,'B2',5,0,1,'Total WL6','','',2,3),
 (1242,'0',1029,64,45,407,96,'CC',4,0,1,'Elapsed >10s WL6','','',2,8),
 (1243,'0',1024,64,45,406,0,'FF',9,0,4,'Current:','','on',2,4),
 (1244,'0',1025,64,45,543,12,'FF',4,0,1,'Elapsed >10s WL5','','',2,5),
 (1245,'0',1026,64,45,543,0,'FF',9,0,3,'Max:','','on',2,7),
 (1246,'0',1030,64,45,407,0,'FF',9,0,3,'Max:','','on',2,10),
 (1247,'0',1028,64,45,544,0,'FF',9,0,4,'Current:','','on',2,2),
 (1248,'0',1023,64,45,409,28,'99',4,0,1,'Elapsed >40s WL5','','',2,11),
 (1249,'0',1031,64,45,546,0,'FF',9,0,4,'Current:','','',2,12),
 (1250,'0',1032,64,45,543,0,'FF',9,0,4,'Current:','','',2,6),
 (1251,'0',1033,64,45,407,0,'FF',9,0,4,'Current:','','',2,9),
 (1252,'0',1027,64,45,546,0,'FF',9,0,3,'Max:','','on',2,13),
 (1253,'',1369,52,46,484,9,'FF',7,0,1,'Elapsed >40s','','',2,14),
 (1254,'',1225,52,46,484,0,'FF',9,0,3,'Max:','','on',2,18),
 (1255,'',1369,54,46,484,9,'FF',7,0,1,'Elapsed >40s','','',2,14),
 (1256,'',1225,54,46,484,0,'FF',9,0,3,'Max:','','on',2,18),
 (1257,'409bcaa0ed7ae663d3d06b4191e48859',0,0,45,453,11,'FF',4,0,1,'Elapsed >40s WL6','','',2,14),
 (1258,'',1257,55,45,426,11,'FF',4,0,1,'Elapsed >40s WL6','','',2,14),
 (1259,'',1257,64,45,409,11,'FF',4,0,1,'Elapsed >40s WL6','','',2,14),
 (1260,'bbebbaba320e025f86f6a1a6db4f2676',0,0,45,453,0,'FF',9,0,4,'Current:','','',2,15),
 (1261,'',1260,55,45,426,0,'FF',9,0,4,'Current:','','',2,15),
 (1262,'',1260,64,45,409,0,'FF',9,0,4,'Current:','','',2,15),
 (1263,'f18281448238349b2b9b348bc7db92fa',0,0,45,453,0,'FF',9,0,3,'Max:','','on',2,16),
 (1264,'',1263,55,45,426,0,'FF',9,0,3,'Max:','','on',2,16),
 (1265,'',1263,64,45,409,0,'FF',9,0,3,'Max:','','on',2,16),
 (1266,'0',1021,65,45,422,13,'FF',4,0,1,'Total WL5','','',2,1),
 (1267,'0',1022,65,45,571,10,'B2',5,0,1,'Total WL6','','',2,3),
 (1268,'0',1029,65,45,570,96,'CC',4,0,1,'Elapsed >10s WL6','','',2,8),
 (1269,'0',1024,65,45,571,0,'FF',9,0,4,'Current:','','on',2,4),
 (1270,'0',1025,65,45,421,12,'FF',4,0,1,'Elapsed >10s WL5','','',2,5),
 (1271,'0',1026,65,45,421,0,'FF',9,0,3,'Max:','','on',2,7),
 (1272,'0',1030,65,45,570,0,'FF',9,0,3,'Max:','','on',2,10),
 (1273,'0',1028,65,45,422,0,'FF',9,0,4,'Current:','','on',2,2),
 (1274,'0',1023,65,45,568,28,'99',4,0,1,'Elapsed >40s WL5','','',2,11),
 (1275,'0',1031,65,45,419,0,'FF',9,0,4,'Current:','','',2,12),
 (1276,'0',1032,65,45,421,0,'FF',9,0,4,'Current:','','',2,6),
 (1277,'0',1033,65,45,570,0,'FF',9,0,4,'Current:','','',2,9),
 (1278,'0',1027,65,45,419,0,'FF',9,0,3,'Max:','','on',2,13),
 (1279,'0',1257,65,45,568,11,'FF',4,0,1,'Elapsed >40s WL6','','',2,14),
 (1280,'0',1260,65,45,568,0,'FF',9,0,4,'Current:','','',2,15),
 (1281,'0',1263,65,45,568,0,'FF',9,0,3,'Max:','','on',2,16),
 (1376,'',1447,51,47,590,0,'FF',9,0,4,'Current:','','',2,15),
 (1374,'6c9f718668d5721f74fa88ed25e62aec',0,0,46,455,0,'FF',9,0,4,'Current:','','',2,15),
 (1373,'',1205,54,46,455,0,'FF',9,0,3,'Max:','','on',2,13),
 (1372,'',1205,52,46,455,0,'FF',9,0,3,'Max:','','on',2,13),
 (1371,'',1441,51,47,589,0,'FF',9,0,3,'Max:','','on',2,13),
 (1370,'',1441,41,47,581,0,'FF',9,0,3,'Max:','','on',2,13),
 (1369,'0c8735adb28309b15556ea97eaf8e759',0,0,46,455,9,'FF',7,0,1,'Elapsed >40s','','',2,14),
 (1298,'0',875,67,43,422,0,'FF',9,0,4,'Current:','','',2,2),
 (1299,'0',1055,67,43,422,0,'FF',9,0,3,'Max:','','on',2,3),
 (1300,'0',869,67,43,423,10,'B2',5,0,1,'Average elapsed (s)','','',2,4),
 (1301,'0',871,67,43,423,0,'FF',9,0,4,'Current:','','on',2,5),
 (1302,'0',872,67,43,420,12,'FF',4,0,1,'Elapsed >10s','','',2,6),
 (1303,'0',894,67,43,420,0,'FF',9,0,4,'Current:','','',2,7),
 (1304,'0',873,67,43,420,0,'FF',9,0,3,'Max:','','on',2,8),
 (1305,'0',870,67,43,421,28,'99',4,0,1,'Elapsed >15s','','',2,9),
 (1306,'0',891,67,43,421,0,'FF',9,0,4,'Current:','','',2,10),
 (1307,'0',874,67,43,421,0,'FF',9,0,3,'Max:','','on',2,11),
 (1308,'0',876,67,43,424,9,'CC',7,0,1,'Elapsed >40s','','',2,12),
 (1309,'0',1059,67,43,424,0,'FF',9,0,4,'Current:','','',2,13),
 (1310,'0',877,67,43,424,0,'FF',9,0,3,'Max:','','on',2,14),
 (1311,'0',868,68,43,459,13,'FF',4,0,1,'Total Count','','',2,1),
 (1312,'0',875,68,43,459,0,'FF',9,0,4,'Current:','','',2,2),
 (1313,'0',1055,68,43,459,0,'FF',9,0,3,'Max:','','on',2,3),
 (1314,'0',869,68,43,460,10,'B2',5,0,1,'Average elapsed (s)','','',2,4),
 (1315,'0',871,68,43,460,0,'FF',9,0,4,'Current:','','on',2,5),
 (1316,'0',872,68,43,457,12,'FF',4,0,1,'Elapsed >10s','','',2,6),
 (1317,'0',894,68,43,457,0,'FF',9,0,4,'Current:','','',2,7),
 (1318,'0',873,68,43,457,0,'FF',9,0,3,'Max:','','on',2,8),
 (1319,'0',870,68,43,458,28,'99',4,0,1,'Elapsed >15s','','',2,9),
 (1320,'0',891,68,43,458,0,'FF',9,0,4,'Current:','','',2,10),
 (1321,'0',874,68,43,458,0,'FF',9,0,3,'Max:','','on',2,11),
 (1322,'0',876,68,43,461,9,'CC',7,0,1,'Elapsed >40s','','',2,12),
 (1323,'0',1059,68,43,461,0,'FF',9,0,4,'Current:','','',2,13),
 (1324,'0',877,68,43,461,0,'FF',9,0,3,'Max:','','on',2,14),
 (1325,'0',868,69,43,406,13,'FF',4,0,1,'Total Count','','',2,1),
 (1326,'0',875,69,43,406,0,'FF',9,0,4,'Current:','','',2,2),
 (1327,'0',1055,69,43,406,0,'FF',9,0,3,'Max:','','on',2,3),
 (1328,'0',869,69,43,405,10,'B2',5,0,1,'Average elapsed (s)','','',2,4),
 (1329,'0',871,69,43,405,0,'FF',9,0,4,'Current:','','on',2,5),
 (1330,'0',872,69,43,408,12,'FF',4,0,1,'Elapsed >10s','','',2,6),
 (1331,'0',894,69,43,408,0,'FF',9,0,4,'Current:','','',2,7),
 (1332,'0',873,69,43,408,0,'FF',9,0,3,'Max:','','on',2,8),
 (1333,'0',870,69,43,407,28,'99',4,0,1,'Elapsed >15s','','',2,9),
 (1334,'0',891,69,43,407,0,'FF',9,0,4,'Current:','','',2,10),
 (1335,'0',874,69,43,407,0,'FF',9,0,3,'Max:','','on',2,11),
 (1336,'0',876,69,43,410,9,'CC',7,0,1,'Elapsed >40s','','',2,12),
 (1337,'0',1059,69,43,410,0,'FF',9,0,4,'Current:','','',2,13),
 (1338,'0',877,69,43,410,0,'FF',9,0,3,'Max:','','on',2,14),
 (1339,'0',1021,70,45,422,13,'FF',4,0,1,'Total WL5','','',2,1),
 (1340,'0',1022,70,45,571,10,'B2',5,0,1,'Total WL6','','',2,3),
 (1341,'0',1029,70,45,569,96,'CC',4,0,1,'Elapsed >10s WL6','','',2,8),
 (1342,'0',1024,70,45,571,0,'FF',9,0,4,'Current:','','on',2,4),
 (1343,'0',1025,70,45,420,12,'FF',4,0,1,'Elapsed >10s WL5','','',2,5),
 (1344,'0',1026,70,45,420,0,'FF',9,0,3,'Max:','','on',2,7),
 (1345,'0',1030,70,45,569,0,'FF',9,0,3,'Max:','','on',2,10),
 (1346,'0',1028,70,45,422,0,'FF',9,0,4,'Current:','','on',2,2),
 (1347,'0',1023,70,45,573,28,'99',4,0,1,'Elapsed >40s WL5','','',2,11),
 (1348,'0',1031,70,45,424,0,'FF',9,0,4,'Current:','','',2,12),
 (1349,'0',1032,70,45,420,0,'FF',9,0,4,'Current:','','',2,6),
 (1350,'0',1033,70,45,569,0,'FF',9,0,4,'Current:','','',2,9),
 (1351,'0',1027,70,45,424,0,'FF',9,0,3,'Max:','','on',2,13),
 (1352,'0',1257,70,45,573,11,'FF',4,0,1,'Elapsed >40s WL6','','',2,14),
 (1353,'0',1260,70,45,573,0,'FF',9,0,4,'Current:','','',2,15),
 (1354,'0',1263,70,45,573,0,'FF',9,0,3,'Max:','','on',2,16),
 (1355,'0',868,71,43,571,13,'FF',4,0,1,'Total Count','','',2,1),
 (1356,'0',875,71,43,571,0,'FF',9,0,4,'Current:','','',2,2),
 (1357,'0',1055,71,43,571,0,'FF',9,0,3,'Max:','','on',2,3),
 (1358,'0',869,71,43,572,10,'B2',5,0,1,'Average elapsed (s)','','',2,4),
 (1359,'0',871,71,43,572,0,'FF',9,0,4,'Current:','','on',2,5),
 (1360,'0',872,71,43,569,12,'FF',4,0,1,'Elapsed >10s','','',2,6),
 (1361,'0',894,71,43,569,0,'FF',9,0,4,'Current:','','',2,7),
 (1362,'0',873,71,43,569,0,'FF',9,0,3,'Max:','','on',2,8),
 (1363,'0',870,71,43,570,28,'99',4,0,1,'Elapsed >15s','','',2,9),
 (1364,'0',891,71,43,570,0,'FF',9,0,4,'Current:','','',2,10),
 (1365,'0',874,71,43,570,0,'FF',9,0,3,'Max:','','on',2,11),
 (1366,'0',876,71,43,573,9,'CC',7,0,1,'Elapsed >40s','','',2,12),
 (1367,'0',1059,71,43,573,0,'FF',9,0,4,'Current:','','',2,13),
 (1368,'0',877,71,43,573,0,'FF',9,0,3,'Max:','','on',2,14),
 (1378,'',1374,54,46,484,0,'FF',9,0,4,'Current:','','',2,15),
 (1379,'fd40bc4e6ea015d6b5364e2c83711f04',0,0,46,455,0,'FF',9,0,3,'Max:','','on',2,16),
 (1380,'',1449,41,47,582,0,'FF',9,0,3,'Max:','','on',2,16),
 (1381,'',1449,51,47,590,0,'FF',9,0,3,'Max:','','on',2,16),
 (1382,'',1379,52,46,484,0,'FF',9,0,3,'Max:','','on',2,16),
 (1383,'',1379,54,46,484,0,'FF',9,0,3,'Max:','','on',2,16),
 (1384,'',1446,48,47,517,0,'FF',9,0,3,'Max:','','on',2,18),
 (1385,'bf0a1de0c510b1d7a9d3aeefa19bd039',0,0,46,449,94,'FF',5,0,4,'Average Time (s)','','',2,19),
 (1386,'',1450,41,47,576,94,'FF',5,0,4,'Average Time (s)','','',2,19),
 (1387,'',1450,48,47,514,94,'FF',5,0,4,'Average Time (s)','','',2,19),
 (1388,'',1450,51,47,588,94,'FF',5,0,4,'Average Time (s)','','',2,19),
 (1389,'',1385,52,46,449,94,'FF',5,0,4,'Average Time (s)','','',2,19),
 (1390,'',1385,54,46,449,94,'FF',5,0,4,'Average Time (s)','','',2,19),
 (1391,'276301fd44ecef363a9685f468170743',0,0,46,449,0,'FF',9,0,4,'Current:','','on',2,20),
 (1392,'',1451,41,47,576,0,'FF',9,0,4,'Current:','','on',2,20),
 (1393,'',1451,48,47,514,0,'FF',9,0,4,'Current:','','on',2,20),
 (1394,'',1451,51,47,588,0,'FF',9,0,4,'Current:','','on',2,20),
 (1395,'',1391,52,46,449,0,'FF',9,0,4,'Current:','','on',2,20),
 (1396,'',1391,54,46,449,0,'FF',9,0,4,'Current:','','on',2,20),
 (1397,'',1446,60,47,493,0,'FF',9,0,3,'Max:','','on',2,18),
 (1398,'',1450,60,47,490,94,'FF',5,0,4,'Average Time (s)','','',2,19),
 (1399,'',1451,60,47,490,0,'FF',9,0,4,'Current:','','on',2,20),
 (1400,'',1446,43,47,525,0,'FF',9,0,3,'Max:','','on',2,18),
 (1401,'',1450,43,47,522,94,'FF',5,0,4,'Average Time (s)','','',2,19),
 (1402,'',1451,43,47,522,0,'FF',9,0,4,'Current:','','on',2,20),
 (1403,'',1446,40,47,598,0,'FF',9,0,3,'Max:','','on',2,18),
 (1404,'',1450,40,47,597,94,'FF',5,0,4,'Average Time (s)','','',2,19),
 (1405,'',1451,40,47,597,0,'FF',9,0,4,'Current:','','on',2,20),
 (1413,'',1207,72,46,651,0,'FF',9,0,4,'Current:','','',2,6),
 (1406,'',1446,42,47,671,0,'FF',9,0,3,'Max:','','on',2,18),
 (1407,'',1450,42,47,668,94,'FF',5,0,4,'Average Time (s)','','',2,19),
 (1408,'',1451,42,47,668,0,'FF',9,0,4,'Current:','','on',2,20),
 (1414,'',1201,72,46,651,0,'FF',9,0,3,'Max:','','on',2,7),
 (1415,'',1198,72,46,650,8,'FF',7,0,1,'Elapsed >15s','','',2,8),
 (1416,'',1206,72,46,650,0,'FF',9,0,4,'Current:','','',2,9),
 (1417,'',1202,72,46,650,0,'FF',9,0,3,'Max:','','on',2,10),
 (1418,'',1204,72,46,653,35,'FF',7,0,1,'Elapsed >30s','','',2,11),
 (1419,'',1209,72,46,653,0,'FF',9,0,4,'Current:','','',2,12),
 (1420,'',1205,72,46,653,0,'FF',9,0,3,'Max:','','on',2,13),
 (1421,'',1369,72,46,654,9,'FF',7,0,1,'Elapsed >40s','','',2,14),
 (1422,'',1374,72,46,654,0,'FF',9,0,4,'Current:','','',2,15),
 (1423,'',1379,72,46,654,0,'FF',9,0,3,'Max:','','on',2,16),
 (1424,'',1210,72,46,655,68,'FF',5,0,4,'Timeouts','','',2,17),
 (1425,'',1225,72,46,655,0,'FF',9,0,3,'Max:','','on',2,18),
 (1426,'',1385,72,46,648,94,'FF',5,0,4,'Average Time (s)','','',2,19),
 (1427,'',1391,72,46,648,0,'FF',9,0,4,'Current:','','on',2,20),
 (1428,'',1379,56,46,662,0,'FF',9,0,3,'Max:','','on',2,16),
 (1429,'',1210,56,46,661,68,'FF',5,0,4,'Timeouts','','',2,17),
 (1430,'',1225,56,46,661,0,'FF',9,0,3,'Max:','','on',2,18),
 (1431,'',1385,56,46,658,94,'FF',5,0,4,'Average Time (s)','','',2,19),
 (1432,'',1391,56,46,658,0,'FF',9,0,4,'Current:','','on',2,20),
 (1433,'e27dcb5a1bda7451e8aeb30b658358e5',0,0,47,450,13,'CC',7,0,1,'Total Count','','',2,1),
 (1434,'cadccd741fb39e2987f08f731986154f',0,0,47,484,68,'FF',5,0,4,'Timeouts','','',2,17),
 (1435,'2be88f8beb4f65aaabe3d2f3e557a283',0,0,47,451,8,'FF',7,0,1,'Elapsed >10s','','',2,8),
 (1436,'e027e749844ca12a237799fc2e11a545',0,0,47,452,25,'FF',7,0,1,'Elapsed >5s','','',2,5),
 (1437,'3f93413d949ea5e0f34f2ddd5ae0f2e8',0,0,47,452,0,'FF',9,0,3,'Max:','','on',2,7),
 (1438,'ab8feae56bb9e8911fbfc02488424e48',0,0,47,451,0,'FF',9,0,3,'Max:','','on',2,10),
 (1439,'6d3cc5860f4ccc2c05bf61767ffb5248',0,0,47,450,0,'FF',9,0,4,'Current:','','',2,2),
 (1440,'ea62fc9d70239de9db7845dacc5a6513',0,0,47,454,35,'FF',7,0,1,'Elapsed >30s','','',2,11),
 (1441,'1d1cf822602e14fc8531a61f3c7e4ce1',0,0,47,454,0,'FF',9,0,3,'Max:','','on',2,13),
 (1442,'30d4ae36d492f6f4b22681ff2deca679',0,0,47,451,0,'FF',9,0,4,'Current:','','',2,9),
 (1443,'9a8dda552aa785c0a86310b628112aab',0,0,47,452,0,'FF',9,0,4,'Current:','','',2,6),
 (1444,'dfb2a17c5c4e137edb90fbfb3f2eb3d8',0,0,47,450,0,'FF',9,0,3,'Max:','','on',2,3),
 (1445,'3eec3d1228f094d5b6eeea71d81abf87',0,0,47,454,0,'FF',9,0,4,'Current:','','',2,12),
 (1446,'4c6f58d502a33d163d4946bf3abe8498',0,0,47,484,0,'FF',9,0,3,'Max:','','on',2,18),
 (1447,'562d6172dd6e8a174292baa8bd8abfd2',0,0,47,455,0,'FF',9,0,4,'Current:','','',2,15),
 (1448,'6102364117d14388eac7718d48d16c56',0,0,47,455,9,'FF',4,0,1,'Elapsed >60s','','',2,14),
 (1449,'f0cde73abe07251b67a8fcd6b2371846',0,0,47,455,0,'FF',9,0,3,'Max:','','on',2,16),
 (1450,'f901bba154a21990570ff9acc8a4d2f1',0,0,47,449,94,'FF',5,0,4,'Average Time (s)','','',2,19),
 (1451,'28d7b99d54102a03427dd3d6ab9d713d',0,0,47,449,0,'FF',9,0,4,'Current:','','on',2,20),
 (1452,'',1450,61,47,498,94,'FF',5,0,4,'Average Time (s)','','',2,19),
 (1453,'',1451,61,47,498,0,'FF',9,0,4,'Current:','','on',2,20),
 (1454,'',1450,59,47,673,94,'FF',5,0,4,'Average Time (s)','','',2,19),
 (1455,'',1451,59,47,673,0,'FF',9,0,4,'Current:','','on',2,20),
 (1456,'0',1433,73,47,646,13,'CC',7,0,1,'Total Count','','',2,1),
 (1457,'0',1442,73,47,647,0,'FF',9,0,4,'Current:','','',2,9),
 (1458,'0',1436,73,47,640,25,'FF',7,0,1,'Elapsed >5s','','',2,5),
 (1459,'0',1443,73,47,640,0,'FF',9,0,4,'Current:','','',2,6),
 (1460,'0',1435,73,47,647,8,'FF',7,0,1,'Elapsed >10s','','',2,8),
 (1461,'0',1438,73,47,647,0,'FF',9,0,3,'Max:','','on',2,10),
 (1462,'0',1439,73,47,646,0,'FF',9,0,4,'Current:','','',2,2),
 (1463,'0',1446,73,47,643,0,'FF',9,0,3,'Max:','','on',2,18),
 (1464,'0',1437,73,47,640,0,'FF',9,0,3,'Max:','','on',2,7),
 (1465,'0',1440,73,47,642,35,'FF',7,0,1,'Elapsed >30s','','',2,11),
 (1466,'0',1444,73,47,646,0,'FF',9,0,3,'Max:','','on',2,3),
 (1467,'0',1445,73,47,642,0,'FF',9,0,4,'Current:','','',2,12),
 (1468,'0',1448,73,47,644,9,'FF',4,0,1,'Elapsed >60s','','',2,14),
 (1469,'0',1434,73,47,643,68,'FF',5,0,4,'Timeouts','','',2,17),
 (1470,'0',1447,73,47,644,0,'FF',9,0,4,'Current:','','',2,15),
 (1471,'0',1441,73,47,642,0,'FF',9,0,3,'Max:','','on',2,13),
 (1472,'0',1449,73,47,644,0,'FF',9,0,3,'Max:','','on',2,16),
 (1473,'0',1450,73,47,645,94,'FF',5,0,4,'Average Time (s)','','',2,19),
 (1474,'0',1451,73,47,645,0,'FF',9,0,4,'Current:','','on',2,20),
 (1475,'0',1433,74,47,489,13,'CC',7,0,1,'Total Count','','',2,1),
 (1476,'0',1442,74,47,488,0,'FF',9,0,4,'Current:','','',2,9),
 (1477,'0',1436,74,47,487,25,'FF',7,0,1,'Elapsed >5s','','',2,5),
 (1478,'0',1443,74,47,487,0,'FF',9,0,4,'Current:','','',2,6),
 (1479,'0',1435,74,47,488,8,'FF',7,0,1,'Elapsed >10s','','',2,8),
 (1480,'0',1440,74,47,491,35,'FF',7,0,1,'Elapsed >30s','','',2,11),
 (1481,'0',1439,74,47,489,0,'FF',9,0,4,'Current:','','',2,2),
 (1482,'0',1447,74,47,492,0,'FF',9,0,4,'Current:','','',2,15),
 (1483,'0',1449,74,47,492,0,'FF',9,0,3,'Max:','','on',2,16),
 (1484,'0',1434,74,47,493,68,'FF',5,0,4,'Timeouts','','',2,17),
 (1485,'0',1437,74,47,487,0,'FF',9,0,3,'Max:','','on',2,7),
 (1486,'0',1438,74,47,488,0,'FF',9,0,3,'Max:','','on',2,10),
 (1487,'0',1444,74,47,489,0,'FF',9,0,3,'Max:','','on',2,3),
 (1488,'0',1445,74,47,491,0,'FF',9,0,4,'Current:','','',2,12),
 (1489,'0',1441,74,47,491,0,'FF',9,0,3,'Max:','','on',2,13),
 (1490,'0',1448,74,47,492,9,'FF',4,0,1,'Elapsed >60s','','',2,14),
 (1491,'0',1446,74,47,493,0,'FF',9,0,3,'Max:','','on',2,18),
 (1492,'0',1450,74,47,490,94,'FF',5,0,4,'Average Time (s)','','',2,19),
 (1493,'0',1451,74,47,490,0,'FF',9,0,4,'Current:','','on',2,20),
 (1494,'0',1433,75,47,612,13,'CC',7,0,1,'Total Count','','',2,1),
 (1495,'0',1436,75,47,610,25,'FF',7,0,1,'Elapsed >5s','','',2,5),
 (1496,'0',1438,75,47,611,0,'FF',9,0,3,'Max:','','on',2,10),
 (1497,'0',1443,75,47,610,0,'FF',9,0,4,'Current:','','',2,6),
 (1498,'0',1437,75,47,610,0,'FF',9,0,3,'Max:','','on',2,7),
 (1499,'0',1442,75,47,611,0,'FF',9,0,4,'Current:','','',2,9),
 (1500,'0',1445,75,47,608,0,'FF',9,0,4,'Current:','','',2,12),
 (1501,'0',1439,75,47,612,0,'FF',9,0,4,'Current:','','',2,2),
 (1502,'0',1449,75,47,614,0,'FF',9,0,3,'Max:','','on',2,16),
 (1503,'0',1434,75,47,613,68,'FF',5,0,4,'Timeouts','','',2,17),
 (1504,'0',1446,75,47,613,0,'FF',9,0,3,'Max:','','on',2,18),
 (1505,'0',1435,75,47,611,8,'FF',7,0,1,'Elapsed >10s','','',2,8),
 (1506,'0',1440,75,47,608,35,'FF',7,0,1,'Elapsed >30s','','',2,11),
 (1507,'0',1444,75,47,612,0,'FF',9,0,3,'Max:','','on',2,3),
 (1508,'0',1441,75,47,608,0,'FF',9,0,3,'Max:','','on',2,13),
 (1509,'0',1448,75,47,614,9,'FF',4,0,1,'Elapsed >60s','','',2,14),
 (1510,'0',1447,75,47,614,0,'FF',9,0,4,'Current:','','',2,15),
 (1511,'0',1450,75,47,615,94,'FF',5,0,4,'Average Time (s)','','',2,19),
 (1512,'0',1451,75,47,615,0,'FF',9,0,4,'Current:','','on',2,20),
 (1513,'0',1433,76,47,646,13,'CC',7,0,1,'Total Count','','',2,1),
 (1514,'0',1442,76,47,647,0,'FF',9,0,4,'Current:','','',2,9),
 (1515,'0',1436,76,47,640,25,'FF',7,0,1,'Elapsed >5s','','',2,5),
 (1516,'0',1443,76,47,640,0,'FF',9,0,4,'Current:','','',2,6),
 (1517,'0',1435,76,47,647,8,'FF',7,0,1,'Elapsed >10s','','',2,8),
 (1518,'0',1440,76,47,642,35,'FF',7,0,1,'Elapsed >30s','','',2,11),
 (1519,'0',1439,76,47,646,0,'FF',9,0,4,'Current:','','',2,2),
 (1520,'0',1447,76,47,644,0,'FF',9,0,4,'Current:','','',2,15),
 (1521,'0',1449,76,47,644,0,'FF',9,0,3,'Max:','','on',2,16),
 (1522,'0',1434,76,47,643,68,'FF',5,0,4,'Timeouts','','',2,17),
 (1523,'0',1437,76,47,640,0,'FF',9,0,3,'Max:','','on',2,7),
 (1524,'0',1438,76,47,647,0,'FF',9,0,3,'Max:','','on',2,10),
 (1525,'0',1444,76,47,646,0,'FF',9,0,3,'Max:','','on',2,3),
 (1526,'0',1445,76,47,642,0,'FF',9,0,4,'Current:','','',2,12),
 (1527,'0',1441,76,47,642,0,'FF',9,0,3,'Max:','','on',2,13),
 (1528,'0',1448,76,47,644,9,'FF',4,0,1,'Elapsed >60s','','',2,14),
 (1529,'0',1446,76,47,643,0,'FF',9,0,3,'Max:','','on',2,18),
 (1530,'0',1450,76,47,645,94,'FF',5,0,4,'Average Time (s)','','',2,19),
 (1531,'0',1451,76,47,645,0,'FF',9,0,4,'Current:','','on',2,20),
 (1532,'0',1433,77,47,667,13,'CC',7,0,1,'Total Count','','',2,1),
 (1533,'0',1442,77,47,666,0,'FF',9,0,4,'Current:','','',2,9),
 (1534,'0',1436,77,47,665,25,'FF',7,0,1,'Elapsed >5s','','',2,5),
 (1535,'0',1443,77,47,665,0,'FF',9,0,4,'Current:','','',2,6),
 (1536,'0',1435,77,47,666,8,'FF',7,0,1,'Elapsed >10s','','',2,8),
 (1537,'0',1440,77,47,669,35,'FF',7,0,1,'Elapsed >30s','','',2,11),
 (1538,'0',1439,77,47,667,0,'FF',9,0,4,'Current:','','',2,2),
 (1539,'0',1447,77,47,670,0,'FF',9,0,4,'Current:','','',2,15),
 (1540,'0',1449,77,47,670,0,'FF',9,0,3,'Max:','','on',2,16),
 (1541,'0',1434,77,47,671,68,'FF',5,0,4,'Timeouts','','',2,17),
 (1542,'0',1437,77,47,665,0,'FF',9,0,3,'Max:','','on',2,7),
 (1543,'0',1438,77,47,666,0,'FF',9,0,3,'Max:','','on',2,10),
 (1544,'0',1444,77,47,667,0,'FF',9,0,3,'Max:','','on',2,3),
 (1545,'0',1445,77,47,669,0,'FF',9,0,4,'Current:','','',2,12),
 (1546,'0',1441,77,47,669,0,'FF',9,0,3,'Max:','','on',2,13),
 (1547,'0',1448,77,47,670,9,'FF',4,0,1,'Elapsed >60s','','',2,14),
 (1548,'0',1446,77,47,671,0,'FF',9,0,3,'Max:','','on',2,18),
 (1549,'0',1450,77,47,668,94,'FF',5,0,4,'Average Time (s)','','',2,19),
 (1550,'0',1451,77,47,668,0,'FF',9,0,4,'Current:','','on',2,20),
 (1551,'0',1433,78,47,595,13,'CC',7,0,1,'Total Count','','',2,1),
 (1552,'0',1442,78,47,596,0,'FF',9,0,4,'Current:','','',2,9),
 (1553,'0',1436,78,47,594,25,'FF',7,0,1,'Elapsed >5s','','',2,5),
 (1554,'0',1443,78,47,594,0,'FF',9,0,4,'Current:','','',2,6),
 (1555,'0',1435,78,47,596,8,'FF',7,0,1,'Elapsed >10s','','',2,8),
 (1556,'0',1440,78,47,592,35,'FF',7,0,1,'Elapsed >30s','','',2,11),
 (1557,'0',1439,78,47,595,0,'FF',9,0,4,'Current:','','',2,2),
 (1558,'0',1447,78,47,599,0,'FF',9,0,4,'Current:','','',2,15),
 (1559,'0',1449,78,47,599,0,'FF',9,0,3,'Max:','','on',2,16),
 (1560,'0',1434,78,47,598,68,'FF',5,0,4,'Timeouts','','',2,17),
 (1561,'0',1437,78,47,594,0,'FF',9,0,3,'Max:','','on',2,7),
 (1562,'0',1438,78,47,596,0,'FF',9,0,3,'Max:','','on',2,10),
 (1563,'0',1444,78,47,595,0,'FF',9,0,3,'Max:','','on',2,3),
 (1564,'0',1445,78,47,592,0,'FF',9,0,4,'Current:','','',2,12),
 (1565,'0',1441,78,47,592,0,'FF',9,0,3,'Max:','','on',2,13),
 (1566,'0',1448,78,47,599,9,'FF',4,0,1,'Elapsed >60s','','',2,14),
 (1567,'0',1446,78,47,598,0,'FF',9,0,3,'Max:','','on',2,18),
 (1568,'0',1450,78,47,597,94,'FF',5,0,4,'Average Time (s)','','',2,19),
 (1569,'0',1451,78,47,597,0,'FF',9,0,4,'Current:','','on',2,20),
 (1570,'0',1433,79,47,674,13,'CC',7,0,1,'Total Count','','',2,1),
 (1571,'0',1436,79,47,676,25,'FF',7,0,1,'Elapsed >5s','','',2,5),
 (1572,'0',1438,79,47,675,0,'FF',9,0,3,'Max:','','on',2,10),
 (1573,'0',1443,79,47,676,0,'FF',9,0,4,'Current:','','',2,6),
 (1574,'0',1437,79,47,676,0,'FF',9,0,3,'Max:','','on',2,7),
 (1575,'0',1442,79,47,675,0,'FF',9,0,4,'Current:','','',2,9),
 (1576,'0',1445,79,47,672,0,'FF',9,0,4,'Current:','','',2,12),
 (1577,'0',1439,79,47,674,0,'FF',9,0,4,'Current:','','',2,2),
 (1578,'0',1449,79,47,678,0,'FF',9,0,3,'Max:','','on',2,16),
 (1579,'0',1434,79,47,679,68,'FF',5,0,4,'Timeouts','','',2,17),
 (1580,'0',1446,79,47,679,0,'FF',9,0,3,'Max:','','on',2,18),
 (1581,'0',1435,79,47,675,8,'FF',7,0,1,'Elapsed >10s','','',2,8),
 (1582,'0',1440,79,47,672,35,'FF',7,0,1,'Elapsed >30s','','',2,11),
 (1583,'0',1444,79,47,674,0,'FF',9,0,3,'Max:','','on',2,3),
 (1584,'0',1441,79,47,672,0,'FF',9,0,3,'Max:','','on',2,13),
 (1585,'0',1448,79,47,678,9,'FF',4,0,1,'Elapsed >60s','','',2,14),
 (1586,'0',1447,79,47,678,0,'FF',9,0,4,'Current:','','',2,15),
 (1587,'0',1450,79,47,673,94,'FF',5,0,4,'Average Time (s)','','',2,19),
 (1588,'0',1451,79,47,673,0,'FF',9,0,4,'Current:','','on',2,20),
 (1589,'0',1433,80,47,612,13,'CC',7,0,1,'Total Count','','',2,1),
 (1590,'0',1442,80,47,611,0,'FF',9,0,4,'Current:','','',2,9),
 (1591,'0',1436,80,47,610,25,'FF',7,0,1,'Elapsed >5s','','',2,5),
 (1592,'0',1443,80,47,610,0,'FF',9,0,4,'Current:','','',2,6),
 (1593,'0',1435,80,47,611,8,'FF',7,0,1,'Elapsed >10s','','',2,8),
 (1594,'0',1440,80,47,608,35,'FF',7,0,1,'Elapsed >30s','','',2,11),
 (1595,'0',1439,80,47,612,0,'FF',9,0,4,'Current:','','',2,2),
 (1596,'0',1447,80,47,614,0,'FF',9,0,4,'Current:','','',2,15),
 (1597,'0',1449,80,47,614,0,'FF',9,0,3,'Max:','','on',2,16),
 (1598,'0',1434,80,47,613,68,'FF',5,0,4,'Timeouts','','',2,17),
 (1599,'0',1437,80,47,610,0,'FF',9,0,3,'Max:','','on',2,7),
 (1600,'0',1438,80,47,611,0,'FF',9,0,3,'Max:','','on',2,10),
 (1601,'0',1444,80,47,612,0,'FF',9,0,3,'Max:','','on',2,3),
 (1602,'0',1445,80,47,608,0,'FF',9,0,4,'Current:','','',2,12),
 (1603,'0',1441,80,47,608,0,'FF',9,0,3,'Max:','','on',2,13),
 (1604,'0',1448,80,47,614,9,'FF',4,0,1,'Elapsed >60s','','',2,14),
 (1605,'0',1446,80,47,613,0,'FF',9,0,3,'Max:','','on',2,18),
 (1606,'0',1450,80,47,615,94,'FF',5,0,4,'Average Time (s)','','',2,19),
 (1607,'0',1451,80,47,615,0,'FF',9,0,4,'Current:','','on',2,20),
 (1608,'0',1433,81,47,612,13,'CC',7,0,1,'Total Count','','',2,1),
 (1609,'0',1442,81,47,611,0,'FF',9,0,4,'Current:','','',2,9),
 (1610,'0',1436,81,47,610,25,'FF',7,0,1,'Elapsed >5s','','',2,5),
 (1611,'0',1443,81,47,610,0,'FF',9,0,4,'Current:','','',2,6),
 (1612,'0',1435,81,47,611,8,'FF',7,0,1,'Elapsed >10s','','',2,8),
 (1613,'0',1438,81,47,611,0,'FF',9,0,3,'Max:','','on',2,10),
 (1614,'0',1439,81,47,612,0,'FF',9,0,4,'Current:','','',2,2),
 (1615,'0',1447,81,47,614,0,'FF',9,0,4,'Current:','','',2,15),
 (1616,'0',1446,81,47,613,0,'FF',9,0,3,'Max:','','on',2,18),
 (1617,'0',1437,81,47,610,0,'FF',9,0,3,'Max:','','on',2,7),
 (1618,'0',1440,81,47,608,35,'FF',7,0,1,'Elapsed >30s','','',2,11),
 (1619,'0',1444,81,47,612,0,'FF',9,0,3,'Max:','','on',2,3),
 (1620,'0',1445,81,47,608,0,'FF',9,0,4,'Current:','','',2,12),
 (1621,'0',1448,81,47,614,9,'FF',4,0,1,'Elapsed >60s','','',2,14),
 (1622,'0',1434,81,47,613,68,'FF',5,0,4,'Timeouts','','',2,17),
 (1623,'0',1441,81,47,608,0,'FF',9,0,3,'Max:','','on',2,13),
 (1624,'0',1449,81,47,614,0,'FF',9,0,3,'Max:','','on',2,16),
 (1625,'0',1450,81,47,615,94,'FF',5,0,4,'Average Time (s)','','',2,19),
 (1626,'0',1451,81,47,615,0,'FF',9,0,4,'Current:','','on',2,20),
 (1685,'0',1225,85,46,711,0,'FF',9,0,3,'Max:','','on',2,18),
 (1686,'0',1385,85,46,714,94,'FF',5,0,4,'Average Time (s)','','',2,19),
 (1687,'0',1391,85,46,714,0,'FF',9,0,4,'Current:','','on',2,20),
 (1688,'0',1196,86,46,721,13,'CC',7,0,1,'Total Count','','',2,1),
 (1689,'0',1200,86,46,723,25,'FF',7,0,1,'Elapsed >10s','','',2,5),
 (1690,'0',1202,86,46,720,0,'FF',9,0,3,'Max:','','on',2,10),
 (1691,'0',1207,86,46,723,0,'FF',9,0,4,'Current:','','',2,6),
 (1692,'0',1201,86,46,723,0,'FF',9,0,3,'Max:','','on',2,7),
 (1693,'0',1206,86,46,720,0,'FF',9,0,4,'Current:','','',2,9),
 (1694,'0',1209,86,46,717,0,'FF',9,0,4,'Current:','','',2,12),
 (1695,'0',1203,86,46,721,0,'FF',9,0,4,'Current:','','',2,2),
 (1696,'0',1205,86,46,717,0,'FF',9,0,3,'Max:','','on',2,13),
 (1697,'0',1374,86,46,718,0,'FF',9,0,4,'Current:','','',2,15),
 (1698,'0',1204,86,46,717,35,'FF',7,0,1,'Elapsed >30s','','',2,11),
 (1699,'0',1198,86,46,720,8,'FF',7,0,1,'Elapsed >15s','','',2,8),
 (1700,'0',1208,86,46,721,0,'FF',9,0,3,'Max:','','on',2,3),
 (1701,'0',1369,86,46,718,9,'FF',7,0,1,'Elapsed >40s','','',2,14),
 (1702,'0',1379,86,46,718,0,'FF',9,0,3,'Max:','','on',2,16),
 (1703,'0',1210,86,46,719,68,'FF',5,0,4,'Timeouts','','',2,17),
 (1704,'0',1225,86,46,719,0,'FF',9,0,3,'Max:','','on',2,18),
 (1705,'0',1385,86,46,722,94,'FF',5,0,4,'Average Time (s)','','',2,19),
 (1706,'0',1391,86,46,722,0,'FF',9,0,4,'Current:','','on',2,20),
 (1707,'8ba06864036ea3721c0860409bc18500',0,0,48,706,8,'FF',7,0,1,'Page Response Time','','',2,1),
 (1708,'3e0024fbd399ca98f90768d2057422e7',0,0,48,706,0,'FF',9,0,4,'Current:','','',2,2),
 (1709,'760e09c5c3bdb88d86ca2bb5fd49be41',0,0,48,706,0,'FF',9,0,3,'Max:','','on',2,3),
 (1713,'0',769,88,41,731,0,'FF',9,0,3,'Max:','','on',2,3),
 (1714,'0',766,88,41,731,0,'FF',9,0,4,'Current:','','',2,2),
 (1715,'0',763,88,41,731,64,'FF',7,0,1,'AWA Response Time','','',2,1),
 (1716,'0',769,89,41,732,0,'FF',9,0,3,'Max:','','on',2,3),
 (1717,'0',766,89,41,732,0,'FF',9,0,4,'Current:','','',2,2),
 (1718,'0',763,89,41,732,64,'FF',7,0,1,'AWA Response Time','','',2,1),
 (1719,'0',769,90,41,733,0,'FF',9,0,3,'Max:','','on',2,3),
 (1720,'0',766,90,41,733,0,'FF',9,0,4,'Current:','','',2,2),
 (1721,'0',763,90,41,733,64,'FF',7,0,1,'AWA Response Time','','',2,1),
 (1734,'',454,91,38,739,33,'66',6,0,1,'Active Threads','','',2,6),
 (1733,'',533,91,38,0,0,'FF',9,0,1,'Average:','','on',2,5),
 (1732,'',499,91,38,0,0,'FF',9,0,4,'Current:','','',3,4),
 (1731,'',497,91,38,0,64,'FF',7,0,1,'Standby Threads','','',2,3),
 (1730,'',453,91,38,741,0,'FF',9,0,4,'Current:','','on',3,2),
 (1729,'',451,91,38,741,64,'7F',7,0,1,'Execute Threads','','',2,1),
 (1735,'',468,91,38,739,0,'FF',9,0,4,'Current:','','',3,7),
 (1736,'',527,91,38,739,0,'FF',9,0,1,'Average:','','on',2,8),
 (1737,'',473,91,38,737,95,'CC',5,0,1,'Idle Threads','','',2,9),
 (1738,'',475,91,38,737,0,'FF',9,0,4,'Current:','','',3,10),
 (1739,'',530,91,38,737,0,'FF',9,0,1,'Average:','','on',2,11),
 (1740,'',558,91,38,738,9,'B2',7,0,1,'Blocked Threads','','',2,12),
 (1741,'',563,91,38,738,0,'FF',9,0,4,'Current:','','',3,13),
 (1742,'',568,91,38,738,0,'FF',9,0,1,'Average:','','',2,14),
 (1743,'',750,91,38,738,33,'FF',9,0,3,'Max:','','on',2,15),
 (1744,'5ccc64089d381c3698e1bb5cc8b7f10c',0,0,49,735,64,'7F',7,0,1,'High Active','','',2,1),
 (1745,'cc6d576a3ed588de81f00335cc01cc48',0,0,49,735,0,'FF',9,0,4,'Current:','','on',3,2),
 (1748,'76dc92bccb763c9f1b21ea3471abf2af',0,0,49,734,0,'FF',9,0,1,'Current:','','',3,4),
 (1749,'b2a891c8e9d1018ac9e30b0cc14616dd',0,0,49,734,64,'FF',7,0,1,'Active Connections','','',2,3),
 (1750,'55f72b1899604b132738dc349c263cfb',0,0,49,856,98,'CC',5,0,1,'Waiting CC','','',2,9),
 (1751,'9e06afda2451fc0fa4337f0c79cf174c',0,0,49,856,0,'FF',9,0,4,'Current:','','',3,10),
 (1753,'4f79b978cbb9acc8b49db144bcfc67db',0,0,49,856,0,'FF',9,0,3,'Max:','','on',2,11),
 (1754,'06fcafb3121c644c98377e28bdc756d0',0,0,49,734,0,'FF',9,0,1,'Average:','','on',2,5),
 (1790,'',766,94,41,775,0,'FF',9,0,4,'Current:','','',2,2),
 (1759,'',1744,92,49,738,64,'7F',7,0,1,'High Active','','',2,1),
 (1760,'',1745,92,49,738,0,'FF',9,0,4,'Current:','','on',3,2),
 (1761,'',1749,92,49,739,64,'FF',7,0,1,'Active Connections','','',2,3),
 (1762,'',1748,92,49,739,0,'FF',9,0,1,'Current:','','',3,4),
 (1763,'',1754,92,49,739,0,'FF',9,0,1,'Average:','','on',2,5),
 (1767,'',1750,92,49,857,98,'CC',5,0,1,'Waiting CC','','',2,9),
 (1768,'',1751,92,49,857,0,'FF',9,0,4,'Current:','','',3,10),
 (1769,'',1753,92,49,857,0,'FF',9,0,3,'Max:','','on',2,11),
 (1774,'',1744,93,49,765,64,'7F',7,0,1,'High Active','','',2,1),
 (1775,'',1745,93,49,765,0,'FF',9,0,4,'Current:','','on',3,2),
 (1776,'',1749,93,49,766,64,'FF',7,0,1,'Active Connections','','',2,3),
 (1777,'',1748,93,49,766,0,'FF',9,0,1,'Current:','','',3,4),
 (1778,'',1754,93,49,766,0,'FF',9,0,1,'Average:','','on',2,5),
 (1782,'',1750,93,49,858,98,'CC',5,0,1,'Waiting CC','','',2,9),
 (1783,'',1751,93,49,858,0,'FF',9,0,4,'Current:','','',3,10),
 (1784,'',1753,93,49,858,0,'FF',9,0,3,'Max:','','on',2,11),
 (1791,'',769,94,41,775,0,'FF',9,0,3,'Max:','','on',2,3),
 (1789,'',763,94,41,775,64,'FF',7,0,1,'AWA Response Time','','',2,1),
 (1792,'0',1433,95,47,789,13,'CC',7,0,1,'Total Count','','',2,1),
 (1793,'0',1442,95,47,788,0,'FF',9,0,4,'Current:','','',2,9),
 (1794,'0',1436,95,47,787,25,'FF',7,0,1,'Elapsed >5s','','',2,5),
 (1795,'0',1443,95,47,787,0,'FF',9,0,4,'Current:','','',2,6),
 (1796,'0',1435,95,47,788,8,'FF',7,0,1,'Elapsed >10s','','',2,8),
 (1797,'0',1440,95,47,791,35,'FF',7,0,1,'Elapsed >30s','','',2,11),
 (1798,'0',1439,95,47,789,0,'FF',9,0,4,'Current:','','',2,2),
 (1799,'0',1447,95,47,792,0,'FF',9,0,4,'Current:','','',2,15),
 (1800,'0',1449,95,47,792,0,'FF',9,0,3,'Max:','','on',2,16),
 (1801,'0',1434,95,47,793,68,'FF',5,0,4,'Timeouts','','',2,17),
 (1802,'0',1437,95,47,787,0,'FF',9,0,3,'Max:','','on',2,7),
 (1803,'0',1438,95,47,788,0,'FF',9,0,3,'Max:','','on',2,10),
 (1804,'0',1444,95,47,789,0,'FF',9,0,3,'Max:','','on',2,3),
 (1805,'0',1445,95,47,791,0,'FF',9,0,4,'Current:','','',2,12),
 (1806,'0',1441,95,47,791,0,'FF',9,0,3,'Max:','','on',2,13),
 (1807,'0',1448,95,47,792,9,'FF',4,0,1,'Elapsed >60s','','',2,14),
 (1808,'0',1446,95,47,793,0,'FF',9,0,3,'Max:','','on',2,18),
 (1809,'0',1450,95,47,790,94,'FF',5,0,4,'Average Time (s)','','',2,19),
 (1810,'0',1451,95,47,790,0,'FF',9,0,4,'Current:','','on',2,20),
 (1811,'0',1433,96,47,797,13,'CC',7,0,1,'Total Count','','',2,1),
 (1812,'0',1442,96,47,798,0,'FF',9,0,4,'Current:','','',2,9),
 (1813,'0',1436,96,47,796,25,'FF',7,0,1,'Elapsed >5s','','',2,5),
 (1814,'0',1443,96,47,796,0,'FF',9,0,4,'Current:','','',2,6),
 (1815,'0',1435,96,47,798,8,'FF',7,0,1,'Elapsed >10s','','',2,8),
 (1816,'0',1440,96,47,794,35,'FF',7,0,1,'Elapsed >30s','','',2,11),
 (1817,'0',1439,96,47,797,0,'FF',9,0,4,'Current:','','',2,2),
 (1818,'0',1447,96,47,801,0,'FF',9,0,4,'Current:','','',2,15),
 (1819,'0',1449,96,47,801,0,'FF',9,0,3,'Max:','','on',2,16),
 (1820,'0',1434,96,47,800,68,'FF',5,0,4,'Timeouts','','',2,17),
 (1821,'0',1437,96,47,796,0,'FF',9,0,3,'Max:','','on',2,7),
 (1822,'0',1438,96,47,798,0,'FF',9,0,3,'Max:','','on',2,10),
 (1823,'0',1444,96,47,797,0,'FF',9,0,3,'Max:','','on',2,3),
 (1824,'0',1445,96,47,794,0,'FF',9,0,4,'Current:','','',2,12),
 (1825,'0',1441,96,47,794,0,'FF',9,0,3,'Max:','','on',2,13),
 (1826,'0',1448,96,47,801,9,'FF',4,0,1,'Elapsed >60s','','',2,14),
 (1827,'0',1446,96,47,800,0,'FF',9,0,3,'Max:','','on',2,18),
 (1828,'0',1450,96,47,799,94,'FF',5,0,4,'Average Time (s)','','',2,19),
 (1829,'0',1451,96,47,799,0,'FF',9,0,4,'Current:','','on',2,20),
 (1830,'0',1433,97,47,806,13,'CC',7,0,1,'Total Count','','',2,1),
 (1831,'0',1442,97,47,805,0,'FF',9,0,4,'Current:','','',2,9),
 (1832,'0',1436,97,47,804,25,'FF',7,0,1,'Elapsed >5s','','',2,5),
 (1833,'0',1443,97,47,804,0,'FF',9,0,4,'Current:','','',2,6),
 (1834,'0',1435,97,47,805,8,'FF',7,0,1,'Elapsed >10s','','',2,8),
 (1835,'0',1438,97,47,805,0,'FF',9,0,3,'Max:','','on',2,10),
 (1836,'0',1439,97,47,806,0,'FF',9,0,4,'Current:','','',2,2),
 (1837,'0',1447,97,47,808,0,'FF',9,0,4,'Current:','','',2,15),
 (1838,'0',1446,97,47,807,0,'FF',9,0,3,'Max:','','on',2,18),
 (1839,'0',1437,97,47,804,0,'FF',9,0,3,'Max:','','on',2,7),
 (1840,'0',1440,97,47,802,35,'FF',7,0,1,'Elapsed >30s','','',2,11),
 (1841,'0',1444,97,47,806,0,'FF',9,0,3,'Max:','','on',2,3),
 (1842,'0',1445,97,47,802,0,'FF',9,0,4,'Current:','','',2,12),
 (1843,'0',1448,97,47,808,9,'FF',4,0,1,'Elapsed >60s','','',2,14),
 (1844,'0',1434,97,47,807,68,'FF',5,0,4,'Timeouts','','',2,17),
 (1845,'0',1441,97,47,802,0,'FF',9,0,3,'Max:','','on',2,13),
 (1846,'0',1449,97,47,808,0,'FF',9,0,3,'Max:','','on',2,16),
 (1847,'0',1450,97,47,809,94,'FF',5,0,4,'Average Time (s)','','',2,19),
 (1848,'0',1451,97,47,809,0,'FF',9,0,4,'Current:','','on',2,20),
 (1849,'0',1433,98,47,812,13,'CC',7,0,1,'Total Count','','',2,1),
 (1850,'0',1442,98,47,813,0,'FF',9,0,4,'Current:','','',2,9),
 (1851,'0',1436,98,47,814,25,'FF',7,0,1,'Elapsed >5s','','',2,5),
 (1852,'0',1443,98,47,814,0,'FF',9,0,4,'Current:','','',2,6),
 (1853,'0',1435,98,47,813,8,'FF',7,0,1,'Elapsed >10s','','',2,8),
 (1854,'0',1440,98,47,810,35,'FF',7,0,1,'Elapsed >30s','','',2,11),
 (1855,'0',1439,98,47,812,0,'FF',9,0,4,'Current:','','',2,2),
 (1856,'0',1447,98,47,816,0,'FF',9,0,4,'Current:','','',2,15),
 (1857,'0',1449,98,47,816,0,'FF',9,0,3,'Max:','','on',2,16),
 (1858,'0',1434,98,47,817,68,'FF',5,0,4,'Timeouts','','',2,17),
 (1859,'0',1437,98,47,814,0,'FF',9,0,3,'Max:','','on',2,7),
 (1860,'0',1438,98,47,813,0,'FF',9,0,3,'Max:','','on',2,10),
 (1861,'0',1444,98,47,812,0,'FF',9,0,3,'Max:','','on',2,3),
 (1862,'0',1445,98,47,810,0,'FF',9,0,4,'Current:','','',2,12),
 (1863,'0',1441,98,47,810,0,'FF',9,0,3,'Max:','','on',2,13),
 (1864,'0',1448,98,47,816,9,'FF',4,0,1,'Elapsed >60s','','',2,14),
 (1865,'0',1446,98,47,817,0,'FF',9,0,3,'Max:','','on',2,18),
 (1866,'0',1450,98,47,811,94,'FF',5,0,4,'Average Time (s)','','',2,19),
 (1867,'0',1451,98,47,811,0,'FF',9,0,4,'Current:','','on',2,20),
 (1868,'0',1208,99,46,821,0,'FF',9,0,3,'Max:','','on',2,3),
 (1869,'0',1203,99,46,821,0,'FF',9,0,4,'Current:','','',2,2),
 (1870,'0',1196,99,46,821,13,'CC',7,0,1,'Total Count','','',2,1),
 (1871,'0',1200,99,46,819,25,'FF',7,0,1,'Elapsed >10s','','',2,5),
 (1872,'0',1207,99,46,819,0,'FF',9,0,4,'Current:','','',2,6),
 (1873,'0',1201,99,46,819,0,'FF',9,0,3,'Max:','','on',2,7),
 (1874,'0',1198,99,46,822,8,'FF',7,0,1,'Elapsed >15s','','',2,8),
 (1875,'0',1206,99,46,822,0,'FF',9,0,4,'Current:','','',2,9),
 (1876,'0',1202,99,46,822,0,'FF',9,0,3,'Max:','','on',2,10),
 (1877,'0',1204,99,46,825,35,'FF',7,0,1,'Elapsed >30s','','',2,11),
 (1878,'0',1209,99,46,825,0,'FF',9,0,4,'Current:','','',2,12),
 (1879,'0',1205,99,46,825,0,'FF',9,0,3,'Max:','','on',2,13),
 (1880,'0',1369,99,46,824,9,'FF',7,0,1,'Elapsed >40s','','',2,14),
 (1881,'0',1374,99,46,824,0,'FF',9,0,4,'Current:','','',2,15),
 (1882,'0',1379,99,46,824,0,'FF',9,0,3,'Max:','','on',2,16),
 (1883,'0',1210,99,46,823,68,'FF',5,0,4,'Timeouts','','',2,17),
 (1884,'0',1225,99,46,823,0,'FF',9,0,3,'Max:','','on',2,18),
 (1885,'0',1385,99,46,820,94,'FF',5,0,4,'Average Time (s)','','',2,19),
 (1886,'0',1391,99,46,820,0,'FF',9,0,4,'Current:','','on',2,20),
 (1887,'0',1744,100,49,783,64,'7F',7,0,1,'High Active','','',2,1),
 (1888,'0',1745,100,49,783,0,'FF',9,0,4,'Current:','','on',3,2),
 (1889,'0',1749,100,49,782,64,'FF',7,0,1,'Active Connections','','',2,3),
 (1890,'0',1748,100,49,782,0,'FF',9,0,1,'Current:','','',3,4),
 (1891,'0',1754,100,49,782,0,'FF',9,0,1,'Average:','','on',2,5),
 (1892,'0',1750,100,49,859,98,'CC',5,0,1,'Waiting CC','','',2,9),
 (1893,'0',1751,100,49,859,0,'FF',9,0,4,'Current:','','',3,10),
 (1894,'0',1753,100,49,859,0,'FF',9,0,3,'Max:','','on',2,11),
 (1895,'0',1744,101,49,833,64,'7F',7,0,1,'High Active','','',2,1),
 (1896,'0',1745,101,49,833,0,'FF',9,0,4,'Current:','','on',3,2),
 (1897,'0',1749,101,49,832,64,'FF',7,0,1,'Active Connections','','',2,3),
 (1898,'0',1748,101,49,832,0,'FF',9,0,1,'Current:','','',3,4),
 (1899,'0',1754,101,49,832,0,'FF',9,0,1,'Average:','','on',2,5),
 (1900,'0',1750,101,49,860,98,'CC',5,0,1,'Waiting CC','','',2,9),
 (1901,'0',1751,101,49,860,0,'FF',9,0,4,'Current:','','',3,10),
 (1902,'0',1753,101,49,860,0,'FF',9,0,3,'Max:','','on',2,11),
 (1903,'0',1744,102,49,843,64,'7F',7,0,1,'High Active','','',2,1),
 (1904,'0',1745,102,49,843,0,'FF',9,0,4,'Current:','','on',3,2),
 (1905,'0',1749,102,49,842,64,'FF',7,0,1,'Active Connections','','',2,3),
 (1906,'0',1748,102,49,842,0,'FF',9,0,1,'Current:','','',3,4),
 (1907,'0',1754,102,49,842,0,'FF',9,0,1,'Average:','','on',2,5),
 (1908,'0',1750,102,49,861,98,'CC',5,0,1,'Waiting CC','','',2,9),
 (1909,'0',1751,102,49,861,0,'FF',9,0,4,'Current:','','',3,10),
 (1910,'0',1753,102,49,861,0,'FF',9,0,3,'Max:','','on',2,11),
 (1911,'0',1744,103,49,853,64,'7F',7,0,1,'High Active','','',2,1),
 (1912,'0',1745,103,49,853,0,'FF',9,0,4,'Current:','','on',3,2),
 (1913,'0',1749,103,49,852,64,'FF',7,0,1,'Active Connections','','',2,3),
 (1914,'0',1748,103,49,852,0,'FF',9,0,1,'Current:','','',3,4),
 (1915,'0',1754,103,49,852,0,'FF',9,0,1,'Average:','','on',2,5),
 (1916,'0',1750,103,49,862,98,'CC',5,0,1,'Waiting CC','','',2,9),
 (1917,'0',1751,103,49,862,0,'FF',9,0,4,'Current:','','',3,10),
 (1918,'0',1753,103,49,862,0,'FF',9,0,3,'Max:','','on',2,11),
 (1919,'a88eb7c125989fd71c358c873a322415',0,0,49,863,41,'FF',4,0,1,'WaitingHC','','',2,12),
 (1920,'',1919,92,49,864,41,'FF',4,0,1,'WaitingHC','','',2,12),
 (1921,'',1919,93,49,865,41,'FF',4,0,1,'WaitingHC','','',2,12),
 (1922,'',1919,100,49,866,41,'FF',4,0,1,'WaitingHC','','',2,12),
 (1923,'',1919,101,49,867,41,'FF',4,0,1,'WaitingHC','','',2,12),
 (1924,'',1919,102,49,868,41,'FF',4,0,1,'WaitingHC','','',2,12),
 (1925,'',1919,103,49,869,41,'FF',4,0,1,'WaitingHC','','',2,12),
 (1926,'fb1f938ad136f2c917374f3e6081c580',0,0,49,863,0,'FF',9,0,4,'Max:','','on',2,13),
 (1927,'',1926,92,49,864,0,'FF',9,0,4,'Max:','','on',2,13),
 (1928,'',1926,93,49,865,0,'FF',9,0,4,'Max:','','on',2,13),
 (1929,'',1926,100,49,866,0,'FF',9,0,4,'Max:','','on',2,13),
 (1930,'',1926,101,49,867,0,'FF',9,0,4,'Max:','','on',2,13),
 (1931,'',1926,102,49,868,0,'FF',9,0,4,'Max:','','on',2,13),
 (1932,'',1926,103,49,869,0,'FF',9,0,4,'Max:','','on',2,13),
 (1933,'0',1744,104,49,877,64,'7F',7,0,1,'High Active','','',2,1),
 (1934,'0',1745,104,49,877,0,'FF',9,0,4,'Current:','','on',3,2),
 (1935,'0',1749,104,49,876,64,'FF',7,0,1,'Active Connections','','',2,3),
 (1936,'0',1748,104,49,876,0,'FF',9,0,1,'Current:','','',3,4),
 (1937,'0',1754,104,49,876,0,'FF',9,0,1,'Average:','','on',2,5),
 (1938,'0',1750,104,49,880,98,'CC',5,0,1,'Waiting CC','','',2,9),
 (1939,'0',1751,104,49,880,0,'FF',9,0,4,'Current:','','',3,10),
 (1940,'0',1753,104,49,880,0,'FF',9,0,3,'Max:','','on',2,11),
 (1941,'0',1919,104,49,881,41,'FF',4,0,1,'WaitingHC','','',2,12),
 (1942,'0',1926,104,49,881,0,'FF',9,0,4,'Max:','','on',2,13),
 (1943,'0',1744,105,49,889,64,'7F',7,0,1,'High Active','','',2,1),
 (1944,'0',1745,105,49,889,0,'FF',9,0,4,'Current:','','on',3,2),
 (1945,'0',1749,105,49,888,64,'FF',7,0,1,'Active Connections','','',2,3),
 (1946,'0',1748,105,49,888,0,'FF',9,0,1,'Current:','','',3,4),
 (1947,'0',1754,105,49,888,0,'FF',9,0,1,'Average:','','on',2,5),
 (1948,'0',1750,105,49,892,98,'CC',5,0,1,'Waiting CC','','',2,9),
 (1949,'0',1751,105,49,892,0,'FF',9,0,4,'Current:','','',3,10),
 (1950,'0',1753,105,49,892,0,'FF',9,0,3,'Max:','','on',2,11),
 (1951,'0',1919,105,49,893,41,'FF',4,0,1,'WaitingHC','','',2,12),
 (1952,'0',1926,105,49,893,0,'FF',9,0,4,'Max:','','on',2,13),
 (1960,'0cbda5a90f5da081315364494f12e43f',0,0,50,992,24,'FF',7,0,1,'Established','','',2,1),
 (1961,'48a3bf3b1b5b9ddd4df8e0df4bedbcef',0,0,50,992,0,'FF',9,0,4,'Current:','','on',4,2),
 (1962,'9b93b4e62ae7e72ecc5f1eca04db3009',0,0,50,991,8,'FF',8,0,1,'Closing','','',2,3),
 (1963,'e156ad97bc568076306e48a0d5b20717',0,0,50,991,0,'FF',9,0,4,'Current:','','on',4,4),
 (1964,'82d6f79b612e9252f0ec7da0c4f00cde',0,0,50,993,9,'FF',8,0,1,'Time Wait','','',2,5),
 (1965,'43835d811836784f592272167089c39d',0,0,50,993,0,'FF',9,0,4,'Current:','','on',4,6),
 (1966,'ec5caf891c9139b8d80394919e964240',0,0,50,990,1,'FF',4,12,1,'Listen','','',2,7),
 (1974,'',1960,108,50,1011,24,'FF',7,0,1,'Established','','',2,1),
 (1975,'',1961,108,50,1011,0,'FF',9,0,4,'Current:','','on',4,2),
 (1976,'',1962,108,50,1012,8,'FF',8,0,1,'Closing','','',2,3),
 (1977,'',1963,108,50,1012,0,'FF',9,0,4,'Current:','','on',4,4),
 (1978,'',1964,108,50,1010,9,'FF',8,0,1,'Time Wait','','',2,5),
 (1979,'',1965,108,50,1010,0,'FF',9,0,4,'Current:','','on',4,6),
 (1980,'',1966,108,50,1013,1,'FF',4,12,1,'Listen','','',2,7),
 (1981,'',1960,109,50,1004,24,'FF',7,0,1,'Established','','',2,1),
 (1982,'',1961,109,50,1004,0,'FF',9,0,4,'Current:','','on',4,2),
 (1983,'',1962,109,50,1003,8,'FF',8,0,1,'Closing','','',2,3),
 (1984,'',1963,109,50,1003,0,'FF',9,0,4,'Current:','','on',4,4),
 (1985,'',1964,109,50,1005,9,'FF',8,0,1,'Time Wait','','',2,5),
 (1986,'',1965,109,50,1005,0,'FF',9,0,4,'Current:','','on',4,6),
 (1987,'',1966,109,50,1002,1,'FF',4,12,1,'Listen','','',2,7),
 (1988,'4ca72174c95a1597ad5fba9186ccbc59',0,0,50,990,0,'FF',9,0,4,'Current:','','on',2,8),
 (1989,'',1988,108,50,1013,0,'FF',9,0,4,'Current:','','on',2,8),
 (1990,'',1988,109,50,1002,0,'FF',9,0,4,'Current:','','on',2,8);
CREATE TABLE  `cacti`.`graph_tree` (
  `id` smallint(5) unsigned NOT NULL AUTO_INCREMENT,
  `sort_type` tinyint(3) unsigned NOT NULL DEFAULT '1',
  `name` varchar(255) NOT NULL DEFAULT '',
  PRIMARY KEY (`id`)
) ENGINE=MyISAM AUTO_INCREMENT=11 DEFAULT CHARSET=latin1;
INSERT INTO `cacti`.`graph_tree` VALUES  (1,1,'Default Tree'),
 (2,1,'Weblogic Thread Usage Graphs'),
 (3,1,'Weblogic Load Graphs'),
 (4,1,'AWA Performance'),
 (5,1,'MDW Ops Performance'),
 (6,1,'Watch'),
 (7,1,'NEOS Op Performance'),
 (8,1,'NEOS Page Performance'),
 (9,1,'Apache Page Counts'),
 (10,1,'Weblogic Data Sources');
CREATE TABLE  `cacti`.`graph_tree_items` (
  `id` mediumint(8) unsigned NOT NULL AUTO_INCREMENT,
  `graph_tree_id` smallint(5) unsigned NOT NULL DEFAULT '0',
  `local_graph_id` mediumint(8) unsigned NOT NULL DEFAULT '0',
  `rra_id` smallint(8) unsigned NOT NULL DEFAULT '0',
  `title` varchar(255) DEFAULT NULL,
  `host_id` mediumint(8) unsigned NOT NULL DEFAULT '0',
  `order_key` varchar(100) NOT NULL DEFAULT '0',
  `host_grouping_type` tinyint(3) unsigned NOT NULL DEFAULT '1',
  `sort_children_type` tinyint(3) unsigned NOT NULL DEFAULT '1',
  PRIMARY KEY (`id`),
  KEY `graph_tree_id` (`graph_tree_id`),
  KEY `host_id` (`host_id`),
  KEY `local_graph_id` (`local_graph_id`),
  KEY `order_key` (`order_key`)
) ENGINE=MyISAM AUTO_INCREMENT=149 DEFAULT CHARSET=latin1;
INSERT INTO `cacti`.`graph_tree_items` VALUES  (7,1,0,0,'',1,'001000000000000000000000000000000000000000000000000000000000000000000000000000000000000000',1,1),
 (32,2,0,0,'FEW WL Services',0,'003000000000000000000000000000000000000000000000000000000000000000000000000000000000000000',1,1),
 (37,3,31,5,'',0,'004001000000000000000000000000000000000000000000000000000000000000000000000000000000000000',1,1),
 (31,2,26,5,'',0,'002004000000000000000000000000000000000000000000000000000000000000000000000000000000000000',1,1),
 (30,2,25,5,'',0,'002003000000000000000000000000000000000000000000000000000000000000000000000000000000000000',1,1),
 (29,2,24,5,'',0,'002002000000000000000000000000000000000000000000000000000000000000000000000000000000000000',1,1),
 (28,2,23,5,'',0,'002001000000000000000000000000000000000000000000000000000000000000000000000000000000000000',1,1),
 (20,3,20,5,'',0,'005001000000000000000000000000000000000000000000000000000000000000000000000000000000000000',1,1),
 (27,2,0,0,'PPOW WL Services',0,'002000000000000000000000000000000000000000000000000000000000000000000000000000000000000000',1,1),
 (22,2,0,0,'NEOS WL Services',0,'001000000000000000000000000000000000000000000000000000000000000000000000000000000000000000',1,1),
 (23,2,18,5,'',0,'001001000000000000000000000000000000000000000000000000000000000000000000000000000000000000',1,1),
 (24,2,19,5,'',0,'001002000000000000000000000000000000000000000000000000000000000000000000000000000000000000',1,1),
 (25,2,21,5,'',0,'001003000000000000000000000000000000000000000000000000000000000000000000000000000000000000',1,1),
 (26,2,22,5,'',0,'001004000000000000000000000000000000000000000000000000000000000000000000000000000000000000',1,1),
 (33,2,27,5,'',0,'003003000000000000000000000000000000000000000000000000000000000000000000000000000000000000',1,1),
 (34,2,28,5,'',0,'003004000000000000000000000000000000000000000000000000000000000000000000000000000000000000',1,1),
 (35,2,29,5,'',0,'003001000000000000000000000000000000000000000000000000000000000000000000000000000000000000',1,1),
 (36,2,30,5,'',0,'003002000000000000000000000000000000000000000000000000000000000000000000000000000000000000',1,1),
 (38,3,32,5,'',0,'004002000000000000000000000000000000000000000000000000000000000000000000000000000000000000',1,1),
 (39,3,0,0,'NEOS Servers',0,'004000000000000000000000000000000000000000000000000000000000000000000000000000000000000000',1,1),
 (40,3,33,5,'',0,'004003000000000000000000000000000000000000000000000000000000000000000000000000000000000000',1,1),
 (41,3,34,5,'',0,'004004000000000000000000000000000000000000000000000000000000000000000000000000000000000000',1,1),
 (42,3,0,0,'PPOW Servers',0,'005000000000000000000000000000000000000000000000000000000000000000000000000000000000000000',1,1),
 (43,3,35,5,'',0,'005002000000000000000000000000000000000000000000000000000000000000000000000000000000000000',1,1),
 (44,3,36,5,'',0,'005003000000000000000000000000000000000000000000000000000000000000000000000000000000000000',1,1),
 (45,3,37,5,'',0,'005004000000000000000000000000000000000000000000000000000000000000000000000000000000000000',1,1),
 (46,4,38,5,'',0,'001000000000000000000000000000000000000000000000000000000000000000000000000000000000000000',1,1),
 (47,4,39,5,'',0,'002000000000000000000000000000000000000000000000000000000000000000000000000000000000000000',1,1),
 (48,5,0,0,'NEOS weblogp5',0,'001000000000000000000000000000000000000000000000000000000000000000000000000000000000000000',1,1),
 (49,5,40,5,'',0,'001009000000000000000000000000000000000000000000000000000000000000000000000000000000000000',1,1),
 (50,5,41,5,'',0,'001014000000000000000000000000000000000000000000000000000000000000000000000000000000000000',1,1),
 (51,5,42,5,'',0,'001008000000000000000000000000000000000000000000000000000000000000000000000000000000000000',1,1),
 (52,6,0,0,'NEOS weblogp5',0,'001000000000000000000000000000000000000000000000000000000000000000000000000000000000000000',1,1),
 (53,6,18,5,'',0,'001001000000000000000000000000000000000000000000000000000000000000000000000000000000000000',1,1),
 (109,6,62,5,'',0,'001005000000000000000000000000000000000000000000000000000000000000000000000000000000000000',1,1),
 (55,6,41,5,'',0,'001007000000000000000000000000000000000000000000000000000000000000000000000000000000000000',1,1),
 (112,5,59,5,'',0,'001011000000000000000000000000000000000000000000000000000000000000000000000000000000000000',1,1),
 (57,6,43,5,'',0,'001008000000000000000000000000000000000000000000000000000000000000000000000000000000000000',1,1),
 (58,6,0,0,'NEOS weblogp6',0,'002000000000000000000000000000000000000000000000000000000000000000000000000000000000000000',1,1),
 (59,6,19,5,'',0,'002001000000000000000000000000000000000000000000000000000000000000000000000000000000000000',1,1),
 (60,6,46,5,'',0,'002006000000000000000000000000000000000000000000000000000000000000000000000000000000000000',1,1),
 (85,6,51,5,'',0,'001010000000000000000000000000000000000000000000000000000000000000000000000000000000000000',1,1),
 (115,5,76,5,'',0,'002002000000000000000000000000000000000000000000000000000000000000000000000000000000000000',1,1),
 (116,9,0,0,'Apaches AREAPRIVADA',0,'002000000000000000000000000000000000000000000000000000000000000000000000000000000000000000',1,1),
 (64,6,48,5,'',0,'001009000000000000000000000000000000000000000000000000000000000000000000000000000000000000',1,1),
 (65,7,0,0,'NEOS weblogp6',0,'002000000000000000000000000000000000000000000000000000000000000000000000000000000000000000',1,1),
 (66,7,49,5,'',0,'002001000000000000000000000000000000000000000000000000000000000000000000000000000000000000',1,1),
 (67,7,50,5,'',0,'002002000000000000000000000000000000000000000000000000000000000000000000000000000000000000',1,1),
 (84,6,49,5,'',0,'002005000000000000000000000000000000000000000000000000000000000000000000000000000000000000',1,1),
 (81,6,56,5,'',0,'001006000000000000000000000000000000000000000000000000000000000000000000000000000000000000',1,1),
 (106,8,70,5,'',0,'001009000000000000000000000000000000000000000000000000000000000000000000000000000000000000',1,1),
 (107,8,67,5,'',0,'001010000000000000000000000000000000000000000000000000000000000000000000000000000000000000',1,1),
 (72,5,0,0,'NEOS weblogp6',0,'002000000000000000000000000000000000000000000000000000000000000000000000000000000000000000',1,1),
 (132,5,97,5,'',0,'001015000000000000000000000000000000000000000000000000000000000000000000000000000000000000',1,1),
 (114,5,46,5,'',0,'002003000000000000000000000000000000000000000000000000000000000000000000000000000000000000',1,1),
 (113,5,81,5,'',0,'002001000000000000000000000000000000000000000000000000000000000000000000000000000000000000',1,1),
 (77,8,0,0,'NEOS Pages',0,'001000000000000000000000000000000000000000000000000000000000000000000000000000000000000000',1,1),
 (108,8,71,5,'',0,'001011000000000000000000000000000000000000000000000000000000000000000000000000000000000000',1,1),
 (105,8,69,5,'',0,'001008000000000000000000000000000000000000000000000000000000000000000000000000000000000000',1,1),
 (122,4,87,5,'',0,'004000000000000000000000000000000000000000000000000000000000000000000000000000000000000000',1,1),
 (88,6,40,5,'',0,'001011000000000000000000000000000000000000000000000000000000000000000000000000000000000000',1,1),
 (117,9,82,5,'',0,'002002000000000000000000000000000000000000000000000000000000000000000000000000000000000000',1,1),
 (90,7,0,0,'NEOS weblogp5',0,'001000000000000000000000000000000000000000000000000000000000000000000000000000000000000000',1,1),
 (91,7,56,5,'',0,'001001000000000000000000000000000000000000000000000000000000000000000000000000000000000000',1,1),
 (110,6,69,5,'',0,'002004000000000000000000000000000000000000000000000000000000000000000000000000000000000000',1,1),
 (93,5,48,5,'',0,'001006000000000000000000000000000000000000000000000000000000000000000000000000000000000000',1,1),
 (94,5,60,5,'',0,'001003000000000000000000000000000000000000000000000000000000000000000000000000000000000000',1,1),
 (95,5,43,5,'',0,'001012000000000000000000000000000000000000000000000000000000000000000000000000000000000000',1,1),
 (96,5,51,5,'',0,'001002000000000000000000000000000000000000000000000000000000000000000000000000000000000000',1,1),
 (97,5,61,5,'',0,'001004000000000000000000000000000000000000000000000000000000000000000000000000000000000000',1,1),
 (104,8,62,5,'',0,'001007000000000000000000000000000000000000000000000000000000000000000000000000000000000000',1,1),
 (111,7,72,5,'',0,'001002000000000000000000000000000000000000000000000000000000000000000000000000000000000000',1,1),
 (100,9,63,5,'',0,'002001000000000000000000000000000000000000000000000000000000000000000000000000000000000000',1,1),
 (101,8,64,5,'',0,'001001000000000000000000000000000000000000000000000000000000000000000000000000000000000000',1,1),
 (120,7,85,5,'',0,'001003000000000000000000000000000000000000000000000000000000000000000000000000000000000000',1,1),
 (121,7,86,5,'',0,'001004000000000000000000000000000000000000000000000000000000000000000000000000000000000000',1,1),
 (123,4,88,5,'',0,'005000000000000000000000000000000000000000000000000000000000000000000000000000000000000000',1,1),
 (124,4,89,5,'',0,'006000000000000000000000000000000000000000000000000000000000000000000000000000000000000000',1,1),
 (125,4,90,5,'',0,'003000000000000000000000000000000000000000000000000000000000000000000000000000000000000000',1,1),
 (126,10,0,0,'eCare Data Sources',0,'001000000000000000000000000000000000000000000000000000000000000000000000000000000000000000',1,1),
 (127,10,92,5,'',0,'001001000000000000000000000000000000000000000000000000000000000000000000000000000000000000',1,1),
 (128,10,93,5,'',0,'001002000000000000000000000000000000000000000000000000000000000000000000000000000000000000',1,1),
 (129,1,94,5,'',0,'002000000000000000000000000000000000000000000000000000000000000000000000000000000000000000',1,1),
 (130,5,95,5,'',0,'001007000000000000000000000000000000000000000000000000000000000000000000000000000000000000',1,1),
 (131,5,96,5,'',0,'001010000000000000000000000000000000000000000000000000000000000000000000000000000000000000',1,1),
 (133,5,98,5,'',0,'001013000000000000000000000000000000000000000000000000000000000000000000000000000000000000',1,1),
 (134,7,99,5,'',0,'001005000000000000000000000000000000000000000000000000000000000000000000000000000000000000',1,1),
 (135,10,100,5,'',0,'001003000000000000000000000000000000000000000000000000000000000000000000000000000000000000',1,1),
 (136,10,101,5,'',0,'001004000000000000000000000000000000000000000000000000000000000000000000000000000000000000',1,1),
 (137,10,102,5,'',0,'001005000000000000000000000000000000000000000000000000000000000000000000000000000000000000',1,1),
 (138,10,103,5,'',0,'001006000000000000000000000000000000000000000000000000000000000000000000000000000000000000',1,1),
 (139,10,104,5,'',0,'001007000000000000000000000000000000000000000000000000000000000000000000000000000000000000',1,1),
 (140,10,105,5,'',0,'001008000000000000000000000000000000000000000000000000000000000000000000000000000000000000',1,1),
 (142,6,92,5,'',0,'001004000000000000000000000000000000000000000000000000000000000000000000000000000000000000',1,1),
 (145,9,0,0,'Hosts NetStats Usage',0,'003000000000000000000000000000000000000000000000000000000000000000000000000000000000000000',1,1),
 (146,9,108,5,'',0,'003001000000000000000000000000000000000000000000000000000000000000000000000000000000000000',1,1),
 (147,9,109,5,'',0,'003002000000000000000000000000000000000000000000000000000000000000000000000000000000000000',1,1),
 (148,6,93,5,'',0,'002003000000000000000000000000000000000000000000000000000000000000000000000000000000000000',1,1);
CREATE TABLE  `cacti`.`host` (
  `id` mediumint(8) unsigned NOT NULL AUTO_INCREMENT,
  `host_template_id` mediumint(8) unsigned NOT NULL DEFAULT '0',
  `description` varchar(150) NOT NULL DEFAULT '',
  `hostname` varchar(250) DEFAULT NULL,
  `notes` text,
  `snmp_community` varchar(100) DEFAULT NULL,
  `snmp_version` tinyint(1) unsigned NOT NULL DEFAULT '1',
  `snmp_username` varchar(50) DEFAULT NULL,
  `snmp_password` varchar(50) DEFAULT NULL,
  `snmp_auth_protocol` char(5) DEFAULT '',
  `snmp_priv_passphrase` varchar(200) DEFAULT '',
  `snmp_priv_protocol` char(6) DEFAULT '',
  `snmp_context` varchar(64) DEFAULT '',
  `snmp_port` mediumint(5) unsigned NOT NULL DEFAULT '161',
  `snmp_timeout` mediumint(8) unsigned NOT NULL DEFAULT '500',
  `availability_method` smallint(5) unsigned NOT NULL DEFAULT '1',
  `ping_method` smallint(5) unsigned DEFAULT '0',
  `ping_port` int(12) unsigned DEFAULT '0',
  `ping_timeout` int(12) unsigned DEFAULT '500',
  `ping_retries` int(12) unsigned DEFAULT '2',
  `max_oids` int(12) unsigned DEFAULT '10',
  `disabled` char(2) DEFAULT NULL,
  `status` tinyint(2) NOT NULL DEFAULT '0',
  `status_event_count` mediumint(8) unsigned NOT NULL DEFAULT '0',
  `status_fail_date` datetime NOT NULL DEFAULT '0000-00-00 00:00:00',
  `status_rec_date` datetime NOT NULL DEFAULT '0000-00-00 00:00:00',
  `status_last_error` varchar(255) DEFAULT '',
  `min_time` decimal(10,5) DEFAULT '9.99999',
  `max_time` decimal(10,5) DEFAULT '0.00000',
  `cur_time` decimal(10,5) DEFAULT '0.00000',
  `avg_time` decimal(10,5) DEFAULT '0.00000',
  `total_polls` int(12) unsigned DEFAULT '0',
  `failed_polls` int(12) unsigned DEFAULT '0',
  `availability` decimal(8,5) NOT NULL DEFAULT '100.00000',
  PRIMARY KEY (`id`),
  KEY `disabled` (`disabled`)
) ENGINE=MyISAM AUTO_INCREMENT=17 DEFAULT CHARSET=latin1;
INSERT INTO `cacti`.`host` VALUES  (1,8,'Localhost','127.0.0.1','','public',0,'','','MD5','','DES','',161,500,3,2,23,400,1,10,'',3,0,'0000-00-00 00:00:00','0000-00-00 00:00:00','','0.02890','76.22000','0.07310','0.26276',92604,0,'100.00000'),
 (2,0,'Weblogic weblogp5','weblogp5','NEOS Node 1 weblogic server','public',0,'','','','','','',161,500,3,1,23,400,1,10,'',3,0,'2011-11-07 16:14:00','2011-10-15 02:04:02','UDP: Ping timed out','2.43800','88.11289','4.56598','4.11115',195234,301,'99.84580'),
 (3,0,'Weblogic weblogp6','weblogp6','NEOS Node 2 weblogic server','public',0,'','','','','','',161,500,3,1,23,400,1,10,'',3,0,'2011-11-07 11:22:00','0000-00-00 00:00:00','UDP: Ping timed out','3.03588','100.40907','4.01399','5.82299',17180,8,'99.95340'),
 (4,0,'Weblogic weblogp7','weblogp7','FEW Node 1 weblogic server','public',0,'','','','','','',161,500,3,1,23,400,1,10,'',3,0,'2011-11-07 13:58:00','2011-09-15 14:03:01','UDP: Ping timed out','1.28800','81.07606','11.88905','3.44111',163967,303,'99.81520'),
 (5,0,'Weblogic weblogp8','weblogp8','FEW Node 2 weblogic server','public',0,'','','','','','',161,500,3,1,23,400,1,10,'',3,0,'2011-11-07 10:09:00','0000-00-00 00:00:00','UDP: Ping timed out','3.14808','122.37101','5.06801','5.99746',17168,9,'99.94760'),
 (6,0,'AWA Service','sso.orange.es','','public',0,'','','','','','',161,500,3,1,23,400,1,10,'',3,0,'2011-11-02 15:44:00','2011-11-03 10:36:00','UDP: Ping timed out','0.01788','57.14992','0.14308','1.64523',129329,11125,'91.39790'),
 (7,0,'NEOS weblogp5','weblogp5','','public',1,'','','','','','',161,500,4,1,23,400,1,10,'on',3,0,'2011-11-02 11:54:00','2011-10-15 02:04:02','UDP: Ping timed out','2.43800','63.79899','4.33800','4.01711',187998,296,'99.84255'),
 (8,0,'NEOS weblogp6','weblogp6','','public',1,'','','','','','',161,500,4,1,23,400,1,10,'on',0,0,'0000-00-00 00:00:00','0000-00-00 00:00:00','','9.99999','0.00000','0.00000','0.00000',0,0,'100.00000'),
 (9,0,'NEOS Pages','neos.orange.es','','public',1,'','','','','','',161,500,4,1,23,400,1,10,'on',0,0,'0000-00-00 00:00:00','0000-00-00 00:00:00','','9.99999','0.00000','0.00000','0.00000',0,0,'100.00000'),
 (10,0,'NEOS MDW weblogp5','weblogp5','','public',1,'','','','','','',161,500,0,1,23,400,1,10,'on',3,0,'2011-11-02 11:54:00','2011-10-15 02:04:02','UDP: Ping timed out','2.43800','63.79899','4.33800','4.01711',187998,296,'99.84255'),
 (11,0,'NEOS Apache ap3','AOTLXPRWEB03','','public',0,'','','','','','',161,500,3,1,23,400,1,10,'',3,0,'2011-10-31 18:28:00','2011-11-02 15:01:00','UDP: Ping timed out','0.00000','25.10500','0.05402','0.37295',9953,2672,'73.15380'),
 (12,0,'NEOS Apache ap4','AOTLXPRWEB04','','public',0,'','','','','','',161,500,3,1,23,400,1,10,'',3,0,'2011-10-31 18:28:00','2011-11-02 15:01:00','UDP: Ping timed out','0.02004','40.02907','4.52298','0.44666',9956,2673,'73.15190'),
 (13,0,'NEOS MDW weblogp6','weblogp6','','public',1,'','','','','','',161,500,4,1,23,400,1,10,'on',0,0,'0000-00-00 00:00:00','0000-00-00 00:00:00','','9.99999','0.00000','0.00000','0.00000',0,0,'100.00000'),
 (14,0,'NEOS Site','areaprivada.orange.es','','public',1,'','','','','','',161,500,4,1,23,400,1,10,'on',0,0,'0000-00-00 00:00:00','0000-00-00 00:00:00','','9.99999','0.00000','0.00000','0.00000',0,0,'100.00000'),
 (15,1,'WL Console weblogp5','weblogp5','','public',1,'','','','','','',161,500,3,1,23,400,1,10,'',3,0,'2011-11-07 15:18:00','2011-10-15 02:04:02','UDP: Ping timed out','2.43800','140.47702','7.35598','4.23181',195234,298,'99.84740'),
 (16,1,'WL Console weblogp7','weblogp7','','public',1,'','','','','','',161,500,4,1,23,400,1,10,'',3,0,'2011-11-02 12:11:00','2011-09-15 14:03:01','UDP: Ping timed out','0.00000','132.55905','5.15890','3.50104',163967,297,'99.81890');
CREATE TABLE  `cacti`.`host_graph` (
  `host_id` mediumint(8) unsigned NOT NULL DEFAULT '0',
  `graph_template_id` mediumint(8) unsigned NOT NULL DEFAULT '0',
  PRIMARY KEY (`host_id`,`graph_template_id`)
) ENGINE=MyISAM DEFAULT CHARSET=latin1;
INSERT INTO `cacti`.`host_graph` VALUES  (1,8),
 (1,9),
 (1,10),
 (1,12),
 (2,35),
 (3,36),
 (11,8),
 (11,9),
 (11,10),
 (11,12),
 (11,44),
 (11,50),
 (12,50);
CREATE TABLE  `cacti`.`host_snmp_cache` (
  `host_id` mediumint(8) unsigned NOT NULL DEFAULT '0',
  `snmp_query_id` mediumint(8) unsigned NOT NULL DEFAULT '0',
  `field_name` varchar(50) NOT NULL DEFAULT '',
  `field_value` varchar(255) DEFAULT NULL,
  `snmp_index` varchar(255) NOT NULL DEFAULT '',
  `oid` text NOT NULL,
  PRIMARY KEY (`host_id`,`snmp_query_id`,`field_name`,`snmp_index`),
  KEY `host_id` (`host_id`,`field_name`),
  KEY `snmp_index` (`snmp_index`),
  KEY `field_name` (`field_name`),
  KEY `field_value` (`field_value`),
  KEY `snmp_query_id` (`snmp_query_id`)
) ENGINE=MyISAM DEFAULT CHARSET=latin1;
INSERT INTO `cacti`.`host_snmp_cache` VALUES  (1,6,'dskDevice','/dev/sda1','/dev/sda1',''),
 (1,6,'dskMount','/','/dev/sda1',''),
 (15,1,'ifIndex','1','1','.1.3.6.1.2.1.2.2.1.1.1'),
 (15,1,'ifIndex','2','2','.1.3.6.1.2.1.2.2.1.1.2'),
 (15,1,'ifIndex','3','3','.1.3.6.1.2.1.2.2.1.1.3'),
 (15,1,'ifIndex','4','4','.1.3.6.1.2.1.2.2.1.1.4'),
 (15,1,'ifOperStatus','Up','1','.1.3.6.1.2.1.2.2.1.8.1'),
 (15,1,'ifOperStatus','Up','2','.1.3.6.1.2.1.2.2.1.8.2'),
 (15,1,'ifOperStatus','Up','3','.1.3.6.1.2.1.2.2.1.8.3'),
 (15,1,'ifOperStatus','Up','4','.1.3.6.1.2.1.2.2.1.8.4'),
 (15,1,'ifDescr','lo0','1','.1.3.6.1.2.1.2.2.1.2.1'),
 (15,1,'ifDescr','bge0','2','.1.3.6.1.2.1.2.2.1.2.2'),
 (15,1,'ifDescr','bge0:1','3','.1.3.6.1.2.1.2.2.1.2.3'),
 (15,1,'ifDescr','bge1','4','.1.3.6.1.2.1.2.2.1.2.4'),
 (15,1,'ifType','24','1','.1.3.6.1.2.1.2.2.1.3.1'),
 (15,1,'ifType','6','2','.1.3.6.1.2.1.2.2.1.3.2'),
 (15,1,'ifType','6','3','.1.3.6.1.2.1.2.2.1.3.3'),
 (15,1,'ifType','6','4','.1.3.6.1.2.1.2.2.1.3.4'),
 (15,1,'ifSpeed','127000000','1','.1.3.6.1.2.1.2.2.1.5.1'),
 (15,1,'ifSpeed','1000000000','2','.1.3.6.1.2.1.2.2.1.5.2'),
 (15,1,'ifSpeed','100000000','3','.1.3.6.1.2.1.2.2.1.5.3'),
 (15,1,'ifSpeed','1000000000','4','.1.3.6.1.2.1.2.2.1.5.4'),
 (15,1,'ifHwAddr','','1','.1.3.6.1.2.1.2.2.1.6.1'),
 (15,1,'ifHwAddr','00:14:4F:80:C3:06','2','.1.3.6.1.2.1.2.2.1.6.2'),
 (15,1,'ifHwAddr','00:14:4F:80:C3:06','3','.1.3.6.1.2.1.2.2.1.6.3'),
 (15,1,'ifHwAddr','00:14:4F:80:C3:07','4','.1.3.6.1.2.1.2.2.1.6.4'),
 (15,1,'ifIP','10.113.56.246','3','.1.3.6.1.2.1.4.20.1.2.10.113.56.246'),
 (15,1,'ifIP','10.113.56.250','2','.1.3.6.1.2.1.4.20.1.2.10.113.56.250'),
 (15,1,'ifIP','10.113.56.251','4','.1.3.6.1.2.1.4.20.1.2.10.113.56.251'),
 (15,1,'ifIP','127.0.0.1','1','.1.3.6.1.2.1.4.20.1.2.127.0.0.1'),
 (16,1,'ifIndex','1','1','.1.3.6.1.2.1.2.2.1.1.1'),
 (16,1,'ifIndex','2','2','.1.3.6.1.2.1.2.2.1.1.2'),
 (16,1,'ifIndex','3','3','.1.3.6.1.2.1.2.2.1.1.3'),
 (16,1,'ifIndex','4','4','.1.3.6.1.2.1.2.2.1.1.4'),
 (16,1,'ifOperStatus','Up','1','.1.3.6.1.2.1.2.2.1.8.1'),
 (16,1,'ifOperStatus','Up','2','.1.3.6.1.2.1.2.2.1.8.2'),
 (16,1,'ifOperStatus','Up','3','.1.3.6.1.2.1.2.2.1.8.3'),
 (16,1,'ifOperStatus','Up','4','.1.3.6.1.2.1.2.2.1.8.4'),
 (16,1,'ifDescr','lo0','1','.1.3.6.1.2.1.2.2.1.2.1'),
 (16,1,'ifDescr','bge0','2','.1.3.6.1.2.1.2.2.1.2.2'),
 (16,1,'ifDescr','bge0:1','3','.1.3.6.1.2.1.2.2.1.2.3'),
 (16,1,'ifDescr','bge2','4','.1.3.6.1.2.1.2.2.1.2.4'),
 (16,1,'ifType','24','1','.1.3.6.1.2.1.2.2.1.3.1'),
 (16,1,'ifType','6','2','.1.3.6.1.2.1.2.2.1.3.2'),
 (16,1,'ifType','6','3','.1.3.6.1.2.1.2.2.1.3.3'),
 (16,1,'ifType','6','4','.1.3.6.1.2.1.2.2.1.3.4'),
 (16,1,'ifSpeed','127000000','1','.1.3.6.1.2.1.2.2.1.5.1'),
 (16,1,'ifSpeed','1000000000','2','.1.3.6.1.2.1.2.2.1.5.2'),
 (16,1,'ifSpeed','100000000','3','.1.3.6.1.2.1.2.2.1.5.3'),
 (16,1,'ifSpeed','1000000000','4','.1.3.6.1.2.1.2.2.1.5.4'),
 (16,1,'ifHwAddr','','1','.1.3.6.1.2.1.2.2.1.6.1'),
 (16,1,'ifHwAddr','00:14:4F:3A:7C:2B','2','.1.3.6.1.2.1.2.2.1.6.2'),
 (16,1,'ifHwAddr','00:14:4F:3A:7C:2B','3','.1.3.6.1.2.1.2.2.1.6.3'),
 (16,1,'ifHwAddr','00:14:4F:B7:BA:78','4','.1.3.6.1.2.1.2.2.1.6.4'),
 (16,1,'ifIP','10.113.56.247','3','.1.3.6.1.2.1.4.20.1.2.10.113.56.247'),
 (16,1,'ifIP','10.113.57.50','2','.1.3.6.1.2.1.4.20.1.2.10.113.57.50'),
 (16,1,'ifIP','10.113.57.51','4','.1.3.6.1.2.1.4.20.1.2.10.113.57.51'),
 (16,1,'ifIP','127.0.0.1','1','.1.3.6.1.2.1.4.20.1.2.127.0.0.1');
CREATE TABLE  `cacti`.`host_snmp_query` (
  `host_id` mediumint(8) unsigned NOT NULL DEFAULT '0',
  `snmp_query_id` mediumint(8) unsigned NOT NULL DEFAULT '0',
  `sort_field` varchar(50) NOT NULL DEFAULT '',
  `title_format` varchar(50) NOT NULL DEFAULT '',
  `reindex_method` tinyint(3) unsigned NOT NULL DEFAULT '0',
  PRIMARY KEY (`host_id`,`snmp_query_id`),
  KEY `host_id` (`host_id`)
) ENGINE=MyISAM DEFAULT CHARSET=latin1;
INSERT INTO `cacti`.`host_snmp_query` VALUES  (1,6,'dskDevice','|query_dskDevice|',0),
 (15,1,'ifDescr','|query_ifDescr|',1),
 (16,1,'ifDescr','|query_ifDescr|',1);
CREATE TABLE  `cacti`.`host_template` (
  `id` mediumint(8) unsigned NOT NULL AUTO_INCREMENT,
  `hash` varchar(32) NOT NULL DEFAULT '',
  `name` varchar(100) NOT NULL DEFAULT '',
  PRIMARY KEY (`id`)
) ENGINE=MyISAM AUTO_INCREMENT=9 DEFAULT CHARSET=latin1;
INSERT INTO `cacti`.`host_template` VALUES  (1,'4855b0e3e553085ed57219690285f91f','Generic SNMP-enabled Host'),
 (3,'07d3fe6a52915f99e642d22e27d967a4','ucd/net SNMP Host'),
 (4,'4e5dc8dd115264c2e9f3adb725c29413','Karlnet Wireless Bridge'),
 (5,'cae6a879f86edacb2471055783bec6d0','Cisco Router'),
 (6,'9ef418b4251751e09c3c416704b01b01','Netware 4/5 Server'),
 (7,'5b8300be607dce4f030b026a381b91cd','Windows 2000/XP Host'),
 (8,'2d3e47f416738c2d22c87c40218cc55e','Local Linux Machine');
CREATE TABLE  `cacti`.`host_template_graph` (
  `host_template_id` mediumint(8) unsigned NOT NULL DEFAULT '0',
  `graph_template_id` mediumint(8) unsigned NOT NULL DEFAULT '0',
  PRIMARY KEY (`host_template_id`,`graph_template_id`),
  KEY `host_template_id` (`host_template_id`)
) ENGINE=MyISAM DEFAULT CHARSET=latin1;
INSERT INTO `cacti`.`host_template_graph` VALUES  (3,4),
 (3,11),
 (3,13),
 (5,18),
 (6,14),
 (6,16),
 (6,17),
 (6,30),
 (7,28),
 (7,29),
 (8,8),
 (8,9),
 (8,10),
 (8,12);
CREATE TABLE  `cacti`.`host_template_snmp_query` (
  `host_template_id` mediumint(8) unsigned NOT NULL DEFAULT '0',
  `snmp_query_id` mediumint(8) unsigned NOT NULL DEFAULT '0',
  PRIMARY KEY (`host_template_id`,`snmp_query_id`),
  KEY `host_template_id` (`host_template_id`)
) ENGINE=MyISAM DEFAULT CHARSET=latin1;
INSERT INTO `cacti`.`host_template_snmp_query` VALUES  (1,1),
 (3,1),
 (3,2),
 (4,1),
 (4,3),
 (5,1),
 (6,1),
 (6,4),
 (6,7),
 (7,1),
 (7,8),
 (7,9),
 (8,6);
CREATE TABLE  `cacti`.`poller` (
  `id` smallint(5) unsigned NOT NULL AUTO_INCREMENT,
  `hostname` varchar(250) NOT NULL DEFAULT '',
  `ip_address` int(11) unsigned NOT NULL DEFAULT '0',
  `last_update` datetime NOT NULL DEFAULT '0000-00-00 00:00:00',
  PRIMARY KEY (`id`)
) ENGINE=MyISAM DEFAULT CHARSET=latin1;
CREATE TABLE  `cacti`.`poller_command` (
  `poller_id` smallint(5) unsigned NOT NULL DEFAULT '0',
  `time` datetime NOT NULL DEFAULT '0000-00-00 00:00:00',
  `action` tinyint(3) unsigned NOT NULL DEFAULT '0',
  `command` varchar(200) NOT NULL DEFAULT '',
  PRIMARY KEY (`poller_id`,`action`,`command`)
) ENGINE=MyISAM DEFAULT CHARSET=latin1;
CREATE TABLE  `cacti`.`poller_item` (
  `local_data_id` mediumint(8) unsigned NOT NULL DEFAULT '0',
  `poller_id` smallint(5) unsigned NOT NULL DEFAULT '0',
  `host_id` mediumint(8) NOT NULL DEFAULT '0',
  `action` tinyint(2) unsigned NOT NULL DEFAULT '1',
  `hostname` varchar(250) NOT NULL DEFAULT '',
  `snmp_community` varchar(100) NOT NULL DEFAULT '',
  `snmp_version` tinyint(1) unsigned NOT NULL DEFAULT '0',
  `snmp_username` varchar(50) NOT NULL DEFAULT '',
  `snmp_password` varchar(50) NOT NULL DEFAULT '',
  `snmp_auth_protocol` varchar(5) NOT NULL DEFAULT '',
  `snmp_priv_passphrase` varchar(200) NOT NULL DEFAULT '',
  `snmp_priv_protocol` varchar(6) NOT NULL DEFAULT '',
  `snmp_context` varchar(64) DEFAULT '',
  `snmp_port` mediumint(5) unsigned NOT NULL DEFAULT '161',
  `snmp_timeout` mediumint(8) unsigned NOT NULL DEFAULT '0',
  `rrd_name` varchar(19) NOT NULL DEFAULT '',
  `rrd_path` varchar(255) NOT NULL DEFAULT '',
  `rrd_num` tinyint(2) unsigned NOT NULL DEFAULT '0',
  `rrd_step` mediumint(8) NOT NULL DEFAULT '300',
  `rrd_next_step` mediumint(8) NOT NULL DEFAULT '0',
  `arg1` text,
  `arg2` varchar(255) DEFAULT NULL,
  `arg3` varchar(255) DEFAULT NULL,
  PRIMARY KEY (`local_data_id`,`rrd_name`),
  KEY `local_data_id` (`local_data_id`),
  KEY `host_id` (`host_id`),
  KEY `rrd_next_step` (`rrd_next_step`),
  KEY `action` (`action`)
) ENGINE=MyISAM DEFAULT CHARSET=latin1;
INSERT INTO `cacti`.`poller_item` VALUES  (3,0,1,1,'127.0.0.1','public',0,'','','MD5','','DES','',161,500,'mem_buffers','/var/lib/cacti/rra/localhost_mem_buffers_3.rrd',1,300,0,'perl /usr/share/cacti/site/scripts/linux_memory.pl MemFree:','',''),
 (4,0,1,1,'127.0.0.1','public',0,'','','MD5','','DES','',161,500,'mem_swap','/var/lib/cacti/rra/localhost_mem_swap_4.rrd',1,300,60,'perl /usr/share/cacti/site/scripts/linux_memory.pl SwapFree:','',''),
 (5,0,1,1,'127.0.0.1','public',0,'','','MD5','','DES','',161,500,'','/var/lib/cacti/rra/localhost_load_1min_5.rrd',1,60,0,'perl /usr/share/cacti/site/scripts/loadavg_multi.pl','',''),
 (6,0,1,1,'127.0.0.1','public',0,'','','MD5','','DES','',161,500,'users','/var/lib/cacti/rra/localhost_users_6.rrd',1,300,120,'perl /usr/share/cacti/site/scripts/unix_users.pl ','',''),
 (7,0,1,1,'127.0.0.1','public',0,'','','MD5','','DES','',161,500,'proc','/var/lib/cacti/rra/localhost_proc_7.rrd',1,300,180,'perl /usr/share/cacti/site/scripts/unix_processes.pl','',''),
 (17,0,2,1,'weblogp5','public',0,'','','','','','',161,500,'','/var/lib/cacti/rra/weblogic_weblogp5_neos2p.rrd',1,60,0,'bash /home/swfcfe/MonitoringProject/CactiScripts/cactiWLThreadMonitoring.sh weblogp5 neos2p','',''),
 (18,0,2,1,'weblogp5','public',0,'','','','','','',161,500,'','/var/lib/cacti/rra/weblogic_weblogp5_neos1p.rrd',1,60,0,'bash /home/swfcfe/MonitoringProject/CactiScripts/cactiWLThreadMonitoring.sh weblogp5 neos1p','',''),
 (20,0,2,1,'weblogp5','public',0,'','','','','','',161,500,'','/var/lib/cacti/rra/weblogic_weblogp5_neosweb1p.rrd',1,60,0,'bash /home/swfcfe/MonitoringProject/CactiScripts/cactiWLThreadMonitoring.sh weblogp5 neoswe1p','',''),
 (21,0,2,1,'weblogp5','public',0,'','','','','','',161,500,'','/var/lib/cacti/rra/weblogic_weblogp5_neosweb2p.rrd',1,60,0,'bash /home/swfcfe/MonitoringProject/CactiScripts/cactiWLThreadMonitoring.sh weblogp5 neoswe2p','',''),
 (22,0,4,1,'weblogp7','public',0,'','','','','','',161,500,'','/var/lib/cacti/rra/weblogic_weblogp7_ppo1p.rrd',1,60,0,'bash /home/swfcfe/MonitoringProject/CactiScripts/cactiWLThreadMonitoring.sh weblogp7 ppo1p','',''),
 (23,0,4,1,'weblogp7','public',0,'','','','','','',161,500,'','/var/lib/cacti/rra/weblogic_weblogp7_ppo2p.rrd',1,60,0,'bash /home/swfcfe/MonitoringProject/CactiScripts/cactiWLThreadMonitoring.sh weblogp7 ppo2p','',''),
 (24,0,4,1,'weblogp7','public',0,'','','','','','',161,500,'','/var/lib/cacti/rra/weblogic_weblogp7_ppo3p.rrd',1,60,0,'bash /home/swfcfe/MonitoringProject/CactiScripts/cactiWLThreadMonitoring.sh weblogp7 ppo3p','',''),
 (25,0,6,1,'sso.orange.es','public',0,'','','','','','',161,500,'time','/var/lib/cacti/rra/awa_RPOST.rrd',1,120,60,'bash /home/swfcfe/MonitoringProject/CactiScripts/cactiAWAPerformance.sh RPOST','',''),
 (26,0,4,1,'weblogp7','public',0,'','','','','','',161,500,'','/var/lib/cacti/rra/weblogic_weblogp7_ppo4p.rrd',1,60,0,'bash /home/swfcfe/MonitoringProject/CactiScripts/cactiWLThreadMonitoring.sh weblogp7 ppo4p','',''),
 (27,0,4,1,'weblogp7','public',0,'','','','','','',161,500,'','/var/lib/cacti/rra/weblogic_weblogp7_fewspweb1p.rrd',1,60,0,'bash /home/swfcfe/MonitoringProject/CactiScripts/cactiWLThreadMonitoring.sh weblogp7 fewspweb1p','',''),
 (28,0,4,1,'weblogp7','public',0,'','','','','','',161,500,'','/var/lib/cacti/rra/weblogic_weblogp7_fewspweb2p.rrd',1,60,0,'bash /home/swfcfe/MonitoringProject/CactiScripts/cactiWLThreadMonitoring.sh weblogp7 fewspweb2p','',''),
 (29,0,4,1,'weblogp7','public',0,'','','','','','',161,500,'','/var/lib/cacti/rra/weblogic_weblogp7_fewspservices1p.rrd',1,60,0,'bash /home/swfcfe/MonitoringProject/CactiScripts/cactiWLThreadMonitoring.sh weblogp7 fewspservices1p','',''),
 (30,0,4,1,'weblogp7','public',0,'','','','','','',161,500,'','/var/lib/cacti/rra/weblogic_weblogp7_fewspservices2p.rrd',1,60,0,'bash /home/swfcfe/MonitoringProject/CactiScripts/cactiWLThreadMonitoring.sh weblogp7 fewspservices2p','',''),
 (93,0,6,1,'sso.orange.es','public',0,'','','','','','',161,500,'time','/var/lib/cacti/rra/areaprivada_PRTURL2.rrd',1,120,60,'bash /home/swfcfe/MonitoringProject/CactiScripts/cactiAWAPerformance.sh URL2','',''),
 (94,0,6,1,'sso.orange.es','public',0,'','','','','','',161,500,'time','/var/lib/cacti/rra/areaprivada_PRTURL3.rrd',1,120,0,'bash /home/swfcfe/MonitoringProject/CactiScripts/cactiAWAPerformance.sh URL3','',''),
 (95,0,6,1,'sso.orange.es','public',0,'','','','','','',161,500,'time','/var/lib/cacti/rra/areaprivada_PRTURL4.rrd',1,120,0,'bash /home/swfcfe/MonitoringProject/CactiScripts/cactiAWAPerformance.sh URL4','',''),
 (96,0,6,1,'sso.orange.es','public',0,'','','','','','',161,500,'time','/var/lib/cacti/rra/areaprivada_PRTURL1.rrd',1,120,60,'bash /home/swfcfe/MonitoringProject/CactiScripts/cactiAWAPerformance.sh URL1','',''),
 (97,0,15,1,'weblogp5','public',1,'','','','','','',161,500,'','/var/lib/cacti/rra/weblogic_weblogp5_NEOSDS_neos1p.rrd',1,60,0,'bash /home/swfcfe/MonitoringProject/CactiScripts/cactiWLDataSourceMonitoring.sh weblogp5 Neos+Datasource neos1p','',''),
 (99,0,15,1,'weblogp5','public',1,'','','','','','',161,500,'','/var/lib/cacti/rra/weblogic_weblogp5_NEOSDS_neos2p.rrd',1,60,0,'bash /home/swfcfe/MonitoringProject/CactiScripts/cactiWLDataSourceMonitoring.sh weblogp5 Neos+Datasource neos2p','',''),
 (101,0,16,1,'weblogp7','public',1,'','','','','','',161,500,'','/var/lib/cacti/rra/weblogic_weblogp7_PPOWDS_ppo1p.rrd',1,60,0,'bash /home/swfcfe/MonitoringProject/CactiScripts/cactiWLDataSourceMonitoring.sh weblogp7 eCareDataSource ppo1p','',''),
 (107,0,16,1,'weblogp7','public',1,'','','','','','',161,500,'','/var/lib/cacti/rra/weblogic_weblogp7_PPOWDS_ppo2p.rrd',1,60,0,'bash /home/swfcfe/MonitoringProject/CactiScripts/cactiWLDataSourceMonitoring.sh weblogp7 eCareDataSource ppo2p','',''),
 (108,0,16,1,'weblogp7','public',1,'','','','','','',161,500,'','/var/lib/cacti/rra/weblogic_weblogp7_PPOWDS_ppo3p.rrd',1,60,0,'bash /home/swfcfe/MonitoringProject/CactiScripts/cactiWLDataSourceMonitoring.sh weblogp7 eCareDataSource ppo3p','',''),
 (109,0,16,1,'weblogp7','public',1,'','','','','','',161,500,'','/var/lib/cacti/rra/weblogic_weblogp7_PPOWDS_ppo4p.rrd',1,60,0,'bash /home/swfcfe/MonitoringProject/CactiScripts/cactiWLDataSourceMonitoring.sh weblogp7 eCareDataSource ppo4p','',''),
 (110,0,15,1,'weblogp5','public',1,'','','','','','',161,500,'','/var/lib/cacti/rra/weblogic_weblogp5_NEOSDS_neoswe1p.rrd',1,60,0,'bash /home/swfcfe/MonitoringProject/CactiScripts/cactiWLDataSourceMonitoring.sh weblogp5 Neos+Web+Datasource neoswe1p','',''),
 (111,0,15,1,'weblogp5','public',1,'','','','','','',161,500,'','/var/lib/cacti/rra/weblogic_weblogp5_NEOSDS_neoswe2p.rrd',1,60,0,'bash /home/swfcfe/MonitoringProject/CactiScripts/cactiWLDataSourceMonitoring.sh weblogp5 Neos+Web+Datasource neoswe2p','',''),
 (112,0,16,1,'weblogp7','public',1,'','','','','','',161,500,'','/var/lib/cacti/rra/weblogic_weblogp5_FEWDS_fewspservices1p.rrd',1,60,0,'bash /home/swfcfe/MonitoringProject/CactiScripts/cactiWLDataSourceMonitoring.sh weblogp7 Fewsp+Datasource fewspservices1p','',''),
 (113,0,16,1,'weblogp7','public',1,'','','','','','',161,500,'','/var/lib/cacti/rra/weblogic_weblogp5_FEWDS_fewspservices2p.rrd',1,60,0,'bash /home/swfcfe/MonitoringProject/CactiScripts/cactiWLDataSourceMonitoring.sh weblogp7 Fewsp+Datasource fewspservices2p','',''),
 (114,0,16,1,'weblogp7','public',1,'','','','','','',161,500,'','/var/lib/cacti/rra/weblogic_weblogp5_FEWDS_fewspweb2p.rrd',1,60,0,'bash /home/swfcfe/MonitoringProject/CactiScripts/cactiWLDataSourceMonitoring.sh weblogp7 Fewsp+Datasource fewspweb2p','',''),
 (115,0,16,1,'weblogp7','public',1,'','','','','','',161,500,'','/var/lib/cacti/rra/weblogic_weblogp5_FEWDS_fewspweb1p.rrd',1,60,0,'bash /home/swfcfe/MonitoringProject/CactiScripts/cactiWLDataSourceMonitoring.sh weblogp7 Fewsp+Datasource fewspweb1p','',''),
 (116,0,16,1,'weblogp7','public',1,'','','','','','',161,500,'','/var/lib/cacti/rra/weblogic_weblogp5_FSPDS_fewspweb2p.rrd',1,60,0,'bash /home/swfcfe/MonitoringProject/CactiScripts/cactiWLDataSourceMonitoring.sh weblogp7 FSP+Datasource fewspweb2p','',''),
 (117,0,16,1,'weblogp7','public',1,'','','','','','',161,500,'','/var/lib/cacti/rra/weblogic_weblogp5_FSPDS_fewspweb1p.rrd',1,60,0,'bash /home/swfcfe/MonitoringProject/CactiScripts/cactiWLDataSourceMonitoring.sh weblogp7 FSP+Datasource fewspweb1p','',''),
 (118,0,16,1,'weblogp7','public',1,'','','','','','',161,500,'','/var/lib/cacti/rra/weblogic_weblogp5_FSPDS_fewspservices2p.rrd',1,60,0,'bash /home/swfcfe/MonitoringProject/CactiScripts/cactiWLDataSourceMonitoring.sh weblogp7 FSP+Datasource fewspservices2p','',''),
 (119,0,16,1,'weblogp7','public',1,'','','','','','',161,500,'','/var/lib/cacti/rra/weblogic_weblogp5_FSPDS_fewspservices1p.rrd',1,60,0,'bash /home/swfcfe/MonitoringProject/CactiScripts/cactiWLDataSourceMonitoring.sh weblogp7 FSP+Datasource fewspservices1p','',''),
 (122,0,12,1,'AOTLXPRWEB04','public',0,'','','','','','',161,500,'','/var/lib/cacti/rra/AOTLXPRWEB00004_netstats.rrd',1,60,0,'bash /home/swfcfe/MonitoringProject/CactiScripts/cactiLinuxNetStatData.sh AOTLXPRWEB00004','',''),
 (124,0,11,1,'AOTLXPRWEB03','public',0,'','','','','','',161,500,'','/var/lib/cacti/rra/AOTLXPRWEB00003_netstats.rrd',1,60,0,'bash /home/swfcfe/MonitoringProject/CactiScripts/cactiLinuxNetStatData.sh AOTLXPRWEB00003','',''),
 (31,0,6,1,'sso.orange.es','public',0,'','','','','','',161,500,'time','/var/lib/cacti/rra/awa_MULTILINEA.rrd',1,120,0,'bash /home/swfcfe/MonitoringProject/CactiScripts/cactiAWAPerformance.sh MULEMP','','');
CREATE TABLE  `cacti`.`poller_output` (
  `local_data_id` mediumint(8) unsigned NOT NULL DEFAULT '0',
  `rrd_name` varchar(19) NOT NULL DEFAULT '',
  `time` datetime NOT NULL DEFAULT '0000-00-00 00:00:00',
  `output` text NOT NULL,
  PRIMARY KEY (`local_data_id`,`rrd_name`,`time`)
) ENGINE=MyISAM DEFAULT CHARSET=latin1;
CREATE TABLE  `cacti`.`poller_reindex` (
  `host_id` mediumint(8) unsigned NOT NULL DEFAULT '0',
  `data_query_id` mediumint(8) unsigned NOT NULL DEFAULT '0',
  `action` tinyint(3) unsigned NOT NULL DEFAULT '0',
  `op` char(1) NOT NULL DEFAULT '',
  `assert_value` varchar(100) NOT NULL DEFAULT '',
  `arg1` varchar(255) NOT NULL DEFAULT '',
  PRIMARY KEY (`host_id`,`data_query_id`,`arg1`)
) ENGINE=MyISAM DEFAULT CHARSET=latin1;
INSERT INTO `cacti`.`poller_reindex` VALUES  (15,1,0,'<','204224192','.1.3.6.1.2.1.1.3.0'),
 (16,1,0,'<','1955050622','.1.3.6.1.2.1.1.3.0');
CREATE TABLE  `cacti`.`poller_time` (
  `id` mediumint(8) unsigned NOT NULL AUTO_INCREMENT,
  `pid` int(11) unsigned NOT NULL DEFAULT '0',
  `poller_id` smallint(5) unsigned NOT NULL DEFAULT '0',
  `start_time` datetime NOT NULL DEFAULT '0000-00-00 00:00:00',
  `end_time` datetime NOT NULL DEFAULT '0000-00-00 00:00:00',
  PRIMARY KEY (`id`)
) ENGINE=MyISAM AUTO_INCREMENT=4 DEFAULT CHARSET=latin1;
INSERT INTO `cacti`.`poller_time` VALUES  (1,19918,0,'2011-11-07 16:22:02','2011-11-07 16:22:18'),
 (2,19929,0,'2011-11-07 16:22:02','2011-11-07 16:22:09'),
 (3,19940,0,'2011-11-07 16:22:02','2011-11-07 16:22:39');
CREATE TABLE  `cacti`.`rra` (
  `id` mediumint(8) unsigned NOT NULL AUTO_INCREMENT,
  `hash` varchar(32) NOT NULL DEFAULT '',
  `name` varchar(100) NOT NULL DEFAULT '',
  `x_files_factor` double NOT NULL DEFAULT '0.1',
  `steps` mediumint(8) DEFAULT '1',
  `rows` int(12) NOT NULL DEFAULT '600',
  `timespan` int(12) unsigned NOT NULL DEFAULT '0',
  PRIMARY KEY (`id`)
) ENGINE=MyISAM AUTO_INCREMENT=11 DEFAULT CHARSET=latin1;
INSERT INTO `cacti`.`rra` VALUES  (1,'c21df5178e5c955013591239eb0afd46','Daily (5 Minute Average)',0.5,1,600,86400),
 (2,'0d9c0af8b8acdc7807943937b3208e29','Weekly (30 Minute Average)',0.5,6,700,604800),
 (3,'6fc2d038fb42950138b0ce3e9874cc60','Monthly (2 Hour Average)',0.5,24,775,2678400),
 (4,'e36f3adb9f152adfa5dc50fd2b23337e','Yearly (1 Day Average)',0.5,288,797,33053184),
 (5,'283ea2bf1634d92ce081ec82a634f513','Hourly (1 Minute Average)',0.5,1,500,14400);
CREATE TABLE  `cacti`.`rra_cf` (
  `rra_id` mediumint(8) unsigned NOT NULL DEFAULT '0',
  `consolidation_function_id` smallint(5) unsigned NOT NULL DEFAULT '0',
  PRIMARY KEY (`rra_id`,`consolidation_function_id`),
  KEY `rra_id` (`rra_id`)
) ENGINE=MyISAM DEFAULT CHARSET=latin1;
INSERT INTO `cacti`.`rra_cf` VALUES  (1,1),
 (1,3),
 (1,4),
 (2,1),
 (2,3),
 (2,4),
 (3,1),
 (3,3),
 (3,4),
 (4,1),
 (4,3),
 (4,4),
 (5,1),
 (5,3),
 (5,4);
CREATE TABLE  `cacti`.`settings` (
  `name` varchar(50) NOT NULL DEFAULT '',
  `value` varchar(255) NOT NULL DEFAULT '',
  PRIMARY KEY (`name`)
) ENGINE=MyISAM DEFAULT CHARSET=latin1;
INSERT INTO `cacti`.`settings` VALUES  ('poller_lastrun','1320679321'),
 ('path_webroot','/usr/share/cacti/site'),
 ('date','2011-11-07 16:22:39'),
 ('path_rrdtool','/usr/bin/rrdtool'),
 ('path_php_binary','/usr/bin/php'),
 ('path_snmpwalk','/usr/bin/snmpwalk'),
 ('path_snmpget','/usr/bin/snmpget'),
 ('path_snmpbulkwalk','/usr/bin/snmpbulkwalk'),
 ('path_snmpgetnext','/usr/bin/snmpgetnext'),
 ('path_cactilog','/var/log/cacti/cacti.log'),
 ('snmp_version','net-snmp'),
 ('rrdtool_version','rrd-1.4.x'),
 ('stats_poller','Time:37.3598 Method:spine Processes:4 Threads:10 Hosts:11 HostsPerProcess:3 DataSources:34 RRDsProcessed:34'),
 ('stats_recache','RecacheTime:0.0 HostsRecached:0'),
 ('poller_enabled','on'),
 ('poller_type','2'),
 ('poller_interval','60'),
 ('cron_interval','60'),
 ('concurrent_processes','4'),
 ('process_leveling','on'),
 ('max_threads','10'),
 ('php_servers','4'),
 ('script_timeout','30'),
 ('max_get_size','10'),
 ('availability_method','4'),
 ('ping_method','1'),
 ('ping_port','23'),
 ('ping_timeout','400'),
 ('ping_retries','1'),
 ('ping_failure_count','2'),
 ('ping_recovery_count','3'),
 ('log_destination','1'),
 ('log_snmp','on'),
 ('log_graph','on'),
 ('log_export','on'),
 ('log_verbosity','4'),
 ('log_pstats',''),
 ('log_pwarn','on'),
 ('log_perror','on'),
 ('snmp_ver','1'),
 ('snmp_community','public'),
 ('snmp_username',''),
 ('snmp_password',''),
 ('snmp_auth_protocol','MD5'),
 ('snmp_priv_passphrase',''),
 ('snmp_priv_protocol','DES'),
 ('snmp_timeout','500'),
 ('snmp_port','161'),
 ('snmp_retries','3'),
 ('reindex_method','1'),
 ('deletion_verification','on'),
 ('rrd_step_counter','0'),
 ('num_rows_graph','40'),
 ('max_title_graph','80'),
 ('max_data_query_field_length','15'),
 ('default_graphs_new_dropdown','-2'),
 ('num_rows_data_query','30'),
 ('num_rows_data_source','30'),
 ('max_title_data_source','45'),
 ('num_rows_device','30'),
 ('num_rows_log','500'),
 ('log_refresh_interval','60'),
 ('title_size','12'),
 ('title_font',''),
 ('legend_size','9'),
 ('legend_font',''),
 ('axis_size','8'),
 ('axis_font',''),
 ('unit_size','8'),
 ('unit_font','');
CREATE TABLE  `cacti`.`settings_graphs` (
  `user_id` smallint(8) unsigned NOT NULL DEFAULT '0',
  `name` varchar(50) NOT NULL DEFAULT '',
  `value` varchar(255) NOT NULL DEFAULT '',
  PRIMARY KEY (`user_id`,`name`)
) ENGINE=MyISAM DEFAULT CHARSET=latin1;
INSERT INTO `cacti`.`settings_graphs` VALUES  (4,'default_rra_id','1'),
 (4,'default_view_mode','1'),
 (4,'default_timespan','7'),
 (4,'timespan_sel','on'),
 (4,'default_timeshift','7'),
 (4,'allow_graph_dates_in_future','on'),
 (4,'first_weekdayid','1'),
 (4,'day_shift_start','07:00'),
 (4,'day_shift_end','18:00'),
 (4,'default_date_format','4'),
 (4,'default_datechar','1'),
 (4,'page_refresh','300'),
 (4,'default_height','100'),
 (4,'default_width','300'),
 (4,'num_columns','2'),
 (4,'thumbnail_section_preview','on'),
 (4,'thumbnail_section_tree_1','on'),
 (4,'thumbnail_section_tree_2',''),
 (4,'default_tree_id','6'),
 (4,'default_tree_view_mode','2'),
 (4,'treeview_graphs_per_page','10'),
 (4,'default_dual_pane_width','200'),
 (4,'expand_hosts',''),
 (4,'show_graph_title',''),
 (4,'preview_graphs_per_page','10'),
 (4,'list_graphs_per_page','30'),
 (4,'custom_fonts',''),
 (4,'title_size','12'),
 (4,'title_font',''),
 (4,'legend_size','10'),
 (4,'legend_font',''),
 (4,'axis_size','8'),
 (4,'axis_font',''),
 (4,'unit_size','8'),
 (4,'unit_font','');
CREATE TABLE  `cacti`.`settings_tree` (
  `user_id` mediumint(8) unsigned NOT NULL DEFAULT '0',
  `graph_tree_item_id` mediumint(8) unsigned NOT NULL DEFAULT '0',
  `status` tinyint(1) NOT NULL DEFAULT '0',
  PRIMARY KEY (`user_id`,`graph_tree_item_id`)
) ENGINE=MyISAM DEFAULT CHARSET=latin1;
CREATE TABLE  `cacti`.`snmp_query` (
  `id` mediumint(8) unsigned NOT NULL AUTO_INCREMENT,
  `hash` varchar(32) NOT NULL DEFAULT '',
  `xml_path` varchar(255) NOT NULL DEFAULT '',
  `name` varchar(100) NOT NULL DEFAULT '',
  `description` varchar(255) DEFAULT NULL,
  `graph_template_id` mediumint(8) unsigned NOT NULL DEFAULT '0',
  `data_input_id` mediumint(8) unsigned NOT NULL DEFAULT '0',
  PRIMARY KEY (`id`),
  KEY `name` (`name`)
) ENGINE=MyISAM AUTO_INCREMENT=10 DEFAULT CHARSET=latin1;
INSERT INTO `cacti`.`snmp_query` VALUES  (1,'d75e406fdeca4fcef45b8be3a9a63cbc','<path_cacti>/resource/snmp_queries/interface.xml','SNMP - Interface Statistics','Queries a host for a list of monitorable interfaces',0,2),
 (2,'3c1b27d94ad208a0090f293deadde753','<path_cacti>/resource/snmp_queries/net-snmp_disk.xml','ucd/net -  Get Monitored Partitions','Retrieves a list of monitored partitions/disks from a net-snmp enabled host.',0,2),
 (3,'59aab7b0feddc7860002ed9303085ba5','<path_cacti>/resource/snmp_queries/kbridge.xml','Karlnet - Wireless Bridge Statistics','Gets information about the wireless connectivity of each station from a Karlnet bridge.',0,2),
 (4,'ad06f46e22e991cb47c95c7233cfaee8','<path_cacti>/resource/snmp_queries/netware_disk.xml','Netware - Get Available Volumes','Retrieves a list of volumes from a Netware server.',0,2),
 (6,'8ffa36c1864124b38bcda2ae9bd61f46','<path_cacti>/resource/script_queries/unix_disk.xml','Unix - Get Mounted Partitions','Queries a list of mounted partitions on a unix-based host with the',0,11),
 (7,'30ec734bc0ae81a3d995be82c73f46c1','<path_cacti>/resource/snmp_queries/netware_cpu.xml','Netware - Get Processor Information','Gets information about running processors in a Netware server',0,2),
 (8,'9343eab1f4d88b0e61ffc9d020f35414','<path_cacti>/resource/script_server/host_disk.xml','SNMP - Get Mounted Partitions','Gets a list of partitions using SNMP',0,12),
 (9,'0d1ab53fe37487a5d0b9e1d3ee8c1d0d','<path_cacti>/resource/script_server/host_cpu.xml','SNMP - Get Processor Information','Gets usage for each processor in the system using the host MIB.',0,12);
CREATE TABLE  `cacti`.`snmp_query_graph` (
  `id` mediumint(8) unsigned NOT NULL AUTO_INCREMENT,
  `hash` varchar(32) NOT NULL DEFAULT '',
  `snmp_query_id` mediumint(8) unsigned NOT NULL DEFAULT '0',
  `name` varchar(100) NOT NULL DEFAULT '',
  `graph_template_id` mediumint(8) unsigned NOT NULL DEFAULT '0',
  PRIMARY KEY (`id`)
) ENGINE=MyISAM AUTO_INCREMENT=23 DEFAULT CHARSET=latin1;
INSERT INTO `cacti`.`snmp_query_graph` VALUES  (2,'a4b829746fb45e35e10474c36c69c0cf',1,'In/Out Errors/Discarded Packets',22),
 (3,'01e33224f8b15997d3d09d6b1bf83e18',1,'In/Out Non-Unicast Packets',24),
 (4,'1e6edee3115c42d644dbd014f0577066',1,'In/Out Unicast Packets',23),
 (6,'da43655bf1f641b07579256227806977',2,'Available/Used Disk Space',3),
 (7,'1cc468ef92a5779d37a26349e27ef3ba',3,'Wireless Levels',5),
 (8,'bef2dc94bc84bf91827f45424aac8d2a',3,'Wireless Transmissions',6),
 (9,'ab93b588c29731ab15db601ca0bc9dec',1,'In/Out Bytes (64-bit Counters)',25),
 (10,'5a5ce35edb4b195cbde99fd0161dfb4e',4,'Volume Information (free, freeable space)',19),
 (11,'c1c2cfd33eaf5064300e92e26e20bc56',4,'Directory Information (total/available entries)',20),
 (13,'ae34f5f385bed8c81a158bf3030f1089',1,'In/Out Bits',2),
 (14,'1e16a505ddefb40356221d7a50619d91',1,'In/Out Bits (64-bit Counters)',2),
 (15,'a0b3e7b63c2e66f9e1ea24a16ff245fc',6,'Available Disk Space',21),
 (16,'d1e0d9b8efd4af98d28ce2aad81a87e7',1,'In/Out Bytes',25),
 (17,'f6db4151aa07efa401a0af6c9b871844',7,'Get Processor Utilization',15),
 (18,'46c4ee688932cf6370459527eceb8ef3',8,'Available Disk Space',26),
 (19,'4a515b61441ea5f27ab7dee6c3cb7818',9,'Get Processor Utilization',27),
 (20,'ed7f68175d7bb83db8ead332fc945720',1,'In/Out Bits with 95th Percentile',31),
 (21,'f85386cd2fc94634ef167c7f1e5fbcd0',1,'In/Out Bits with Total Bandwidth',32),
 (22,'7d309bf200b6e3cdb59a33493c2e58e0',1,'In/Out Bytes with Total Bandwidth',33);
CREATE TABLE  `cacti`.`snmp_query_graph_rrd` (
  `snmp_query_graph_id` mediumint(8) unsigned NOT NULL DEFAULT '0',
  `data_template_id` mediumint(8) unsigned NOT NULL DEFAULT '0',
  `data_template_rrd_id` mediumint(8) unsigned NOT NULL DEFAULT '0',
  `snmp_field_name` varchar(50) NOT NULL DEFAULT '0',
  PRIMARY KEY (`snmp_query_graph_id`,`data_template_id`,`data_template_rrd_id`),
  KEY `data_template_rrd_id` (`data_template_rrd_id`),
  KEY `snmp_query_graph_id` (`snmp_query_graph_id`)
) ENGINE=MyISAM DEFAULT CHARSET=latin1;
INSERT INTO `cacti`.`snmp_query_graph_rrd` VALUES  (2,38,47,'ifInDiscards'),
 (3,40,52,'ifOutNUcastPkts'),
 (3,40,53,'ifInNUcastPkts'),
 (4,39,48,'ifInUcastPkts'),
 (2,38,51,'ifOutErrors'),
 (6,3,3,'dskAvail'),
 (6,3,4,'dskUsed'),
 (7,7,8,'kbWirelessStationExclHellos'),
 (7,8,9,'kbWirelessStationExclHellos'),
 (8,10,11,'kbWirelessStationExclHellos'),
 (8,9,10,'kbWirelessStationExclHellos'),
 (9,41,55,'ifHCOutOctets'),
 (9,41,54,'ifHCInOctets'),
 (10,35,38,'nwVolSize'),
 (10,35,40,'nwVolFreeable'),
 (10,35,39,'nwVolFree'),
 (11,36,42,'nwVolTotalDirEntries'),
 (11,36,43,'nwVolUsedDirEntries'),
 (2,38,50,'ifOutDiscards'),
 (2,38,46,'ifInErrors'),
 (13,41,54,'ifInOctets'),
 (14,41,54,'ifHCInOctets'),
 (14,41,55,'ifHCOutOctets'),
 (13,41,55,'ifOutOctets'),
 (4,39,49,'ifOutUcastPkts'),
 (15,37,44,'dskAvailable'),
 (16,41,54,'ifInOctets'),
 (16,41,55,'ifOutOctets'),
 (15,37,56,'dskUsed'),
 (17,42,76,'nwhrProcessorUtilization'),
 (18,43,78,'hrStorageUsed'),
 (18,43,92,'hrStorageSize'),
 (19,44,79,'hrProcessorLoad'),
 (20,41,55,'ifOutOctets'),
 (20,41,54,'ifInOctets'),
 (21,41,55,'ifOutOctets'),
 (21,41,54,'ifInOctets'),
 (22,41,55,'ifOutOctets'),
 (22,41,54,'ifInOctets');
CREATE TABLE  `cacti`.`snmp_query_graph_rrd_sv` (
  `id` mediumint(8) unsigned NOT NULL AUTO_INCREMENT,
  `hash` varchar(32) NOT NULL DEFAULT '',
  `snmp_query_graph_id` mediumint(8) unsigned NOT NULL DEFAULT '0',
  `data_template_id` mediumint(8) unsigned NOT NULL DEFAULT '0',
  `sequence` mediumint(8) unsigned NOT NULL DEFAULT '0',
  `field_name` varchar(100) NOT NULL DEFAULT '',
  `text` varchar(255) NOT NULL DEFAULT '',
  PRIMARY KEY (`id`),
  KEY `snmp_query_graph_id` (`snmp_query_graph_id`),
  KEY `data_template_id` (`data_template_id`)
) ENGINE=MyISAM AUTO_INCREMENT=110 DEFAULT CHARSET=latin1;
INSERT INTO `cacti`.`snmp_query_graph_rrd_sv` VALUES  (10,'5d3a8b2f4a454e5b0a1494e00fe7d424',6,3,1,'name','|host_description| - Partition - |query_dskDevice|'),
 (11,'d0b49af67a83c258ef1eab3780f7b3dc',7,7,1,'name','|host_description| - Wireless Noise Level - |query_kbWirelessStationName|'),
 (12,'bf6b966dc369f3df2ea640a90845e94c',7,8,1,'name','|host_description| - Wireless Signal Level - |query_kbWirelessStationName|'),
 (13,'5c3616603a7ac9d0c1cb9556b377a74f',8,10,1,'name','|host_description| - Wireless Re-Transmissions - |query_kbWirelessStationName|'),
 (14,'080f0022f77044a512b083e3a8304e8b',8,9,1,'name','|host_description| - Wireless Transmissions - |query_kbWirelessStationName|'),
 (30,'8132fa9c446e199732f0102733cb1714',11,36,1,'name','|host_description| - Directories - |query_nwVolPhysicalName|'),
 (29,'8fc9a94a5f6ef902a3de0fa7549e7476',10,35,1,'name','|host_description| - Volumes - |query_nwVolPhysicalName|'),
 (80,'27eb220995925e1a5e0e41b2582a2af6',16,41,1,'rrd_maximum','|query_ifSpeed|'),
 (85,'e85ddc56efa677b70448f9e931360b77',14,41,1,'rrd_maximum','|query_ifSpeed|'),
 (84,'37bb8c5b38bb7e89ec88ea7ccacf44d4',14,41,4,'name','|host_description| - Traffic - |query_ifDescr|'),
 (83,'62a47c18be10f273a5f5a13a76b76f54',14,41,3,'name','|host_description| - Traffic - |query_ifIP|/|query_ifDescr|'),
 (32,'',12,37,1,'name','|host_description| - Partition - |query_dskDevice|'),
 (49,'6537b3209e0697fbec278e94e7317b52',2,38,1,'name','|host_description| - Errors - |query_ifIP| - |query_ifName|'),
 (50,'6d3f612051016f48c951af8901720a1c',2,38,2,'name','|host_description| - Errors - |query_ifName|'),
 (51,'62bc981690576d0b2bd0041ec2e4aa6f',2,38,3,'name','|host_description| - Errors - |query_ifIP|/|query_ifDescr|'),
 (52,'adb270d55ba521d205eac6a21478804a',2,38,4,'name','|host_description| - Errors - |query_ifDescr|'),
 (54,'77065435f3bbb2ff99bc3b43b81de8fe',3,40,1,'name','|host_description| - Non-Unicast Packets - |query_ifIP| - |query_ifName|'),
 (55,'240d8893092619c97a54265e8d0b86a1',3,40,2,'name','|host_description| - Non-Unicast Packets - |query_ifName|'),
 (56,'4b200ecf445bdeb4c84975b74991df34',3,40,3,'name','|host_description| - Non-Unicast Packets - |query_ifIP|/|query_ifDescr|'),
 (57,'d6da3887646078e4d01fe60a123c2179',3,40,4,'name','|host_description| - Non-Unicast Packets - |query_ifDescr|'),
 (59,'ce7769b97d80ca31d21f83dc18ba93c2',4,39,1,'name','|host_description| - Unicast Packets - |query_ifIP| - |query_ifName|'),
 (60,'1ee1f9717f3f4771f7f823ca5a8b83dd',4,39,2,'name','|host_description| - Unicast Packets - |query_ifName|'),
 (61,'a7dbd54604533b592d4fae6e67587e32',4,39,3,'name','|host_description| - Unicast Packets - |query_ifIP|/|query_ifDescr|'),
 (62,'b148fa7199edcf06cd71c89e5c5d7b63',4,39,4,'name','|host_description| - Unicast Packets - |query_ifDescr|'),
 (69,'cb09784ba05e401a3f1450126ed1e395',15,37,1,'name','|host_description| - Free Space - |query_dskDevice|'),
 (70,'87a659326af8c75158e5142874fd74b0',13,41,1,'name','|host_description| - Traffic - |query_ifIP| - |query_ifName|'),
 (72,'14aa2dead86bbad0f992f1514722c95e',13,41,2,'name','|host_description| - Traffic - |query_ifName|'),
 (73,'70390712158c3c5052a7d830fb456489',13,41,3,'name','|host_description| - Traffic - |query_ifIP|/|query_ifDescr|'),
 (74,'084efd82bbddb69fb2ac9bd0b0f16ac6',13,41,4,'name','|host_description| - Traffic - |query_ifDescr|'),
 (75,'7e093c535fa3d810fa76fc3d8c80c94b',13,41,1,'rrd_maximum','|query_ifSpeed|'),
 (76,'c7ee2110bf81639086d2da03d9d88286',16,41,1,'name','|host_description| - Traffic - |query_ifIP| - |query_ifName|'),
 (77,'8ef8ae2ef548892ab95bb6c9f0b3170e',16,41,2,'name','|host_description| - Traffic - |query_ifName|'),
 (78,'3a0f707d1c8fd0e061b70241541c7e2e',16,41,3,'name','|host_description| - Traffic - |query_ifIP|/|query_ifDescr|'),
 (79,'2347e9f53564a54d43f3c00d4b60040d',16,41,4,'name','|host_description| - Traffic - |query_ifDescr|'),
 (81,'2e8b27c63d98249096ad5bc320787f43',14,41,1,'name','|host_description| - Traffic - |query_ifIP| - |query_ifName|'),
 (82,'8d820d091ec1a9683cfa74a462f239ee',14,41,2,'name','|host_description| - Traffic - |query_ifName|'),
 (86,'c582d3b37f19e4a703d9bf4908dc6548',9,41,1,'name','|host_description| - Traffic - |query_ifIP| - |query_ifName|'),
 (88,'e1be83d708ed3c0b8715ccb6517a0365',9,41,2,'name','|host_description| - Traffic - |query_ifName|'),
 (89,'57a9ae1f197498ca8dcde90194f61cbc',9,41,3,'name','|host_description| - Traffic - |query_ifIP|/|query_ifDescr|'),
 (90,'0110e120981c7ff15304e4a85cb42cbe',9,41,4,'name','|host_description| - Traffic - |query_ifDescr|'),
 (91,'ce0b9c92a15759d3ddbd7161d26a98b7',9,41,1,'rrd_maximum','|query_ifSpeed|'),
 (92,'42277993a025f1bfd85374d6b4deeb60',17,42,1,'name','|host_description| - CPU Utilization - CPU|query_nwhrProcessorNum|'),
 (93,'a3f280327b1592a1a948e256380b544f',18,43,1,'name','|host_description| - Used Space - |query_hrStorageDescr|'),
 (94,'b5a724edc36c10891fa2a5c370d55b6f',19,44,1,'name','|host_description| - CPU Utilization - CPU|query_hrProcessorFrwID|'),
 (95,'7e87efd0075caba9908e2e6e569b25b0',20,41,1,'name','|host_description| - Traffic - |query_ifIP| - |query_ifName|'),
 (96,'dd28d96a253ab86846aedb25d1cca712',20,41,2,'name','|host_description| - Traffic - |query_ifName|'),
 (97,'ce425fed4eb3174e4f1cde9713eeafa0',20,41,3,'name','|host_description| - Traffic - |query_ifIP|/|query_ifDescr|'),
 (98,'d0d05156ddb2c65181588db4b64d3907',20,41,4,'name','|host_description| - Traffic - |query_ifDescr|'),
 (99,'3b018f789ff72cc5693ef79e3a794370',20,41,1,'rrd_maximum','|query_ifSpeed|'),
 (100,'b225229dbbb48c1766cf90298674ceed',21,41,1,'name','|host_description| - Traffic - |query_ifIP| - |query_ifName|'),
 (101,'c79248ddbbd195907260887b021a055d',21,41,2,'name','|host_description| - Traffic - |query_ifName|'),
 (102,'12a6750d973b7f14783f205d86220082',21,41,3,'name','|host_description| - Traffic - |query_ifIP|/|query_ifDescr|'),
 (103,'25b151fcfe093812cb5c208e36dd697e',21,41,4,'name','|host_description| - Traffic - |query_ifDescr|'),
 (104,'e9ab404a294e406c20fdd30df766161f',21,41,1,'rrd_maximum','|query_ifSpeed|'),
 (105,'119578a4f01ab47e820b0e894e5e5bb3',22,41,1,'name','|host_description| - Traffic - |query_ifIP| - |query_ifName|'),
 (106,'940e57d24b2623849c77b59ed05931b9',22,41,2,'name','|host_description| - Traffic - |query_ifName|'),
 (107,'0f045eab01bbc4437b30da568ed5cb03',22,41,3,'name','|host_description| - Traffic - |query_ifIP|/|query_ifDescr|'),
 (108,'bd70bf71108d32f0bf91b24c85b87ff0',22,41,4,'name','|host_description| - Traffic - |query_ifDescr|'),
 (109,'fdc4cb976c4b9053bfa2af791a21c5b5',22,41,1,'rrd_maximum','|query_ifSpeed|');
CREATE TABLE  `cacti`.`snmp_query_graph_sv` (
  `id` mediumint(8) unsigned NOT NULL AUTO_INCREMENT,
  `hash` varchar(32) NOT NULL DEFAULT '',
  `snmp_query_graph_id` mediumint(8) unsigned NOT NULL DEFAULT '0',
  `sequence` mediumint(8) unsigned NOT NULL DEFAULT '0',
  `field_name` varchar(100) NOT NULL DEFAULT '',
  `text` varchar(255) NOT NULL DEFAULT '',
  PRIMARY KEY (`id`),
  KEY `snmp_query_graph_id` (`snmp_query_graph_id`)
) ENGINE=MyISAM AUTO_INCREMENT=50 DEFAULT CHARSET=latin1;
INSERT INTO `cacti`.`snmp_query_graph_sv` VALUES  (7,'437918b8dcd66a64625c6cee481fff61',6,1,'title','|host_description| - Disk Space - |query_dskPath|'),
 (5,'2ddc61ff4bd9634f33aedce9524b7690',7,1,'title','|host_description| - Wireless Levels (|query_kbWirelessStationName|)'),
 (6,'c72e2da7af2cdbd6b44a5eb42c5b4758',8,1,'title','|host_description| - Wireless Transmissions (|query_kbWirelessStationName|)'),
 (11,'a412c5dfa484b599ec0f570979fdbc9e',10,1,'title','|host_description| - Volume Information - |query_nwVolPhysicalName|'),
 (12,'48f4792dd49fefd7d640ec46b1d7bdb3',11,1,'title','|host_description| - Directory Information - |query_nwVolPhysicalName|'),
 (14,'',12,1,'title','|host_description| - Disk Space - |query_dskDevice|'),
 (15,'49dca5592ac26ff149a4fbd18d690644',13,1,'title','|host_description| - Traffic - |query_ifName|'),
 (16,'bda15298139ad22bdc8a3b0952d4e3ab',13,2,'title','|host_description| - Traffic - |query_ifIP| (|query_ifDescr|)'),
 (17,'29e48483d0471fcd996bfb702a5960aa',13,3,'title','|host_description| - Traffic - |query_ifDescr|/|query_ifIndex|'),
 (18,'3f42d358965cb94ce4f708b59e04f82b',14,1,'title','|host_description| - Traffic - |query_ifName|'),
 (19,'45f44b2f811ea8a8ace1cbed8ef906f1',14,2,'title','|host_description| - Traffic - |query_ifIP| (|query_ifDescr|)'),
 (20,'69c14fbcc23aecb9920b3cdad7f89901',14,3,'title','|host_description| - Traffic - |query_ifDescr|/|query_ifIndex|'),
 (21,'299d3434851fc0d5c0e105429069709d',2,1,'title','|host_description| - Errors - |query_ifName|'),
 (22,'8c8860b17fd67a9a500b4cb8b5e19d4b',2,2,'title','|host_description| - Errors - |query_ifIP| (|query_ifDescr|)'),
 (23,'d96360ae5094e5732e7e7496ceceb636',2,3,'title','|host_description| - Errors - |query_ifDescr|/|query_ifIndex|'),
 (24,'750a290cadc3dc60bb682a5c5f47df16',3,1,'title','|host_description| - Non-Unicast Packets - |query_ifName|'),
 (25,'bde195eecc256c42ca9725f1f22c1dc0',3,2,'title','|host_description| - Non-Unicast Packets - |query_ifIP| (|query_ifDescr|)'),
 (26,'d9e97d22689e4ffddaca23b46f2aa306',3,3,'title','|host_description| - Non-Unicast Packets - |query_ifDescr|/|query_ifIndex|'),
 (27,'48ceaba62e0c2671a810a7f1adc5f751',4,1,'title','|host_description| - Unicast Packets - |query_ifName|'),
 (28,'d6258884bed44abe46d264198adc7c5d',4,2,'title','|host_description| - Unicast Packets - |query_ifIP| (|query_ifDescr|)'),
 (29,'6eb58d9835b2b86222306d6ced9961d9',4,3,'title','|host_description| - Unicast Packets - |query_ifDescr|/|query_ifIndex|'),
 (30,'f21b23df740bc4a2d691d2d7b1b18dba',15,1,'title','|host_description| - Disk Space - |query_dskDevice|'),
 (31,'7fb4a267065f960df81c15f9022cd3a4',16,1,'title','|host_description| - Traffic - |query_ifName|'),
 (32,'e403f5a733bf5c8401a110609683deb3',16,2,'title','|host_description| - Traffic - |query_ifIP| (|query_ifDescr|)'),
 (33,'809c2e80552d56b65ca496c1c2fff398',16,3,'title','|host_description| - Traffic - |query_ifDescr|/|query_ifIndex|'),
 (34,'0a5eb36e98c04ad6be8e1ef66caeed3c',9,1,'title','|host_description| - Traffic - |query_ifName|'),
 (35,'4c4386a96e6057b7bd0b78095209ddfa',9,2,'title','|host_description| - Traffic - |query_ifIP| (|query_ifDescr|)'),
 (36,'fd3a384768b0388fa64119fe2f0cc113',9,3,'title','|host_description| - Traffic - |query_ifDescr|/|query_ifIndex|'),
 (38,'9852782792ede7c0805990e506ac9618',18,1,'title','|host_description| - Used Space - |query_hrStorageDescr|'),
 (39,'fa2f07ab54fce72eea684ba893dd9c95',19,1,'title','|host_description| - CPU Utilization - CPU|query_hrProcessorFrwID|'),
 (40,'d99f8db04fd07bcd2260d246916e03da',17,1,'title','|host_description| - CPU Utilization - CPU|query_nwhrProcessorNum|'),
 (41,'f434ec853c479d424276f367e9806a75',20,1,'title','|host_description| - Traffic - |query_ifName|'),
 (42,'9b085245847444c5fb90ebbf4448e265',20,2,'title','|host_description| - Traffic - |query_ifIP| (|query_ifDescr|)'),
 (43,'5977863f28629bd8eb93a2a9cbc3e306',20,3,'title','|host_description| - Traffic - |query_ifDescr|/|query_ifIndex|'),
 (44,'37b6711af3930c56309cf8956d8bbf14',21,1,'title','|host_description| - Traffic - |query_ifName|'),
 (45,'cc435c5884a75421329a9b08207c1c90',21,2,'title','|host_description| - Traffic - |query_ifIP| (|query_ifDescr|)'),
 (46,'82edeea1ec249c9818773e3145836492',21,3,'title','|host_description| - Traffic - |query_ifDescr|/|query_ifIndex|'),
 (47,'87522150ee8a601b4d6a1f6b9e919c47',22,1,'title','|host_description| - Traffic - |query_ifName|'),
 (48,'993a87c04f550f1209d689d584aa8b45',22,2,'title','|host_description| - Traffic - |query_ifIP| (|query_ifDescr|)'),
 (49,'183bb486c92a566fddcb0585ede37865',22,3,'title','|host_description| - Traffic - |query_ifDescr|/|query_ifIndex|');
CREATE TABLE  `cacti`.`user_auth` (
  `id` mediumint(8) unsigned NOT NULL AUTO_INCREMENT,
  `username` varchar(50) NOT NULL DEFAULT '0',
  `password` varchar(50) NOT NULL DEFAULT '0',
  `realm` mediumint(8) NOT NULL DEFAULT '0',
  `full_name` varchar(100) DEFAULT '0',
  `must_change_password` char(2) DEFAULT NULL,
  `show_tree` char(2) DEFAULT 'on',
  `show_list` char(2) DEFAULT 'on',
  `show_preview` char(2) NOT NULL DEFAULT 'on',
  `graph_settings` char(2) DEFAULT NULL,
  `login_opts` tinyint(1) NOT NULL DEFAULT '1',
  `policy_graphs` tinyint(1) unsigned NOT NULL DEFAULT '1',
  `policy_trees` tinyint(1) unsigned NOT NULL DEFAULT '1',
  `policy_hosts` tinyint(1) unsigned NOT NULL DEFAULT '1',
  `policy_graph_templates` tinyint(1) unsigned NOT NULL DEFAULT '1',
  `enabled` char(2) NOT NULL DEFAULT 'on',
  PRIMARY KEY (`id`),
  KEY `username` (`username`),
  KEY `realm` (`realm`),
  KEY `enabled` (`enabled`)
) ENGINE=MyISAM AUTO_INCREMENT=5 DEFAULT CHARSET=latin1;
INSERT INTO `cacti`.`user_auth` VALUES  (1,'admin','1730cfc4b08345dafdc11fa888fa485e',0,'Administrator','','on','on','on','on',1,1,1,1,1,'on'),
 (3,'guest','43e9a4ab75570f5b',0,'Guest Account','on','on','on','on','on',3,1,1,1,1,'on'),
 (4,'swfcfe','dcfebc1735d19f5cb3857bb88f41b79a',0,'swfcfe Monitoring account','','on','on','on','on',1,2,2,2,2,'on');
CREATE TABLE  `cacti`.`user_auth_perms` (
  `user_id` mediumint(8) unsigned NOT NULL DEFAULT '0',
  `item_id` mediumint(8) unsigned NOT NULL DEFAULT '0',
  `type` tinyint(2) unsigned NOT NULL DEFAULT '0',
  PRIMARY KEY (`user_id`,`item_id`,`type`),
  KEY `user_id` (`user_id`,`type`)
) ENGINE=MyISAM DEFAULT CHARSET=latin1;
INSERT INTO `cacti`.`user_auth_perms` VALUES  (4,2,2),
 (4,2,3),
 (4,3,3),
 (4,4,2),
 (4,4,3),
 (4,5,2),
 (4,5,3),
 (4,6,2),
 (4,6,3),
 (4,7,2),
 (4,7,3),
 (4,8,2),
 (4,8,3),
 (4,9,2),
 (4,9,3),
 (4,27,1),
 (4,28,1),
 (4,29,1),
 (4,30,1),
 (4,31,1),
 (4,38,1),
 (4,38,4),
 (4,39,1),
 (4,40,1),
 (4,40,4),
 (4,41,1),
 (4,41,4),
 (4,42,1),
 (4,42,4),
 (4,43,1),
 (4,43,4),
 (4,44,1),
 (4,45,1),
 (4,45,4),
 (4,46,1),
 (4,46,4),
 (4,47,1),
 (4,48,1),
 (4,49,1),
 (4,50,1),
 (4,51,1),
 (4,56,1);
CREATE TABLE  `cacti`.`user_auth_realm` (
  `realm_id` mediumint(8) unsigned NOT NULL DEFAULT '0',
  `user_id` mediumint(8) unsigned NOT NULL DEFAULT '0',
  PRIMARY KEY (`realm_id`,`user_id`),
  KEY `user_id` (`user_id`)
) ENGINE=MyISAM DEFAULT CHARSET=latin1;
INSERT INTO `cacti`.`user_auth_realm` VALUES  (1,1),
 (2,1),
 (3,1),
 (4,1),
 (4,3),
 (4,4),
 (5,1),
 (5,3),
 (5,4),
 (7,1),
 (7,3),
 (7,4),
 (8,1),
 (9,1),
 (10,1),
 (11,1),
 (12,1),
 (13,1),
 (13,4),
 (14,1),
 (15,1),
 (15,4),
 (16,1),
 (16,4),
 (17,1);
CREATE TABLE  `cacti`.`user_log` (
  `username` varchar(50) NOT NULL DEFAULT '0',
  `user_id` mediumint(8) NOT NULL DEFAULT '0',
  `time` datetime NOT NULL DEFAULT '0000-00-00 00:00:00',
  `result` tinyint(1) NOT NULL DEFAULT '0',
  `ip` varchar(40) NOT NULL DEFAULT '',
  PRIMARY KEY (`username`,`user_id`,`time`),
  KEY `username` (`username`)
) ENGINE=MyISAM DEFAULT CHARSET=latin1;
INSERT INTO `cacti`.`user_log` VALUES  ('admin',0,'2011-06-22 09:54:07',0,'10.113.73.177'),
 ('admin',0,'2011-06-22 09:54:16',0,'10.113.73.177'),
 ('admin',1,'2011-06-22 09:54:23',1,'10.113.73.177'),
 ('admin',0,'0000-00-00 00:00:00',3,'10.113.73.177'),
 ('admin',1,'2011-07-12 09:38:50',1,'10.113.73.177'),
 ('admin',1,'2011-07-12 14:59:20',1,'10.113.74.36'),
 ('admin',1,'2011-07-13 09:17:01',1,'10.113.73.177'),
 ('admin',1,'2011-07-13 10:25:58',1,'10.113.74.36'),
 ('admin',1,'2011-07-13 12:47:34',1,'10.113.74.36'),
 ('admin',1,'2011-07-13 15:20:29',1,'10.113.74.36'),
 ('admin',1,'2011-07-14 14:49:50',1,'10.113.73.177'),
 ('admin',1,'2011-07-14 15:03:22',1,'10.113.74.36'),
 ('admin',1,'2011-07-15 13:39:44',1,'10.113.73.177'),
 ('admin',1,'2011-07-15 14:06:27',1,'10.113.68.21'),
 ('admin',1,'2011-07-18 11:41:48',1,'10.113.68.21'),
 ('admin',1,'2011-07-20 07:57:40',1,'10.113.68.21'),
 ('admin',1,'2011-07-22 17:10:58',1,'172.17.34.89'),
 ('admin',1,'2011-07-28 10:32:09',1,'10.113.68.21'),
 ('admin',1,'2011-08-01 14:16:19',1,'10.113.68.21'),
 ('admin',1,'2011-08-01 14:16:28',1,'10.113.68.21'),
 ('admin',1,'2011-08-01 14:16:39',1,'10.113.68.21'),
 ('admin',1,'2011-08-01 14:18:26',1,'10.113.68.21'),
 ('admin',1,'2011-08-01 14:18:36',1,'10.113.68.21'),
 ('admin',1,'2011-08-02 08:13:57',1,'10.113.68.21'),
 ('admin',1,'2011-08-08 12:43:25',1,'10.113.73.177'),
 ('admin',1,'2011-08-09 05:56:25',1,'10.113.68.21'),
 ('admin',1,'2011-08-09 12:43:50',1,'10.113.74.36'),
 ('admin',1,'2011-08-10 10:00:12',1,'10.113.74.36'),
 ('admin',1,'2011-08-10 15:33:23',1,'10.113.74.36'),
 ('admin',1,'2011-08-11 12:41:31',1,'10.113.74.36'),
 ('admin',1,'2011-08-12 09:39:28',1,'10.113.73.177'),
 ('admin',1,'2011-08-12 10:50:28',1,'10.113.74.36'),
 ('admin',1,'2011-08-16 08:59:25',1,'10.113.68.21'),
 ('admin',1,'2011-08-16 09:45:28',1,'10.113.73.177'),
 ('admin',1,'2011-08-16 11:58:57',1,'10.113.74.36'),
 ('guest',0,'2011-08-16 12:34:58',0,'10.113.74.36'),
 ('swfcfe',4,'2011-08-16 12:35:22',1,'10.113.74.36'),
 ('swfcfe',4,'2011-08-16 12:49:34',1,'10.113.74.36'),
 ('swfcfe',4,'2011-08-16 13:50:43',1,'10.113.74.36'),
 ('swfcfe',4,'2011-08-16 15:09:38',1,'10.113.110.13'),
 ('swfcfe',4,'2011-08-16 15:09:50',1,'10.113.75.44'),
 ('admin',1,'2011-08-16 15:10:29',1,'10.113.68.21'),
 ('swfcfe',4,'2011-08-16 15:17:15',1,'10.113.75.44'),
 ('admin',1,'2011-08-17 08:09:46',1,'10.113.68.21'),
 ('swfcfe',4,'2011-08-17 09:29:02',1,'10.113.75.44'),
 ('admin',1,'2011-08-17 10:52:29',1,'10.113.144.249'),
 ('swfcfe',4,'2011-08-17 12:58:04',1,'10.113.74.36'),
 ('admin',1,'2011-08-17 13:13:04',1,'10.113.144.249'),
 ('swfcfe',4,'2011-08-17 14:19:23',1,'10.113.73.18'),
 ('swfcfe',4,'2011-08-17 14:34:52',1,'10.113.74.36'),
 ('admin',1,'2011-08-18 09:54:28',1,'10.113.73.177'),
 ('admin',1,'2011-08-18 10:56:41',1,'10.113.73.177'),
 ('swfcfe',4,'2011-08-18 10:57:01',1,'10.113.74.36'),
 ('swlcfe',0,'2011-08-18 14:00:09',0,'10.113.55.34'),
 ('swfcfe',4,'2011-08-18 14:00:15',1,'10.113.55.34'),
 ('swfcfe',4,'2011-08-18 14:44:46',1,'10.113.55.34'),
 ('swfcfe',4,'2011-08-22 13:44:20',1,'10.113.68.127'),
 ('swfcfe',4,'2011-08-22 13:44:29',1,'10.113.72.112'),
 ('swfcfe',4,'2011-08-22 14:28:56',1,'10.113.74.36'),
 ('admin',1,'2011-08-23 11:53:19',1,'10.113.73.177'),
 ('admin',1,'2011-08-23 11:56:51',1,'10.113.73.177'),
 ('admin',1,'2011-08-24 13:40:18',1,'10.113.73.177'),
 ('admin',1,'2011-08-24 13:45:09',1,'10.113.73.177'),
 ('admin',1,'2011-08-24 15:02:57',1,'10.113.73.177'),
 ('swfcfe',4,'2011-08-24 16:00:30',1,'10.113.74.36'),
 ('admin',1,'2011-08-24 16:02:31',1,'10.113.74.36'),
 ('admin',1,'2011-08-24 16:05:52',1,'10.113.74.36'),
 ('swfcfe',4,'2011-08-30 12:45:33',1,'10.113.74.36'),
 ('swfcfe',4,'2011-08-30 13:09:22',1,'10.113.74.36'),
 ('swfcfe',0,'2011-08-30 13:45:46',0,'10.113.55.32'),
 ('swfcfe07.julio',0,'2011-08-30 13:45:51',0,'10.113.55.32'),
 ('swfcfe',4,'2011-08-30 15:04:08',1,'10.113.75.44'),
 ('swfcfe',4,'2011-08-31 14:42:25',1,'10.113.74.36'),
 ('swfcfe',4,'2011-09-01 11:59:02',1,'10.113.75.44'),
 ('swfcfe',4,'2011-09-02 10:41:27',1,'10.113.75.44'),
 ('swfcfe',4,'2011-09-02 10:46:30',1,'10.113.74.36'),
 ('swfcfe',4,'2011-09-02 10:48:01',1,'10.113.182.7'),
 ('swfcfe',4,'2011-09-02 10:56:15',1,'10.113.146.60'),
 ('swfcfe',4,'2011-09-02 11:03:41',1,'10.113.74.79'),
 ('swfcfe',4,'2011-09-02 15:08:10',1,'10.113.75.44'),
 ('swfcfe',4,'2011-09-05 13:26:38',1,'10.113.74.36'),
 ('swfcfe',4,'2011-09-05 15:43:58',1,'10.113.75.44'),
 ('admin',1,'2011-09-06 14:18:05',1,'10.113.73.177'),
 ('swfcfe',4,'2011-09-08 00:25:49',1,'10.113.134.23'),
 ('swfcfe',4,'2011-09-08 09:47:37',1,'10.113.74.36'),
 ('admin',1,'2011-09-08 11:53:40',1,'10.113.73.177'),
 ('swfcfe',4,'2011-09-12 12:25:04',1,'10.113.145.49'),
 ('swfcfe',4,'2011-09-12 14:19:51',1,'10.113.145.49'),
 ('swfcfe',4,'2011-09-12 14:37:27',1,'10.113.145.49'),
 ('admin',1,'2011-09-13 09:12:36',1,'10.113.68.21'),
 ('admin',1,'2011-09-13 11:58:47',1,'10.113.73.177'),
 ('admin',1,'2011-09-13 14:51:36',1,'10.113.73.177'),
 ('swfcfe',4,'2011-09-13 15:43:13',1,'10.113.145.49'),
 ('swfcfe',4,'2011-09-14 12:14:51',1,'10.113.74.36'),
 ('swfcfe',4,'2011-09-15 13:25:58',1,'10.113.73.196'),
 ('swfcfe',4,'2011-09-16 09:54:02',1,'10.113.74.36'),
 ('swfcfe',4,'2011-09-16 12:54:58',1,'10.113.144.86'),
 ('swfcfe',4,'2011-09-19 12:36:03',1,'10.113.144.215'),
 ('admin',1,'2011-09-19 12:55:17',1,'10.113.68.21'),
 ('admin',1,'2011-09-20 17:00:21',1,'10.113.73.177'),
 ('admin',1,'2011-09-20 17:19:39',1,'10.113.73.177'),
 ('admin',1,'2011-09-21 09:48:09',1,'10.113.73.177'),
 ('swfcfe',4,'2011-09-21 16:24:02',1,'10.113.73.196'),
 ('admin',1,'2011-09-22 15:56:47',1,'10.113.74.36'),
 ('swfcfe',4,'2011-09-26 12:32:45',1,'10.113.74.36'),
 ('admin',1,'2011-09-26 19:24:48',1,'10.113.74.36'),
 ('admin',1,'2011-09-27 10:24:35',1,'10.113.74.36'),
 ('admin',1,'2011-09-28 10:17:39',1,'10.113.74.36'),
 ('admin',1,'2011-09-28 14:21:28',1,'10.113.68.21'),
 ('admin',1,'2011-09-28 18:37:43',1,'10.113.74.36'),
 ('admin',1,'2011-09-29 08:21:15',1,'10.113.68.21'),
 ('admin',1,'2011-09-29 10:36:21',1,'10.113.74.36'),
 ('swfcfe',4,'2011-09-29 12:37:54',1,'10.113.74.126'),
 ('admin',0,'2011-09-29 12:38:15',0,'10.113.74.126'),
 ('admin',1,'2011-09-29 12:38:21',1,'10.113.74.126'),
 ('swfcfe',4,'2011-09-29 12:58:59',1,'10.113.55.32'),
 ('admin',1,'2011-09-29 13:03:05',1,'10.113.73.177'),
 ('admin',1,'2011-09-30 10:16:22',1,'10.113.74.36'),
 ('admin',1,'2011-10-01 15:33:21',1,'172.17.34.171'),
 ('admin',1,'2011-10-03 08:12:24',1,'10.113.68.21'),
 ('admin',1,'2011-10-03 10:57:10',1,'10.113.73.177'),
 ('admin',1,'2011-10-03 12:04:14',1,'10.113.68.21'),
 ('swfcfe',4,'2011-10-03 12:38:37',1,'10.113.74.126'),
 ('admin',1,'2011-10-03 15:33:23',1,'10.113.73.177'),
 ('admin',1,'2011-10-03 17:28:11',1,'10.113.73.177'),
 ('admin',1,'2011-10-04 10:34:41',1,'10.113.68.21'),
 ('admin',1,'2011-10-04 12:14:22',1,'10.113.146.185'),
 ('admin',1,'2011-10-05 10:32:29',1,'10.113.74.36'),
 ('admin',1,'2011-10-05 11:30:13',1,'10.113.74.36'),
 ('admin',1,'2011-10-05 18:39:28',1,'10.113.73.177'),
 ('admin',1,'2011-10-05 18:39:56',1,'10.113.73.177'),
 ('admin',1,'2011-10-06 09:03:06',1,'10.113.146.185'),
 ('admin',1,'2011-10-07 09:43:04',1,'10.113.68.21'),
 ('admin',1,'2011-10-07 12:14:02',1,'10.113.74.36'),
 ('admin',1,'2011-10-10 05:18:23',1,'172.17.34.41'),
 ('admin',1,'2011-10-10 14:25:10',1,'10.113.146.92'),
 ('admin',1,'2011-10-13 13:43:24',1,'10.113.146.73'),
 ('swfcfe',4,'2011-10-13 16:39:58',1,'10.113.55.34'),
 ('swfcfe',4,'2011-10-13 16:41:30',1,'10.148.90.40'),
 ('admin',1,'2011-10-13 16:56:22',1,'10.113.74.36'),
 ('swfcfe',4,'2011-10-14 12:51:35',1,'10.113.144.78'),
 ('admin',1,'2011-10-14 14:11:33',1,'10.113.146.208'),
 ('swfcfe',4,'2011-10-17 18:26:30',1,'10.113.55.33'),
 ('swfcfe',4,'2011-10-17 18:26:38',1,'10.113.55.33'),
 ('swfcfe',4,'2011-10-17 18:27:06',1,'10.113.55.33'),
 ('admin',0,'2011-10-19 08:05:42',0,'10.113.144.16'),
 ('admin',1,'2011-10-19 12:58:42',1,'10.113.146.138'),
 ('admin',1,'2011-10-19 12:58:46',1,'10.113.146.138'),
 ('admin',0,'2011-10-19 12:59:25',0,'10.113.146.138'),
 ('admin',1,'2011-10-19 12:59:40',1,'10.113.146.138'),
 ('admin',1,'2011-10-19 13:01:40',1,'10.113.146.138'),
 ('admin',1,'2011-10-19 14:39:57',1,'10.113.73.177'),
 ('admin',1,'2011-10-19 15:16:25',1,'10.113.73.177'),
 ('swfcfe',4,'2011-10-20 10:34:24',1,'10.113.146.45'),
 ('swfcfe',4,'2011-10-21 12:44:11',1,'10.113.182.9'),
 ('admin',1,'2011-10-21 13:50:26',1,'10.113.74.36'),
 ('admin',1,'2011-10-22 07:15:04',1,'172.17.34.99'),
 ('swfcfe',4,'2011-10-23 07:28:52',1,'10.113.142.128'),
 ('admin',1,'2011-10-23 07:44:09',1,'172.17.34.183'),
 ('admin',1,'2011-10-24 08:17:05',1,'10.113.68.21'),
 ('swfcfe',4,'2011-10-24 08:41:27',1,'10.113.182.9'),
 ('admin',1,'2011-10-24 10:34:06',1,'10.113.68.21'),
 ('admin',1,'2011-10-24 10:48:03',1,'10.113.74.36'),
 ('admin',1,'2011-10-24 11:11:40',1,'10.113.68.21'),
 ('admin',1,'2011-10-24 11:20:27',1,'10.113.73.177'),
 ('admin',1,'2011-10-25 11:33:24',1,'10.113.74.36'),
 ('admin',1,'2011-10-25 12:44:38',1,'10.113.73.177'),
 ('swfcfe',4,'2011-10-25 12:45:40',1,'10.113.182.9'),
 ('swfcfe',4,'2011-10-25 16:07:12',1,'10.113.182.9'),
 ('admin',1,'2011-10-25 19:21:27',1,'10.113.74.126'),
 ('swfcfe',4,'2011-10-26 10:18:27',1,'10.113.74.126'),
 ('admin',1,'2011-10-26 10:19:32',1,'10.113.110.13'),
 ('admin',1,'2011-10-26 10:55:30',1,'10.113.146.231'),
 ('admin',1,'2011-10-26 12:38:50',1,'10.113.110.13'),
 ('admin',1,'2011-10-26 17:08:36',1,'10.113.110.13'),
 ('admin',1,'2011-10-27 12:09:16',1,'10.113.146.39'),
 ('swfcfe',4,'2011-10-27 13:52:05',1,'10.113.182.9'),
 ('admin',1,'2011-10-28 07:56:03',1,'10.113.68.21'),
 ('admin',1,'2011-10-28 10:57:37',1,'10.113.146.158'),
 ('admin',1,'2011-10-28 12:52:37',1,'10.113.68.21'),
 ('swfcfe',4,'2011-10-28 13:01:24',1,'10.113.55.32'),
 ('admin',1,'2011-10-29 05:34:13',1,'172.17.34.48'),
 ('admin',1,'2011-10-31 09:33:51',1,'10.113.74.36'),
 ('swfcfe',4,'2011-10-31 09:44:42',1,'10.113.182.9'),
 ('cacti',0,'2011-10-31 11:42:10',0,'10.113.55.34'),
 ('swfce',0,'2011-10-31 11:42:25',0,'10.113.55.34'),
 ('swfcfe',4,'2011-10-31 11:42:34',1,'10.113.55.34'),
 ('admin',1,'2011-10-31 12:32:35',1,'10.113.73.177'),
 ('admin',1,'2011-10-31 12:33:55',1,'10.113.145.129'),
 ('swfcfe',4,'2011-10-31 16:34:12',1,'10.113.55.34'),
 ('admin',1,'2011-10-31 16:41:45',1,'10.113.74.36'),
 ('swfcfe',4,'2011-11-02 09:20:40',1,'10.113.182.9'),
 ('swfcfe',4,'2011-11-02 11:59:28',1,'10.113.182.9'),
 ('admin',1,'2011-11-02 12:00:40',1,'10.113.110.13'),
 ('admin',1,'2011-11-02 12:41:37',1,'10.113.146.154'),
 ('admin',1,'2011-11-02 12:45:29',1,'10.113.146.202'),
 ('admin',1,'2011-11-02 14:37:31',1,'10.113.68.21'),
 ('admin',1,'2011-11-02 16:23:16',1,'10.113.146.154'),
 ('swfcfe',4,'2011-11-02 16:45:06',1,'10.113.55.33'),
 ('admin',1,'2011-11-02 19:19:50',1,'10.113.146.154'),
 ('admin',1,'2011-11-03 10:29:31',1,'10.113.74.36'),
 ('admin',1,'2011-11-03 12:37:56',1,'10.113.146.154'),
 ('swfcfe',4,'2011-11-03 16:57:10',1,'10.113.55.32'),
 ('swfcfe',4,'2011-11-03 23:34:17',1,'10.113.134.96'),
 ('swfcfe',4,'2011-11-03 23:40:23',1,'10.113.134.96'),
 ('swfcfe',4,'2011-11-04 09:35:54',1,'10.148.90.78'),
 ('swfcfe',4,'2011-11-04 09:38:30',1,'10.113.55.32'),
 ('admin',1,'2011-11-04 12:52:12',1,'10.113.110.13'),
 ('admin',1,'2011-11-04 14:16:32',1,'10.113.68.21'),
 ('swfcfe',4,'2011-11-04 19:22:32',1,'10.113.142.158'),
 ('swfcfe',4,'2011-11-07 10:19:42',1,'10.113.55.34');
CREATE TABLE  `cacti`.`version` (
  `cacti` char(20) DEFAULT NULL
) ENGINE=MyISAM DEFAULT CHARSET=latin1;
INSERT INTO `cacti`.`version` VALUES  ('0.8.7g');



/*!40101 SET SQL_MODE=@OLD_SQL_MODE */;
/*!40014 SET FOREIGN_KEY_CHECKS=@OLD_FOREIGN_KEY_CHECKS */;
/*!40014 SET UNIQUE_CHECKS=@OLD_UNIQUE_CHECKS */;
/*!40101 SET CHARACTER_SET_CLIENT=@OLD_CHARACTER_SET_CLIENT */;
/*!40101 SET CHARACTER_SET_RESULTS=@OLD_CHARACTER_SET_RESULTS */;
/*!40101 SET COLLATION_CONNECTION=@OLD_COLLATION_CONNECTION */;
/*!40101 SET CHARACTER_SET_CLIENT=@OLD_CHARACTER_SET_CLIENT */;
