-- MySQL Administrator dump 1.4
--
-- ------------------------------------------------------
-- Server version	5.1.58-1ubuntu1


/*!40101 SET @OLD_CHARACTER_SET_CLIENT=@@CHARACTER_SET_CLIENT */;
/*!40101 SET @OLD_CHARACTER_SET_RESULTS=@@CHARACTER_SET_RESULTS */;
/*!40101 SET @OLD_COLLATION_CONNECTION=@@COLLATION_CONNECTION */;
/*!40101 SET NAMES utf8 */;

/*!40014 SET @OLD_UNIQUE_CHECKS=@@UNIQUE_CHECKS, UNIQUE_CHECKS=0 */;
/*!40014 SET @OLD_FOREIGN_KEY_CHECKS=@@FOREIGN_KEY_CHECKS, FOREIGN_KEY_CHECKS=0 */;
/*!40101 SET @OLD_SQL_MODE=@@SQL_MODE, SQL_MODE='NO_AUTO_VALUE_ON_ZERO' */;


--
-- Create schema cacti
--

CREATE DATABASE IF NOT EXISTS cacti;
USE cacti;
CREATE TABLE  `cacti`.`cdef` (
  `id` mediumint(8) unsigned NOT NULL AUTO_INCREMENT,
  `hash` varchar(32) NOT NULL DEFAULT '',
  `name` varchar(255) NOT NULL DEFAULT '',
  PRIMARY KEY (`id`)
) ENGINE=MyISAM AUTO_INCREMENT=16 DEFAULT CHARSET=latin1;
INSERT INTO `cacti`.`cdef` VALUES  (3,'3d352eed9fa8f7b2791205b3273708c7','Make Stack Negative'),
 (4,'e961cc8ec04fda6ed4981cf5ad501aa5','Make Per 5 Minutes'),
 (12,'f1ac79f05f255c02f914c920f1038c54','Total All Data Sources'),
 (2,'73f95f8b77b5508157d64047342c421e','Turn Bytes into Bits'),
 (14,'634a23af5e78af0964e8d33b1a4ed26b','Multiply by 1024'),
 (15,'068984b5ccdfd2048869efae5166f722','Total All Data Sources, Multiply by 1024');
CREATE TABLE  `cacti`.`cdef_items` (
  `id` mediumint(8) unsigned NOT NULL AUTO_INCREMENT,
  `hash` varchar(32) NOT NULL DEFAULT '',
  `cdef_id` mediumint(8) unsigned NOT NULL DEFAULT '0',
  `sequence` mediumint(8) unsigned NOT NULL DEFAULT '0',
  `type` tinyint(2) NOT NULL DEFAULT '0',
  `value` varchar(150) NOT NULL DEFAULT '',
  PRIMARY KEY (`id`),
  KEY `cdef_id` (`cdef_id`)
) ENGINE=MyISAM AUTO_INCREMENT=24 DEFAULT CHARSET=latin1;
INSERT INTO `cacti`.`cdef_items` VALUES  (7,'9bbf6b792507bb9bb17d2af0970f9be9',2,1,4,'CURRENT_DATA_SOURCE'),
 (9,'a4b8eb2c3bf4920a3ef571a7a004be53',2,2,6,'8'),
 (8,'caa4e023ac2d7b1c4b4c8c4adfd55dfe',2,3,2,'3'),
 (10,'c888c9fe6b62c26c4bfe23e18991731d',3,1,4,'CURRENT_DATA_SOURCE'),
 (11,'1e1d0b29a94e08b648c8f053715442a0',3,3,2,'3'),
 (12,'4355c197998c7f8b285be7821ddc6da4',3,2,6,'-1'),
 (13,'40bb7a1143b0f2e2efca14eb356236de',4,1,4,'CURRENT_DATA_SOURCE'),
 (14,'42686ea0925c0220924b7d333599cd67',4,3,2,'3'),
 (15,'faf1b148b2c0e0527362ed5b8ca1d351',4,2,6,'300'),
 (16,'0ef6b8a42dc83b4e43e437960fccd2ea',12,1,4,'ALL_DATA_SOURCES_NODUPS'),
 (18,'86370cfa0008fe8c56b28be80ee39a40',14,1,4,'CURRENT_DATA_SOURCE'),
 (19,'9a35cc60d47691af37f6fddf02064e20',14,2,6,'1024'),
 (20,'5d7a7941ec0440b257e5598a27dd1688',14,3,2,'3'),
 (21,'44fd595c60539ff0f5817731d9f43a85',15,1,4,'ALL_DATA_SOURCES_NODUPS'),
 (22,'aa38be265e5ac31783e57ce6f9314e9a',15,2,6,'1024'),
 (23,'204423d4b2598f1f7252eea19458345c',15,3,2,'3');
CREATE TABLE  `cacti`.`colors` (
  `id` mediumint(8) unsigned NOT NULL AUTO_INCREMENT,
  `hex` varchar(6) NOT NULL DEFAULT '',
  PRIMARY KEY (`id`)
) ENGINE=MyISAM AUTO_INCREMENT=105 DEFAULT CHARSET=latin1;
INSERT INTO `cacti`.`colors` VALUES  (1,'000000'),
 (2,'FFFFFF'),
 (4,'FAFD9E'),
 (5,'C0C0C0'),
 (6,'74C366'),
 (7,'6DC8FE'),
 (8,'EA8F00'),
 (9,'FF0000'),
 (10,'4444FF'),
 (11,'FF00FF'),
 (12,'00FF00'),
 (13,'8D85F3'),
 (14,'AD3B6E'),
 (15,'EACC00'),
 (16,'12B3B5'),
 (17,'157419'),
 (18,'C4FD3D'),
 (19,'817C4E'),
 (20,'002A97'),
 (21,'0000FF'),
 (22,'00CF00'),
 (24,'F9FD5F'),
 (25,'FFF200'),
 (26,'CCBB00'),
 (27,'837C04'),
 (28,'EAAF00'),
 (29,'FFD660'),
 (30,'FFC73B'),
 (31,'FFAB00'),
 (33,'FF7D00'),
 (34,'ED7600'),
 (35,'FF5700'),
 (36,'EE5019'),
 (37,'B1441E'),
 (38,'FFC3C0'),
 (39,'FF897C'),
 (40,'FF6044'),
 (41,'FF4105'),
 (42,'DA4725'),
 (43,'942D0C'),
 (44,'FF3932'),
 (45,'862F2F'),
 (46,'FF5576'),
 (47,'562B29'),
 (48,'F51D30'),
 (49,'DE0056'),
 (50,'ED5394'),
 (51,'B90054'),
 (52,'8F005C'),
 (53,'F24AC8'),
 (54,'E8CDEF'),
 (55,'D8ACE0'),
 (56,'A150AA'),
 (57,'750F7D'),
 (58,'8D00BA'),
 (59,'623465'),
 (60,'55009D'),
 (61,'3D168B'),
 (62,'311F4E'),
 (63,'D2D8F9'),
 (64,'9FA4EE'),
 (65,'6557D0'),
 (66,'4123A1'),
 (67,'4668E4'),
 (68,'0D006A'),
 (69,'00004D'),
 (70,'001D61'),
 (71,'00234B'),
 (72,'002A8F'),
 (73,'2175D9'),
 (74,'7CB3F1'),
 (75,'005199'),
 (76,'004359'),
 (77,'00A0C1'),
 (78,'007283'),
 (79,'00BED9'),
 (80,'AFECED'),
 (81,'55D6D3'),
 (82,'00BBB4'),
 (83,'009485'),
 (84,'005D57'),
 (85,'008A77'),
 (86,'008A6D'),
 (87,'00B99B'),
 (88,'009F67'),
 (89,'00694A'),
 (90,'00A348'),
 (91,'00BF47'),
 (92,'96E78A'),
 (93,'00BD27'),
 (94,'35962B'),
 (95,'7EE600'),
 (96,'6EA100'),
 (97,'CAF100'),
 (98,'F5F800'),
 (99,'CDCFC4'),
 (100,'BCBEB3'),
 (101,'AAABA1'),
 (102,'8F9286'),
 (103,'797C6E'),
 (104,'2E3127');
CREATE TABLE  `cacti`.`data_input` (
  `id` mediumint(8) unsigned NOT NULL AUTO_INCREMENT,
  `hash` varchar(32) NOT NULL DEFAULT '',
  `name` varchar(200) NOT NULL DEFAULT '',
  `input_string` varchar(255) DEFAULT NULL,
  `type_id` tinyint(2) NOT NULL DEFAULT '0',
  PRIMARY KEY (`id`),
  KEY `name` (`name`)
) ENGINE=MyISAM AUTO_INCREMENT=32 DEFAULT CHARSET=latin1;
INSERT INTO `cacti`.`data_input` VALUES  (1,'3eb92bb845b9660a7445cf9740726522','Get SNMP Data','',2),
 (2,'bf566c869ac6443b0c75d1c32b5a350e','Get SNMP Data (Indexed)','',3),
 (3,'274f4685461170b9eb1b98d22567ab5e','Unix - Get Free Disk Space','<path_cacti>/scripts/diskfree.sh <partition>',1),
 (4,'95ed0993eb3095f9920d431ac80f4231','Unix - Get Load Average','perl <path_cacti>/scripts/loadavg_multi.pl',1),
 (5,'79a284e136bb6b061c6f96ec219ac448','Unix - Get Logged In Users','perl <path_cacti>/scripts/unix_users.pl <username>',1),
 (6,'362e6d4768937c4f899dd21b91ef0ff8','Linux - Get Memory Usage','perl <path_cacti>/scripts/linux_memory.pl <grepstr>',1),
 (7,'a637359e0a4287ba43048a5fdf202066','Unix - Get System Processes','perl <path_cacti>/scripts/unix_processes.pl',1),
 (8,'47d6bfe8be57a45171afd678920bd399','Unix - Get TCP Connections','perl <path_cacti>/scripts/unix_tcp_connections.pl <grepstr>',1),
 (9,'cc948e4de13f32b6aea45abaadd287a3','Unix - Get Web Hits','perl <path_cacti>/scripts/webhits.pl <log_path>',1),
 (10,'8bd153aeb06e3ff89efc73f35849a7a0','Unix - Ping Host','perl <path_cacti>/scripts/ping.pl <ip>',1),
 (11,'80e9e4c4191a5da189ae26d0e237f015','Get Script Data (Indexed)','',4),
 (12,'332111d8b54ac8ce939af87a7eac0c06','Get Script Server Data (Indexed)','',6),
 (27,'d8a1957f981c7b2b4cd5e17cbe2ee0ca','WL Data Source Monitoring Input Method','bash /home/swfcfe/MonitoringProject/CactiScripts/cactiWLDataSourceMonitoring.sh <applicationname> <datasource> <servicename>',1),
 (17,'4ebc2eda38fe6a978c950876219ef1ff','AWA Performance Input Method','bash /home/swfcfe/MonitoringProject/CactiScripts/cactiAWAPerformance.sh <segment>',1),
 (16,'0f7237b7a9421870d8b7daf97b893fe8','WL Thread Monitoring Input Method','bash /home/swfcfe/MonitoringProject/CactiScripts/cactiWLThreadMonitoring.sh <applicationname> <servicename>',1),
 (19,'064ab45d30fdae930d3e7f93f0669a61','_PPOW Campaing Qualifications Input Method','bash /home/swfcfe/MonitoringProject/CactiScripts/cactiDraftQualifications.sh <segment> <contract>',1),
 (20,'94a7daca0bb675c9c34974e233928b0a','Operation/Page Response Time Virtual Input Method','bash /home/swfcfe/MonitoringProject/CactiScripts/cactiOperationResponseTime.sh <server> <call>',1),
 (28,'0b3870f75fdaff43170d8db2d1c4d49e','_WL Memory Usage Input Method','bash memoryUsage <server>',1),
 (24,'f6e9c9274ddec2bdbaf6a6642233c53e','Page Access Virtual Input Method','bash <server> <url>',1),
 (29,'6ce6572397cb5c9b04e42a260fb40e35','Unix - Get NetStats','bash /home/swfcfe/MonitoringProject/CactiScripts/cactiLinuxNetStatData.sh <host>',1),
 (31,'b1d4fae1287fcf02d1c36703ec6b1e4d','Error Accounting Input Method','bash /home/swfcfe/MonitoringProject/CactiScripts/cactiErrorAccounting.sh <service>',1);
CREATE TABLE  `cacti`.`data_input_data` (
  `data_input_field_id` mediumint(8) unsigned NOT NULL DEFAULT '0',
  `data_template_data_id` mediumint(8) unsigned NOT NULL DEFAULT '0',
  `t_value` char(2) DEFAULT NULL,
  `value` text,
  PRIMARY KEY (`data_input_field_id`,`data_template_data_id`),
  KEY `t_value` (`t_value`)
) ENGINE=MyISAM DEFAULT CHARSET=latin1;
INSERT INTO `cacti`.`data_input_data` VALUES  (14,1,'on',''),
 (13,1,'on',''),
 (12,1,'on',''),
 (14,2,'on',''),
 (13,2,'on',''),
 (12,2,'on',''),
 (14,3,'on',''),
 (13,3,'on',''),
 (12,3,'on',''),
 (1,4,'',''),
 (1,5,'',''),
 (1,6,'',''),
 (14,7,'on',''),
 (13,7,'on',''),
 (12,7,'on',''),
 (14,8,'on',''),
 (13,8,'on',''),
 (12,8,'on',''),
 (14,9,'on',''),
 (13,9,'on',''),
 (12,9,'on',''),
 (14,10,'on',''),
 (13,10,'on',''),
 (12,10,'on',''),
 (22,12,'','Buffers:'),
 (22,13,'','MemFree:'),
 (22,14,'','^Cached:'),
 (22,15,'','SwapFree:'),
 (29,18,'',''),
 (1,19,'',''),
 (2,19,'',''),
 (6,21,'','.1.3.6.1.2.1.25.3.3.1.2.1'),
 (1,27,'',''),
 (6,28,'','.1.3.6.1.4.1.9.9.109.1.1.1.1.3.1'),
 (6,29,'','.1.3.6.1.4.1.9.9.109.1.1.1.1.4.1'),
 (1,30,'',''),
 (1,31,'',''),
 (1,32,'',''),
 (1,33,'',''),
 (1,34,'',''),
 (14,35,'on',''),
 (13,35,'on',''),
 (12,35,'on',''),
 (14,36,'on',''),
 (13,36,'on',''),
 (12,36,'on',''),
 (1,22,'',''),
 (1,23,'',''),
 (1,24,'',''),
 (1,25,'',''),
 (1,26,'',''),
 (55,224,NULL,'pposerv1p'),
 (160,224,NULL,'PPOE'),
 (15,37,'on',''),
 (14,38,'on',''),
 (13,38,'on',''),
 (12,38,'on',''),
 (14,39,'on',''),
 (13,39,'on',''),
 (12,39,'on',''),
 (14,40,'on',''),
 (13,40,'on',''),
 (12,40,'on',''),
 (14,41,'on',''),
 (13,41,'on',''),
 (12,41,'on',''),
 (14,55,'on',''),
 (13,55,'on',''),
 (12,55,'on',''),
 (37,56,'on',''),
 (36,56,'on',''),
 (35,56,'on',''),
 (37,57,'on',''),
 (36,57,'on',''),
 (35,57,'on',''),
 (1,58,'',''),
 (1,59,'',''),
 (1,20,'',''),
 (5,6,'',''),
 (22,62,NULL,'MemFree:'),
 (22,63,NULL,'SwapFree:'),
 (4,6,'',''),
 (3,6,'',''),
 (2,6,'',''),
 (6,69,'on',''),
 (1,68,'',''),
 (2,68,'',''),
 (6,6,'','.1.3.6.1.4.1.2021.11.51.0'),
 (2,27,'',''),
 (3,27,'',''),
 (4,27,'',''),
 (5,27,'',''),
 (6,27,'','.1.3.6.1.4.1.9.2.1.58.0'),
 (2,59,'',''),
 (3,59,'',''),
 (4,59,'',''),
 (5,59,'',''),
 (6,59,'','.1.3.6.1.2.1.25.1.5.0'),
 (2,58,'',''),
 (3,58,'',''),
 (4,58,'',''),
 (5,58,'',''),
 (6,58,'','.1.3.6.1.2.1.25.1.6.0'),
 (2,24,'',''),
 (3,24,'',''),
 (4,24,'',''),
 (5,24,'',''),
 (6,24,'','.1.3.6.1.4.1.23.2.28.2.5.0'),
 (2,25,'',''),
 (3,25,'',''),
 (4,25,'',''),
 (5,25,'',''),
 (6,25,'','.1.3.6.1.4.1.23.2.28.2.6.0'),
 (2,22,'',''),
 (3,22,'',''),
 (4,22,'',''),
 (5,22,'',''),
 (6,22,'','.1.3.6.1.4.1.23.2.28.2.1.0'),
 (2,23,'',''),
 (3,23,'',''),
 (4,23,'',''),
 (5,23,'',''),
 (6,23,'','.1.3.6.1.4.1.23.2.28.2.2.0'),
 (2,26,'',''),
 (3,26,'',''),
 (4,26,'',''),
 (5,26,'',''),
 (6,26,'','.1.3.6.1.4.1.23.2.28.2.7.0'),
 (2,20,'',''),
 (3,20,'',''),
 (4,20,'',''),
 (5,20,'',''),
 (6,20,'','.1.3.6.1.4.1.23.2.28.3.2.0'),
 (3,19,'',''),
 (4,19,'',''),
 (5,19,'',''),
 (6,19,'','.1.3.6.1.4.1.23.2.28.3.1'),
 (2,4,'',''),
 (3,4,'',''),
 (4,4,'',''),
 (5,4,'',''),
 (6,4,'','.1.3.6.1.4.1.2021.11.52.0'),
 (2,5,'',''),
 (3,5,'',''),
 (4,5,'',''),
 (5,5,'',''),
 (6,5,'','.1.3.6.1.4.1.2021.11.50.0'),
 (2,30,'',''),
 (3,30,'',''),
 (4,30,'',''),
 (5,30,'',''),
 (6,30,'','.1.3.6.1.4.1.2021.10.1.3.1'),
 (2,32,'',''),
 (3,32,'',''),
 (4,32,'',''),
 (5,32,'',''),
 (6,32,'','.1.3.6.1.4.1.2021.10.1.3.3'),
 (2,31,'',''),
 (3,31,'',''),
 (4,31,'',''),
 (5,31,'',''),
 (6,31,'','.1.3.6.1.4.1.2021.10.1.3.2'),
 (2,33,'',''),
 (3,33,'',''),
 (4,33,'',''),
 (5,33,'',''),
 (6,33,'','.1.3.6.1.4.1.2021.4.14.0'),
 (3,68,'',''),
 (4,68,'',''),
 (5,68,'',''),
 (6,68,'','.1.3.6.1.4.1.2021.4.15.0'),
 (2,34,'',''),
 (3,34,'',''),
 (4,34,'',''),
 (5,34,'',''),
 (6,34,'','.1.3.6.1.4.1.2021.4.6.0'),
 (20,17,'',''),
 (20,65,NULL,''),
 (160,87,NULL,'NEOS'),
 (55,89,NULL,'ppo1p'),
 (55,78,'on',''),
 (55,82,'','neos2'),
 (160,94,NULL,'PPOW'),
 (55,90,NULL,'ppo2p'),
 (160,84,NULL,'NEOS'),
 (55,80,'','neos1'),
 (55,84,NULL,'neos2p'),
 (160,91,NULL,'PPOW'),
 (55,85,NULL,'neos1p'),
 (160,90,NULL,'PPOW'),
 (160,96,NULL,'FEW'),
 (55,91,NULL,'ppo3p'),
 (55,87,NULL,'neoswe1p'),
 (160,89,NULL,'PPOW'),
 (55,88,NULL,'neoswe2p'),
 (160,88,NULL,'NEOS'),
 (66,93,NULL,'RPOST'),
 (66,92,'on',''),
 (160,95,NULL,'FEW'),
 (55,94,NULL,'ppo4p'),
 (55,95,NULL,'fewspweb1p'),
 (160,98,NULL,'FEW'),
 (55,96,NULL,'fewspweb2p'),
 (160,97,NULL,'FEW'),
 (55,97,NULL,'fewspservices1p'),
 (160,85,NULL,'NEOS'),
 (55,98,NULL,'fewspservices2p'),
 (160,78,'on',''),
 (66,99,NULL,'MULEMP'),
 (120,175,NULL,'NEOS'),
 (83,146,NULL,'weblogp5'),
 (120,174,'on',''),
 (84,146,NULL,'02045'),
 (84,153,NULL,'03031'),
 (84,152,NULL,'09020'),
 (83,153,NULL,'weblogp6'),
 (83,148,NULL,'weblogp6'),
 (84,148,NULL,'26027'),
 (84,149,NULL,'02045'),
 (83,149,NULL,'weblogp6'),
 (84,150,NULL,'10010'),
 (83,150,NULL,'weblogp6'),
 (83,151,NULL,'weblogp6'),
 (83,144,NULL,'weblogp6'),
 (84,151,NULL,'10004'),
 (84,161,NULL,'02062'),
 (83,161,NULL,'weblogp5'),
 (122,175,NULL,'neos1p'),
 (121,174,'on',''),
 (122,174,'on',''),
 (84,154,NULL,'GetInfoByLine'),
 (83,152,NULL,'weblogp6'),
 (80,116,'on',''),
 (79,116,'on',''),
 (80,117,NULL,'POSTPAGO'),
 (79,117,NULL,'RESIDENCIAL'),
 (66,118,'on',''),
 (84,126,NULL,'services'),
 (84,120,'on',''),
 (83,120,'on',''),
 (83,126,NULL,'weblogp6'),
 (84,122,NULL,'init.neos'),
 (83,122,NULL,'weblogp6'),
 (83,125,NULL,'weblogp5'),
 (84,125,NULL,'services'),
 (84,124,NULL,'callslist'),
 (83,124,NULL,'weblogp5'),
 (84,143,NULL,'dashboard.neos'),
 (83,155,NULL,'weblogp5'),
 (84,155,NULL,'GetProfile'),
 (80,128,NULL,'PREPAGO'),
 (79,128,NULL,'RESIDENCIAL'),
 (84,133,NULL,'03002'),
 (84,130,NULL,'dashboard.neos'),
 (83,130,NULL,'weblogp5'),
 (84,134,NULL,'03004'),
 (83,133,NULL,'weblogp5'),
 (84,129,'on',''),
 (83,129,'on',''),
 (84,144,NULL,'callslist'),
 (83,134,NULL,'weblogp5'),
 (84,139,'on',''),
 (83,139,'on',''),
 (83,143,NULL,'weblogp6'),
 (83,137,NULL,'weblogp5'),
 (84,137,NULL,'10010'),
 (84,136,NULL,'03031'),
 (83,136,NULL,'weblogp5'),
 (84,140,NULL,'init.neos'),
 (83,147,NULL,'weblogp5'),
 (83,140,NULL,'weblogp5'),
 (83,145,NULL,'weblogp5'),
 (84,145,NULL,'26027'),
 (109,141,'on',''),
 (108,141,'on',''),
 (109,142,NULL,'init.neos'),
 (108,142,NULL,'AOTLXPRWEB00003'),
 (84,147,NULL,'9020'),
 (83,154,NULL,'weblogp5'),
 (84,156,NULL,'03040'),
 (83,156,NULL,'weblogp5'),
 (83,157,NULL,'weblogp5'),
 (84,157,NULL,'10004'),
 (109,158,NULL,'init.neos'),
 (108,158,NULL,'AOTLXPRWEB00003'),
 (109,159,NULL,'dashboard.neos'),
 (108,159,NULL,'AOTLXPRWEB00003'),
 (83,160,NULL,'weblogp6'),
 (84,160,NULL,'GetProfile'),
 (66,172,NULL,'URL4'),
 (66,171,NULL,'URL3'),
 (83,165,NULL,'weblogp5'),
 (84,165,NULL,'GetUsage'),
 (83,166,NULL,'weblogp5'),
 (84,166,NULL,'GetLoyaltyBalance'),
 (66,170,NULL,'URL2'),
 (66,173,NULL,'URL1'),
 (121,175,NULL,'Neos+Datasource'),
 (122,177,NULL,'neos2p'),
 (121,177,NULL,'Neos+Datasource'),
 (120,177,NULL,'NEOS'),
 (138,178,'on',''),
 (138,179,'','weblogp5'),
 (122,180,NULL,'ppo1p'),
 (121,180,NULL,'eCareDataSource'),
 (120,180,NULL,'PPOW'),
 (84,181,NULL,'03035'),
 (83,181,NULL,'weblogp5'),
 (83,182,NULL,'weblogp5'),
 (84,182,NULL,'9050'),
 (83,183,NULL,'weblogp5'),
 (84,183,NULL,'48027'),
 (83,184,NULL,'weblogp5'),
 (84,184,NULL,'10027'),
 (84,185,NULL,'GetProducts'),
 (83,185,NULL,'weblogp5'),
 (122,186,NULL,'ppo2p'),
 (121,186,NULL,'eCareDataSource'),
 (120,186,NULL,'PPOW'),
 (122,187,NULL,'ppo3p'),
 (121,187,NULL,'eCareDataSource'),
 (120,187,NULL,'PPOW'),
 (122,188,NULL,'ppo4p'),
 (121,188,NULL,'eCareDataSource'),
 (120,188,NULL,'PPOW'),
 (122,189,NULL,'neoswe1p'),
 (121,189,NULL,'Neos+Web+Datasource'),
 (120,189,NULL,'NEOS'),
 (122,190,NULL,'neoswe2p'),
 (121,190,NULL,'Neos+Web+Datasource'),
 (120,190,NULL,'NEOS'),
 (120,191,NULL,'FEW'),
 (122,191,NULL,'fewspservices1p'),
 (121,191,NULL,'Fewsp+Datasource'),
 (120,192,NULL,'FEW'),
 (122,192,NULL,'fewspservices2p'),
 (121,192,NULL,'Fewsp+Datasource'),
 (120,193,NULL,'FEW'),
 (122,193,NULL,'fewspweb2p'),
 (121,193,NULL,'Fewsp+Datasource'),
 (120,194,NULL,'FEW'),
 (122,194,NULL,'fewspweb1p'),
 (121,194,NULL,'Fewsp+Datasource'),
 (120,195,NULL,'FEW'),
 (122,195,NULL,'fewspweb2p'),
 (121,195,NULL,'FSP+Datasource'),
 (120,196,NULL,'FEW'),
 (122,196,NULL,'fewspweb1p'),
 (121,196,NULL,'FSP+Datasource'),
 (120,197,NULL,'FEW'),
 (122,197,NULL,'fewspservices2p'),
 (121,197,NULL,'FSP+Datasource'),
 (120,198,NULL,'FEW'),
 (122,198,NULL,'fewspservices1p'),
 (121,198,NULL,'FSP+Datasource'),
 (140,199,'on',''),
 (140,202,NULL,'AOTLXPRWEB00004'),
 (140,205,NULL,'AOTLXPRWEB00003'),
 (109,206,'','ALL'),
 (108,206,'','areaprivada'),
 (109,207,'','areaprivada'),
 (108,207,'','AOTLXPRWEB00003'),
 (109,208,'','areaprivada'),
 (108,208,'','AOTLXPRWEB00004'),
 (83,209,NULL,'weblogp5'),
 (84,209,NULL,'88003'),
 (84,210,NULL,'88003'),
 (83,210,NULL,'weblogp6'),
 (84,211,NULL,'34002'),
 (83,211,NULL,'weblogp7'),
 (84,212,NULL,'02062'),
 (83,212,NULL,'weblogp6'),
 (84,213,NULL,'03002'),
 (83,213,NULL,'weblogp6'),
 (84,214,NULL,'03004'),
 (83,214,NULL,'weblogp6'),
 (84,215,NULL,'03035'),
 (83,215,NULL,'weblogp6'),
 (84,216,NULL,'03040'),
 (83,216,NULL,'weblogp6'),
 (84,217,NULL,'09050'),
 (83,217,NULL,'weblogp6'),
 (84,218,NULL,'10027'),
 (83,218,NULL,'weblogp6'),
 (83,219,NULL,'weblogp6'),
 (84,219,NULL,'48027'),
 (155,220,'on',''),
 (84,222,NULL,'85202'),
 (83,222,NULL,'weblogp7'),
 (33,223,'on',''),
 (32,223,NULL,'1'),
 (31,223,'on',''),
 (55,225,NULL,'pposerv2p'),
 (160,225,NULL,'PPOE'),
 (83,226,'','sieomp8'),
 (84,226,'','02045'),
 (83,227,'','siegtwp4'),
 (84,227,'','02045'),
 (83,228,'','sieomp8'),
 (84,228,'','02048'),
 (83,229,'','siegtwp4'),
 (84,229,'','02048'),
 (83,230,'','multiserver'),
 (84,230,'','26027'),
 (83,231,'','multiserver'),
 (84,231,'','03013'),
 (109,232,'','areaprivada'),
 (108,232,'','AOTLXPRWEB00007'),
 (109,233,'','areaprivada'),
 (108,233,'','AOTLXPRWEB00008'),
 (84,234,'','init.mobile.neos'),
 (83,234,'','weblogp5'),
 (84,235,'','init.mobile.neos'),
 (83,235,'','weblogp6');
CREATE TABLE  `cacti`.`data_input_fields` (
  `id` mediumint(8) unsigned NOT NULL AUTO_INCREMENT,
  `hash` varchar(32) NOT NULL DEFAULT '',
  `data_input_id` mediumint(8) unsigned NOT NULL DEFAULT '0',
  `name` varchar(200) NOT NULL DEFAULT '',
  `data_name` varchar(50) NOT NULL DEFAULT '',
  `input_output` char(3) NOT NULL DEFAULT '',
  `update_rra` char(2) DEFAULT '0',
  `sequence` smallint(5) NOT NULL DEFAULT '0',
  `type_code` varchar(40) DEFAULT NULL,
  `regexp_match` varchar(200) DEFAULT NULL,
  `allow_nulls` char(2) DEFAULT NULL,
  PRIMARY KEY (`id`),
  KEY `data_input_id` (`data_input_id`),
  KEY `type_code` (`type_code`)
) ENGINE=MyISAM AUTO_INCREMENT=161 DEFAULT CHARSET=latin1;
INSERT INTO `cacti`.`data_input_fields` VALUES  (1,'92f5906c8dc0f964b41f4253df582c38',1,'SNMP IP Address','management_ip','in','',0,'hostname','',''),
 (2,'32285d5bf16e56c478f5e83f32cda9ef',1,'SNMP Community','snmp_community','in','',0,'snmp_community','',''),
 (3,'ad14ac90641aed388139f6ba86a2e48b',1,'SNMP Username','snmp_username','in','',0,'snmp_username','','on'),
 (4,'9c55a74bd571b4f00a96fd4b793278c6',1,'SNMP Password','snmp_password','in','',0,'snmp_password','','on'),
 (5,'012ccb1d3687d3edb29c002ea66e72da',1,'SNMP Version (1, 2, or 3)','snmp_version','in','',0,'snmp_version','','on'),
 (6,'4276a5ec6e3fe33995129041b1909762',1,'OID','oid','in','',0,'snmp_oid','',''),
 (7,'617cdc8a230615e59f06f361ef6e7728',2,'SNMP IP Address','management_ip','in','',0,'hostname','',''),
 (8,'acb449d1451e8a2a655c2c99d31142c7',2,'SNMP Community','snmp_community','in','',0,'snmp_community','',''),
 (9,'f4facc5e2ca7ebee621f09bc6d9fc792',2,'SNMP Username (v3)','snmp_username','in','',0,'snmp_username','','on'),
 (10,'1cc1493a6781af2c478fa4de971531cf',2,'SNMP Password (v3)','snmp_password','in','',0,'snmp_password','','on'),
 (11,'b5c23f246559df38662c255f4aa21d6b',2,'SNMP Version (1, 2, or 3)','snmp_version','in','',0,'snmp_version','',''),
 (12,'6027a919c7c7731fbe095b6f53ab127b',2,'Index Type','index_type','in','',0,'index_type','',''),
 (13,'cbbe5c1ddfb264a6e5d509ce1c78c95f',2,'Index Value','index_value','in','',0,'index_value','',''),
 (14,'e6deda7be0f391399c5130e7c4a48b28',2,'Output Type ID','output_type','in','',0,'output_type','',''),
 (15,'edfd72783ad02df128ff82fc9324b4b9',3,'Disk Partition','partition','in','',1,'','',''),
 (16,'8b75fb61d288f0b5fc0bd3056af3689b',3,'Kilobytes Free','kilobytes','out','on',0,'','',''),
 (17,'363588d49b263d30aecb683c52774f39',4,'1 Minute Average','1min','out','on',0,'','',''),
 (18,'ad139a9e1d69881da36fca07889abf58',4,'5 Minute Average','5min','out','on',0,'','',''),
 (19,'5db9fee64824c08258c7ff6f8bc53337',4,'10 Minute Average','10min','out','on',0,'','',''),
 (20,'c0cfd0beae5e79927c5a360076706820',5,'Username (Optional)','username','in','',1,'','','on'),
 (21,'52c58ad414d9a2a83b00a7a51be75a53',5,'Logged In Users','users','out','on',0,'','',''),
 (22,'05eb5d710f0814871b8515845521f8d7',6,'Grep String','grepstr','in','',1,'','',''),
 (23,'86cb1cbfde66279dbc7f1144f43a3219',6,'Result (in Kilobytes)','kilobytes','out','on',0,'','',''),
 (24,'d5a8dd5fbe6a5af11667c0039af41386',7,'Number of Processes','proc','out','on',0,'','',''),
 (25,'8848cdcae831595951a3f6af04eec93b',8,'Grep String','grepstr','in','',1,'','','on'),
 (26,'3d1288d33008430ce354e8b9c162f7ff',8,'Connections','connections','out','on',0,'','',''),
 (27,'c6af570bb2ed9c84abf32033702e2860',9,'(Optional) Log Path','log_path','in','',1,'','','on'),
 (28,'f9389860f5c5340c9b27fca0b4ee5e71',9,'Web Hits','webhits','out','on',0,'','',''),
 (29,'5fbadb91ad66f203463c1187fe7bd9d5',10,'IP Address','ip','in','',1,'hostname','',''),
 (30,'6ac4330d123c69067d36a933d105e89a',10,'Milliseconds','out_ms','out','on',0,'','',''),
 (31,'d39556ecad6166701bfb0e28c5a11108',11,'Index Type','index_type','in','',0,'index_type','',''),
 (32,'3b7caa46eb809fc238de6ef18b6e10d5',11,'Index Value','index_value','in','',0,'index_value','',''),
 (33,'74af2e42dc12956c4817c2ef5d9983f9',11,'Output Type ID','output_type','in','',0,'output_type','',''),
 (34,'8ae57f09f787656bf4ac541e8bd12537',11,'Output Value','output','out','on',0,'','',''),
 (35,'172b4b0eacee4948c6479f587b62e512',12,'Index Type','index_type','in','',0,'index_type','',''),
 (36,'30fb5d5bcf3d66bb5abe88596f357c26',12,'Index Value','index_value','in','',0,'index_value','',''),
 (37,'31112c85ae4ff821d3b288336288818c',12,'Output Type ID','output_type','in','',0,'output_type','',''),
 (38,'5be8fa85472d89c621790b43510b5043',12,'Output Value','output','out','on',0,'','',''),
 (39,'c1f36ee60c3dc98945556d57f26e475b',2,'SNMP Port','snmp_port','in','',0,'snmp_port','',''),
 (40,'fc64b99742ec417cc424dbf8c7692d36',1,'SNMP Port','snmp_port','in','',0,'snmp_port','',''),
 (41,'20832ce12f099c8e54140793a091af90',1,'SNMP Authenticaion Protocol (v3)','snmp_auth_protocol','in','',0,'snmp_auth_protocol','',''),
 (42,'c60c9aac1e1b3555ea0620b8bbfd82cb',1,'SNMP Privacy Passphrase (v3)','snmp_priv_passphrase','in','',0,'snmp_priv_passphrase','',''),
 (43,'feda162701240101bc74148415ef415a',1,'SNMP Privacy Protocol (v3)','snmp_priv_protocol','in','',0,'snmp_priv_protocol','',''),
 (44,'2cf7129ad3ff819a7a7ac189bee48ce8',2,'SNMP Authenticaion Protocol (v3)','snmp_auth_protocol','in','',0,'snmp_auth_protocol','',''),
 (45,'6b13ac0a0194e171d241d4b06f913158',2,'SNMP Privacy Passphrase (v3)','snmp_priv_passphrase','in','',0,'snmp_priv_passphrase','',''),
 (46,'3a33d4fc65b8329ab2ac46a36da26b72',2,'SNMP Privacy Protocol (v3)','snmp_priv_protocol','in','',0,'snmp_priv_protocol','',''),
 (160,'00660e8bf0e59e6d847ccfe0b5c2d032',16,'Application code name NEOS FEW PPOW PPOE','applicationname','in','',1,'','',''),
 (55,'fe7a87c1366776a4a16bcfb662ff677b',16,'Weblogic Service Name','servicename','in','',2,'','',''),
 (66,'ca5b80eb5a205a21c212125ba998d7e3',17,'Segmento de autentificacion','segment','in','',1,'','',''),
 (56,'04a49635e52983f7182312dd798e1442',16,'Active Execute Threads','activeExecuteThreads1','out','on',0,'','',''),
 (57,'f145d0af7dfc73766b07c192d7dad5d1',16,'Execute Thread Total Count','executeThreadTotalCount1','out','on',0,'','',''),
 (58,'48e9ab36d6f5dca39bf01b1c39499079',16,'Execute Thread Idle Count','executeThreadIdleCount1','out','on',0,'','',''),
 (59,'dd784065b0fc7520b88d9d5776f6c79d',16,'Standby Thread Count','standbyThreadCount1','out','on',0,'','',''),
 (60,'92edd07cec5de1fbeab29d1b4acda4e1',16,'Hogging Thread Count','hoggingThreadCount1','out','on',0,'','',''),
 (61,'0ce88081b8471c11d55651ee7d50aab6',16,'Queue Request Lenght','queueLength1','out','on',0,'','',''),
 (62,'fe17c3afbe3ffe43c45381203b7f154e',16,'Pending User Request Count','pendingUserRequestCount1','out','on',0,'','',''),
 (63,'9d5c136c831f83a1a333f75336a1f9dd',16,'Completed Requests Count','completedRequestCount1','out','on',0,'','',''),
 (64,'8701856f0f87dcf27ca0742bd86fb000',16,'Throughput','throughput1','out','on',0,'','',''),
 (65,'097947c0a8bf75813083e2f986e929a2',16,'Health OK/KO','healthState1','out','on',0,'','',''),
 (67,'33c7cbf4072526b2027067ad068088fc',17,'Response Time','time','out','on',0,'','',''),
 (125,'94808488b57823dbeef9619d1047d035',27,'Time to get a connection','ConnectionDelayTime1','out','on',0,'','',''),
 (124,'faae7a064886dee9479b6f4679985048',27,'Max number of active connections','ActiveConnectionsHighCount','out','on',0,'','',''),
 (123,'f8e0b30ae1ad922a0713c7b0f194de15',27,'Current count of active connections','ActiveConnectionsCurrentCount','out','on',0,'','',''),
 (122,'95424a37f696d43664faf45fa8270f55',27,'Connection name in the datasource','servicename','in','',3,'','',''),
 (121,'ce443432d6f908544843c9abbb34b18d',27,'Database Data Source name','datasource','in','',2,'','',''),
 (120,'6bec1967e1a3d1d75243feec42f912e9',27,'Application code name NEOS FEW PPOW PPOE','applicationname','in','',1,'','',''),
 (78,'31415a92d9d6b9d1cf71fbd35736e2e9',17,'AWA Status Indicator','status','out','',0,'','',''),
 (79,'d08bd16ca7bb1c25a0192e034965666e',19,'Client segment','segment','in','',1,'','',''),
 (80,'6c3ea9cabfaec9d1864daf94c75c4b91',19,'Client contract type','contract','in','',2,'','',''),
 (81,'9bb293d9157ec0372ff7faa3215aacc0',19,'Qualification Count campaing 5306740234','count5306740234','out','on',0,'','',''),
 (82,'3494863e8821893d3e91a65cff82a07a',19,'Qualification Count campaing 5306740294','count5306740294','out','on',0,'','',''),
 (83,'3e6149d36c8556849210123c40c6b8af',20,'Server name','server','in','',1,'','',''),
 (84,'848a750c0bc643305a6adf92612ebf26',20,'Operation code or URL name or other identifier','call','in','',2,'','',''),
 (85,'7efdb7461f8cca3252353604b32efeb5',20,'Total Call Count','totalCount','out','on',0,'','',''),
 (86,'a020db33e0b2d57389254f1a61f2df9d',20,'Average Response Time','averageTime','out','on',0,'','',''),
 (87,'277529bc46433c889edd499affe6fead',20,'Calls with elapsed >P1 secs','countP1','out','on',0,'','',''),
 (88,'0942d0d42e32693e18844d990411c39a',20,'Calls with elapsed >P2 secs','countP2','out','on',0,'','',''),
 (89,'e7dc2027fbd34333500f1d21200d2d1c',20,'Calls with elapsed >P3 secs','countP3','out','on',0,'','',''),
 (131,'9a33f1a039a15717947514003d04c333',27,'Number of connections available','NumAvailable1','out','on',0,'','',''),
 (130,'8fd81b1158a13f6cf1e6e699514a3a2d',27,'Number of failures to reconnect','FailuresToReconnectCount1','out','on',0,'','',''),
 (95,'cb38b7c1a6dc9c27f54ed36a04469b74',20,'Calls with elapsed >P4 secs','countP4','out','on',0,'','',''),
 (96,'a917437fb8b6cd6749603a077b856dcb',20,'Calls with elapsed >P5 secs','countP5','out','on',0,'','',''),
 (97,'fc7d696da661a0551cc98decb0a7af37',20,'Number of Calls in Timeout','TOCount','out','on',0,'','',''),
 (129,'7ffbd243e453c73431a0156b220c0fd0',27,'Number of failures in the reservation','FailedReserveRequestCount1','out','on',0,'','',''),
 (128,'ec899797f69c56ca48a7919f8c3ecd37',27,'Capacity higher level reached','CurrCapacityHighCount','out','on',0,'','',''),
 (127,'9e2fa4d0dee58e36c844590a3750da79',27,'Current capacity','CurrCapacity','out','on',0,'','',''),
 (126,'c822cf18a5e8b1649508b46b940ef456',27,'Total number of connections performed','ConnectionsTotalCount','out','on',0,'','',''),
 (108,'a2c07ef54addb3a8df3df8dec796aa93',24,'Server name','server','in','',1,'','',''),
 (109,'d22525e4f5e6087506984bdd25378719',24,'Page definition or URL name','url','in','',2,'','',''),
 (110,'5c033152e11b3ca2af422a74dc3d73cd',24,'Total number of pages in this time span','totalCount','out','on',0,'','',''),
 (111,'b4ded3d7580ba151281c02bc81878bf8',24,'Count of calls with HTTP result 200','count200','out','on',0,'','',''),
 (112,'3064ef80d67712fb26e08e800571c88e',24,'Count of calls with HTTP result 302','count302','out','on',0,'','',''),
 (113,'0795cfda93e759010ee69c7ede4ba66e',24,'Count of calls with HTTP result 403','count403','out','on',0,'','',''),
 (114,'0d7c1bc6df7224957ff37c152217de47',24,'Count of calls with HTTP result 404','count404','out','on',0,'','',''),
 (132,'308b986c8d09551d59263ae0a4390edf',27,'Number of connections not available','NumUnavailable1','out','on',0,'','',''),
 (133,'e2a49aafb18aa428764906d301a1f62a',27,'Current number of requests waiting for a free connection','WaitingForConnectionCurrentCount','out','on',0,'','',''),
 (134,'c75d1480e65855955034031edad40a31',27,'Number of requests waiting for connection failed','WaitingForConnectionFailureTotal','out','on',0,'','',''),
 (135,'fd48b4bcbe7a05a4f033b6894951e483',27,'Higher number of requests waiting for connection','WaitingForConnectionHighCount','out','on',0,'','',''),
 (136,'437001a7f6a21d0154717166caa6788c',27,'Number of connections succeeded','WaitingForConnectionSuccessTotal1','out','on',0,'','',''),
 (137,'e17624356627b28ad05afd4172150ac1',27,'Higher number of requests that waited','WaitingForConnectionTotal','out','on',0,'','',''),
 (138,'b9c75324decdb035bfa48e908c936eac',28,'Weblogic server name','server','in','',1,'','',''),
 (139,'8587cfa24e5e360afa1541e2862ea009',28,'Percentage of free memory at GC','pctMemoryFree','out','on',0,'','',''),
 (140,'c6f5a9ce235d5caf91abc52c12a479b2',29,'Host name of the server to scan','host','in','',1,'','',''),
 (141,'286cbd67b5800052ae8dd3b5ec505c58',29,'Number of port in LISTEN state','LISTEN','out','on',0,'','',''),
 (142,'d15c7a9ba8e49a3bf082dbf14db28d82',29,'Number of port in ESTABLISHED state','ESTABLISHED','out','on',0,'','',''),
 (143,'07554bac5d793386ac26bda05f2c7cdb',29,'Number of port in TIME_WAIT state','TIME_WAIT','out','on',0,'','',''),
 (144,'87820461a1a305947ab5afec12781d22',29,'Number of port in CLOSING state','CLOSING','out','on',0,'','',''),
 (150,'cf53dae1d0474a07bd7258ff284ba8b0',31,'Error class 2','E2','out','on',0,'','',''),
 (149,'e8e407b3b9783ea7de111f3281fbd9f7',31,'Error class 1','E1','out','on',0,'','',''),
 (148,'19d5ce0db5c9cbc88b85789effbff3d6',24,'Count of calls with HTTP result 500','count500','out','on',0,'','',''),
 (151,'75120804de984139dbe2b0ba608e1e0d',31,'Error class 3','E3','out','on',0,'','',''),
 (152,'c86891d3998b576f8ebc4bcde6643087',31,'Error class 4','E4','out','on',0,'','',''),
 (153,'aa27caa736903463ac6fe1899b677f5b',31,'Error class 5','E5','out','on',0,'','',''),
 (154,'bd9bdc43d8876a6e4ec536c1486e07ae',31,'Error class 6','E6','out','on',0,'','',''),
 (155,'a8bbe6579f08daf46bb5e47e9180e00a',31,'Service name to process','service','in','',1,'','',''),
 (156,'1a39b1c746708f689a71b9478aac9e3e',31,'Error class 7','E7','out','on',0,'','',''),
 (157,'0c4b182c4044b548936fdb4785d5de6c',31,'Error class 8','E8','out','on',0,'','',''),
 (158,'8d04704ba37c1958b14b5f342dc0abfd',31,'Error class 9','E9','out','on',0,'','',''),
 (159,'743dd9098542e8b3980ab1172b431558',31,'Error class 10','E10','out','on',0,'','','');
CREATE TABLE  `cacti`.`data_local` (
  `id` mediumint(8) unsigned NOT NULL AUTO_INCREMENT,
  `data_template_id` mediumint(8) unsigned NOT NULL DEFAULT '0',
  `host_id` mediumint(8) unsigned NOT NULL DEFAULT '0',
  `snmp_query_id` mediumint(8) NOT NULL DEFAULT '0',
  `snmp_index` varchar(255) NOT NULL DEFAULT '',
  PRIMARY KEY (`id`),
  KEY `data_template_id` (`data_template_id`),
  KEY `snmp_query_id` (`snmp_query_id`)
) ENGINE=MyISAM AUTO_INCREMENT=154 DEFAULT CHARSET=latin1;
INSERT INTO `cacti`.`data_local` VALUES  (3,13,1,0,''),
 (4,15,1,0,''),
 (5,11,1,0,''),
 (6,17,1,0,''),
 (7,16,1,0,''),
 (17,51,2,0,''),
 (24,51,4,0,''),
 (22,51,4,0,''),
 (18,51,2,0,''),
 (23,51,4,0,''),
 (20,51,2,0,''),
 (21,51,2,0,''),
 (25,54,6,0,''),
 (26,51,4,0,''),
 (27,51,4,0,''),
 (28,51,4,0,''),
 (29,51,4,0,''),
 (30,51,4,0,''),
 (31,54,6,0,''),
 (71,59,10,0,''),
 (78,59,13,0,''),
 (73,59,13,0,''),
 (74,59,13,0,''),
 (75,59,13,0,''),
 (64,59,10,0,''),
 (76,59,13,0,''),
 (86,59,10,0,''),
 (97,64,15,0,''),
 (79,59,7,0,''),
 (77,59,13,0,''),
 (47,56,4,0,''),
 (50,60,9,0,''),
 (68,59,9,0,''),
 (52,60,9,0,''),
 (53,60,9,0,''),
 (54,59,9,0,''),
 (80,59,7,0,''),
 (56,56,4,0,''),
 (57,60,9,0,''),
 (70,59,10,0,''),
 (60,59,10,0,''),
 (61,59,10,0,''),
 (69,60,9,0,''),
 (63,59,10,0,''),
 (72,59,10,0,''),
 (66,60,9,0,''),
 (67,61,11,0,''),
 (81,59,10,0,''),
 (82,59,10,0,''),
 (83,61,11,0,''),
 (84,61,11,0,''),
 (85,59,8,0,''),
 (94,54,6,0,''),
 (89,59,7,0,''),
 (90,59,7,0,''),
 (93,54,6,0,''),
 (95,54,6,0,''),
 (96,54,6,0,''),
 (99,64,15,0,''),
 (100,65,2,0,''),
 (101,64,16,0,''),
 (102,59,10,0,''),
 (103,59,10,0,''),
 (104,59,10,0,''),
 (105,59,10,0,''),
 (106,59,7,0,''),
 (107,64,16,0,''),
 (108,64,16,0,''),
 (109,64,16,0,''),
 (110,64,15,0,''),
 (111,64,15,0,''),
 (112,64,16,0,''),
 (113,64,16,0,''),
 (114,64,16,0,''),
 (115,64,16,0,''),
 (116,64,16,0,''),
 (117,64,16,0,''),
 (118,64,16,0,''),
 (119,64,16,0,''),
 (124,66,11,0,''),
 (122,66,12,0,''),
 (125,61,17,0,''),
 (126,61,17,0,''),
 (127,61,17,0,''),
 (128,59,10,0,''),
 (129,59,13,0,''),
 (130,59,20,0,''),
 (131,59,13,0,''),
 (132,59,13,0,''),
 (133,59,13,0,''),
 (134,59,13,0,''),
 (135,59,13,0,''),
 (136,59,13,0,''),
 (137,59,13,0,''),
 (138,59,13,0,''),
 (139,68,20,0,''),
 (140,59,20,0,''),
 (141,37,1,0,''),
 (142,51,22,0,''),
 (143,51,22,0,''),
 (144,59,25,0,''),
 (145,59,26,0,''),
 (146,59,25,0,''),
 (147,59,26,0,''),
 (148,59,27,0,''),
 (149,59,27,0,''),
 (150,61,17,0,''),
 (151,61,17,0,''),
 (152,60,9,0,''),
 (153,60,9,0,'');
CREATE TABLE  `cacti`.`data_template` (
  `id` mediumint(8) unsigned NOT NULL AUTO_INCREMENT,
  `hash` varchar(32) NOT NULL DEFAULT '',
  `name` varchar(150) NOT NULL DEFAULT '',
  PRIMARY KEY (`id`)
) ENGINE=MyISAM AUTO_INCREMENT=69 DEFAULT CHARSET=latin1;
INSERT INTO `cacti`.`data_template` VALUES  (3,'c8a8f50f5f4a465368222594c5709ede','ucd/net - Hard Drive Space'),
 (4,'cdfed2d401723d2f41fc239d4ce249c7','ucd/net - CPU Usage - System'),
 (5,'a27e816377d2ac6434a87c494559c726','ucd/net - CPU Usage - User'),
 (6,'c06c3d20eccb9598939dc597701ff574','ucd/net - CPU Usage - Nice'),
 (7,'a14f2d6f233b05e64263ff03a5b0b386','Karlnet - Noise Level'),
 (8,'def1a9019d888ed2ad2e106aa9595ede','Karlnet - Signal Level'),
 (9,'513a99ae3c9c4413609c1534ffc36eab','Karlnet - Wireless Transmits'),
 (10,'77404ae93c9cc410f1c2c717e7117378','Karlnet - Wireless Re-Transmits'),
 (11,'9e72511e127de200733eb502eb818e1d','Unix - Load Average'),
 (13,'dc33aa9a8e71fb7c61ec0e7a6da074aa','Linux - Memory - Free'),
 (15,'41f55087d067142d702dd3c73c98f020','Linux - Memory - Free Swap'),
 (16,'9b8c92d3c32703900ff7dd653bfc9cd8','Unix - Processes'),
 (17,'c221c2164c585b6da378013a7a6a2c13','Unix - Logged in Users'),
 (18,'a30a81cb1de65b52b7da542c8df3f188','Unix - Ping Host'),
 (19,'0de466a1b81dfe581d44ac014b86553a','Netware - Total Users'),
 (20,'bbe2da0708103029fbf949817d3a4537','Netware - Total Logins'),
 (22,'e4ac5d5fe73e3c773671c6d0498a8d9d','Netware - File System Reads'),
 (23,'f29f8c998425eedd249be1e7caf90ceb','Netware - File System Writes'),
 (24,'7a6216a113e19881e35565312db8a371','Netware - Cache Checks'),
 (25,'1dbd1251c8e94b334c0e6aeae5ca4b8d','Netware - Cache Hits'),
 (26,'1a4c5264eb27b5e57acd3160af770a61','Netware - Open Files'),
 (27,'e9def3a0e409f517cb804dfeba4ccd90','Cisco Router - 5 Minute CPU'),
 (30,'9b82d44eb563027659683765f92c9757','ucd/net - Load Average - 1 Minute'),
 (31,'87847714d19f405ff3c74f3341b3f940','ucd/net - Load Average - 5 Minute'),
 (32,'308ac157f24e2763f8cd828a80b3e5ff','ucd/net - Load Average - 15 Minute'),
 (33,'797a3e92b0039841b52e441a2823a6fb','ucd/net - Memory - Buffers'),
 (34,'fa15932d3cab0da2ab94c69b1a9f5ca7','ucd/net - Memory - Free'),
 (35,'6ce4ab04378f9f3b03ee0623abb6479f','Netware - Volumes'),
 (36,'03060555fab086b8412bbf9951179cd9','Netware - Directory Entries'),
 (37,'e4ac6919d4f6f21ec5b281a1d6ac4d4e','Unix - Hard Drive Space'),
 (38,'36335cd98633963a575b70639cd2fdad','Interface - Errors/Discards'),
 (39,'2f654f7d69ac71a5d56b1db8543ccad3','Interface - Unicast Packets'),
 (40,'c84e511401a747409053c90ba910d0fe','Interface - Non-Unicast Packets'),
 (41,'6632e1e0b58a565c135d7ff90440c335','Interface - Traffic'),
 (42,'1d17325f416b262921a0b55fe5f7e31d','Netware - CPU Utilization'),
 (43,'d814fa3b79bd0f8933b6e0834d3f16d0','Host MIB - Hard Drive Space'),
 (44,'f6e7d21c19434666bbdac00ccef9932f','Host MIB - CPU Utilization'),
 (45,'f383db441d1c246cff8482f15e184e5f','Host MIB - Processes'),
 (46,'2ef027cc76d75720ee5f7a528f0f1fda','Host MIB - Logged in Users'),
 (47,'a274deec1f78654dca6c446ba75ebca4','ucd/net - Memory - Cache'),
 (48,'d429e4a6019c91e6e84562593c1968ca','SNMP - Generic OID Template'),
 (56,'9aefcd9c53b06d7c4ec710cd986f6314','PPOW Qualifications Data Template'),
 (54,'345bad0104164891f7ea2635a86a601f','AWA Performance Data Template'),
 (51,'ff7c186b02542bfa826c1d12ead4dce0','WL Thread Monitoring Data Template'),
 (55,'4e58bd974aec33470017c2da6c12fb27','MDW Ops Performance Data Template'),
 (59,'3c16e04f763d9188d93c3348912f28fd','Operation/Page Performance Data Template'),
 (60,'13b7e655392b54d745ba9d64362149e3','NEOS Page Performance Data Template'),
 (61,'08325deb6e55478efc981f271cba1ebd','Page Access Counts Data Template'),
 (64,'9c581fdd598481f229e869301187c330','WL Data Source Monitoring Data Template'),
 (65,'54edbde3d2ad6da96d7c293fd7c16198','WL Memory Usage Data Template'),
 (66,'e24a712139753c9c497730d08a76ff39','Unix - Netstats'),
 (68,'19ded79468ff828bad3963e7e8037b3f','Error Accounting Data Template');
CREATE TABLE  `cacti`.`data_template_data` (
  `id` mediumint(8) unsigned NOT NULL AUTO_INCREMENT,
  `local_data_template_data_id` mediumint(8) unsigned NOT NULL DEFAULT '0',
  `local_data_id` mediumint(8) unsigned NOT NULL DEFAULT '0',
  `data_template_id` mediumint(8) unsigned NOT NULL DEFAULT '0',
  `data_input_id` mediumint(8) unsigned NOT NULL DEFAULT '0',
  `t_name` char(2) DEFAULT NULL,
  `name` varchar(250) NOT NULL DEFAULT '',
  `name_cache` varchar(255) NOT NULL DEFAULT '',
  `data_source_path` varchar(255) DEFAULT NULL,
  `t_active` char(2) DEFAULT NULL,
  `active` char(2) DEFAULT NULL,
  `t_rrd_step` char(2) DEFAULT NULL,
  `rrd_step` mediumint(8) unsigned NOT NULL DEFAULT '0',
  `t_rra_id` char(2) DEFAULT NULL,
  PRIMARY KEY (`id`),
  KEY `local_data_id` (`local_data_id`),
  KEY `data_template_id` (`data_template_id`)
) ENGINE=MyISAM AUTO_INCREMENT=236 DEFAULT CHARSET=latin1;
INSERT INTO `cacti`.`data_template_data` VALUES  (3,0,0,3,2,'on','|host_description| - Hard Drive Space','',NULL,'','on','',300,''),
 (4,0,0,4,1,'','|host_description| - CPU Usage - System','',NULL,'','on','',300,''),
 (5,0,0,5,1,'','|host_description| - CPU Usage - User','',NULL,'','on','',300,''),
 (6,0,0,6,1,'','|host_description| - CPU Usage - Nice','',NULL,'','on','',300,''),
 (7,0,0,7,2,'on','|host_description| - Noise Level','',NULL,'','on','',300,''),
 (8,0,0,8,2,'on','|host_description| - Signal Level','',NULL,'','on','',300,''),
 (9,0,0,9,2,'on','|host_description| - Wireless Transmits','',NULL,'','on','',300,''),
 (10,0,0,10,2,'on','|host_description| - Wireless Re-Transmits','',NULL,'','on','',300,''),
 (11,0,0,11,4,'','|host_description| - Load Average','',NULL,'','on','',60,''),
 (13,0,0,13,6,'','|host_description| - Memory - Free','',NULL,'','on','',300,''),
 (15,0,0,15,6,'','|host_description| - Memory - Free Swap','',NULL,'','on','',300,''),
 (16,0,0,16,7,'','|host_description| - Processes','',NULL,'','on','',300,''),
 (17,0,0,17,5,'','|host_description| - Logged in Users','',NULL,'','on','',300,''),
 (18,0,0,18,10,'','|host_description| - Ping Host','',NULL,'','on','',300,''),
 (19,0,0,19,1,'','|host_description| - Total Users','',NULL,'','on','',300,''),
 (20,0,0,20,1,'','|host_description| - Total Logins','',NULL,'','on','',300,''),
 (22,0,0,22,1,'','|host_description| - File System Reads','',NULL,'','on','',300,''),
 (23,0,0,23,1,'','|host_description| - File System Writes','',NULL,'','on','',300,''),
 (24,0,0,24,1,'','|host_description| - Cache Checks','',NULL,'','on','',300,''),
 (25,0,0,25,1,'','|host_description| - Cache Hits','',NULL,'','on','',300,''),
 (26,0,0,26,1,'','|host_description| - Open Files','',NULL,'','on','',300,''),
 (27,0,0,27,1,'','|host_description| - 5 Minute CPU','',NULL,'','on','',300,''),
 (30,0,0,30,1,'','|host_description| - Load Average - 1 Minute','',NULL,'','on','',300,''),
 (31,0,0,31,1,'','|host_description| - Load Average - 5 Minute','',NULL,'','on','',300,''),
 (32,0,0,32,1,'','|host_description| - Load Average - 15 Minute','',NULL,'','on','',300,''),
 (33,0,0,33,1,'','|host_description| - Memory - Buffers','',NULL,'','on','',300,''),
 (34,0,0,34,1,'','|host_description| - Memory - Free','',NULL,'','on','',300,''),
 (35,0,0,35,2,'on','|host_description| - Volumes','',NULL,'','on','',300,''),
 (36,0,0,36,2,'on','|host_description| - Directory Entries','',NULL,'','on','',300,''),
 (37,0,0,37,3,'on','|host_description| - Hard Drive Space','',NULL,'','','',300,''),
 (38,0,0,38,2,'on','|host_description| - Errors/Discards','',NULL,'','on','',300,''),
 (39,0,0,39,2,'on','|host_description| - Unicast Packets','',NULL,'','on','',300,''),
 (40,0,0,40,2,'on','|host_description| - Non-Unicast Packets','',NULL,'','on','',300,''),
 (41,0,0,41,2,'on','|host_description| - Traffic','',NULL,'','on','',300,''),
 (55,0,0,42,2,'','|host_description| - CPU Utilization','',NULL,'','on','',300,''),
 (56,0,0,43,12,'','|host_description| - Hard Drive Space','',NULL,'','on','',300,''),
 (57,0,0,44,12,'','|host_description| - CPU Utilization','',NULL,'','on','',300,''),
 (58,0,0,45,1,'','|host_description| - Processes','',NULL,'','on','',300,''),
 (59,0,0,46,1,'','|host_description| - Logged in Users','',NULL,'','on','',300,''),
 (62,13,3,13,6,NULL,'|host_description| - Memory - Free','Localhost - Memory - Free','<path_rra>/localhost_mem_buffers_3.rrd',NULL,'on',NULL,300,NULL),
 (63,15,4,15,6,NULL,'|host_description| - Memory - Free Swap','Localhost - Memory - Free Swap','<path_rra>/localhost_mem_swap_4.rrd',NULL,'on',NULL,300,NULL),
 (64,11,5,11,4,NULL,'|host_description| - Load Average','Localhost - Load Average','<path_rra>/localhost_load_1min_5.rrd',NULL,'on',NULL,60,NULL),
 (65,17,6,17,5,NULL,'|host_description| - Logged in Users','Localhost - Logged in Users','<path_rra>/localhost_users_6.rrd',NULL,'on',NULL,300,NULL),
 (66,16,7,16,7,NULL,'|host_description| - Processes','Localhost - Processes','<path_rra>/localhost_proc_7.rrd',NULL,'on',NULL,300,NULL),
 (68,0,0,47,1,'','|host_description| - Memory - Cache','',NULL,'','on','',300,''),
 (69,0,0,48,1,'on','|host_description| -','',NULL,'','on','',300,''),
 (85,78,18,51,16,NULL,'WL Thread neos1p Data Source','WL Thread neos1p Data Source','<path_rra>/weblogic_weblogp5_neos1p.rrd',NULL,'on',NULL,60,NULL),
 (78,0,0,51,16,'on','WL Thread <servicename> Data Source','',NULL,'','on','',60,''),
 (91,78,24,51,16,'','WL Thread ppo3p Data Source','WL Thread ppo3p Data Source','<path_rra>/weblogic_weblogp7_ppo3p.rrd','','on','',60,NULL),
 (92,0,0,54,17,'on','AWA Performance <segment> Data Source','',NULL,'','on','',60,''),
 (93,92,25,54,17,NULL,'AWA Performance RES POST Data Source','AWA Performance RES POST Data Source','<path_rra>/awa_RPOST.rrd',NULL,'on',NULL,60,NULL),
 (89,78,22,51,16,'','WL Thread ppo1p Data Source','WL Thread ppo1p Data Source','<path_rra>/weblogic_weblogp7_ppo1p.rrd','','on','',60,NULL),
 (84,78,17,51,16,NULL,'WL Thread neos2p Data Source','WL Thread neos2p Data Source','<path_rra>/weblogic_weblogp5_neos2p.rrd',NULL,'on',NULL,60,NULL),
 (90,78,23,51,16,'','WL Thread ppo2p Data Source','WL Thread ppo2p Data Source','<path_rra>/weblogic_weblogp7_ppo2p.rrd','','on','',60,NULL),
 (87,78,20,51,16,'','WL Thread neosweb1p Data Source','WL Thread neosweb1p Data Source','<path_rra>/weblogic_weblogp5_neosweb1p.rrd','','on','',60,NULL),
 (88,78,21,51,16,NULL,'WL Thread neosweb2p Data Source','WL Thread neosweb2p Data Source','<path_rra>/weblogic_weblogp5_neosweb2p.rrd',NULL,'on',NULL,60,NULL),
 (94,78,26,51,16,'','WL Thread ppo4p Data Source','WL Thread ppo4p Data Source','<path_rra>/weblogic_weblogp7_ppo4p.rrd','','on','',60,NULL),
 (95,78,27,51,16,'','WL Thread fewspweb1p Data Source','WL Thread fewspweb1p Data Source','<path_rra>/weblogic_weblogp7_fewspweb1p.rrd','','on','',60,NULL),
 (96,78,28,51,16,'','WL Thread fewspweb2p Data Source','WL Thread fewspweb2p Data Source','<path_rra>/weblogic_weblogp7_fewspweb2p.rrd','','on','',60,NULL),
 (97,78,29,51,16,'','WL Thread fewspservices1p Data Source','WL Thread fewspservices1p Data Source','<path_rra>/weblogic_weblogp7_fewspservices1p.rrd','','on','',60,NULL),
 (98,78,30,51,16,'','WL Thread fewspservices2p Data Source','WL Thread fewspservices2p Data Source','<path_rra>/weblogic_weblogp7_fewspservices2p.rrd','','on','',60,NULL),
 (99,92,31,54,17,'','AWA Performance MULTILINEA Data Source','AWA Performance MULTILINEA Data Source','<path_rra>/awa_MULTILINEA.rrd','','on','',60,NULL),
 (100,0,0,55,18,'on','MDW <server> <op> Performance Source','',NULL,'','','',60,''),
 (146,129,71,59,20,'','MDW weblogp5 02045 Data Source','MDW weblogp5 02045 Data Source','<path_rra>/neos_weblogp5_MDW02045.rrd','','','',60,NULL),
 (156,129,81,59,20,'','MDW weblogp5 03040 Data Source','MDW weblogp5 03040 Data Source','<path_rra>/neos_weblogp5_MDW03040.rrd','','','',60,NULL),
 (157,129,82,59,20,'','MDW weblogp5 10004 Data Source','MDW weblogp5 10004 Data Source','<path_rra>/neos_weblogp5_MDW10004.rrd','','','',60,NULL),
 (148,129,73,59,20,NULL,'MDW weblogp6 26027 Data Source','MDW weblogp6 26027 Data Source','<path_rra>/neos_weblogp6_MDW26027.rrd',NULL,'',NULL,60,NULL),
 (150,129,75,59,20,'','MDW weblogp6 10010 Data Source','MDW weblogp6 10010 Data Source','<path_rra>/neos_weblogp6_MDW10010.rrd','','','',60,NULL),
 (151,129,76,59,20,'','MDW weblogp6 10004 Data Source','MDW weblogp6 10004 Data Source','<path_rra>/neos_weblogp6_MDW10004.rrd','','','',60,NULL),
 (152,129,77,59,20,'','MDW weblogp6 09020 Data Source','MDW weblogp6 09020 Data Source','<path_rra>/neos_weblogp6_MDW09020.rrd','','','',60,NULL),
 (153,129,78,59,20,'','MDW weblogp6 03031 Data Source','MDW weblogp6 03031 Data Source','<path_rra>/neos_weblogp6_MDW03031.rrd','','','',60,NULL),
 (149,129,74,59,20,'','MDW weblogp6 02045 Data Source','MDW weblogp6 02045 Data Source','<path_rra>/neos_weblogp6_MDW02045.rrd','','','',60,NULL),
 (137,129,64,59,20,'','MDW weblogp5 10010 Data Source','MDW weblogp5 10010 Data Source','<path_rra>/neos_weblogp5_MDW10010.rrd','','','',60,NULL),
 (175,174,97,64,27,NULL,'WL NeosDatasource neos1p Datasource DS','WL NeosDatasource neos1p Datasource DS','<path_rra>/weblogic_weblogp5_NEOSDS_neos1p.rrd',NULL,'on',NULL,60,NULL),
 (178,0,0,65,28,'on','','',NULL,'','','on',60,''),
 (179,178,100,65,28,NULL,'WL weblogp5 Memory Usage DS','WL weblogp5 Memory Usage DS','<path_rra>/weblogp5_memoryusage.rrd',NULL,'',NULL,600,NULL),
 (161,129,86,59,20,'','MDW weblogp5 02062 Data Source','MDW weblogp5 02062 Data Source','<path_rra>/neos_weblogp5_MDW02062.rrd','','','',60,NULL),
 (158,141,83,61,24,'','Page Access init.neos Data Source','Page Access init.neos Data Source','<path_rra>/areaprivada_init.neos.rrd','','','',60,NULL),
 (154,129,79,59,20,NULL,'NEOS Op weblogp5 GetInfoByLine DS','NEOS Op weblogp5 GetInfoByLine DS','<path_rra>/neos_weblogp5_NEOSGetInfoByLine.rrd',NULL,'',NULL,60,NULL),
 (174,0,0,64,27,'on','WL <datasource><service> Datasource DS','',NULL,'','on','',60,''),
 (116,0,0,56,19,'on','PPOW Qualifications <segment> <contract> Data Source','',NULL,'','','',60,''),
 (117,116,47,56,19,NULL,'PPOW Qualifications RESIDENCIAL POSTPAGO Data Source','PPOW Qualifications RESIDENCIAL POSTPAGO Data Source','<path_rra>/ppow_qualifications_RESIDENCIAL_POSTPAGO.rrd',NULL,'',NULL,60,NULL),
 (144,139,69,60,20,'','NEOS Page weblogp6 callslist Performance DS','NEOS Page weblogp6 callslist Performance DS','<path_rra>/neosweb_weblogp6_callslist.rrd','','','',60,NULL),
 (122,139,50,60,20,NULL,'NEOS Page weblogp6 init.neos Performance DS','NEOS Page weblogp6 init.neos Performance DS','<path_rra>/neosweb_weblogp6_initneos.rrd',NULL,'',NULL,60,NULL),
 (124,139,52,60,20,'','NEOS Page weblogp5 callslist Performance DS','NEOS Page weblogp5 callslist Performance DS','<path_rra>/neosweb_weblogp5_callslist.rrd','','','',60,NULL),
 (143,129,68,59,20,'','NEOS Page weblogp6 dashboard Performance DS','NEOS Page weblogp6 dashboard Performance DS','<path_rra>/neosweb_weblogp6_dashboard.rrd','','','',60,NULL),
 (125,139,53,60,20,'','NEOS Page weblogp5 services Performance DS','NEOS Page weblogp5 services Performance DS','<path_rra>/neosweb_weblogp5_services.rrd','','','',60,NULL),
 (126,129,54,59,20,'','NEOS Page weblogp6 services Performance DS','NEOS Page weblogp6 services Performance DS','<path_rra>/neosweb_weblogp6_services.rrd','','','',60,NULL),
 (155,129,80,59,20,'','NEOS Op weblogp5 GetProfile DS','NEOS Op weblogp5 GetProfile DS','<path_rra>/neos_weblogp5_NEOSGetProfile.rrd','','','',60,NULL),
 (128,116,56,56,19,'','PPOW Qualifications RESIDENCIAL PREPAGO Data Source','PPOW Qualifications RESIDENCIAL PREPAGO Data Source','<path_rra>/ppow_qualifications_RESIDENCIAL_PREPAGO.rrd','','','',60,NULL),
 (129,0,0,59,20,'on','Operation/Page <server> <call> Data Source','',NULL,'','','',60,''),
 (130,139,57,60,20,'','NEOS Page weblogp5 dashboard Performance DS','NEOS Page weblogp5 dashboard Performance DS','<path_rra>/neosweb_weblogp5_dashboard.rrd','','','',60,NULL),
 (145,129,70,59,20,NULL,'MDW weblogp5 26027 Data Source','MDW weblogp5 26027 Data Source','<path_rra>/neos_weblogp5_MDW26027.rrd',NULL,'',NULL,60,NULL),
 (133,129,60,59,20,'','MDW weblogp5 03002 Data Source','MDW weblogp5 03002 Data Source','<path_rra>/neos_weblogp5_MDW03002.rrd','','','',60,NULL),
 (134,129,61,59,20,'','MDW weblogp5 03004 Data Source','MDW weblogp5 03004 Data Source','<path_rra>/neos_weblogp5_MDW03004.rrd','','','',60,NULL),
 (147,129,72,59,20,'','MDW weblogp5 09020 Data Source','MDW weblogp5 09020 Data Source','<path_rra>/neos_weblogp5_MDW09020.rrd','','','',60,NULL),
 (136,129,63,59,20,'','MDW weblogp5 03031 Data Source','MDW weblogp5 03031 Data Source','<path_rra>/neos_weblogp5_MDW03031.rrd','','','',60,NULL),
 (139,0,0,60,20,'on','NEOS Page <server> <call> Performance Source','',NULL,'','','',60,''),
 (140,139,66,60,20,NULL,'NEOS Page weblogp5 init.neos Performance DS','NEOS Page weblogp5 init.neos Performance DS','<path_rra>/neosweb_weblogp5_initneos.rrd',NULL,'',NULL,60,NULL),
 (141,0,0,61,24,'on','Page Access <server> <page> Data Source','',NULL,'','','',60,''),
 (142,141,67,61,24,NULL,'Page Access ap3 init.neos Data Source','Page Access ap3 init.neos Data Source','<path_rra>/areaprivada_ap3_init.neos.rrd',NULL,'',NULL,60,NULL),
 (159,141,84,61,24,'','Page Access dashboard.neos Data Source','Page Access dashboard.neos Data Source','<path_rra>/areaprivada_dashboard.neos.rrd','','','',60,NULL),
 (160,129,85,59,20,'','NEOS Op weblogp6 GetProfile DS','NEOS Op weblogp6 GetProfile DS','<path_rra>/neos_weblogp6_NEOSGetProfile.rrd','','','',60,NULL),
 (173,92,96,54,17,'','Page areaprivada-URL1 Response Time DS','Page areaprivada-URL1 Response Time DS','<path_rra>/areaprivada_PRTURL1.rrd','','on','',60,NULL),
 (172,92,95,54,17,'','Page areaprivada-URL4 Response Time DS','Page areaprivada-URL4 Response Time DS','<path_rra>/areaprivada_PRTURL4.rrd','','on','',60,NULL),
 (165,129,89,59,20,'','NEOS Op weblogp5 GetUsage DS','NEOS Op weblogp5 GetUsage DS','<path_rra>/neos_weblogp5_NEOSGetUsage.rrd','','','',60,NULL),
 (166,129,90,59,20,'','NEOS Op weblogp5 GetLoyaltyBalance DS','NEOS Op weblogp5 GetLoyaltyBalance DS','<path_rra>/neos_weblogp5_NEOSGetLoyaltyBalance.rrd','','','',60,NULL),
 (170,92,93,54,17,NULL,'Page areaprivada-URL2 Response Time DS','Page areaprivada-URL2 Response Time DS','<path_rra>/areaprivada_PRTURL2.rrd',NULL,'on',NULL,60,NULL),
 (171,92,94,54,17,'','Page areaprivada-URL3 Response Time DS','Page areaprivada-URL3 Response Time DS','<path_rra>/areaprivada_PRTURL3.rrd','','on','',60,NULL),
 (177,174,99,64,27,NULL,'WL NeosDatasource neos2p Datasource DS','WL NeosDatasource neos2p Datasource DS','<path_rra>/weblogic_weblogp5_NEOSDS_neos2p.rrd',NULL,'on',NULL,60,NULL),
 (180,174,101,64,27,'','WL PPOWDatasource ppo1p Datasource DS','WL PPOWDatasource ppo1p Datasource DS','<path_rra>/weblogic_weblogp7_PPOWDS_ppo1p.rrd','','on','',60,NULL),
 (181,129,102,59,20,'','MDW weblogp5 03035 Data Source','MDW weblogp5 03035 Data Source','<path_rra>/neos_weblogp5_MDW03035.rrd','','','',60,NULL),
 (182,129,103,59,20,'','MDW weblogp5 09050 Data Source','MDW weblogp5 09050 Data Source','<path_rra>/neos_weblogp5_MDW09050.rrd','','','',60,NULL),
 (183,129,104,59,20,'','MDW weblogp5 48027 Data Source','MDW weblogp5 48027 Data Source','<path_rra>/neos_weblogp5_MDW48027.rrd','','','',60,NULL),
 (184,129,105,59,20,'','MDW weblogp5 10027 Data Source','MDW weblogp5 10027 Data Source','<path_rra>/neos_weblogp5_MDW10027.rrd','','','',60,NULL),
 (185,129,106,59,20,'','NEOS Op weblogp5 GetProducts DS','NEOS Op weblogp5 GetProducts DS','<path_rra>/neos_weblogp5_NEOSGetProducts.rrd','','','',60,NULL),
 (186,174,107,64,27,'','WL PPOWDatasource ppo2p Datasource DS','WL PPOWDatasource ppo2p Datasource DS','<path_rra>/weblogic_weblogp7_PPOWDS_ppo2p.rrd','','on','',60,NULL),
 (187,174,108,64,27,'','WL PPOWDatasource ppo3p Datasource DS','WL PPOWDatasource ppo3p Datasource DS','<path_rra>/weblogic_weblogp7_PPOWDS_ppo3p.rrd','','on','',60,NULL),
 (188,174,109,64,27,'','WL PPOWDatasource ppo4p Datasource DS','WL PPOWDatasource ppo4p Datasource DS','<path_rra>/weblogic_weblogp7_PPOWDS_ppo4p.rrd','','on','',60,NULL),
 (189,174,110,64,27,'','WL NeosWebDatasource neoswe1p Datasource DS','WL NeosWebDatasource neoswe1p Datasource DS','<path_rra>/weblogic_weblogp5_NEOSDS_neoswe1p.rrd','','on','',60,NULL),
 (190,174,111,64,27,'','WL NeosWebDatasource neoswe2p Datasource DS','WL NeosWebDatasource neoswe2p Datasource DS','<path_rra>/weblogic_weblogp5_NEOSDS_neoswe2p.rrd','','on','',60,NULL),
 (191,174,112,64,27,'','WL FewspDatasource fewspservices1p DS','WL FewspDatasource fewspservices1p DS','<path_rra>/weblogic_weblogp5_FEWDS_fewspservices1p.rrd','','on','',60,NULL),
 (192,174,113,64,27,'','WL FewspDatasource fewspservices2p DS','WL FewspDatasource fewspservices2p DS','<path_rra>/weblogic_weblogp5_FEWDS_fewspservices2p.rrd','','on','',60,NULL),
 (193,174,114,64,27,'','WL FewspDatasource fewspweb2p DS','WL FewspDatasource fewspweb2p DS','<path_rra>/weblogic_weblogp5_FEWDS_fewspweb2p.rrd','','on','',60,NULL),
 (194,174,115,64,27,'','WL FewspDatasource fewspweb1p DS','WL FewspDatasource fewspweb1p DS','<path_rra>/weblogic_weblogp5_FEWDS_fewspweb1p.rrd','','on','',60,NULL),
 (195,174,116,64,27,'','WL FSPDatasource fewspweb2p DS','WL FSPDatasource fewspweb2p DS','<path_rra>/weblogic_weblogp5_FSPDS_fewspweb2p.rrd','','on','',60,NULL),
 (196,174,117,64,27,'','WL FSPDatasource fewspweb1p DS','WL FSPDatasource fewspweb1p DS','<path_rra>/weblogic_weblogp5_FSPDS_fewspweb1p.rrd','','on','',60,NULL),
 (197,174,118,64,27,'','WL FSPDatasource fewspservices2p DS','WL FSPDatasource fewspservices2p DS','<path_rra>/weblogic_weblogp5_FSPDS_fewspservices2p.rrd','','on','',60,NULL),
 (198,174,119,64,27,'','WL FSPDatasource fewspservices1p DS','WL FSPDatasource fewspservices1p DS','<path_rra>/weblogic_weblogp5_FSPDS_fewspservices1p.rrd','','on','',60,NULL),
 (199,0,0,66,29,'on','<HOST> NetStats 5m Data','',NULL,'','on','',60,''),
 (205,199,124,66,29,'','AOTLXPRWEB00003 NetStats 5m Data','AOTLXPRWEB00003 NetStats 5m Data','<path_rra>/AOTLXPRWEB00003_netstats.rrd','','on','',60,NULL),
 (202,199,122,66,29,NULL,'AOTLXPRWEB00004 NetStats 5m Data','AOTLXPRWEB00004 NetStats 5m Data','<path_rra>/AOTLXPRWEB00004_netstats.rrd',NULL,'on',NULL,60,NULL),
 (206,141,125,61,24,'','Page Access areaprivada Data Source','Page Access areaprivada Data Source','<path_rra>/areaprivada_ACCESS.rrd','','','',60,NULL),
 (207,141,126,61,24,'','Page Access areaprivada-ap3 Data Source','Page Access areaprivada-ap3 Data Source','<path_rra>/areaprivada_AOTLXPRWEB00003_ACCESS.rrd','','','',60,NULL),
 (208,141,127,61,24,'','Page Access areaprivada-ap4 Data Source','Page Access areaprivada-ap4 Data Source','<path_rra>/areaprivada_AOTLXPRWEB00004_ACCESS.rrd','','','',60,NULL),
 (209,129,128,59,20,'','MDW weblogp5 88003 Data Source','MDW weblogp5 88003 Data Source','<path_rra>/neos_weblogp5_MDW88003.rrd','','','',60,NULL),
 (210,129,129,59,20,'','MDW weblogp6 88003 Data Source','MDW weblogp6 88003 Data Source','<path_rra>/neos_weblogp6_MDW88003.rrd','','','',60,NULL),
 (211,129,130,59,20,NULL,'PPOW MDW 34002 Data Source','PPOW MDW 34002 Data Source','<path_rra>/ppow_MDW34002.rrd',NULL,'',NULL,60,NULL),
 (212,129,131,59,20,'','MDW weblogp6 02062 Data Source','MDW weblogp6 02062 Data Source','<path_rra>/neos_weblogp6_MDW02062.rrd','','','',60,NULL),
 (213,129,132,59,20,'','MDW weblogp6 03002 Data Source','MDW weblogp6 03002 Data Source','<path_rra>/neos_weblogp6_MDW03002.rrd','','','',60,NULL),
 (214,129,133,59,20,'','MDW weblogp6 03004 Data Source','MDW weblogp6 03004 Data Source','<path_rra>/neos_weblogp6_MDW03004.rrd','','','',60,NULL),
 (215,129,134,59,20,'','MDW weblogp6 03035 Data Source','MDW weblogp6 03035 Data Source','<path_rra>/neos_weblogp6_MDW03035.rrd','','','',60,NULL),
 (216,129,135,59,20,'','MDW weblogp6 03040 Data Source','MDW weblogp6 03040 Data Source','<path_rra>/neos_weblogp6_MDW03040.rrd','','','',60,NULL),
 (217,129,136,59,20,'','MDW weblogp6 09050 Data Source','MDW weblogp6 09050 Data Source','<path_rra>/neos_weblogp6_MDW09050.rrd','','','',60,NULL),
 (218,129,137,59,20,'','MDW weblogp6 10027 Data Source','MDW weblogp6 10027 Data Source','<path_rra>/neos_weblogp6_MDW10027.rrd','','','',60,NULL),
 (219,129,138,59,20,'','MDW weblogp6 48027 Data Source','MDW weblogp6 48027 Data Source','<path_rra>/neos_weblogp6_MDW48027.rrd','','','',60,NULL),
 (220,0,0,68,31,'on','Error Accounting <service>','',NULL,'','','',60,''),
 (221,220,139,68,31,NULL,'Error Accounting PPOW','Error Accounting PPOW','<path_rra>/ppow_error_accounting.rrd',NULL,'',NULL,60,NULL),
 (222,129,140,59,20,'','PPOW MDW 85202 Data Source','PPOW MDW 85202 Data Source','<path_rra>/ppow_MDW85202.rrd','','','',60,NULL),
 (223,37,141,37,3,NULL,'|host_description| - Hard Drive Space','Localhost - Hard Drive Space','<path_rra>/localhost_hdd_free_141.rrd',NULL,'',NULL,300,NULL),
 (224,78,142,51,16,'','WL Thread pposerv1p Data Source','WL Thread pposerv1p Data Source','<path_rra>/weblogic_PPOE_pposerv1p.rrd','','on','',60,NULL),
 (225,78,143,51,16,'','WL Thread pposerv2p Data Source','WL Thread pposerv2p Data Source','<path_rra>/weblogic_PPOE_pposerv2p.rrd','','on','',60,NULL),
 (226,129,144,59,20,'','MDW siebelsrv03 02045 Data Source','MDW siebelsrv03 02045 Data Source','<path_rra>/siebel_sieomp8_MDW02045.rrd','','','',60,NULL),
 (227,129,145,59,20,'','MDW siebelsrv04 02045 Data Source','MDW siebelsrv04 02045 Data Source','<path_rra>/siebel_siegtwp4_MDW02045.rrd','','','',60,NULL),
 (228,129,146,59,20,'','MDW siebelsrv03 02048 Data Source','MDW siebelsrv03 02048 Data Source','<path_rra>/siebel_sieomp8_MDW02048.rrd','','','',60,NULL),
 (229,129,147,59,20,'','MDW siebelsrv04 02048 Data Source','MDW siebelsrv04 02048 Data Source','<path_rra>/siebel_siegtwp4_MDW02048.rrd','','','',60,NULL),
 (230,129,148,59,20,'','MDW FEW 26027 Data Source','MDW FEW 26027 Data Source','<path_rra>/few_multiserver_MDW26027.rrd','','','',60,NULL),
 (231,129,149,59,20,'','MDW FEW 03013 Data Source','MDW FEW 03013 Data Source','<path_rra>/few_multiserver_MDW03013.rrd','','','',60,NULL),
 (232,141,150,61,24,'','Page Access areaprivada-ap7 Data Source','Page Access areaprivada-ap7 Data Source','<path_rra>/areaprivada_AOTLXPRWEB00007_ACCESS.rrd','','','',60,NULL),
 (233,141,151,61,24,'','Page Access areaprivada-ap8 Data Source','Page Access areaprivada-ap8 Data Source','<path_rra>/areaprivada_AOTLXPRWEB00008_ACCESS.rrd','','','',60,NULL),
 (234,139,152,60,20,'','NEOS Page weblogp5 init.mobile.neos Performance DS','NEOS Page weblogp5 init.mobile.neos Performance DS','<path_rra>/neosweb_weblogp5_initmobileneos.rrd','','','',60,NULL),
 (235,139,153,60,20,'','NEOS Page weblogp6 init.mobile.neos Performance DS','NEOS Page weblogp6 init.mobile.neos Performance DS','<path_rra>/neosweb_weblogp6_initmobileneos.rrd','','','',60,NULL);
CREATE TABLE  `cacti`.`data_template_data_rra` (
  `data_template_data_id` mediumint(8) unsigned NOT NULL DEFAULT '0',
  `rra_id` mediumint(8) unsigned NOT NULL DEFAULT '0',
  PRIMARY KEY (`data_template_data_id`,`rra_id`),
  KEY `data_template_data_id` (`data_template_data_id`)
) ENGINE=MyISAM DEFAULT CHARSET=latin1;
INSERT INTO `cacti`.`data_template_data_rra` VALUES  (3,1),
 (3,2),
 (3,3),
 (3,4),
 (4,1),
 (4,2),
 (4,3),
 (4,4),
 (5,1),
 (5,2),
 (5,3),
 (5,4),
 (6,1),
 (6,2),
 (6,3),
 (6,4),
 (7,1),
 (7,2),
 (7,3),
 (7,4),
 (8,1),
 (8,2),
 (8,3),
 (8,4),
 (9,1),
 (9,2),
 (9,3),
 (9,4),
 (10,1),
 (10,2),
 (10,3),
 (10,4),
 (11,4),
 (11,6),
 (11,7),
 (11,8),
 (11,10),
 (13,1),
 (13,2),
 (13,3),
 (13,4),
 (15,1),
 (15,2),
 (15,3),
 (15,4),
 (16,1),
 (16,2),
 (16,3),
 (16,4),
 (17,1),
 (17,2),
 (17,3),
 (17,4),
 (18,1),
 (18,2),
 (18,3),
 (18,4),
 (19,1),
 (19,2),
 (19,3),
 (19,4),
 (20,1),
 (20,2),
 (20,3),
 (20,4),
 (22,1),
 (22,2),
 (22,3),
 (22,4),
 (23,1),
 (23,2),
 (23,3),
 (23,4),
 (24,1),
 (24,2),
 (24,3),
 (24,4),
 (25,1),
 (25,2),
 (25,3),
 (25,4),
 (26,1),
 (26,2),
 (26,3),
 (26,4),
 (27,1),
 (27,2),
 (27,3),
 (27,4),
 (30,1),
 (30,2),
 (30,3),
 (30,4),
 (31,1),
 (31,2),
 (31,3),
 (31,4),
 (32,1),
 (32,2),
 (32,3),
 (32,4),
 (33,1),
 (33,2),
 (33,3),
 (33,4),
 (34,1),
 (34,2),
 (34,3),
 (34,4),
 (35,1),
 (35,2),
 (35,3),
 (35,4),
 (36,1),
 (36,2),
 (36,3),
 (36,4),
 (37,1),
 (37,2),
 (37,3),
 (37,4),
 (37,5),
 (38,1),
 (38,2),
 (38,3),
 (38,4),
 (39,1),
 (39,2),
 (39,3),
 (39,4),
 (40,1),
 (40,2),
 (40,3),
 (40,4),
 (41,1),
 (41,2),
 (41,3),
 (41,4),
 (55,1),
 (55,2),
 (55,3),
 (55,4),
 (56,1),
 (56,2),
 (56,3),
 (56,4),
 (57,1),
 (57,2),
 (57,3),
 (57,4),
 (58,1),
 (58,2),
 (58,3),
 (58,4),
 (59,1),
 (59,2),
 (59,3),
 (59,4),
 (62,1),
 (62,2),
 (62,3),
 (62,4),
 (63,1),
 (63,2),
 (63,3),
 (63,4),
 (64,4),
 (64,6),
 (64,7),
 (64,8),
 (64,10),
 (65,1),
 (65,2),
 (65,3),
 (65,4),
 (66,1),
 (66,2),
 (66,3),
 (66,4),
 (68,1),
 (68,2),
 (68,3),
 (68,4),
 (69,1),
 (69,2),
 (69,3),
 (69,4),
 (78,1),
 (78,2),
 (78,3),
 (78,4),
 (78,5),
 (84,1),
 (84,2),
 (84,3),
 (84,4),
 (84,5),
 (85,1),
 (85,2),
 (85,3),
 (85,4),
 (85,5),
 (87,1),
 (87,2),
 (87,3),
 (87,4),
 (87,5),
 (88,1),
 (88,2),
 (88,3),
 (88,4),
 (88,5),
 (89,1),
 (89,2),
 (89,3),
 (89,4),
 (89,5),
 (90,1),
 (90,2),
 (90,3),
 (90,4),
 (90,5),
 (91,1),
 (91,2),
 (91,3),
 (91,4),
 (91,5),
 (92,1),
 (92,2),
 (92,3),
 (92,4),
 (92,5),
 (93,1),
 (93,2),
 (93,3),
 (93,4),
 (93,5),
 (94,1),
 (94,2),
 (94,3),
 (94,4),
 (94,5),
 (95,1),
 (95,2),
 (95,3),
 (95,4),
 (95,5),
 (96,1),
 (96,2),
 (96,3),
 (96,4),
 (96,5),
 (97,1),
 (97,2),
 (97,3),
 (97,4),
 (97,5),
 (98,1),
 (98,2),
 (98,3),
 (98,4),
 (98,5),
 (99,1),
 (99,2),
 (99,3),
 (99,4),
 (99,5),
 (100,1),
 (100,2),
 (100,3),
 (100,4),
 (100,5),
 (122,1),
 (122,2),
 (122,3),
 (122,4),
 (122,5),
 (124,1),
 (124,2),
 (124,3),
 (124,4),
 (124,5),
 (125,1),
 (125,2),
 (125,3),
 (125,4),
 (125,5),
 (126,1),
 (126,2),
 (126,3),
 (126,4),
 (126,5),
 (129,1),
 (129,2),
 (129,3),
 (129,4),
 (129,5),
 (130,1),
 (130,2),
 (130,3),
 (130,4),
 (130,5),
 (133,1),
 (133,2),
 (133,3),
 (133,4),
 (133,5),
 (134,1),
 (134,2),
 (134,3),
 (134,4),
 (134,5),
 (136,1),
 (136,2),
 (136,3),
 (136,4),
 (136,5),
 (137,1),
 (137,2),
 (137,3),
 (137,4),
 (137,5),
 (139,1),
 (139,2),
 (139,3),
 (139,4),
 (139,5),
 (140,1),
 (140,2),
 (140,3),
 (140,4),
 (140,5),
 (141,1),
 (141,2),
 (141,3),
 (141,4),
 (141,5),
 (142,1),
 (142,2),
 (142,3),
 (142,4),
 (142,5),
 (143,1),
 (143,2),
 (143,3),
 (143,4),
 (143,5),
 (144,1),
 (144,2),
 (144,3),
 (144,4),
 (144,5),
 (145,1),
 (145,2),
 (145,3),
 (145,4),
 (145,5),
 (146,1),
 (146,2),
 (146,3),
 (146,4),
 (146,5),
 (147,1),
 (147,2),
 (147,3),
 (147,4),
 (147,5),
 (148,1),
 (148,2),
 (148,3),
 (148,4),
 (148,5),
 (149,1),
 (149,2),
 (149,3),
 (149,4),
 (149,5),
 (150,1),
 (150,2),
 (150,3),
 (150,4),
 (150,5),
 (151,1),
 (151,2),
 (151,3),
 (151,4),
 (151,5),
 (152,1),
 (152,2),
 (152,3),
 (152,4),
 (152,5),
 (153,1),
 (153,2),
 (153,3),
 (153,4),
 (153,5),
 (154,1),
 (154,2),
 (154,3),
 (154,4),
 (154,5),
 (155,1),
 (155,2),
 (155,3),
 (155,4),
 (155,5),
 (156,1),
 (156,2),
 (156,3),
 (156,4),
 (156,5),
 (157,1),
 (157,2),
 (157,3),
 (157,4),
 (157,5),
 (158,1),
 (158,2),
 (158,3),
 (158,4),
 (158,5),
 (159,1),
 (159,2),
 (159,3),
 (159,4),
 (159,5),
 (160,1),
 (160,2),
 (160,3),
 (160,4),
 (160,5),
 (161,1),
 (161,2),
 (161,3),
 (161,4),
 (161,5),
 (165,1),
 (165,2),
 (165,3),
 (165,4),
 (165,5),
 (166,1),
 (166,2),
 (166,3),
 (166,4),
 (166,5),
 (170,1),
 (170,2),
 (170,3),
 (170,4),
 (170,5),
 (171,1),
 (171,2),
 (171,3),
 (171,4),
 (171,5),
 (172,1),
 (172,2),
 (172,3),
 (172,4),
 (172,5),
 (173,1),
 (173,2),
 (173,3),
 (173,4),
 (173,5),
 (174,1),
 (174,2),
 (174,3),
 (174,4),
 (174,5),
 (175,1),
 (175,2),
 (175,3),
 (175,4),
 (175,5),
 (177,1),
 (177,2),
 (177,3),
 (177,4),
 (177,5),
 (178,1),
 (178,2),
 (178,3),
 (178,4),
 (178,5),
 (179,1),
 (179,2),
 (179,3),
 (179,4),
 (179,5),
 (180,1),
 (180,2),
 (180,3),
 (180,4),
 (180,5),
 (181,1),
 (181,2),
 (181,3),
 (181,4),
 (181,5),
 (182,1),
 (182,2),
 (182,3),
 (182,4),
 (182,5),
 (183,1),
 (183,2),
 (183,3),
 (183,4),
 (183,5),
 (184,1),
 (184,2),
 (184,3),
 (184,4),
 (184,5),
 (185,1),
 (185,2),
 (185,3),
 (185,4),
 (185,5),
 (186,1),
 (186,2),
 (186,3),
 (186,4),
 (186,5),
 (187,1),
 (187,2),
 (187,3),
 (187,4),
 (187,5),
 (188,1),
 (188,2),
 (188,3),
 (188,4),
 (188,5),
 (189,1),
 (189,2),
 (189,3),
 (189,4),
 (189,5),
 (190,1),
 (190,2),
 (190,3),
 (190,4),
 (190,5),
 (191,1),
 (191,2),
 (191,3),
 (191,4),
 (191,5),
 (192,1),
 (192,2),
 (192,3),
 (192,4),
 (192,5),
 (193,1),
 (193,2),
 (193,3),
 (193,4),
 (193,5),
 (194,1),
 (194,2),
 (194,3),
 (194,4),
 (194,5),
 (195,1),
 (195,2),
 (195,3),
 (195,4),
 (195,5),
 (196,1),
 (196,2),
 (196,3),
 (196,4),
 (196,5),
 (197,1),
 (197,2),
 (197,3),
 (197,4),
 (197,5),
 (198,1),
 (198,2),
 (198,3),
 (198,4),
 (198,5),
 (199,1),
 (199,2),
 (199,3),
 (199,4),
 (199,5),
 (202,1),
 (202,2),
 (202,3),
 (202,4),
 (202,5),
 (205,1),
 (205,2),
 (205,3),
 (205,4),
 (205,5),
 (206,1),
 (206,2),
 (206,3),
 (206,4),
 (206,5),
 (207,1),
 (207,2),
 (207,3),
 (207,4),
 (207,5),
 (208,1),
 (208,2),
 (208,3),
 (208,4),
 (208,5),
 (209,1),
 (209,2),
 (209,3),
 (209,4),
 (209,5),
 (210,1),
 (210,2),
 (210,3),
 (210,4),
 (210,5),
 (211,1),
 (211,2),
 (211,3),
 (211,4),
 (211,5),
 (212,1),
 (212,2),
 (212,3),
 (212,4),
 (212,5),
 (213,1),
 (213,2),
 (213,3),
 (213,4),
 (213,5),
 (214,1),
 (214,2),
 (214,3),
 (214,4),
 (214,5),
 (215,1),
 (215,2),
 (215,3),
 (215,4),
 (215,5),
 (216,1),
 (216,2),
 (216,3),
 (216,4),
 (216,5),
 (217,1),
 (217,2),
 (217,3),
 (217,4),
 (217,5),
 (218,1),
 (218,2),
 (218,3),
 (218,4),
 (218,5),
 (219,1),
 (219,2),
 (219,3),
 (219,4),
 (219,5),
 (220,1),
 (220,2),
 (220,3),
 (220,4),
 (220,5),
 (221,1),
 (221,2),
 (221,3),
 (221,4),
 (221,5),
 (222,1),
 (222,2),
 (222,3),
 (222,4),
 (222,5),
 (223,1),
 (223,2),
 (223,3),
 (223,4),
 (223,5),
 (224,1),
 (224,2),
 (224,3),
 (224,4),
 (224,5),
 (225,1),
 (225,2),
 (225,3),
 (225,4),
 (225,5),
 (226,1),
 (226,2),
 (226,3),
 (226,4),
 (226,5),
 (227,1),
 (227,2),
 (227,3),
 (227,4),
 (227,5),
 (228,1),
 (228,2),
 (228,3),
 (228,4),
 (228,5),
 (229,1),
 (229,2),
 (229,3),
 (229,4),
 (229,5),
 (230,1),
 (230,2),
 (230,3),
 (230,4),
 (230,5),
 (231,1),
 (231,2),
 (231,3),
 (231,4),
 (231,5),
 (232,1),
 (232,2),
 (232,3),
 (232,4),
 (232,5),
 (233,1),
 (233,2),
 (233,3),
 (233,4),
 (233,5),
 (234,1),
 (234,2),
 (234,3),
 (234,4),
 (234,5),
 (235,1),
 (235,2),
 (235,3),
 (235,4),
 (235,5);
CREATE TABLE  `cacti`.`data_template_rrd` (
  `id` mediumint(8) unsigned NOT NULL AUTO_INCREMENT,
  `hash` varchar(32) NOT NULL DEFAULT '',
  `local_data_template_rrd_id` mediumint(8) unsigned NOT NULL DEFAULT '0',
  `local_data_id` mediumint(8) unsigned NOT NULL DEFAULT '0',
  `data_template_id` mediumint(8) unsigned NOT NULL DEFAULT '0',
  `t_rrd_maximum` char(2) DEFAULT NULL,
  `rrd_maximum` varchar(20) NOT NULL DEFAULT '0',
  `t_rrd_minimum` char(2) DEFAULT NULL,
  `rrd_minimum` varchar(20) NOT NULL DEFAULT '0',
  `t_rrd_heartbeat` char(2) DEFAULT NULL,
  `rrd_heartbeat` mediumint(6) NOT NULL DEFAULT '0',
  `t_data_source_type_id` char(2) DEFAULT NULL,
  `data_source_type_id` smallint(5) NOT NULL DEFAULT '0',
  `t_data_source_name` char(2) DEFAULT NULL,
  `data_source_name` varchar(19) NOT NULL DEFAULT '',
  `t_data_input_field_id` char(2) DEFAULT NULL,
  `data_input_field_id` mediumint(8) unsigned NOT NULL DEFAULT '0',
  PRIMARY KEY (`id`),
  KEY `local_data_id` (`local_data_id`),
  KEY `data_template_id` (`data_template_id`),
  KEY `local_data_template_rrd_id` (`local_data_template_rrd_id`),
  KEY `data_source_name` (`data_source_name`)
) ENGINE=MyISAM AUTO_INCREMENT=1242 DEFAULT CHARSET=latin1;
INSERT INTO `cacti`.`data_template_rrd` VALUES  (3,'2d53f9c76767a2ae8909f4152fd473a4',0,0,3,'','0','','0','',600,'',1,'','hdd_free','',0),
 (4,'93d91aa7a3cc5473e7b195d5d6e6e675',0,0,3,'','0','','0','',600,'',1,'','hdd_used','',0),
 (5,'7bee7987bbf30a3bc429d2a67c6b2595',0,0,4,'','100','','0','',600,'',2,'','cpu_system','',0),
 (6,'ddccd7fbdece499da0235b4098b87f9e',0,0,5,'','100','','0','',600,'',2,'','cpu_user','',0),
 (7,'122ab2097f8c6403b7b90cde7b9e2bc2',0,0,6,'','100','','0','',600,'',2,'','cpu_nice','',0),
 (8,'34f50c820092ea0fecba25b4b94a7946',0,0,7,'','100','','0','',600,'',1,'','wrls_noise','',0),
 (9,'830b811d1834e5ba0e2af93bd92db057',0,0,8,'','100','','0','',600,'',1,'','wrls_signal','',0),
 (10,'2f1b016a2465eef3f7369f6313cd4a94',0,0,9,'','1000000','','0','',600,'',2,'','wrls_transmits','',0),
 (11,'28ffcecaf8b50e49f676f2d4a822685d',0,0,10,'','1000000','','0','',600,'',2,'','wrls_retransmits','',0),
 (12,'8175ca431c8fe50efff5a1d3ae51b55d',0,0,11,'','500','','0','',600,'',1,'','load_1min','',17),
 (13,'a2eeb8acd6ea01cd0e3ac852965c0eb6',0,0,11,'','500','','0','',600,'',1,'','load_5min','',18),
 (14,'9f951b7fb3b19285a411aebb5254a831',0,0,11,'','500','','0','',600,'',1,'','load_15min','',19),
 (16,'a4df3de5238d3beabee1a2fe140d3d80',0,0,13,'','0','','0','',600,'',1,'','mem_buffers','',23),
 (18,'7fea6acc9b1a19484b4cb4cef2b6c5da',0,0,15,'','0','','0','',600,'',1,'','mem_swap','',23),
 (19,'f1ba3a5b17b95825021241398bb0f277',0,0,16,'','1000','','0','',600,'',1,'','proc','',24),
 (20,'46a5afe8e6c0419172c76421dc9e304a',0,0,17,'','500','','0','',600,'',1,'','users','',21),
 (21,'962fd1994fe9cae87fb36436bdb8a742',0,0,18,'','5000','','0','',600,'',1,'','ping','',30),
 (22,'7a8dd1111a8624369906bf2cd6ea9ca9',0,0,19,'','100000','','0','',600,'',1,'','total_users','',0),
 (23,'ddb6e74d34d2f1969ce85f809dbac23d',0,0,20,'','100000','','0','',600,'',1,'','total_logins','',0),
 (25,'289311d10336941d33d9a1c48a7b11ee',0,0,22,'','10000000','','0','',600,'',2,'','fs_reads','',0),
 (26,'02216f036cca04655ee2f67fedb6f4f0',0,0,23,'','10000000','','0','',600,'',2,'','fs_writes','',0),
 (27,'9e402c0f29131ef7139c20bd500b4e8a',0,0,24,'','10000000','','0','',600,'',2,'','cache_checks','',0),
 (28,'46717dfe3c8c030d8b5ec0874f9dbdca',0,0,25,'','1000000','','0','',600,'',2,'','cache_hits','',0),
 (29,'7a88a60729af62561812c43bde61dfc1',0,0,26,'','100000','','0','',600,'',1,'','open_files','',0),
 (30,'3c0fd1a188b64a662dfbfa985648397b',0,0,27,'','100','','0','',600,'',1,'','5min_cpu','',0),
 (33,'ed44c2438ef7e46e2aeed2b6c580815c',0,0,30,'','500','','0','',600,'',1,'','load_1min','',0),
 (34,'9b3a00c9e3530d9e58895ac38271361e',0,0,31,'','500','','0','',600,'',1,'','load_5min','',0),
 (35,'6746c2ed836ecc68a71bbddf06b0e5d9',0,0,32,'','500','','0','',600,'',1,'','load_15min','',0),
 (36,'9835d9e1a8c78aa2475d752e8fa74812',0,0,33,'','10000000','','0','',600,'',1,'','mem_buffers','',0),
 (37,'9c78dc1981bcea841b8c827c6dc0d26c',0,0,34,'','10000000','','0','',600,'',1,'','mem_free','',0),
 (38,'62a56dc76fe4cd8566a31b5df0274cc3',0,0,35,'','0','','0','',600,'',1,'','vol_total','',0),
 (39,'2e366ab49d0e0238fb4e3141ea5a88c3',0,0,35,'','0','','0','',600,'',1,'','vol_free','',0),
 (40,'dceedc84718dd93a5affe4b190bca810',0,0,35,'','0','','0','',600,'',1,'','vol_freeable','',0),
 (42,'93330503f1cf67db00d8fe636035e545',0,0,36,'','100000000000','','0','',600,'',1,'','dir_total','',0),
 (43,'6b0fe4aa6aaf22ef9cfbbe96d87fa0d7',0,0,36,'','100000000000','','0','',600,'',1,'','dir_used','',0),
 (44,'4c82df790325d789d304e6ee5cd4ab7d',0,0,37,'','0','','0','',600,'',1,'','hdd_free','',16),
 (46,'c802e2fd77f5b0a4c4298951bf65957c',0,0,38,'','10000000','','0','',600,'',2,'','errors_in','',0),
 (47,'4e2a72240955380dc8ffacfcc8c09874',0,0,38,'','10000000','','0','',600,'',2,'','discards_in','',0),
 (48,'636672962b5bb2f31d86985e2ab4bdfe',0,0,39,'','1000000000','','0','',600,'',2,'','unicast_in','',0),
 (49,'18ce92c125a236a190ee9dd948f56268',0,0,39,'','1000000000','','0','',600,'',2,'','unicast_out','',0),
 (50,'13ebb33f9cbccfcba828db1075a8167c',0,0,38,'','10000000','','0','',600,'',2,'','discards_out','',0),
 (51,'31399c3725bee7e09ec04049e3d5cd17',0,0,38,'','10000000','','0','',600,'',2,'','errors_out','',0),
 (52,'7be68cbc4ee0b2973eb9785f8c7a35c7',0,0,40,'','1000000000','','0','',600,'',2,'','nonunicast_out','',0),
 (53,'93e2b6f59b10b13f2ddf2da3ae98b89a',0,0,40,'','1000000000','','0','',600,'',2,'','nonunicast_in','',0),
 (54,'2df25c57022b0c7e7d0be4c035ada1a0',0,0,41,'on','100000000','','0','',600,'',2,'','traffic_in','',0),
 (55,'721c0794526d1ac1c359f27dc56faa49',0,0,41,'on','100000000','','0','',600,'',2,'','traffic_out','',0),
 (56,'07175541991def89bd02d28a215f6fcc',0,0,37,'','0','','0','',600,'',1,'','hdd_used','',16),
 (76,'07492e5cace6d74e7db3cb1fc005a3f3',0,0,42,'','100','','0','',600,'',1,'','cpu','',0),
 (78,'0ee6bb54957f6795a5369a29f818d860',0,0,43,'','0','','0','',600,'',1,'','hdd_used','',0),
 (79,'9825aaf7c0bdf1554c5b4b86680ac2c0',0,0,44,'','100','','0','',600,'',1,'','cpu','',0),
 (80,'50ccbe193c6c7fc29fb9f726cd6c48ee',0,0,45,'','1000','','0','',600,'',1,'','proc','',0),
 (81,'9464c91bcff47f23085ae5adae6ab987',0,0,46,'','5000','','0','',600,'',1,'','users','',0),
 (84,'',16,3,13,NULL,'0',NULL,'0',NULL,600,NULL,1,NULL,'mem_buffers',NULL,23),
 (85,'',18,4,15,NULL,'0',NULL,'0',NULL,600,NULL,1,NULL,'mem_swap',NULL,23),
 (86,'',12,5,11,NULL,'500',NULL,'0',NULL,600,NULL,1,NULL,'load_1min',NULL,17),
 (87,'',13,5,11,NULL,'500',NULL,'0',NULL,600,NULL,1,NULL,'load_5min',NULL,18),
 (88,'',14,5,11,NULL,'500',NULL,'0',NULL,600,NULL,1,NULL,'load_15min',NULL,19),
 (89,'',20,6,17,NULL,'500',NULL,'0',NULL,600,NULL,1,NULL,'users',NULL,21),
 (90,'',19,7,16,NULL,'1000',NULL,'0',NULL,600,NULL,1,NULL,'proc',NULL,24),
 (92,'165a0da5f461561c85d092dfe96b9551',0,0,43,'','0','','0','',600,'',1,'','hdd_total','',0),
 (95,'7a6ca455bbeff99ca891371bc77d5cf9',0,0,47,'','10000000','','0','',600,'',1,'','mem_cache','',0),
 (96,'224b83ea73f55f8a861bcf4c9bea0472',0,0,48,'on','100','','0','',600,'on',1,'','snmp_oid','',0),
 (149,'',148,17,51,NULL,'1000000',NULL,'0',NULL,600,NULL,2,NULL,'completedRequests',NULL,63),
 (117,'d8edc5986af494200a1175cf4c94ac59',0,0,51,'','1000','','0','',600,'',1,'','executeIdle','',58),
 (148,'8b489e4b587b6615447a8b671db14e7b',0,0,51,'','1000000','','0','',600,'',2,'','completedRequests','',63),
 (201,'',154,23,51,NULL,'300',NULL,'0',NULL,600,NULL,1,NULL,'throughput',NULL,64),
 (200,'',117,23,51,NULL,'1000',NULL,'0',NULL,600,NULL,1,NULL,'executeIdle',NULL,58),
 (113,'fe9f5b93986ae8db299e0441ef706866',0,0,51,'','0','','0','',120,'',1,'','activeThreads','',56),
 (114,'16d60badb09a39f7072803855cd5b4cd',0,0,51,'','1000','','1','',600,'',1,'','executeTotal','',57),
 (205,'',119,23,51,NULL,'1000',NULL,'0',NULL,600,NULL,1,NULL,'standbyThreads',NULL,59),
 (202,'',152,23,51,NULL,'1000',NULL,'0',NULL,600,NULL,1,NULL,'queueLength',NULL,61),
 (203,'',150,23,51,NULL,'10000',NULL,'0',NULL,600,NULL,1,NULL,'pendingRequests',NULL,62),
 (204,'',121,23,51,NULL,'1000',NULL,'0',NULL,600,NULL,1,NULL,'hoogingThreads',NULL,60),
 (119,'4e495e0cb77e61012821cd5dda2e0892',0,0,51,'','1000','','0','',600,'',1,'','standbyThreads','',59),
 (199,'',148,23,51,NULL,'1000000',NULL,'0',NULL,600,NULL,2,NULL,'completedRequests',NULL,63),
 (198,'',113,23,51,NULL,'0',NULL,'0',NULL,120,NULL,1,NULL,'activeThreads',NULL,56),
 (121,'f91f1a8ebec8db27f26d27f412086153',0,0,51,'','1000','','0','',600,'',1,'','hoogingThreads','',60),
 (197,'',114,23,51,NULL,'1000',NULL,'1',NULL,600,NULL,1,NULL,'executeTotal',NULL,57),
 (273,'b34a8d5672f5d35dfe05c74fb98c26db',0,0,55,'','0','','0','',120,'',1,'','averageTime','',76),
 (214,'',114,24,51,NULL,'1000',NULL,'1',NULL,600,NULL,1,NULL,'executeTotal',NULL,57),
 (213,'',113,24,51,NULL,'0',NULL,'0',NULL,120,NULL,1,NULL,'activeThreads',NULL,56),
 (212,'',148,24,51,NULL,'1000000',NULL,'0',NULL,600,NULL,2,NULL,'completedRequests',NULL,63),
 (211,'',121,24,51,NULL,'1000',NULL,'0',NULL,600,NULL,1,NULL,'hoogingThreads',NULL,60),
 (209,'',152,24,51,NULL,'1000',NULL,'0',NULL,600,NULL,1,NULL,'queueLength',NULL,61),
 (210,'',150,24,51,NULL,'10000',NULL,'0',NULL,600,NULL,1,NULL,'pendingRequests',NULL,62),
 (207,'',117,24,51,NULL,'1000',NULL,'0',NULL,600,NULL,1,NULL,'executeIdle',NULL,58),
 (208,'',119,24,51,NULL,'1000',NULL,'0',NULL,600,NULL,1,NULL,'standbyThreads',NULL,59),
 (206,'',154,24,51,NULL,'300',NULL,'0',NULL,600,NULL,1,NULL,'throughput',NULL,64),
 (191,'',114,22,51,NULL,'1000',NULL,'1',NULL,600,NULL,1,NULL,'executeTotal',NULL,57),
 (190,'',113,22,51,NULL,'0',NULL,'0',NULL,120,NULL,1,NULL,'activeThreads',NULL,56),
 (189,'',148,22,51,NULL,'1000000',NULL,'0',NULL,600,NULL,2,NULL,'completedRequests',NULL,63),
 (188,'',117,22,51,NULL,'1000',NULL,'0',NULL,600,NULL,1,NULL,'executeIdle',NULL,58),
 (143,'',117,17,51,NULL,'1000',NULL,'0',NULL,600,NULL,1,NULL,'executeIdle',NULL,58),
 (144,'',113,17,51,NULL,'0',NULL,'0',NULL,120,NULL,1,NULL,'activeThreads',NULL,56),
 (145,'',114,17,51,NULL,'1000',NULL,'1',NULL,600,NULL,1,NULL,'executeTotal',NULL,57),
 (146,'',119,17,51,NULL,'1000',NULL,'0',NULL,600,NULL,1,NULL,'standbyThreads',NULL,59),
 (147,'',121,17,51,NULL,'1000',NULL,'0',NULL,600,NULL,1,NULL,'hoogingThreads',NULL,60),
 (150,'4aeb2a3c9e1cc1121c95ab42997a7e61',0,0,51,'','10000','','0','',600,'',1,'','pendingRequests','',62),
 (151,'',150,17,51,NULL,'10000',NULL,'0',NULL,600,NULL,1,NULL,'pendingRequests',NULL,62),
 (152,'748769486f37679b6da34b5aeb7a03fe',0,0,51,'','1000','','0','',600,'',1,'','queueLength','',61),
 (153,'',152,17,51,NULL,'1000',NULL,'0',NULL,600,NULL,1,NULL,'queueLength',NULL,61),
 (154,'5dce8201ebebde987376f76ae4589809',0,0,51,'','300','','0','',600,'',1,'','throughput','',64),
 (155,'',154,17,51,NULL,'300',NULL,'0',NULL,600,NULL,1,NULL,'throughput',NULL,64),
 (156,'',117,18,51,NULL,'1000',NULL,'0',NULL,600,NULL,1,NULL,'executeIdle',NULL,58),
 (157,'',148,18,51,NULL,'1000000',NULL,'0',NULL,600,NULL,2,NULL,'completedRequests',NULL,63),
 (158,'',113,18,51,NULL,'0',NULL,'0',NULL,120,NULL,1,NULL,'activeThreads',NULL,56),
 (159,'',114,18,51,NULL,'1000',NULL,'1',NULL,600,NULL,1,NULL,'executeTotal',NULL,57),
 (160,'',119,18,51,NULL,'1000',NULL,'0',NULL,600,NULL,1,NULL,'standbyThreads',NULL,59),
 (161,'',121,18,51,NULL,'1000',NULL,'0',NULL,600,NULL,1,NULL,'hoogingThreads',NULL,60),
 (162,'',150,18,51,NULL,'10000',NULL,'0',NULL,600,NULL,1,NULL,'pendingRequests',NULL,62),
 (163,'',152,18,51,NULL,'1000',NULL,'0',NULL,600,NULL,1,NULL,'queueLength',NULL,61),
 (164,'',154,18,51,NULL,'300',NULL,'0',NULL,600,NULL,1,NULL,'throughput',NULL,64),
 (196,'',154,22,51,NULL,'300',NULL,'0',NULL,600,NULL,1,NULL,'throughput',NULL,64),
 (195,'',152,22,51,NULL,'1000',NULL,'0',NULL,600,NULL,1,NULL,'queueLength',NULL,61),
 (194,'',150,22,51,NULL,'10000',NULL,'0',NULL,600,NULL,1,NULL,'pendingRequests',NULL,62),
 (193,'',121,22,51,NULL,'1000',NULL,'0',NULL,600,NULL,1,NULL,'hoogingThreads',NULL,60),
 (192,'',119,22,51,NULL,'1000',NULL,'0',NULL,600,NULL,1,NULL,'standbyThreads',NULL,59),
 (170,'',117,20,51,NULL,'1000',NULL,'0',NULL,600,NULL,1,NULL,'executeIdle',NULL,58),
 (171,'',148,20,51,NULL,'1000000',NULL,'0',NULL,600,NULL,2,NULL,'completedRequests',NULL,63),
 (172,'',113,20,51,NULL,'0',NULL,'0',NULL,120,NULL,1,NULL,'activeThreads',NULL,56),
 (173,'',114,20,51,NULL,'1000',NULL,'1',NULL,600,NULL,1,NULL,'executeTotal',NULL,57),
 (174,'',119,20,51,NULL,'1000',NULL,'0',NULL,600,NULL,1,NULL,'standbyThreads',NULL,59),
 (175,'',121,20,51,NULL,'1000',NULL,'0',NULL,600,NULL,1,NULL,'hoogingThreads',NULL,60),
 (176,'',150,20,51,NULL,'10000',NULL,'0',NULL,600,NULL,1,NULL,'pendingRequests',NULL,62),
 (177,'',152,20,51,NULL,'1000',NULL,'0',NULL,600,NULL,1,NULL,'queueLength',NULL,61),
 (178,'',154,20,51,NULL,'300',NULL,'0',NULL,600,NULL,1,NULL,'throughput',NULL,64),
 (179,'',117,21,51,NULL,'1000',NULL,'0',NULL,600,NULL,1,NULL,'executeIdle',NULL,58),
 (180,'',148,21,51,NULL,'1000000',NULL,'0',NULL,600,NULL,2,NULL,'completedRequests',NULL,63),
 (181,'',113,21,51,NULL,'0',NULL,'0',NULL,120,NULL,1,NULL,'activeThreads',NULL,56),
 (182,'',114,21,51,NULL,'1000',NULL,'1',NULL,600,NULL,1,NULL,'executeTotal',NULL,57),
 (183,'',119,21,51,NULL,'1000',NULL,'0',NULL,600,NULL,1,NULL,'standbyThreads',NULL,59),
 (184,'',121,21,51,NULL,'1000',NULL,'0',NULL,600,NULL,1,NULL,'hoogingThreads',NULL,60),
 (185,'',150,21,51,NULL,'10000',NULL,'0',NULL,600,NULL,1,NULL,'pendingRequests',NULL,62),
 (186,'',152,21,51,NULL,'1000',NULL,'0',NULL,600,NULL,1,NULL,'queueLength',NULL,61),
 (187,'',154,21,51,NULL,'300',NULL,'0',NULL,600,NULL,1,NULL,'throughput',NULL,64),
 (232,'',150,26,51,NULL,'10000',NULL,'0',NULL,600,NULL,1,NULL,'pendingRequests',NULL,62),
 (217,'7aa87f9da32bac5d6494678e7594bcae',0,0,54,'','0','','0','',120,'',1,'','time','',67),
 (272,'',217,31,54,NULL,'0',NULL,'0',NULL,120,NULL,1,NULL,'time',NULL,67),
 (226,'',217,25,54,NULL,'0',NULL,'0',NULL,120,NULL,1,NULL,'time',NULL,67),
 (227,'',114,26,51,NULL,'1000',NULL,'1',NULL,600,NULL,1,NULL,'executeTotal',NULL,57),
 (228,'',113,26,51,NULL,'0',NULL,'0',NULL,120,NULL,1,NULL,'activeThreads',NULL,56),
 (229,'',148,26,51,NULL,'1000000',NULL,'0',NULL,600,NULL,2,NULL,'completedRequests',NULL,63),
 (230,'',121,26,51,NULL,'1000',NULL,'0',NULL,600,NULL,1,NULL,'hoogingThreads',NULL,60),
 (231,'',152,26,51,NULL,'1000',NULL,'0',NULL,600,NULL,1,NULL,'queueLength',NULL,61),
 (233,'',117,26,51,NULL,'1000',NULL,'0',NULL,600,NULL,1,NULL,'executeIdle',NULL,58),
 (234,'',119,26,51,NULL,'1000',NULL,'0',NULL,600,NULL,1,NULL,'standbyThreads',NULL,59),
 (235,'',154,26,51,NULL,'300',NULL,'0',NULL,600,NULL,1,NULL,'throughput',NULL,64),
 (236,'',117,27,51,NULL,'1000',NULL,'0',NULL,600,NULL,1,NULL,'executeIdle',NULL,58),
 (237,'',148,27,51,NULL,'1000000',NULL,'0',NULL,600,NULL,2,NULL,'completedRequests',NULL,63),
 (238,'',113,27,51,NULL,'0',NULL,'0',NULL,120,NULL,1,NULL,'activeThreads',NULL,56),
 (239,'',114,27,51,NULL,'1000',NULL,'1',NULL,600,NULL,1,NULL,'executeTotal',NULL,57),
 (240,'',119,27,51,NULL,'1000',NULL,'0',NULL,600,NULL,1,NULL,'standbyThreads',NULL,59),
 (241,'',121,27,51,NULL,'1000',NULL,'0',NULL,600,NULL,1,NULL,'hoogingThreads',NULL,60),
 (242,'',150,27,51,NULL,'10000',NULL,'0',NULL,600,NULL,1,NULL,'pendingRequests',NULL,62),
 (243,'',152,27,51,NULL,'1000',NULL,'0',NULL,600,NULL,1,NULL,'queueLength',NULL,61),
 (244,'',154,27,51,NULL,'300',NULL,'0',NULL,600,NULL,1,NULL,'throughput',NULL,64),
 (245,'',117,28,51,NULL,'1000',NULL,'0',NULL,600,NULL,1,NULL,'executeIdle',NULL,58),
 (246,'',148,28,51,NULL,'1000000',NULL,'0',NULL,600,NULL,2,NULL,'completedRequests',NULL,63),
 (247,'',113,28,51,NULL,'0',NULL,'0',NULL,120,NULL,1,NULL,'activeThreads',NULL,56),
 (248,'',114,28,51,NULL,'1000',NULL,'1',NULL,600,NULL,1,NULL,'executeTotal',NULL,57),
 (249,'',119,28,51,NULL,'1000',NULL,'0',NULL,600,NULL,1,NULL,'standbyThreads',NULL,59),
 (250,'',121,28,51,NULL,'1000',NULL,'0',NULL,600,NULL,1,NULL,'hoogingThreads',NULL,60),
 (251,'',150,28,51,NULL,'10000',NULL,'0',NULL,600,NULL,1,NULL,'pendingRequests',NULL,62),
 (252,'',152,28,51,NULL,'1000',NULL,'0',NULL,600,NULL,1,NULL,'queueLength',NULL,61),
 (253,'',154,28,51,NULL,'300',NULL,'0',NULL,600,NULL,1,NULL,'throughput',NULL,64),
 (254,'',117,29,51,NULL,'1000',NULL,'0',NULL,600,NULL,1,NULL,'executeIdle',NULL,58),
 (255,'',148,29,51,NULL,'1000000',NULL,'0',NULL,600,NULL,2,NULL,'completedRequests',NULL,63),
 (256,'',113,29,51,NULL,'0',NULL,'0',NULL,120,NULL,1,NULL,'activeThreads',NULL,56),
 (257,'',114,29,51,NULL,'1000',NULL,'1',NULL,600,NULL,1,NULL,'executeTotal',NULL,57),
 (258,'',119,29,51,NULL,'1000',NULL,'0',NULL,600,NULL,1,NULL,'standbyThreads',NULL,59),
 (259,'',121,29,51,NULL,'1000',NULL,'0',NULL,600,NULL,1,NULL,'hoogingThreads',NULL,60),
 (260,'',150,29,51,NULL,'10000',NULL,'0',NULL,600,NULL,1,NULL,'pendingRequests',NULL,62),
 (261,'',152,29,51,NULL,'1000',NULL,'0',NULL,600,NULL,1,NULL,'queueLength',NULL,61),
 (262,'',154,29,51,NULL,'300',NULL,'0',NULL,600,NULL,1,NULL,'throughput',NULL,64),
 (263,'',117,30,51,NULL,'1000',NULL,'0',NULL,600,NULL,1,NULL,'executeIdle',NULL,58),
 (264,'',148,30,51,NULL,'1000000',NULL,'0',NULL,600,NULL,2,NULL,'completedRequests',NULL,63),
 (265,'',113,30,51,NULL,'0',NULL,'0',NULL,120,NULL,1,NULL,'activeThreads',NULL,56),
 (266,'',114,30,51,NULL,'1000',NULL,'1',NULL,600,NULL,1,NULL,'executeTotal',NULL,57),
 (267,'',119,30,51,NULL,'1000',NULL,'0',NULL,600,NULL,1,NULL,'standbyThreads',NULL,59),
 (268,'',121,30,51,NULL,'1000',NULL,'0',NULL,600,NULL,1,NULL,'hoogingThreads',NULL,60),
 (269,'',150,30,51,NULL,'10000',NULL,'0',NULL,600,NULL,1,NULL,'pendingRequests',NULL,62),
 (270,'',152,30,51,NULL,'1000',NULL,'0',NULL,600,NULL,1,NULL,'queueLength',NULL,61),
 (271,'',154,30,51,NULL,'300',NULL,'0',NULL,600,NULL,1,NULL,'throughput',NULL,64),
 (274,'4ea798bd0e54ec609e83b80b4016b785',0,0,55,'','0','','0','',120,'',1,'','totalCount','',70),
 (275,'df53276c1a85ad9c60bac0f481d3c8d5',0,0,55,'','0','','0','',120,'',1,'','count10','',74),
 (276,'a244c3bdde1a9c6cea21c406e5561d7c',0,0,55,'','0','','0','',120,'',1,'','count5','',75),
 (591,'',470,71,59,NULL,'0',NULL,'0',NULL,120,NULL,1,NULL,'TOCount',NULL,97),
 (590,'',397,71,59,NULL,'0',NULL,'0',NULL,120,NULL,1,NULL,'countP5',NULL,96),
 (589,'',396,71,59,NULL,'0',NULL,'0',NULL,120,NULL,1,NULL,'countP4',NULL,95),
 (652,'',453,79,59,NULL,'0',NULL,'0',NULL,120,NULL,1,NULL,'countP3',NULL,89),
 (651,'',452,79,59,NULL,'0',NULL,'0',NULL,120,NULL,1,NULL,'countP1',NULL,87),
 (647,'',451,78,59,NULL,'0',NULL,'0',NULL,120,NULL,1,NULL,'countP2',NULL,88),
 (648,'',449,79,59,NULL,'0',NULL,'0',NULL,120,NULL,1,NULL,'averageTime',NULL,86),
 (649,'',450,79,59,NULL,'0',NULL,'0',NULL,120,NULL,1,NULL,'totalCount',NULL,85),
 (650,'',451,79,59,NULL,'0',NULL,'0',NULL,120,NULL,1,NULL,'countP2',NULL,88),
 (605,'',454,73,59,NULL,'0',NULL,'0',NULL,120,NULL,1,NULL,'countP4',NULL,95),
 (604,'',453,73,59,NULL,'0',NULL,'0',NULL,120,NULL,1,NULL,'countP3',NULL,89),
 (603,'',452,73,59,NULL,'0',NULL,'0',NULL,120,NULL,1,NULL,'countP1',NULL,87),
 (602,'',451,73,59,NULL,'0',NULL,'0',NULL,120,NULL,1,NULL,'countP2',NULL,88),
 (631,'',449,76,59,NULL,'0',NULL,'0',NULL,120,NULL,1,NULL,'averageTime',NULL,86),
 (630,'',455,76,59,NULL,'0',NULL,'0',NULL,120,NULL,1,NULL,'countP5',NULL,96),
 (629,'',484,76,59,NULL,'0',NULL,'0',NULL,120,NULL,1,NULL,'TOCount',NULL,97),
 (619,'',450,75,59,NULL,'0',NULL,'0',NULL,120,NULL,1,NULL,'totalCount',NULL,85),
 (620,'',453,75,59,NULL,'0',NULL,'0',NULL,120,NULL,1,NULL,'countP3',NULL,89),
 (621,'',452,75,59,NULL,'0',NULL,'0',NULL,120,NULL,1,NULL,'countP1',NULL,87),
 (622,'',451,75,59,NULL,'0',NULL,'0',NULL,120,NULL,1,NULL,'countP2',NULL,88),
 (623,'',454,75,59,NULL,'0',NULL,'0',NULL,120,NULL,1,NULL,'countP4',NULL,95),
 (624,'',454,76,59,NULL,'0',NULL,'0',NULL,120,NULL,1,NULL,'countP4',NULL,95),
 (625,'',453,76,59,NULL,'0',NULL,'0',NULL,120,NULL,1,NULL,'countP3',NULL,89),
 (626,'',452,76,59,NULL,'0',NULL,'0',NULL,120,NULL,1,NULL,'countP1',NULL,87),
 (627,'',451,76,59,NULL,'0',NULL,'0',NULL,120,NULL,1,NULL,'countP2',NULL,88),
 (628,'',450,76,59,NULL,'0',NULL,'0',NULL,120,NULL,1,NULL,'totalCount',NULL,85),
 (523,'',396,64,59,NULL,'0',NULL,'0',NULL,120,NULL,1,NULL,'countP4',NULL,95),
 (522,'',391,64,59,NULL,'0',NULL,'0',NULL,120,NULL,1,NULL,'averageTime',NULL,86),
 (521,'',392,64,59,NULL,'0',NULL,'0',NULL,120,NULL,1,NULL,'totalCount',NULL,85),
 (637,'',452,77,59,NULL,'0',NULL,'0',NULL,120,NULL,1,NULL,'countP1',NULL,87),
 (636,'',453,77,59,NULL,'0',NULL,'0',NULL,120,NULL,1,NULL,'countP3',NULL,89),
 (635,'',454,77,59,NULL,'0',NULL,'0',NULL,120,NULL,1,NULL,'countP4',NULL,95),
 (703,'',393,86,59,NULL,'0',NULL,'0',NULL,120,NULL,1,NULL,'countP2',NULL,88),
 (702,'',392,86,59,NULL,'0',NULL,'0',NULL,120,NULL,1,NULL,'totalCount',NULL,85),
 (701,'',391,86,59,NULL,'0',NULL,'0',NULL,120,NULL,1,NULL,'averageTime',NULL,86),
 (321,'d5f4e2e9f6306065f925adc745e691ee',0,0,55,'','0','','0','',120,'',1,'','count20','',73),
 (588,'',391,71,59,NULL,'0',NULL,'0',NULL,120,NULL,1,NULL,'averageTime',NULL,86),
 (646,'',450,78,59,NULL,'0',NULL,'0',NULL,120,NULL,1,NULL,'totalCount',NULL,85),
 (616,'',449,75,59,NULL,'0',NULL,'0',NULL,120,NULL,1,NULL,'averageTime',NULL,86),
 (617,'',484,75,59,NULL,'0',NULL,'0',NULL,120,NULL,1,NULL,'TOCount',NULL,97),
 (618,'',455,75,59,NULL,'0',NULL,'0',NULL,120,NULL,1,NULL,'countP5',NULL,96),
 (634,'',484,77,59,NULL,'0',NULL,'0',NULL,120,NULL,1,NULL,'TOCount',NULL,97),
 (645,'',449,78,59,NULL,'0',NULL,'0',NULL,120,NULL,1,NULL,'averageTime',NULL,86),
 (615,'',449,74,59,NULL,'0',NULL,'0',NULL,120,NULL,1,NULL,'averageTime',NULL,86),
 (520,'',393,64,59,NULL,'0',NULL,'0',NULL,120,NULL,1,NULL,'countP2',NULL,88),
 (700,'',396,86,59,NULL,'0',NULL,'0',NULL,120,NULL,1,NULL,'countP4',NULL,95),
 (333,'feea9ca21b0f938db062fbf68e416030',0,0,55,'','0','','0','',120,'',1,'','count30','',72),
 (644,'',455,78,59,NULL,'0',NULL,'0',NULL,120,NULL,1,NULL,'countP5',NULL,96),
 (601,'',450,73,59,NULL,'0',NULL,'0',NULL,120,NULL,1,NULL,'totalCount',NULL,85),
 (613,'',484,74,59,NULL,'0',NULL,'0',NULL,120,NULL,1,NULL,'TOCount',NULL,97),
 (614,'',455,74,59,NULL,'0',NULL,'0',NULL,120,NULL,1,NULL,'countP5',NULL,96),
 (633,'',455,77,59,NULL,'0',NULL,'0',NULL,120,NULL,1,NULL,'countP5',NULL,96),
 (587,'',392,71,59,NULL,'0',NULL,'0',NULL,120,NULL,1,NULL,'totalCount',NULL,85),
 (612,'',450,74,59,NULL,'0',NULL,'0',NULL,120,NULL,1,NULL,'totalCount',NULL,85),
 (519,'',394,64,59,NULL,'0',NULL,'0',NULL,120,NULL,1,NULL,'countP1',NULL,87),
 (699,'',397,86,59,NULL,'0',NULL,'0',NULL,120,NULL,1,NULL,'countP5',NULL,96),
 (345,'9853f3f03583becb1fb2b61424946c87',0,0,55,'','0','','0','',120,'',1,'','count60','',71),
 (607,'',484,73,59,NULL,'0',NULL,'0',NULL,120,NULL,1,NULL,'TOCount',NULL,97),
 (609,'',453,74,59,NULL,'0',NULL,'0',NULL,120,NULL,1,NULL,'countP3',NULL,89),
 (610,'',452,74,59,NULL,'0',NULL,'0',NULL,120,NULL,1,NULL,'countP1',NULL,87),
 (611,'',451,74,59,NULL,'0',NULL,'0',NULL,120,NULL,1,NULL,'countP2',NULL,88),
 (586,'',393,71,59,NULL,'0',NULL,'0',NULL,120,NULL,1,NULL,'countP2',NULL,88),
 (606,'',455,73,59,NULL,'0',NULL,'0',NULL,120,NULL,1,NULL,'countP5',NULL,96),
 (600,'',449,73,59,NULL,'0',NULL,'0',NULL,120,NULL,1,NULL,'averageTime',NULL,86),
 (608,'',454,74,59,NULL,'0',NULL,'0',NULL,120,NULL,1,NULL,'countP4',NULL,95),
 (518,'',395,64,59,NULL,'0',NULL,'0',NULL,120,NULL,1,NULL,'countP3',NULL,89),
 (632,'',449,77,59,NULL,'0',NULL,'0',NULL,120,NULL,1,NULL,'averageTime',NULL,86),
 (698,'',470,86,59,NULL,'0',NULL,'0',NULL,120,NULL,1,NULL,'TOCount',NULL,97),
 (737,'',736,97,64,NULL,'0',NULL,'0',NULL,120,NULL,1,NULL,'ConnectionDelayTime',NULL,125),
 (736,'a943554ff9ac1b68ef10c0c5d6bf2e64',0,0,64,'','0','','0','',120,'',1,'','ConnectionDelayTime','',125),
 (735,'7abbbeb1c15cd22a8c946be1088185ed',0,0,64,'','0','','0','',120,'',1,'','ActiveConnectionsHC','',124),
 (734,'45737ec530a8c3f4eaa055af8a0a656a',0,0,64,'','0','','0','',120,'',1,'','ActiveConnectionsCC','',123),
 (740,'c1ddec77f8eb756f09af6ba1acc53492',0,0,64,'','0','','0','',120,'',1,'','ConnectionsTC','',126),
 (739,'',734,97,64,NULL,'0',NULL,'0',NULL,120,NULL,1,NULL,'ActiveConnectionsCC',NULL,123),
 (738,'',735,97,64,NULL,'0',NULL,'0',NULL,120,NULL,1,NULL,'ActiveConnectionsHC',NULL,124),
 (664,'',395,81,59,NULL,'0',NULL,'0',NULL,120,NULL,1,NULL,'countP3',NULL,89),
 (663,'',454,80,59,NULL,'0',NULL,'0',NULL,120,NULL,1,NULL,'countP4',NULL,95),
 (662,'',455,80,59,NULL,'0',NULL,'0',NULL,120,NULL,1,NULL,'countP5',NULL,96),
 (661,'',484,80,59,NULL,'0',NULL,'0',NULL,120,NULL,1,NULL,'TOCount',NULL,97),
 (655,'',484,79,59,NULL,'0',NULL,'0',NULL,120,NULL,1,NULL,'TOCount',NULL,97),
 (654,'',455,79,59,NULL,'0',NULL,'0',NULL,120,NULL,1,NULL,'countP5',NULL,96),
 (653,'',454,79,59,NULL,'0',NULL,'0',NULL,120,NULL,1,NULL,'countP4',NULL,95),
 (643,'',484,78,59,NULL,'0',NULL,'0',NULL,120,NULL,1,NULL,'TOCount',NULL,97),
 (642,'',454,78,59,NULL,'0',NULL,'0',NULL,120,NULL,1,NULL,'countP4',NULL,95),
 (641,'',453,78,59,NULL,'0',NULL,'0',NULL,120,NULL,1,NULL,'countP3',NULL,89),
 (640,'',452,78,59,NULL,'0',NULL,'0',NULL,120,NULL,1,NULL,'countP1',NULL,87),
 (639,'',450,77,59,NULL,'0',NULL,'0',NULL,120,NULL,1,NULL,'totalCount',NULL,85),
 (638,'',451,77,59,NULL,'0',NULL,'0',NULL,120,NULL,1,NULL,'countP2',NULL,88),
 (385,'fa17f2de34dd13ec7d4bd95682821a87',0,0,56,'','0','','0','',600,'',1,'','count5306740234','',81),
 (386,'cbdd656d4dd266e59063215fe43b4620',0,0,56,'','0','','0','',120,'',1,'','count5306740294','',82),
 (387,'',385,47,56,NULL,'0',NULL,'0',NULL,600,NULL,1,NULL,'count5306740234',NULL,81),
 (388,'',386,47,56,NULL,'0',NULL,'0',NULL,120,NULL,1,NULL,'count5306740294',NULL,82),
 (564,'',391,68,59,NULL,'0',NULL,'0',NULL,120,NULL,1,NULL,'averageTime',NULL,86),
 (405,'',0,50,60,NULL,'0',NULL,'0',NULL,120,NULL,1,NULL,'averageTime',NULL,86),
 (537,'0c1cf10c55a5baa00dcd5fe49be15d1f',0,0,60,'','0','','0','',120,'',1,'','countP1','',87),
 (536,'2ee9110afdf485d2f5ef3f42309c3c13',0,0,60,'','0','','0','',120,'',1,'','countP2','',88),
 (535,'ac25f5df299acd73d39f4fbe7e878778',0,0,60,'','0','','0','',120,'',1,'','totalCount','',85),
 (534,'f913bcffaea5a659fed97caabcd76ecd',0,0,60,'','0','','0','',120,'',1,'','averageTime','',86),
 (592,'',454,72,59,NULL,'0',NULL,'0',NULL,120,NULL,1,NULL,'countP4',NULL,95),
 (562,'',393,68,59,NULL,'0',NULL,'0',NULL,120,NULL,1,NULL,'countP2',NULL,88),
 (563,'',392,68,59,NULL,'0',NULL,'0',NULL,120,NULL,1,NULL,'totalCount',NULL,85),
 (561,'',394,68,59,NULL,'0',NULL,'0',NULL,120,NULL,1,NULL,'countP1',NULL,87),
 (560,'',395,68,59,NULL,'0',NULL,'0',NULL,120,NULL,1,NULL,'countP3',NULL,89),
 (406,'',0,50,60,NULL,'0',NULL,'0',NULL,120,NULL,1,NULL,'totalCount',NULL,85),
 (407,'',0,50,60,NULL,'0',NULL,'0',NULL,120,NULL,1,NULL,'countP2',NULL,88),
 (408,'',0,50,60,NULL,'0',NULL,'0',NULL,120,NULL,1,NULL,'countP1',NULL,87),
 (409,'',0,50,60,NULL,'0',NULL,'0',NULL,120,NULL,1,NULL,'countP3',NULL,89),
 (410,'',0,50,60,NULL,'0',NULL,'0',NULL,120,NULL,1,NULL,'countP4',NULL,95),
 (411,'',0,50,60,NULL,'0',NULL,'0',NULL,120,NULL,1,NULL,'countP5',NULL,96),
 (419,'',0,52,60,NULL,'0',NULL,'0',NULL,120,NULL,1,NULL,'countP3',NULL,89),
 (420,'',0,52,60,NULL,'0',NULL,'0',NULL,120,NULL,1,NULL,'countP1',NULL,87),
 (421,'',0,52,60,NULL,'0',NULL,'0',NULL,120,NULL,1,NULL,'countP2',NULL,88),
 (422,'',0,52,60,NULL,'0',NULL,'0',NULL,120,NULL,1,NULL,'totalCount',NULL,85),
 (423,'',0,52,60,NULL,'0',NULL,'0',NULL,120,NULL,1,NULL,'averageTime',NULL,86),
 (424,'',0,52,60,NULL,'0',NULL,'0',NULL,120,NULL,1,NULL,'countP4',NULL,95),
 (425,'',0,52,60,NULL,'0',NULL,'0',NULL,120,NULL,1,NULL,'countP5',NULL,96),
 (426,'',0,53,60,NULL,'0',NULL,'0',NULL,120,NULL,1,NULL,'countP3',NULL,89),
 (427,'',0,53,60,NULL,'0',NULL,'0',NULL,120,NULL,1,NULL,'countP1',NULL,87),
 (428,'',0,53,60,NULL,'0',NULL,'0',NULL,120,NULL,1,NULL,'countP2',NULL,88),
 (429,'',0,53,60,NULL,'0',NULL,'0',NULL,120,NULL,1,NULL,'totalCount',NULL,85),
 (430,'',0,53,60,NULL,'0',NULL,'0',NULL,120,NULL,1,NULL,'averageTime',NULL,86),
 (431,'',0,53,60,NULL,'0',NULL,'0',NULL,120,NULL,1,NULL,'countP4',NULL,95),
 (432,'',0,53,60,NULL,'0',NULL,'0',NULL,120,NULL,1,NULL,'countP5',NULL,96),
 (433,'',0,54,59,NULL,'0',NULL,'0',NULL,120,NULL,1,NULL,'countP3',NULL,89),
 (434,'',0,54,59,NULL,'0',NULL,'0',NULL,120,NULL,1,NULL,'countP1',NULL,87),
 (435,'',0,54,59,NULL,'0',NULL,'0',NULL,120,NULL,1,NULL,'countP2',NULL,88),
 (436,'',0,54,59,NULL,'0',NULL,'0',NULL,120,NULL,1,NULL,'totalCount',NULL,85),
 (437,'',0,54,59,NULL,'0',NULL,'0',NULL,120,NULL,1,NULL,'averageTime',NULL,86),
 (438,'',0,54,59,NULL,'0',NULL,'0',NULL,120,NULL,1,NULL,'countP4',NULL,95),
 (439,'',0,54,59,NULL,'0',NULL,'0',NULL,120,NULL,1,NULL,'countP5',NULL,96),
 (660,'',451,80,59,NULL,'0',NULL,'0',NULL,120,NULL,1,NULL,'countP2',NULL,88),
 (659,'',450,80,59,NULL,'0',NULL,'0',NULL,120,NULL,1,NULL,'totalCount',NULL,85),
 (658,'',449,80,59,NULL,'0',NULL,'0',NULL,120,NULL,1,NULL,'averageTime',NULL,86),
 (657,'',452,80,59,NULL,'0',NULL,'0',NULL,120,NULL,1,NULL,'countP1',NULL,87),
 (656,'',453,80,59,NULL,'0',NULL,'0',NULL,120,NULL,1,NULL,'countP3',NULL,89),
 (447,'',385,56,56,NULL,'0',NULL,'0',NULL,600,NULL,1,NULL,'count5306740234',NULL,81),
 (448,'',386,56,56,NULL,'0',NULL,'0',NULL,120,NULL,1,NULL,'count5306740294',NULL,82),
 (449,'be5f088868862ca30c7194abf5f203c2',0,0,59,'','0','','0','',120,'',1,'','averageTime','',86),
 (450,'a1502d2b74b15ab6afb3676684f7046f',0,0,59,'','0','','0','',120,'',1,'','totalCount','',85),
 (451,'cffdd855b9070a9c56f551cd7b5ba361',0,0,59,NULL,'0',NULL,'0',NULL,120,NULL,1,NULL,'countP2',NULL,88),
 (452,'0146c2377800ee20d845e28ed44b59d5',0,0,59,NULL,'0',NULL,'0',NULL,120,NULL,1,NULL,'countP1',NULL,87),
 (453,'dd5a0a40702280f0ebe111d4cb703888',0,0,59,NULL,'0',NULL,'0',NULL,120,NULL,1,NULL,'countP3',NULL,89),
 (454,'a9574f9c451bf71cf1c55f2a6eebba65',0,0,59,'','0','','0','',120,'',1,'','countP4','',95),
 (455,'2d6e5e50c25772832aec2edf8121e309',0,0,59,'','0','','0','',120,'',1,'','countP5','',96),
 (456,'',395,57,60,NULL,'0',NULL,'0',NULL,120,NULL,1,NULL,'countP3',NULL,89),
 (457,'',394,57,60,NULL,'0',NULL,'0',NULL,120,NULL,1,NULL,'countP1',NULL,87),
 (458,'',393,57,60,NULL,'0',NULL,'0',NULL,120,NULL,1,NULL,'countP2',NULL,88),
 (459,'',392,57,60,NULL,'0',NULL,'0',NULL,120,NULL,1,NULL,'totalCount',NULL,85),
 (460,'',391,57,60,NULL,'0',NULL,'0',NULL,120,NULL,1,NULL,'averageTime',NULL,86),
 (461,'',396,57,60,NULL,'0',NULL,'0',NULL,120,NULL,1,NULL,'countP4',NULL,95),
 (462,'',397,57,60,NULL,'0',NULL,'0',NULL,120,NULL,1,NULL,'countP5',NULL,96),
 (581,'',454,70,59,NULL,'0',NULL,'0',NULL,120,NULL,1,NULL,'countP4',NULL,95),
 (580,'',453,70,59,NULL,'0',NULL,'0',NULL,120,NULL,1,NULL,'countP3',NULL,89),
 (579,'',452,70,59,NULL,'0',NULL,'0',NULL,120,NULL,1,NULL,'countP1',NULL,87),
 (577,'',450,70,59,NULL,'0',NULL,'0',NULL,120,NULL,1,NULL,'totalCount',NULL,85),
 (578,'',451,70,59,NULL,'0',NULL,'0',NULL,120,NULL,1,NULL,'countP2',NULL,88),
 (575,'',0,69,60,NULL,'0',NULL,'0',NULL,120,NULL,1,NULL,'TOCount',NULL,97),
 (576,'',449,70,59,NULL,'0',NULL,'0',NULL,120,NULL,1,NULL,'averageTime',NULL,86),
 (472,'',0,50,60,NULL,'0',NULL,'0',NULL,120,NULL,1,NULL,'TOCount',NULL,97),
 (473,'',0,52,60,NULL,'0',NULL,'0',NULL,120,NULL,1,NULL,'TOCount',NULL,97),
 (474,'',0,53,60,NULL,'0',NULL,'0',NULL,120,NULL,1,NULL,'TOCount',NULL,97),
 (475,'',0,54,59,NULL,'0',NULL,'0',NULL,120,NULL,1,NULL,'TOCount',NULL,97),
 (583,'',484,70,59,NULL,'0',NULL,'0',NULL,120,NULL,1,NULL,'TOCount',NULL,97),
 (582,'',455,70,59,NULL,'0',NULL,'0',NULL,120,NULL,1,NULL,'countP5',NULL,96),
 (574,'',0,69,60,NULL,'0',NULL,'0',NULL,120,NULL,1,NULL,'countP5',NULL,96),
 (573,'',0,69,60,NULL,'0',NULL,'0',NULL,120,NULL,1,NULL,'countP4',NULL,95),
 (572,'',0,69,60,NULL,'0',NULL,'0',NULL,120,NULL,1,NULL,'averageTime',NULL,86),
 (484,'d9fc205736846e093a360cd7f3a073a7',0,0,59,'','0','','0','',120,'',1,'','TOCount','',97),
 (485,'',484,57,60,NULL,'0',NULL,'0',NULL,120,NULL,1,NULL,'TOCount',NULL,97),
 (486,'',395,60,59,NULL,'0',NULL,'0',NULL,120,NULL,1,NULL,'countP3',NULL,89),
 (487,'',394,60,59,NULL,'0',NULL,'0',NULL,120,NULL,1,NULL,'countP1',NULL,87),
 (488,'',393,60,59,NULL,'0',NULL,'0',NULL,120,NULL,1,NULL,'countP2',NULL,88),
 (489,'',392,60,59,NULL,'0',NULL,'0',NULL,120,NULL,1,NULL,'totalCount',NULL,85),
 (490,'',391,60,59,NULL,'0',NULL,'0',NULL,120,NULL,1,NULL,'averageTime',NULL,86),
 (491,'',396,60,59,NULL,'0',NULL,'0',NULL,120,NULL,1,NULL,'countP4',NULL,95),
 (492,'',397,60,59,NULL,'0',NULL,'0',NULL,120,NULL,1,NULL,'countP5',NULL,96),
 (493,'',470,60,59,NULL,'0',NULL,'0',NULL,120,NULL,1,NULL,'TOCount',NULL,97),
 (494,'',395,61,59,NULL,'0',NULL,'0',NULL,120,NULL,1,NULL,'countP3',NULL,89),
 (495,'',394,61,59,NULL,'0',NULL,'0',NULL,120,NULL,1,NULL,'countP1',NULL,87),
 (496,'',393,61,59,NULL,'0',NULL,'0',NULL,120,NULL,1,NULL,'countP2',NULL,88),
 (497,'',392,61,59,NULL,'0',NULL,'0',NULL,120,NULL,1,NULL,'totalCount',NULL,85),
 (498,'',391,61,59,NULL,'0',NULL,'0',NULL,120,NULL,1,NULL,'averageTime',NULL,86),
 (499,'',396,61,59,NULL,'0',NULL,'0',NULL,120,NULL,1,NULL,'countP4',NULL,95),
 (500,'',397,61,59,NULL,'0',NULL,'0',NULL,120,NULL,1,NULL,'countP5',NULL,96),
 (501,'',470,61,59,NULL,'0',NULL,'0',NULL,120,NULL,1,NULL,'TOCount',NULL,97),
 (571,'',0,69,60,NULL,'0',NULL,'0',NULL,120,NULL,1,NULL,'totalCount',NULL,85),
 (570,'',0,69,60,NULL,'0',NULL,'0',NULL,120,NULL,1,NULL,'countP2',NULL,88),
 (569,'',0,69,60,NULL,'0',NULL,'0',NULL,120,NULL,1,NULL,'countP1',NULL,87),
 (568,'',0,69,60,NULL,'0',NULL,'0',NULL,120,NULL,1,NULL,'countP3',NULL,89),
 (567,'',484,68,59,NULL,'0',NULL,'0',NULL,120,NULL,1,NULL,'TOCount',NULL,97),
 (566,'',397,68,59,NULL,'0',NULL,'0',NULL,120,NULL,1,NULL,'countP5',NULL,96),
 (565,'',396,68,59,NULL,'0',NULL,'0',NULL,120,NULL,1,NULL,'countP4',NULL,95),
 (510,'',395,63,59,NULL,'0',NULL,'0',NULL,120,NULL,1,NULL,'countP3',NULL,89),
 (511,'',394,63,59,NULL,'0',NULL,'0',NULL,120,NULL,1,NULL,'countP1',NULL,87),
 (512,'',393,63,59,NULL,'0',NULL,'0',NULL,120,NULL,1,NULL,'countP2',NULL,88),
 (513,'',392,63,59,NULL,'0',NULL,'0',NULL,120,NULL,1,NULL,'totalCount',NULL,85),
 (514,'',391,63,59,NULL,'0',NULL,'0',NULL,120,NULL,1,NULL,'averageTime',NULL,86),
 (515,'',396,63,59,NULL,'0',NULL,'0',NULL,120,NULL,1,NULL,'countP4',NULL,95),
 (516,'',397,63,59,NULL,'0',NULL,'0',NULL,120,NULL,1,NULL,'countP5',NULL,96),
 (517,'',470,63,59,NULL,'0',NULL,'0',NULL,120,NULL,1,NULL,'TOCount',NULL,97),
 (524,'',397,64,59,NULL,'0',NULL,'0',NULL,120,NULL,1,NULL,'countP5',NULL,96),
 (525,'',470,64,59,NULL,'0',NULL,'0',NULL,120,NULL,1,NULL,'TOCount',NULL,97),
 (538,'61a1c1e90de721f3072cb7534ac573ef',0,0,60,'','0','','0','',120,'',1,'','countP3','',89),
 (539,'60e31b2adc81efbe05d7702b46aecfb3',0,0,60,'','0','','0','',120,'',1,'','countP4','',95),
 (540,'acbc09f7884f33207053a00d1e798ed6',0,0,60,'','0','','0','',120,'',1,'','countP5','',96),
 (585,'',394,71,59,NULL,'0',NULL,'0',NULL,120,NULL,1,NULL,'countP1',NULL,87),
 (542,'',537,66,60,NULL,'0',NULL,'0',NULL,120,NULL,1,NULL,'countP1',NULL,87),
 (543,'',536,66,60,NULL,'0',NULL,'0',NULL,120,NULL,1,NULL,'countP2',NULL,88),
 (544,'',535,66,60,NULL,'0',NULL,'0',NULL,120,NULL,1,NULL,'totalCount',NULL,85),
 (545,'',534,66,60,NULL,'0',NULL,'0',NULL,120,NULL,1,NULL,'averageTime',NULL,86),
 (546,'',538,66,60,NULL,'0',NULL,'0',NULL,120,NULL,1,NULL,'countP3',NULL,89),
 (547,'',539,66,60,NULL,'0',NULL,'0',NULL,120,NULL,1,NULL,'countP4',NULL,95),
 (548,'',540,66,60,NULL,'0',NULL,'0',NULL,120,NULL,1,NULL,'countP5',NULL,96),
 (584,'',395,71,59,NULL,'0',NULL,'0',NULL,120,NULL,1,NULL,'countP3',NULL,89),
 (550,'94ab9567590a0ed330abcbd09c5e9131',0,0,61,'','0','','0','',120,'',1,'','totalCount','',110),
 (551,'67f2feb2535d07e09436dc0af06f162f',0,0,61,'','0','','0','',120,'',1,'','count200','',111),
 (552,'80cbce659c9dba18331e55b667f2c958',0,0,61,'','0','','0','',120,'',1,'','count302','',112),
 (553,'6ab49dfb3c2b1b649b760b9cb21c8969',0,0,61,'','0','','0','',120,'',1,'','count403','',113),
 (554,'dc0aa7794828803dce66431d9e2a83a4',0,0,61,'','0','','0','',120,'',1,'','count404','',114),
 (555,'',550,67,61,NULL,'0',NULL,'0',NULL,120,NULL,1,NULL,'totalCount',NULL,110),
 (556,'',551,67,61,NULL,'0',NULL,'0',NULL,120,NULL,1,NULL,'count200',NULL,111),
 (557,'',552,67,61,NULL,'0',NULL,'0',NULL,120,NULL,1,NULL,'count302',NULL,112),
 (558,'',553,67,61,NULL,'0',NULL,'0',NULL,120,NULL,1,NULL,'count403',NULL,113),
 (559,'',554,67,61,NULL,'0',NULL,'0',NULL,120,NULL,1,NULL,'count404',NULL,114),
 (593,'',453,72,59,NULL,'0',NULL,'0',NULL,120,NULL,1,NULL,'countP3',NULL,89),
 (594,'',452,72,59,NULL,'0',NULL,'0',NULL,120,NULL,1,NULL,'countP1',NULL,87),
 (595,'',450,72,59,NULL,'0',NULL,'0',NULL,120,NULL,1,NULL,'totalCount',NULL,85),
 (596,'',451,72,59,NULL,'0',NULL,'0',NULL,120,NULL,1,NULL,'countP2',NULL,88),
 (597,'',449,72,59,NULL,'0',NULL,'0',NULL,120,NULL,1,NULL,'averageTime',NULL,86),
 (598,'',484,72,59,NULL,'0',NULL,'0',NULL,120,NULL,1,NULL,'TOCount',NULL,97),
 (599,'',455,72,59,NULL,'0',NULL,'0',NULL,120,NULL,1,NULL,'countP5',NULL,96),
 (665,'',394,81,59,NULL,'0',NULL,'0',NULL,120,NULL,1,NULL,'countP1',NULL,87),
 (666,'',393,81,59,NULL,'0',NULL,'0',NULL,120,NULL,1,NULL,'countP2',NULL,88),
 (667,'',392,81,59,NULL,'0',NULL,'0',NULL,120,NULL,1,NULL,'totalCount',NULL,85),
 (668,'',391,81,59,NULL,'0',NULL,'0',NULL,120,NULL,1,NULL,'averageTime',NULL,86),
 (669,'',396,81,59,NULL,'0',NULL,'0',NULL,120,NULL,1,NULL,'countP4',NULL,95),
 (670,'',397,81,59,NULL,'0',NULL,'0',NULL,120,NULL,1,NULL,'countP5',NULL,96),
 (671,'',470,81,59,NULL,'0',NULL,'0',NULL,120,NULL,1,NULL,'TOCount',NULL,97),
 (672,'',396,82,59,NULL,'0',NULL,'0',NULL,120,NULL,1,NULL,'countP4',NULL,95),
 (673,'',391,82,59,NULL,'0',NULL,'0',NULL,120,NULL,1,NULL,'averageTime',NULL,86),
 (674,'',392,82,59,NULL,'0',NULL,'0',NULL,120,NULL,1,NULL,'totalCount',NULL,85),
 (675,'',393,82,59,NULL,'0',NULL,'0',NULL,120,NULL,1,NULL,'countP2',NULL,88),
 (676,'',394,82,59,NULL,'0',NULL,'0',NULL,120,NULL,1,NULL,'countP1',NULL,87),
 (677,'',395,82,59,NULL,'0',NULL,'0',NULL,120,NULL,1,NULL,'countP3',NULL,89),
 (678,'',397,82,59,NULL,'0',NULL,'0',NULL,120,NULL,1,NULL,'countP5',NULL,96),
 (679,'',470,82,59,NULL,'0',NULL,'0',NULL,120,NULL,1,NULL,'TOCount',NULL,97),
 (680,'',550,83,61,NULL,'0',NULL,'0',NULL,120,NULL,1,NULL,'totalCount',NULL,110),
 (681,'',551,83,61,NULL,'0',NULL,'0',NULL,120,NULL,1,NULL,'count200',NULL,111),
 (682,'',552,83,61,NULL,'0',NULL,'0',NULL,120,NULL,1,NULL,'count302',NULL,112),
 (683,'',553,83,61,NULL,'0',NULL,'0',NULL,120,NULL,1,NULL,'count403',NULL,113),
 (684,'',554,83,61,NULL,'0',NULL,'0',NULL,120,NULL,1,NULL,'count404',NULL,114),
 (685,'',550,84,61,NULL,'0',NULL,'0',NULL,120,NULL,1,NULL,'totalCount',NULL,110),
 (686,'',551,84,61,NULL,'0',NULL,'0',NULL,120,NULL,1,NULL,'count200',NULL,111),
 (687,'',552,84,61,NULL,'0',NULL,'0',NULL,120,NULL,1,NULL,'count302',NULL,112),
 (688,'',553,84,61,NULL,'0',NULL,'0',NULL,120,NULL,1,NULL,'count403',NULL,113),
 (689,'',554,84,61,NULL,'0',NULL,'0',NULL,120,NULL,1,NULL,'count404',NULL,114),
 (690,'',454,85,59,NULL,'0',NULL,'0',NULL,120,NULL,1,NULL,'countP4',NULL,95),
 (691,'',455,85,59,NULL,'0',NULL,'0',NULL,120,NULL,1,NULL,'countP5',NULL,96),
 (692,'',484,85,59,NULL,'0',NULL,'0',NULL,120,NULL,1,NULL,'TOCount',NULL,97),
 (693,'',451,85,59,NULL,'0',NULL,'0',NULL,120,NULL,1,NULL,'countP2',NULL,88),
 (694,'',450,85,59,NULL,'0',NULL,'0',NULL,120,NULL,1,NULL,'totalCount',NULL,85),
 (695,'',449,85,59,NULL,'0',NULL,'0',NULL,120,NULL,1,NULL,'averageTime',NULL,86),
 (696,'',452,85,59,NULL,'0',NULL,'0',NULL,120,NULL,1,NULL,'countP1',NULL,87),
 (697,'',453,85,59,NULL,'0',NULL,'0',NULL,120,NULL,1,NULL,'countP3',NULL,89),
 (704,'',394,86,59,NULL,'0',NULL,'0',NULL,120,NULL,1,NULL,'countP1',NULL,87),
 (705,'',395,86,59,NULL,'0',NULL,'0',NULL,120,NULL,1,NULL,'countP3',NULL,89),
 (772,'',758,99,64,NULL,'0',NULL,'0',NULL,120,NULL,1,NULL,'ConnAvailable',NULL,131),
 (771,'',755,99,64,NULL,'0',NULL,'0',NULL,120,NULL,1,NULL,'FailuresToReconnect',NULL,130),
 (709,'',454,89,59,NULL,'0',NULL,'0',NULL,120,NULL,1,NULL,'countP4',NULL,95),
 (710,'',455,89,59,NULL,'0',NULL,'0',NULL,120,NULL,1,NULL,'countP5',NULL,96),
 (711,'',484,89,59,NULL,'0',NULL,'0',NULL,120,NULL,1,NULL,'TOCount',NULL,97),
 (712,'',451,89,59,NULL,'0',NULL,'0',NULL,120,NULL,1,NULL,'countP2',NULL,88),
 (713,'',450,89,59,NULL,'0',NULL,'0',NULL,120,NULL,1,NULL,'totalCount',NULL,85),
 (714,'',449,89,59,NULL,'0',NULL,'0',NULL,120,NULL,1,NULL,'averageTime',NULL,86),
 (715,'',452,89,59,NULL,'0',NULL,'0',NULL,120,NULL,1,NULL,'countP1',NULL,87),
 (716,'',453,89,59,NULL,'0',NULL,'0',NULL,120,NULL,1,NULL,'countP3',NULL,89),
 (717,'',454,90,59,NULL,'0',NULL,'0',NULL,120,NULL,1,NULL,'countP4',NULL,95),
 (718,'',455,90,59,NULL,'0',NULL,'0',NULL,120,NULL,1,NULL,'countP5',NULL,96),
 (719,'',484,90,59,NULL,'0',NULL,'0',NULL,120,NULL,1,NULL,'TOCount',NULL,97),
 (720,'',451,90,59,NULL,'0',NULL,'0',NULL,120,NULL,1,NULL,'countP2',NULL,88),
 (721,'',450,90,59,NULL,'0',NULL,'0',NULL,120,NULL,1,NULL,'totalCount',NULL,85),
 (722,'',449,90,59,NULL,'0',NULL,'0',NULL,120,NULL,1,NULL,'averageTime',NULL,86),
 (723,'',452,90,59,NULL,'0',NULL,'0',NULL,120,NULL,1,NULL,'countP1',NULL,87),
 (724,'',453,90,59,NULL,'0',NULL,'0',NULL,120,NULL,1,NULL,'countP3',NULL,89),
 (730,'',217,93,54,NULL,'0',NULL,'0',NULL,120,NULL,1,NULL,'time',NULL,67),
 (731,'',217,94,54,NULL,'0',NULL,'0',NULL,120,NULL,1,NULL,'time',NULL,67),
 (732,'',217,95,54,NULL,'0',NULL,'0',NULL,120,NULL,1,NULL,'time',NULL,67),
 (733,'',217,96,54,NULL,'0',NULL,'0',NULL,120,NULL,1,NULL,'time',NULL,67),
 (741,'',740,97,64,NULL,'0',NULL,'0',NULL,120,NULL,1,NULL,'ConnectionsTC',NULL,126),
 (770,'',752,99,64,NULL,'0',NULL,'0',NULL,120,NULL,1,NULL,'FailedReserveRQC',NULL,129),
 (746,'f86283c634e16a2677e3bb11e2f5a490',0,0,64,'','0','','0','',120,'',1,'','CurrCapacity','',127),
 (747,'',746,97,64,NULL,'0',NULL,'0',NULL,120,NULL,1,NULL,'CurrCapacity',NULL,127),
 (769,'',749,99,64,NULL,'0',NULL,'0',NULL,120,NULL,1,NULL,'CurrCapacityHC',NULL,128),
 (749,'98f1962540c785134fb37ba1c48a53a2',0,0,64,'','0','','0','',120,'',1,'','CurrCapacityHC','',128),
 (750,'',749,97,64,NULL,'0',NULL,'0',NULL,120,NULL,1,NULL,'CurrCapacityHC',NULL,128),
 (768,'',746,99,64,NULL,'0',NULL,'0',NULL,120,NULL,1,NULL,'CurrCapacity',NULL,127),
 (752,'0d20a7ff4956ef3bc6c693fe35f95b28',0,0,64,'','0','','0','',120,'',1,'','FailedReserveRQC','',129),
 (753,'',752,97,64,NULL,'0',NULL,'0',NULL,120,NULL,1,NULL,'FailedReserveRQC',NULL,129),
 (767,'',740,99,64,NULL,'0',NULL,'0',NULL,120,NULL,1,NULL,'ConnectionsTC',NULL,126),
 (755,'f51cb7daf27cf1815d62013ddc22f029',0,0,64,'','0','','0','',120,'',1,'','FailuresToReconnect','',130),
 (756,'',755,97,64,NULL,'0',NULL,'0',NULL,120,NULL,1,NULL,'FailuresToReconnect',NULL,130),
 (766,'',734,99,64,NULL,'0',NULL,'0',NULL,120,NULL,1,NULL,'ActiveConnectionsCC',NULL,123),
 (758,'aea2bc1474c31311bb7e5c3de683b3d6',0,0,64,'','0','','0','',120,'',1,'','ConnAvailable','',131),
 (759,'',758,97,64,NULL,'0',NULL,'0',NULL,120,NULL,1,NULL,'ConnAvailable',NULL,131),
 (765,'',735,99,64,NULL,'0',NULL,'0',NULL,120,NULL,1,NULL,'ActiveConnectionsHC',NULL,124),
 (761,'5fbb44b8059e30caea4f69484a05df1c',0,0,64,'','0','','0','',120,'',1,'','ConnUnavailable','',132),
 (762,'',761,97,64,NULL,'0',NULL,'0',NULL,120,NULL,1,NULL,'ConnUnavailable',NULL,132),
 (764,'',736,99,64,NULL,'0',NULL,'0',NULL,120,NULL,1,NULL,'ConnectionDelayTime',NULL,125),
 (773,'',761,99,64,NULL,'0',NULL,'0',NULL,120,NULL,1,NULL,'ConnUnavailable',NULL,132),
 (774,'c4ed28ea66404fda008bc7b853447917',0,0,65,'','0','','0','on',120,'',1,'','pctMemoryFree','',139),
 (775,'',774,100,65,NULL,'0',NULL,'0',NULL,1800,NULL,1,NULL,'pctMemoryFree',NULL,139),
 (776,'',758,101,64,NULL,'0',NULL,'0',NULL,120,NULL,1,NULL,'ConnAvailable',NULL,131),
 (777,'',755,101,64,NULL,'0',NULL,'0',NULL,120,NULL,1,NULL,'FailuresToReconnect',NULL,130),
 (778,'',752,101,64,NULL,'0',NULL,'0',NULL,120,NULL,1,NULL,'FailedReserveRQC',NULL,129),
 (779,'',749,101,64,NULL,'0',NULL,'0',NULL,120,NULL,1,NULL,'CurrCapacityHC',NULL,128),
 (780,'',746,101,64,NULL,'0',NULL,'0',NULL,120,NULL,1,NULL,'CurrCapacity',NULL,127),
 (781,'',740,101,64,NULL,'0',NULL,'0',NULL,120,NULL,1,NULL,'ConnectionsTC',NULL,126),
 (782,'',734,101,64,NULL,'0',NULL,'0',NULL,120,NULL,1,NULL,'ActiveConnectionsCC',NULL,123),
 (783,'',735,101,64,NULL,'0',NULL,'0',NULL,120,NULL,1,NULL,'ActiveConnectionsHC',NULL,124),
 (784,'',736,101,64,NULL,'0',NULL,'0',NULL,120,NULL,1,NULL,'ConnectionDelayTime',NULL,125),
 (785,'',761,101,64,NULL,'0',NULL,'0',NULL,120,NULL,1,NULL,'ConnUnavailable',NULL,132),
 (786,'',395,102,59,NULL,'0',NULL,'0',NULL,120,NULL,1,NULL,'countP3',NULL,89),
 (787,'',394,102,59,NULL,'0',NULL,'0',NULL,120,NULL,1,NULL,'countP1',NULL,87),
 (788,'',393,102,59,NULL,'0',NULL,'0',NULL,120,NULL,1,NULL,'countP2',NULL,88),
 (789,'',392,102,59,NULL,'0',NULL,'0',NULL,120,NULL,1,NULL,'totalCount',NULL,85),
 (790,'',391,102,59,NULL,'0',NULL,'0',NULL,120,NULL,1,NULL,'averageTime',NULL,86),
 (791,'',396,102,59,NULL,'0',NULL,'0',NULL,120,NULL,1,NULL,'countP4',NULL,95),
 (792,'',397,102,59,NULL,'0',NULL,'0',NULL,120,NULL,1,NULL,'countP5',NULL,96),
 (793,'',470,102,59,NULL,'0',NULL,'0',NULL,120,NULL,1,NULL,'TOCount',NULL,97),
 (794,'',454,103,59,NULL,'0',NULL,'0',NULL,120,NULL,1,NULL,'countP4',NULL,95),
 (795,'',453,103,59,NULL,'0',NULL,'0',NULL,120,NULL,1,NULL,'countP3',NULL,89),
 (796,'',452,103,59,NULL,'0',NULL,'0',NULL,120,NULL,1,NULL,'countP1',NULL,87),
 (797,'',450,103,59,NULL,'0',NULL,'0',NULL,120,NULL,1,NULL,'totalCount',NULL,85),
 (798,'',451,103,59,NULL,'0',NULL,'0',NULL,120,NULL,1,NULL,'countP2',NULL,88),
 (799,'',449,103,59,NULL,'0',NULL,'0',NULL,120,NULL,1,NULL,'averageTime',NULL,86),
 (800,'',484,103,59,NULL,'0',NULL,'0',NULL,120,NULL,1,NULL,'TOCount',NULL,97),
 (801,'',455,103,59,NULL,'0',NULL,'0',NULL,120,NULL,1,NULL,'countP5',NULL,96),
 (802,'',454,104,59,NULL,'0',NULL,'0',NULL,120,NULL,1,NULL,'countP4',NULL,95),
 (803,'',453,104,59,NULL,'0',NULL,'0',NULL,120,NULL,1,NULL,'countP3',NULL,89),
 (804,'',452,104,59,NULL,'0',NULL,'0',NULL,120,NULL,1,NULL,'countP1',NULL,87),
 (805,'',451,104,59,NULL,'0',NULL,'0',NULL,120,NULL,1,NULL,'countP2',NULL,88),
 (806,'',450,104,59,NULL,'0',NULL,'0',NULL,120,NULL,1,NULL,'totalCount',NULL,85),
 (807,'',484,104,59,NULL,'0',NULL,'0',NULL,120,NULL,1,NULL,'TOCount',NULL,97),
 (808,'',455,104,59,NULL,'0',NULL,'0',NULL,120,NULL,1,NULL,'countP5',NULL,96),
 (809,'',449,104,59,NULL,'0',NULL,'0',NULL,120,NULL,1,NULL,'averageTime',NULL,86),
 (810,'',396,105,59,NULL,'0',NULL,'0',NULL,120,NULL,1,NULL,'countP4',NULL,95),
 (811,'',391,105,59,NULL,'0',NULL,'0',NULL,120,NULL,1,NULL,'averageTime',NULL,86),
 (812,'',392,105,59,NULL,'0',NULL,'0',NULL,120,NULL,1,NULL,'totalCount',NULL,85),
 (813,'',393,105,59,NULL,'0',NULL,'0',NULL,120,NULL,1,NULL,'countP2',NULL,88),
 (814,'',394,105,59,NULL,'0',NULL,'0',NULL,120,NULL,1,NULL,'countP1',NULL,87),
 (815,'',395,105,59,NULL,'0',NULL,'0',NULL,120,NULL,1,NULL,'countP3',NULL,89),
 (816,'',397,105,59,NULL,'0',NULL,'0',NULL,120,NULL,1,NULL,'countP5',NULL,96),
 (817,'',470,105,59,NULL,'0',NULL,'0',NULL,120,NULL,1,NULL,'TOCount',NULL,97),
 (818,'',453,106,59,NULL,'0',NULL,'0',NULL,120,NULL,1,NULL,'countP3',NULL,89),
 (819,'',452,106,59,NULL,'0',NULL,'0',NULL,120,NULL,1,NULL,'countP1',NULL,87),
 (820,'',449,106,59,NULL,'0',NULL,'0',NULL,120,NULL,1,NULL,'averageTime',NULL,86),
 (821,'',450,106,59,NULL,'0',NULL,'0',NULL,120,NULL,1,NULL,'totalCount',NULL,85),
 (822,'',451,106,59,NULL,'0',NULL,'0',NULL,120,NULL,1,NULL,'countP2',NULL,88),
 (823,'',484,106,59,NULL,'0',NULL,'0',NULL,120,NULL,1,NULL,'TOCount',NULL,97),
 (824,'',455,106,59,NULL,'0',NULL,'0',NULL,120,NULL,1,NULL,'countP5',NULL,96),
 (825,'',454,106,59,NULL,'0',NULL,'0',NULL,120,NULL,1,NULL,'countP4',NULL,95),
 (826,'',758,107,64,NULL,'0',NULL,'0',NULL,120,NULL,1,NULL,'ConnAvailable',NULL,131),
 (827,'',755,107,64,NULL,'0',NULL,'0',NULL,120,NULL,1,NULL,'FailuresToReconnect',NULL,130),
 (828,'',752,107,64,NULL,'0',NULL,'0',NULL,120,NULL,1,NULL,'FailedReserveRQC',NULL,129),
 (829,'',749,107,64,NULL,'0',NULL,'0',NULL,120,NULL,1,NULL,'CurrCapacityHC',NULL,128),
 (830,'',746,107,64,NULL,'0',NULL,'0',NULL,120,NULL,1,NULL,'CurrCapacity',NULL,127),
 (831,'',740,107,64,NULL,'0',NULL,'0',NULL,120,NULL,1,NULL,'ConnectionsTC',NULL,126),
 (832,'',734,107,64,NULL,'0',NULL,'0',NULL,120,NULL,1,NULL,'ActiveConnectionsCC',NULL,123),
 (833,'',735,107,64,NULL,'0',NULL,'0',NULL,120,NULL,1,NULL,'ActiveConnectionsHC',NULL,124),
 (834,'',736,107,64,NULL,'0',NULL,'0',NULL,120,NULL,1,NULL,'ConnectionDelayTime',NULL,125),
 (835,'',761,107,64,NULL,'0',NULL,'0',NULL,120,NULL,1,NULL,'ConnUnavailable',NULL,132),
 (836,'',758,108,64,NULL,'0',NULL,'0',NULL,120,NULL,1,NULL,'ConnAvailable',NULL,131),
 (837,'',755,108,64,NULL,'0',NULL,'0',NULL,120,NULL,1,NULL,'FailuresToReconnect',NULL,130),
 (838,'',752,108,64,NULL,'0',NULL,'0',NULL,120,NULL,1,NULL,'FailedReserveRQC',NULL,129),
 (839,'',749,108,64,NULL,'0',NULL,'0',NULL,120,NULL,1,NULL,'CurrCapacityHC',NULL,128),
 (840,'',746,108,64,NULL,'0',NULL,'0',NULL,120,NULL,1,NULL,'CurrCapacity',NULL,127),
 (841,'',740,108,64,NULL,'0',NULL,'0',NULL,120,NULL,1,NULL,'ConnectionsTC',NULL,126),
 (842,'',734,108,64,NULL,'0',NULL,'0',NULL,120,NULL,1,NULL,'ActiveConnectionsCC',NULL,123),
 (843,'',735,108,64,NULL,'0',NULL,'0',NULL,120,NULL,1,NULL,'ActiveConnectionsHC',NULL,124),
 (844,'',736,108,64,NULL,'0',NULL,'0',NULL,120,NULL,1,NULL,'ConnectionDelayTime',NULL,125),
 (845,'',761,108,64,NULL,'0',NULL,'0',NULL,120,NULL,1,NULL,'ConnUnavailable',NULL,132),
 (846,'',758,109,64,NULL,'0',NULL,'0',NULL,120,NULL,1,NULL,'ConnAvailable',NULL,131),
 (847,'',755,109,64,NULL,'0',NULL,'0',NULL,120,NULL,1,NULL,'FailuresToReconnect',NULL,130),
 (848,'',752,109,64,NULL,'0',NULL,'0',NULL,120,NULL,1,NULL,'FailedReserveRQC',NULL,129),
 (849,'',749,109,64,NULL,'0',NULL,'0',NULL,120,NULL,1,NULL,'CurrCapacityHC',NULL,128),
 (850,'',746,109,64,NULL,'0',NULL,'0',NULL,120,NULL,1,NULL,'CurrCapacity',NULL,127),
 (851,'',740,109,64,NULL,'0',NULL,'0',NULL,120,NULL,1,NULL,'ConnectionsTC',NULL,126),
 (852,'',734,109,64,NULL,'0',NULL,'0',NULL,120,NULL,1,NULL,'ActiveConnectionsCC',NULL,123),
 (853,'',735,109,64,NULL,'0',NULL,'0',NULL,120,NULL,1,NULL,'ActiveConnectionsHC',NULL,124),
 (854,'',736,109,64,NULL,'0',NULL,'0',NULL,120,NULL,1,NULL,'ConnectionDelayTime',NULL,125),
 (855,'',761,109,64,NULL,'0',NULL,'0',NULL,120,NULL,1,NULL,'ConnUnavailable',NULL,132),
 (856,'889ed4aa68d4057afdab9386cf1e85c0',0,0,64,'','0','','0','',120,'',1,'','WaitingConnectionCC','',133),
 (857,'',856,97,64,NULL,'0',NULL,'0',NULL,120,NULL,1,NULL,'WaitingConnectionCC',NULL,133),
 (858,'',856,99,64,NULL,'0',NULL,'0',NULL,120,NULL,1,NULL,'WaitingConnectionCC',NULL,133),
 (859,'',856,101,64,NULL,'0',NULL,'0',NULL,120,NULL,1,NULL,'WaitingConnectionCC',NULL,133),
 (860,'',856,107,64,NULL,'0',NULL,'0',NULL,120,NULL,1,NULL,'WaitingConnectionCC',NULL,133),
 (861,'',856,108,64,NULL,'0',NULL,'0',NULL,120,NULL,1,NULL,'WaitingConnectionCC',NULL,133),
 (862,'',856,109,64,NULL,'0',NULL,'0',NULL,120,NULL,1,NULL,'WaitingConnectionCC',NULL,133),
 (863,'c9085421cb65ee72f21bc2c3490aa4a9',0,0,64,'','0','','0','',120,'',1,'','WaitingConnectionHC','',135),
 (864,'',863,97,64,NULL,'0',NULL,'0',NULL,120,NULL,1,NULL,'WaitingConnectionHC',NULL,135),
 (865,'',863,99,64,NULL,'0',NULL,'0',NULL,120,NULL,1,NULL,'WaitingConnectionHC',NULL,135),
 (866,'',863,101,64,NULL,'0',NULL,'0',NULL,120,NULL,1,NULL,'WaitingConnectionHC',NULL,135),
 (867,'',863,107,64,NULL,'0',NULL,'0',NULL,120,NULL,1,NULL,'WaitingConnectionHC',NULL,135),
 (868,'',863,108,64,NULL,'0',NULL,'0',NULL,120,NULL,1,NULL,'WaitingConnectionHC',NULL,135),
 (869,'',863,109,64,NULL,'0',NULL,'0',NULL,120,NULL,1,NULL,'WaitingConnectionHC',NULL,135),
 (870,'',758,110,64,NULL,'0',NULL,'0',NULL,120,NULL,1,NULL,'ConnAvailable',NULL,131),
 (871,'',755,110,64,NULL,'0',NULL,'0',NULL,120,NULL,1,NULL,'FailuresToReconnect',NULL,130),
 (872,'',752,110,64,NULL,'0',NULL,'0',NULL,120,NULL,1,NULL,'FailedReserveRQC',NULL,129),
 (873,'',749,110,64,NULL,'0',NULL,'0',NULL,120,NULL,1,NULL,'CurrCapacityHC',NULL,128),
 (874,'',746,110,64,NULL,'0',NULL,'0',NULL,120,NULL,1,NULL,'CurrCapacity',NULL,127),
 (875,'',740,110,64,NULL,'0',NULL,'0',NULL,120,NULL,1,NULL,'ConnectionsTC',NULL,126),
 (876,'',734,110,64,NULL,'0',NULL,'0',NULL,120,NULL,1,NULL,'ActiveConnectionsCC',NULL,123),
 (877,'',735,110,64,NULL,'0',NULL,'0',NULL,120,NULL,1,NULL,'ActiveConnectionsHC',NULL,124),
 (878,'',736,110,64,NULL,'0',NULL,'0',NULL,120,NULL,1,NULL,'ConnectionDelayTime',NULL,125),
 (879,'',761,110,64,NULL,'0',NULL,'0',NULL,120,NULL,1,NULL,'ConnUnavailable',NULL,132),
 (880,'',856,110,64,NULL,'0',NULL,'0',NULL,120,NULL,1,NULL,'WaitingConnectionCC',NULL,133),
 (881,'',863,110,64,NULL,'0',NULL,'0',NULL,120,NULL,1,NULL,'WaitingConnectionHC',NULL,135),
 (882,'',758,111,64,NULL,'0',NULL,'0',NULL,120,NULL,1,NULL,'ConnAvailable',NULL,131),
 (883,'',755,111,64,NULL,'0',NULL,'0',NULL,120,NULL,1,NULL,'FailuresToReconnect',NULL,130),
 (884,'',752,111,64,NULL,'0',NULL,'0',NULL,120,NULL,1,NULL,'FailedReserveRQC',NULL,129),
 (885,'',749,111,64,NULL,'0',NULL,'0',NULL,120,NULL,1,NULL,'CurrCapacityHC',NULL,128),
 (886,'',746,111,64,NULL,'0',NULL,'0',NULL,120,NULL,1,NULL,'CurrCapacity',NULL,127),
 (887,'',740,111,64,NULL,'0',NULL,'0',NULL,120,NULL,1,NULL,'ConnectionsTC',NULL,126),
 (888,'',734,111,64,NULL,'0',NULL,'0',NULL,120,NULL,1,NULL,'ActiveConnectionsCC',NULL,123),
 (889,'',735,111,64,NULL,'0',NULL,'0',NULL,120,NULL,1,NULL,'ActiveConnectionsHC',NULL,124),
 (890,'',736,111,64,NULL,'0',NULL,'0',NULL,120,NULL,1,NULL,'ConnectionDelayTime',NULL,125),
 (891,'',761,111,64,NULL,'0',NULL,'0',NULL,120,NULL,1,NULL,'ConnUnavailable',NULL,132),
 (892,'',856,111,64,NULL,'0',NULL,'0',NULL,120,NULL,1,NULL,'WaitingConnectionCC',NULL,133),
 (893,'',863,111,64,NULL,'0',NULL,'0',NULL,120,NULL,1,NULL,'WaitingConnectionHC',NULL,135),
 (894,'',736,112,64,NULL,'0',NULL,'0',NULL,120,NULL,1,NULL,'ConnectionDelayTime',NULL,125),
 (895,'',734,112,64,NULL,'0',NULL,'0',NULL,120,NULL,1,NULL,'ActiveConnectionsCC',NULL,123),
 (896,'',735,112,64,NULL,'0',NULL,'0',NULL,120,NULL,1,NULL,'ActiveConnectionsHC',NULL,124),
 (897,'',740,112,64,NULL,'0',NULL,'0',NULL,120,NULL,1,NULL,'ConnectionsTC',NULL,126),
 (898,'',746,112,64,NULL,'0',NULL,'0',NULL,120,NULL,1,NULL,'CurrCapacity',NULL,127),
 (899,'',749,112,64,NULL,'0',NULL,'0',NULL,120,NULL,1,NULL,'CurrCapacityHC',NULL,128),
 (900,'',752,112,64,NULL,'0',NULL,'0',NULL,120,NULL,1,NULL,'FailedReserveRQC',NULL,129),
 (901,'',755,112,64,NULL,'0',NULL,'0',NULL,120,NULL,1,NULL,'FailuresToReconnect',NULL,130),
 (902,'',758,112,64,NULL,'0',NULL,'0',NULL,120,NULL,1,NULL,'ConnAvailable',NULL,131),
 (903,'',761,112,64,NULL,'0',NULL,'0',NULL,120,NULL,1,NULL,'ConnUnavailable',NULL,132),
 (904,'',856,112,64,NULL,'0',NULL,'0',NULL,120,NULL,1,NULL,'WaitingConnectionCC',NULL,133),
 (905,'',863,112,64,NULL,'0',NULL,'0',NULL,120,NULL,1,NULL,'WaitingConnectionHC',NULL,135),
 (906,'',736,113,64,NULL,'0',NULL,'0',NULL,120,NULL,1,NULL,'ConnectionDelayTime',NULL,125),
 (907,'',734,113,64,NULL,'0',NULL,'0',NULL,120,NULL,1,NULL,'ActiveConnectionsCC',NULL,123),
 (908,'',735,113,64,NULL,'0',NULL,'0',NULL,120,NULL,1,NULL,'ActiveConnectionsHC',NULL,124),
 (909,'',740,113,64,NULL,'0',NULL,'0',NULL,120,NULL,1,NULL,'ConnectionsTC',NULL,126),
 (910,'',746,113,64,NULL,'0',NULL,'0',NULL,120,NULL,1,NULL,'CurrCapacity',NULL,127),
 (911,'',749,113,64,NULL,'0',NULL,'0',NULL,120,NULL,1,NULL,'CurrCapacityHC',NULL,128),
 (912,'',752,113,64,NULL,'0',NULL,'0',NULL,120,NULL,1,NULL,'FailedReserveRQC',NULL,129),
 (913,'',755,113,64,NULL,'0',NULL,'0',NULL,120,NULL,1,NULL,'FailuresToReconnect',NULL,130),
 (914,'',758,113,64,NULL,'0',NULL,'0',NULL,120,NULL,1,NULL,'ConnAvailable',NULL,131),
 (915,'',761,113,64,NULL,'0',NULL,'0',NULL,120,NULL,1,NULL,'ConnUnavailable',NULL,132),
 (916,'',856,113,64,NULL,'0',NULL,'0',NULL,120,NULL,1,NULL,'WaitingConnectionCC',NULL,133),
 (917,'',863,113,64,NULL,'0',NULL,'0',NULL,120,NULL,1,NULL,'WaitingConnectionHC',NULL,135),
 (918,'',736,114,64,NULL,'0',NULL,'0',NULL,120,NULL,1,NULL,'ConnectionDelayTime',NULL,125),
 (919,'',734,114,64,NULL,'0',NULL,'0',NULL,120,NULL,1,NULL,'ActiveConnectionsCC',NULL,123),
 (920,'',735,114,64,NULL,'0',NULL,'0',NULL,120,NULL,1,NULL,'ActiveConnectionsHC',NULL,124),
 (921,'',740,114,64,NULL,'0',NULL,'0',NULL,120,NULL,1,NULL,'ConnectionsTC',NULL,126),
 (922,'',746,114,64,NULL,'0',NULL,'0',NULL,120,NULL,1,NULL,'CurrCapacity',NULL,127),
 (923,'',749,114,64,NULL,'0',NULL,'0',NULL,120,NULL,1,NULL,'CurrCapacityHC',NULL,128),
 (924,'',752,114,64,NULL,'0',NULL,'0',NULL,120,NULL,1,NULL,'FailedReserveRQC',NULL,129),
 (925,'',755,114,64,NULL,'0',NULL,'0',NULL,120,NULL,1,NULL,'FailuresToReconnect',NULL,130),
 (926,'',758,114,64,NULL,'0',NULL,'0',NULL,120,NULL,1,NULL,'ConnAvailable',NULL,131),
 (927,'',761,114,64,NULL,'0',NULL,'0',NULL,120,NULL,1,NULL,'ConnUnavailable',NULL,132),
 (928,'',856,114,64,NULL,'0',NULL,'0',NULL,120,NULL,1,NULL,'WaitingConnectionCC',NULL,133),
 (929,'',863,114,64,NULL,'0',NULL,'0',NULL,120,NULL,1,NULL,'WaitingConnectionHC',NULL,135),
 (930,'',736,115,64,NULL,'0',NULL,'0',NULL,120,NULL,1,NULL,'ConnectionDelayTime',NULL,125),
 (931,'',734,115,64,NULL,'0',NULL,'0',NULL,120,NULL,1,NULL,'ActiveConnectionsCC',NULL,123),
 (932,'',735,115,64,NULL,'0',NULL,'0',NULL,120,NULL,1,NULL,'ActiveConnectionsHC',NULL,124),
 (933,'',740,115,64,NULL,'0',NULL,'0',NULL,120,NULL,1,NULL,'ConnectionsTC',NULL,126),
 (934,'',746,115,64,NULL,'0',NULL,'0',NULL,120,NULL,1,NULL,'CurrCapacity',NULL,127),
 (935,'',749,115,64,NULL,'0',NULL,'0',NULL,120,NULL,1,NULL,'CurrCapacityHC',NULL,128),
 (936,'',752,115,64,NULL,'0',NULL,'0',NULL,120,NULL,1,NULL,'FailedReserveRQC',NULL,129),
 (937,'',755,115,64,NULL,'0',NULL,'0',NULL,120,NULL,1,NULL,'FailuresToReconnect',NULL,130),
 (938,'',758,115,64,NULL,'0',NULL,'0',NULL,120,NULL,1,NULL,'ConnAvailable',NULL,131),
 (939,'',761,115,64,NULL,'0',NULL,'0',NULL,120,NULL,1,NULL,'ConnUnavailable',NULL,132),
 (940,'',856,115,64,NULL,'0',NULL,'0',NULL,120,NULL,1,NULL,'WaitingConnectionCC',NULL,133),
 (941,'',863,115,64,NULL,'0',NULL,'0',NULL,120,NULL,1,NULL,'WaitingConnectionHC',NULL,135),
 (942,'',736,116,64,NULL,'0',NULL,'0',NULL,120,NULL,1,NULL,'ConnectionDelayTime',NULL,125),
 (943,'',734,116,64,NULL,'0',NULL,'0',NULL,120,NULL,1,NULL,'ActiveConnectionsCC',NULL,123),
 (944,'',735,116,64,NULL,'0',NULL,'0',NULL,120,NULL,1,NULL,'ActiveConnectionsHC',NULL,124),
 (945,'',740,116,64,NULL,'0',NULL,'0',NULL,120,NULL,1,NULL,'ConnectionsTC',NULL,126),
 (946,'',746,116,64,NULL,'0',NULL,'0',NULL,120,NULL,1,NULL,'CurrCapacity',NULL,127),
 (947,'',749,116,64,NULL,'0',NULL,'0',NULL,120,NULL,1,NULL,'CurrCapacityHC',NULL,128),
 (948,'',752,116,64,NULL,'0',NULL,'0',NULL,120,NULL,1,NULL,'FailedReserveRQC',NULL,129),
 (949,'',755,116,64,NULL,'0',NULL,'0',NULL,120,NULL,1,NULL,'FailuresToReconnect',NULL,130),
 (950,'',758,116,64,NULL,'0',NULL,'0',NULL,120,NULL,1,NULL,'ConnAvailable',NULL,131),
 (951,'',761,116,64,NULL,'0',NULL,'0',NULL,120,NULL,1,NULL,'ConnUnavailable',NULL,132),
 (952,'',856,116,64,NULL,'0',NULL,'0',NULL,120,NULL,1,NULL,'WaitingConnectionCC',NULL,133),
 (953,'',863,116,64,NULL,'0',NULL,'0',NULL,120,NULL,1,NULL,'WaitingConnectionHC',NULL,135),
 (954,'',736,117,64,NULL,'0',NULL,'0',NULL,120,NULL,1,NULL,'ConnectionDelayTime',NULL,125),
 (955,'',734,117,64,NULL,'0',NULL,'0',NULL,120,NULL,1,NULL,'ActiveConnectionsCC',NULL,123),
 (956,'',735,117,64,NULL,'0',NULL,'0',NULL,120,NULL,1,NULL,'ActiveConnectionsHC',NULL,124),
 (957,'',740,117,64,NULL,'0',NULL,'0',NULL,120,NULL,1,NULL,'ConnectionsTC',NULL,126),
 (958,'',746,117,64,NULL,'0',NULL,'0',NULL,120,NULL,1,NULL,'CurrCapacity',NULL,127),
 (959,'',749,117,64,NULL,'0',NULL,'0',NULL,120,NULL,1,NULL,'CurrCapacityHC',NULL,128),
 (960,'',752,117,64,NULL,'0',NULL,'0',NULL,120,NULL,1,NULL,'FailedReserveRQC',NULL,129),
 (961,'',755,117,64,NULL,'0',NULL,'0',NULL,120,NULL,1,NULL,'FailuresToReconnect',NULL,130),
 (962,'',758,117,64,NULL,'0',NULL,'0',NULL,120,NULL,1,NULL,'ConnAvailable',NULL,131),
 (963,'',761,117,64,NULL,'0',NULL,'0',NULL,120,NULL,1,NULL,'ConnUnavailable',NULL,132),
 (964,'',856,117,64,NULL,'0',NULL,'0',NULL,120,NULL,1,NULL,'WaitingConnectionCC',NULL,133),
 (965,'',863,117,64,NULL,'0',NULL,'0',NULL,120,NULL,1,NULL,'WaitingConnectionHC',NULL,135),
 (966,'',736,118,64,NULL,'0',NULL,'0',NULL,120,NULL,1,NULL,'ConnectionDelayTime',NULL,125),
 (967,'',734,118,64,NULL,'0',NULL,'0',NULL,120,NULL,1,NULL,'ActiveConnectionsCC',NULL,123),
 (968,'',735,118,64,NULL,'0',NULL,'0',NULL,120,NULL,1,NULL,'ActiveConnectionsHC',NULL,124),
 (969,'',740,118,64,NULL,'0',NULL,'0',NULL,120,NULL,1,NULL,'ConnectionsTC',NULL,126),
 (970,'',746,118,64,NULL,'0',NULL,'0',NULL,120,NULL,1,NULL,'CurrCapacity',NULL,127),
 (971,'',749,118,64,NULL,'0',NULL,'0',NULL,120,NULL,1,NULL,'CurrCapacityHC',NULL,128),
 (972,'',752,118,64,NULL,'0',NULL,'0',NULL,120,NULL,1,NULL,'FailedReserveRQC',NULL,129),
 (973,'',755,118,64,NULL,'0',NULL,'0',NULL,120,NULL,1,NULL,'FailuresToReconnect',NULL,130),
 (974,'',758,118,64,NULL,'0',NULL,'0',NULL,120,NULL,1,NULL,'ConnAvailable',NULL,131),
 (975,'',761,118,64,NULL,'0',NULL,'0',NULL,120,NULL,1,NULL,'ConnUnavailable',NULL,132),
 (976,'',856,118,64,NULL,'0',NULL,'0',NULL,120,NULL,1,NULL,'WaitingConnectionCC',NULL,133),
 (977,'',863,118,64,NULL,'0',NULL,'0',NULL,120,NULL,1,NULL,'WaitingConnectionHC',NULL,135),
 (978,'',736,119,64,NULL,'0',NULL,'0',NULL,120,NULL,1,NULL,'ConnectionDelayTime',NULL,125),
 (979,'',734,119,64,NULL,'0',NULL,'0',NULL,120,NULL,1,NULL,'ActiveConnectionsCC',NULL,123),
 (980,'',735,119,64,NULL,'0',NULL,'0',NULL,120,NULL,1,NULL,'ActiveConnectionsHC',NULL,124),
 (981,'',740,119,64,NULL,'0',NULL,'0',NULL,120,NULL,1,NULL,'ConnectionsTC',NULL,126),
 (982,'',746,119,64,NULL,'0',NULL,'0',NULL,120,NULL,1,NULL,'CurrCapacity',NULL,127),
 (983,'',749,119,64,NULL,'0',NULL,'0',NULL,120,NULL,1,NULL,'CurrCapacityHC',NULL,128),
 (984,'',752,119,64,NULL,'0',NULL,'0',NULL,120,NULL,1,NULL,'FailedReserveRQC',NULL,129),
 (985,'',755,119,64,NULL,'0',NULL,'0',NULL,120,NULL,1,NULL,'FailuresToReconnect',NULL,130),
 (986,'',758,119,64,NULL,'0',NULL,'0',NULL,120,NULL,1,NULL,'ConnAvailable',NULL,131),
 (987,'',761,119,64,NULL,'0',NULL,'0',NULL,120,NULL,1,NULL,'ConnUnavailable',NULL,132),
 (988,'',856,119,64,NULL,'0',NULL,'0',NULL,120,NULL,1,NULL,'WaitingConnectionCC',NULL,133),
 (989,'',863,119,64,NULL,'0',NULL,'0',NULL,120,NULL,1,NULL,'WaitingConnectionHC',NULL,135),
 (990,'96b85eafe7c3ae8534f9fc099411f36e',0,0,66,'','0','','0','',120,'',1,'','LISTEN','',141),
 (991,'42dce8febe6bb4359044a26684ee7dd2',0,0,66,'','0','','0','',120,'',1,'','CLOSING','',144),
 (992,'87f0c795e28c4b430d27ef6822655b89',0,0,66,'','0','','0','',120,'',1,'','ESTABLISHED','',142),
 (993,'f942ad87e330146e4c76cfe4e076a929',0,0,66,'','0','','0','',120,'',1,'','TIME_WAIT','',143),
 (1013,'',990,124,66,NULL,'0',NULL,'0',NULL,120,NULL,1,NULL,'LISTEN',NULL,141),
 (1012,'',991,124,66,NULL,'0',NULL,'0',NULL,120,NULL,1,NULL,'CLOSING',NULL,144),
 (1005,'',993,122,66,NULL,'0',NULL,'0',NULL,120,NULL,1,NULL,'TIME_WAIT',NULL,143),
 (1004,'',992,122,66,NULL,'0',NULL,'0',NULL,120,NULL,1,NULL,'ESTABLISHED',NULL,142),
 (1003,'',991,122,66,NULL,'0',NULL,'0',NULL,120,NULL,1,NULL,'CLOSING',NULL,144),
 (1002,'',990,122,66,NULL,'0',NULL,'0',NULL,120,NULL,1,NULL,'LISTEN',NULL,141),
 (1011,'',992,124,66,NULL,'0',NULL,'0',NULL,120,NULL,1,NULL,'ESTABLISHED',NULL,142),
 (1010,'',993,124,66,NULL,'0',NULL,'0',NULL,120,NULL,1,NULL,'TIME_WAIT',NULL,143),
 (1014,'cd150971fe551b59eead147fddecb725',0,0,61,'','0','','0','',120,'',1,'','count500','',148),
 (1015,'',1014,83,61,NULL,'0',NULL,'0',NULL,120,NULL,1,NULL,'count500',NULL,148),
 (1016,'',1014,67,61,NULL,'0',NULL,'0',NULL,120,NULL,1,NULL,'count500',NULL,148),
 (1017,'',1014,84,61,NULL,'0',NULL,'0',NULL,120,NULL,1,NULL,'count500',NULL,148),
 (1018,'',550,125,61,NULL,'0',NULL,'0',NULL,120,NULL,1,NULL,'totalCount',NULL,110),
 (1019,'',551,125,61,NULL,'0',NULL,'0',NULL,120,NULL,1,NULL,'count200',NULL,111),
 (1020,'',552,125,61,NULL,'0',NULL,'0',NULL,120,NULL,1,NULL,'count302',NULL,112),
 (1021,'',553,125,61,NULL,'0',NULL,'0',NULL,120,NULL,1,NULL,'count403',NULL,113),
 (1022,'',554,125,61,NULL,'0',NULL,'0',NULL,120,NULL,1,NULL,'count404',NULL,114),
 (1023,'',1014,125,61,NULL,'0',NULL,'0',NULL,120,NULL,1,NULL,'count500',NULL,148),
 (1024,'',550,126,61,NULL,'0',NULL,'0',NULL,120,NULL,1,NULL,'totalCount',NULL,110),
 (1025,'',551,126,61,NULL,'0',NULL,'0',NULL,120,NULL,1,NULL,'count200',NULL,111),
 (1026,'',552,126,61,NULL,'0',NULL,'0',NULL,120,NULL,1,NULL,'count302',NULL,112),
 (1027,'',553,126,61,NULL,'0',NULL,'0',NULL,120,NULL,1,NULL,'count403',NULL,113),
 (1028,'',554,126,61,NULL,'0',NULL,'0',NULL,120,NULL,1,NULL,'count404',NULL,114),
 (1029,'',1014,126,61,NULL,'0',NULL,'0',NULL,120,NULL,1,NULL,'count500',NULL,148),
 (1030,'',550,127,61,NULL,'0',NULL,'0',NULL,120,NULL,1,NULL,'totalCount',NULL,110),
 (1031,'',551,127,61,NULL,'0',NULL,'0',NULL,120,NULL,1,NULL,'count200',NULL,111),
 (1032,'',552,127,61,NULL,'0',NULL,'0',NULL,120,NULL,1,NULL,'count302',NULL,112),
 (1033,'',553,127,61,NULL,'0',NULL,'0',NULL,120,NULL,1,NULL,'count403',NULL,113),
 (1034,'',554,127,61,NULL,'0',NULL,'0',NULL,120,NULL,1,NULL,'count404',NULL,114),
 (1035,'',1014,127,61,NULL,'0',NULL,'0',NULL,120,NULL,1,NULL,'count500',NULL,148);
INSERT INTO `cacti`.`data_template_rrd` VALUES  (1036,'',454,128,59,NULL,'0',NULL,'0',NULL,120,NULL,1,NULL,'countP4',NULL,95),
 (1037,'',453,128,59,NULL,'0',NULL,'0',NULL,120,NULL,1,NULL,'countP3',NULL,89),
 (1038,'',452,128,59,NULL,'0',NULL,'0',NULL,120,NULL,1,NULL,'countP1',NULL,87),
 (1039,'',450,128,59,NULL,'0',NULL,'0',NULL,120,NULL,1,NULL,'totalCount',NULL,85),
 (1040,'',451,128,59,NULL,'0',NULL,'0',NULL,120,NULL,1,NULL,'countP2',NULL,88),
 (1041,'',449,128,59,NULL,'0',NULL,'0',NULL,120,NULL,1,NULL,'averageTime',NULL,86),
 (1042,'',484,128,59,NULL,'0',NULL,'0',NULL,120,NULL,1,NULL,'TOCount',NULL,97),
 (1043,'',455,128,59,NULL,'0',NULL,'0',NULL,120,NULL,1,NULL,'countP5',NULL,96),
 (1044,'',450,129,59,NULL,'0',NULL,'0',NULL,120,NULL,1,NULL,'totalCount',NULL,85),
 (1045,'',453,129,59,NULL,'0',NULL,'0',NULL,120,NULL,1,NULL,'countP3',NULL,89),
 (1046,'',452,129,59,NULL,'0',NULL,'0',NULL,120,NULL,1,NULL,'countP1',NULL,87),
 (1047,'',451,129,59,NULL,'0',NULL,'0',NULL,120,NULL,1,NULL,'countP2',NULL,88),
 (1048,'',454,129,59,NULL,'0',NULL,'0',NULL,120,NULL,1,NULL,'countP4',NULL,95),
 (1049,'',449,129,59,NULL,'0',NULL,'0',NULL,120,NULL,1,NULL,'averageTime',NULL,86),
 (1050,'',484,129,59,NULL,'0',NULL,'0',NULL,120,NULL,1,NULL,'TOCount',NULL,97),
 (1051,'',455,129,59,NULL,'0',NULL,'0',NULL,120,NULL,1,NULL,'countP5',NULL,96),
 (1052,'',449,130,59,NULL,'0',NULL,'0',NULL,120,NULL,1,NULL,'averageTime',NULL,86),
 (1053,'',450,130,59,NULL,'0',NULL,'0',NULL,120,NULL,1,NULL,'totalCount',NULL,85),
 (1054,'',451,130,59,NULL,'0',NULL,'0',NULL,120,NULL,1,NULL,'countP2',NULL,88),
 (1055,'',452,130,59,NULL,'0',NULL,'0',NULL,120,NULL,1,NULL,'countP1',NULL,87),
 (1056,'',453,130,59,NULL,'0',NULL,'0',NULL,120,NULL,1,NULL,'countP3',NULL,89),
 (1057,'',454,130,59,NULL,'0',NULL,'0',NULL,120,NULL,1,NULL,'countP4',NULL,95),
 (1058,'',455,130,59,NULL,'0',NULL,'0',NULL,120,NULL,1,NULL,'countP5',NULL,96),
 (1059,'',484,130,59,NULL,'0',NULL,'0',NULL,120,NULL,1,NULL,'TOCount',NULL,97),
 (1060,'',449,131,59,NULL,'0',NULL,'0',NULL,120,NULL,1,NULL,'averageTime',NULL,86),
 (1061,'',484,131,59,NULL,'0',NULL,'0',NULL,120,NULL,1,NULL,'TOCount',NULL,97),
 (1062,'',455,131,59,NULL,'0',NULL,'0',NULL,120,NULL,1,NULL,'countP5',NULL,96),
 (1063,'',450,131,59,NULL,'0',NULL,'0',NULL,120,NULL,1,NULL,'totalCount',NULL,85),
 (1064,'',453,131,59,NULL,'0',NULL,'0',NULL,120,NULL,1,NULL,'countP3',NULL,89),
 (1065,'',452,131,59,NULL,'0',NULL,'0',NULL,120,NULL,1,NULL,'countP1',NULL,87),
 (1066,'',451,131,59,NULL,'0',NULL,'0',NULL,120,NULL,1,NULL,'countP2',NULL,88),
 (1067,'',454,131,59,NULL,'0',NULL,'0',NULL,120,NULL,1,NULL,'countP4',NULL,95),
 (1068,'',449,132,59,NULL,'0',NULL,'0',NULL,120,NULL,1,NULL,'averageTime',NULL,86),
 (1069,'',484,132,59,NULL,'0',NULL,'0',NULL,120,NULL,1,NULL,'TOCount',NULL,97),
 (1070,'',455,132,59,NULL,'0',NULL,'0',NULL,120,NULL,1,NULL,'countP5',NULL,96),
 (1071,'',450,132,59,NULL,'0',NULL,'0',NULL,120,NULL,1,NULL,'totalCount',NULL,85),
 (1072,'',453,132,59,NULL,'0',NULL,'0',NULL,120,NULL,1,NULL,'countP3',NULL,89),
 (1073,'',452,132,59,NULL,'0',NULL,'0',NULL,120,NULL,1,NULL,'countP1',NULL,87),
 (1074,'',451,132,59,NULL,'0',NULL,'0',NULL,120,NULL,1,NULL,'countP2',NULL,88),
 (1075,'',454,132,59,NULL,'0',NULL,'0',NULL,120,NULL,1,NULL,'countP4',NULL,95),
 (1076,'',449,133,59,NULL,'0',NULL,'0',NULL,120,NULL,1,NULL,'averageTime',NULL,86),
 (1077,'',484,133,59,NULL,'0',NULL,'0',NULL,120,NULL,1,NULL,'TOCount',NULL,97),
 (1078,'',455,133,59,NULL,'0',NULL,'0',NULL,120,NULL,1,NULL,'countP5',NULL,96),
 (1079,'',450,133,59,NULL,'0',NULL,'0',NULL,120,NULL,1,NULL,'totalCount',NULL,85),
 (1080,'',453,133,59,NULL,'0',NULL,'0',NULL,120,NULL,1,NULL,'countP3',NULL,89),
 (1081,'',452,133,59,NULL,'0',NULL,'0',NULL,120,NULL,1,NULL,'countP1',NULL,87),
 (1082,'',451,133,59,NULL,'0',NULL,'0',NULL,120,NULL,1,NULL,'countP2',NULL,88),
 (1083,'',454,133,59,NULL,'0',NULL,'0',NULL,120,NULL,1,NULL,'countP4',NULL,95),
 (1084,'',451,134,59,NULL,'0',NULL,'0',NULL,120,NULL,1,NULL,'countP2',NULL,88),
 (1085,'',450,134,59,NULL,'0',NULL,'0',NULL,120,NULL,1,NULL,'totalCount',NULL,85),
 (1086,'',449,134,59,NULL,'0',NULL,'0',NULL,120,NULL,1,NULL,'averageTime',NULL,86),
 (1087,'',455,134,59,NULL,'0',NULL,'0',NULL,120,NULL,1,NULL,'countP5',NULL,96),
 (1088,'',484,134,59,NULL,'0',NULL,'0',NULL,120,NULL,1,NULL,'TOCount',NULL,97),
 (1089,'',454,134,59,NULL,'0',NULL,'0',NULL,120,NULL,1,NULL,'countP4',NULL,95),
 (1090,'',453,134,59,NULL,'0',NULL,'0',NULL,120,NULL,1,NULL,'countP3',NULL,89),
 (1091,'',452,134,59,NULL,'0',NULL,'0',NULL,120,NULL,1,NULL,'countP1',NULL,87),
 (1092,'',451,135,59,NULL,'0',NULL,'0',NULL,120,NULL,1,NULL,'countP2',NULL,88),
 (1093,'',450,135,59,NULL,'0',NULL,'0',NULL,120,NULL,1,NULL,'totalCount',NULL,85),
 (1094,'',449,135,59,NULL,'0',NULL,'0',NULL,120,NULL,1,NULL,'averageTime',NULL,86),
 (1095,'',455,135,59,NULL,'0',NULL,'0',NULL,120,NULL,1,NULL,'countP5',NULL,96),
 (1096,'',484,135,59,NULL,'0',NULL,'0',NULL,120,NULL,1,NULL,'TOCount',NULL,97),
 (1097,'',454,135,59,NULL,'0',NULL,'0',NULL,120,NULL,1,NULL,'countP4',NULL,95),
 (1098,'',453,135,59,NULL,'0',NULL,'0',NULL,120,NULL,1,NULL,'countP3',NULL,89),
 (1099,'',452,135,59,NULL,'0',NULL,'0',NULL,120,NULL,1,NULL,'countP1',NULL,87),
 (1100,'',452,136,59,NULL,'0',NULL,'0',NULL,120,NULL,1,NULL,'countP1',NULL,87),
 (1101,'',453,136,59,NULL,'0',NULL,'0',NULL,120,NULL,1,NULL,'countP3',NULL,89),
 (1102,'',454,136,59,NULL,'0',NULL,'0',NULL,120,NULL,1,NULL,'countP4',NULL,95),
 (1103,'',484,136,59,NULL,'0',NULL,'0',NULL,120,NULL,1,NULL,'TOCount',NULL,97),
 (1104,'',455,136,59,NULL,'0',NULL,'0',NULL,120,NULL,1,NULL,'countP5',NULL,96),
 (1105,'',449,136,59,NULL,'0',NULL,'0',NULL,120,NULL,1,NULL,'averageTime',NULL,86),
 (1106,'',450,136,59,NULL,'0',NULL,'0',NULL,120,NULL,1,NULL,'totalCount',NULL,85),
 (1107,'',451,136,59,NULL,'0',NULL,'0',NULL,120,NULL,1,NULL,'countP2',NULL,88),
 (1108,'',450,137,59,NULL,'0',NULL,'0',NULL,120,NULL,1,NULL,'totalCount',NULL,85),
 (1109,'',453,137,59,NULL,'0',NULL,'0',NULL,120,NULL,1,NULL,'countP3',NULL,89),
 (1110,'',452,137,59,NULL,'0',NULL,'0',NULL,120,NULL,1,NULL,'countP1',NULL,87),
 (1111,'',451,137,59,NULL,'0',NULL,'0',NULL,120,NULL,1,NULL,'countP2',NULL,88),
 (1112,'',454,137,59,NULL,'0',NULL,'0',NULL,120,NULL,1,NULL,'countP4',NULL,95),
 (1113,'',449,137,59,NULL,'0',NULL,'0',NULL,120,NULL,1,NULL,'averageTime',NULL,86),
 (1114,'',484,137,59,NULL,'0',NULL,'0',NULL,120,NULL,1,NULL,'TOCount',NULL,97),
 (1115,'',455,137,59,NULL,'0',NULL,'0',NULL,120,NULL,1,NULL,'countP5',NULL,96),
 (1116,'',454,138,59,NULL,'0',NULL,'0',NULL,120,NULL,1,NULL,'countP4',NULL,95),
 (1117,'',453,138,59,NULL,'0',NULL,'0',NULL,120,NULL,1,NULL,'countP3',NULL,89),
 (1118,'',452,138,59,NULL,'0',NULL,'0',NULL,120,NULL,1,NULL,'countP1',NULL,87),
 (1119,'',451,138,59,NULL,'0',NULL,'0',NULL,120,NULL,1,NULL,'countP2',NULL,88),
 (1120,'',450,138,59,NULL,'0',NULL,'0',NULL,120,NULL,1,NULL,'totalCount',NULL,85),
 (1121,'',484,138,59,NULL,'0',NULL,'0',NULL,120,NULL,1,NULL,'TOCount',NULL,97),
 (1122,'',455,138,59,NULL,'0',NULL,'0',NULL,120,NULL,1,NULL,'countP5',NULL,96),
 (1123,'',449,138,59,NULL,'0',NULL,'0',NULL,120,NULL,1,NULL,'averageTime',NULL,86),
 (1124,'834d5b736aa92f843a021488848b61d3',0,0,68,'','0','','0','',120,'',1,'','E1','',149),
 (1125,'ca4b27af03cf82a169d9ebe0dc2d411f',0,0,68,'','0','','0','',120,'',1,'','E2','',150),
 (1126,'2e6c47bceab00430f03d1a3ea450b4f8',0,0,68,'','0','','0','',120,'',1,'','E3','',151),
 (1127,'c90c73417706db0f1d206797ade933f3',0,0,68,'','0','','0','',120,'',1,'','E4','',152),
 (1128,'',1124,139,68,NULL,'0',NULL,'0',NULL,120,NULL,1,NULL,'E1',NULL,149),
 (1129,'',1125,139,68,NULL,'0',NULL,'0',NULL,120,NULL,1,NULL,'E2',NULL,150),
 (1130,'',1126,139,68,NULL,'0',NULL,'0',NULL,120,NULL,1,NULL,'E3',NULL,151),
 (1131,'',1127,139,68,NULL,'0',NULL,'0',NULL,120,NULL,1,NULL,'E4',NULL,152),
 (1132,'f42ec3b4bfce5135ff21d2a77c5e4841',0,0,68,'','0','','0','',120,'',1,'','E5','',153),
 (1133,'',1132,139,68,NULL,'0',NULL,'0',NULL,120,NULL,1,NULL,'E5',NULL,153),
 (1134,'9d0be6d7129e9d0c78b7e1f58d605779',0,0,68,'','0','','0','',120,'',1,'','E6','',154),
 (1135,'',1134,139,68,NULL,'0',NULL,'0',NULL,120,NULL,1,NULL,'E6',NULL,154),
 (1136,'f472fcdbf40a802e1468a3a450ceefa7',0,0,68,'','0','','0','',120,'',1,'','E7','',156),
 (1137,'',1136,139,68,NULL,'0',NULL,'0',NULL,120,NULL,1,NULL,'E7',NULL,156),
 (1138,'425563667cec5132e8b52cfddbca7ffe',0,0,68,'','0','','0','',120,'',1,'','E8','',157),
 (1139,'',1138,139,68,NULL,'0',NULL,'0',NULL,120,NULL,1,NULL,'E8',NULL,157),
 (1140,'',449,140,59,NULL,'0',NULL,'0',NULL,120,NULL,1,NULL,'averageTime',NULL,86),
 (1141,'',450,140,59,NULL,'0',NULL,'0',NULL,120,NULL,1,NULL,'totalCount',NULL,85),
 (1142,'',451,140,59,NULL,'0',NULL,'0',NULL,120,NULL,1,NULL,'countP2',NULL,88),
 (1143,'',452,140,59,NULL,'0',NULL,'0',NULL,120,NULL,1,NULL,'countP1',NULL,87),
 (1144,'',453,140,59,NULL,'0',NULL,'0',NULL,120,NULL,1,NULL,'countP3',NULL,89),
 (1145,'',454,140,59,NULL,'0',NULL,'0',NULL,120,NULL,1,NULL,'countP4',NULL,95),
 (1146,'',455,140,59,NULL,'0',NULL,'0',NULL,120,NULL,1,NULL,'countP5',NULL,96),
 (1147,'',484,140,59,NULL,'0',NULL,'0',NULL,120,NULL,1,NULL,'TOCount',NULL,97),
 (1148,'',44,141,37,NULL,'0',NULL,'0',NULL,600,NULL,1,NULL,'hdd_free',NULL,16),
 (1149,'',56,141,37,NULL,'0',NULL,'0',NULL,600,NULL,1,NULL,'hdd_used',NULL,16),
 (1150,'',150,142,51,NULL,'10000',NULL,'0',NULL,600,NULL,1,NULL,'pendingRequests',NULL,62),
 (1151,'',114,142,51,NULL,'1000',NULL,'1',NULL,600,NULL,1,NULL,'executeTotal',NULL,57),
 (1152,'',113,142,51,NULL,'0',NULL,'0',NULL,120,NULL,1,NULL,'activeThreads',NULL,56),
 (1153,'',148,142,51,NULL,'1000000',NULL,'0',NULL,600,NULL,2,NULL,'completedRequests',NULL,63),
 (1154,'',121,142,51,NULL,'1000',NULL,'0',NULL,600,NULL,1,NULL,'hoogingThreads',NULL,60),
 (1155,'',152,142,51,NULL,'1000',NULL,'0',NULL,600,NULL,1,NULL,'queueLength',NULL,61),
 (1156,'',117,142,51,NULL,'1000',NULL,'0',NULL,600,NULL,1,NULL,'executeIdle',NULL,58),
 (1157,'',119,142,51,NULL,'1000',NULL,'0',NULL,600,NULL,1,NULL,'standbyThreads',NULL,59),
 (1158,'',154,142,51,NULL,'300',NULL,'0',NULL,600,NULL,1,NULL,'throughput',NULL,64),
 (1159,'',150,143,51,NULL,'10000',NULL,'0',NULL,600,NULL,1,NULL,'pendingRequests',NULL,62),
 (1160,'',114,143,51,NULL,'1000',NULL,'1',NULL,600,NULL,1,NULL,'executeTotal',NULL,57),
 (1161,'',113,143,51,NULL,'0',NULL,'0',NULL,120,NULL,1,NULL,'activeThreads',NULL,56),
 (1162,'',148,143,51,NULL,'1000000',NULL,'0',NULL,600,NULL,2,NULL,'completedRequests',NULL,63),
 (1163,'',121,143,51,NULL,'1000',NULL,'0',NULL,600,NULL,1,NULL,'hoogingThreads',NULL,60),
 (1164,'',152,143,51,NULL,'1000',NULL,'0',NULL,600,NULL,1,NULL,'queueLength',NULL,61),
 (1165,'',117,143,51,NULL,'1000',NULL,'0',NULL,600,NULL,1,NULL,'executeIdle',NULL,58),
 (1166,'',119,143,51,NULL,'1000',NULL,'0',NULL,600,NULL,1,NULL,'standbyThreads',NULL,59),
 (1167,'',154,143,51,NULL,'300',NULL,'0',NULL,600,NULL,1,NULL,'throughput',NULL,64),
 (1168,'',470,144,59,NULL,'0',NULL,'0',NULL,120,NULL,1,NULL,'TOCount',NULL,97),
 (1169,'',397,144,59,NULL,'0',NULL,'0',NULL,120,NULL,1,NULL,'countP5',NULL,96),
 (1170,'',396,144,59,NULL,'0',NULL,'0',NULL,120,NULL,1,NULL,'countP4',NULL,95),
 (1171,'',391,144,59,NULL,'0',NULL,'0',NULL,120,NULL,1,NULL,'averageTime',NULL,86),
 (1172,'',392,144,59,NULL,'0',NULL,'0',NULL,120,NULL,1,NULL,'totalCount',NULL,85),
 (1173,'',393,144,59,NULL,'0',NULL,'0',NULL,120,NULL,1,NULL,'countP2',NULL,88),
 (1174,'',394,144,59,NULL,'0',NULL,'0',NULL,120,NULL,1,NULL,'countP1',NULL,87),
 (1175,'',395,144,59,NULL,'0',NULL,'0',NULL,120,NULL,1,NULL,'countP3',NULL,89),
 (1176,'',470,145,59,NULL,'0',NULL,'0',NULL,120,NULL,1,NULL,'TOCount',NULL,97),
 (1177,'',397,145,59,NULL,'0',NULL,'0',NULL,120,NULL,1,NULL,'countP5',NULL,96),
 (1178,'',396,145,59,NULL,'0',NULL,'0',NULL,120,NULL,1,NULL,'countP4',NULL,95),
 (1179,'',391,145,59,NULL,'0',NULL,'0',NULL,120,NULL,1,NULL,'averageTime',NULL,86),
 (1180,'',392,145,59,NULL,'0',NULL,'0',NULL,120,NULL,1,NULL,'totalCount',NULL,85),
 (1181,'',393,145,59,NULL,'0',NULL,'0',NULL,120,NULL,1,NULL,'countP2',NULL,88),
 (1182,'',394,145,59,NULL,'0',NULL,'0',NULL,120,NULL,1,NULL,'countP1',NULL,87),
 (1183,'',395,145,59,NULL,'0',NULL,'0',NULL,120,NULL,1,NULL,'countP3',NULL,89),
 (1184,'',470,146,59,NULL,'0',NULL,'0',NULL,120,NULL,1,NULL,'TOCount',NULL,97),
 (1185,'',397,146,59,NULL,'0',NULL,'0',NULL,120,NULL,1,NULL,'countP5',NULL,96),
 (1186,'',396,146,59,NULL,'0',NULL,'0',NULL,120,NULL,1,NULL,'countP4',NULL,95),
 (1187,'',391,146,59,NULL,'0',NULL,'0',NULL,120,NULL,1,NULL,'averageTime',NULL,86),
 (1188,'',392,146,59,NULL,'0',NULL,'0',NULL,120,NULL,1,NULL,'totalCount',NULL,85),
 (1189,'',393,146,59,NULL,'0',NULL,'0',NULL,120,NULL,1,NULL,'countP2',NULL,88),
 (1190,'',394,146,59,NULL,'0',NULL,'0',NULL,120,NULL,1,NULL,'countP1',NULL,87),
 (1191,'',395,146,59,NULL,'0',NULL,'0',NULL,120,NULL,1,NULL,'countP3',NULL,89),
 (1192,'',470,147,59,NULL,'0',NULL,'0',NULL,120,NULL,1,NULL,'TOCount',NULL,97),
 (1193,'',397,147,59,NULL,'0',NULL,'0',NULL,120,NULL,1,NULL,'countP5',NULL,96),
 (1194,'',396,147,59,NULL,'0',NULL,'0',NULL,120,NULL,1,NULL,'countP4',NULL,95),
 (1195,'',391,147,59,NULL,'0',NULL,'0',NULL,120,NULL,1,NULL,'averageTime',NULL,86),
 (1196,'',392,147,59,NULL,'0',NULL,'0',NULL,120,NULL,1,NULL,'totalCount',NULL,85),
 (1197,'',393,147,59,NULL,'0',NULL,'0',NULL,120,NULL,1,NULL,'countP2',NULL,88),
 (1198,'',394,147,59,NULL,'0',NULL,'0',NULL,120,NULL,1,NULL,'countP1',NULL,87),
 (1199,'',395,147,59,NULL,'0',NULL,'0',NULL,120,NULL,1,NULL,'countP3',NULL,89),
 (1200,'',454,148,59,NULL,'0',NULL,'0',NULL,120,NULL,1,NULL,'countP4',NULL,95),
 (1201,'',453,148,59,NULL,'0',NULL,'0',NULL,120,NULL,1,NULL,'countP3',NULL,89),
 (1202,'',452,148,59,NULL,'0',NULL,'0',NULL,120,NULL,1,NULL,'countP1',NULL,87),
 (1203,'',450,148,59,NULL,'0',NULL,'0',NULL,120,NULL,1,NULL,'totalCount',NULL,85),
 (1204,'',451,148,59,NULL,'0',NULL,'0',NULL,120,NULL,1,NULL,'countP2',NULL,88),
 (1205,'',449,148,59,NULL,'0',NULL,'0',NULL,120,NULL,1,NULL,'averageTime',NULL,86),
 (1206,'',484,148,59,NULL,'0',NULL,'0',NULL,120,NULL,1,NULL,'TOCount',NULL,97),
 (1207,'',455,148,59,NULL,'0',NULL,'0',NULL,120,NULL,1,NULL,'countP5',NULL,96),
 (1208,'',454,149,59,NULL,'0',NULL,'0',NULL,120,NULL,1,NULL,'countP4',NULL,95),
 (1209,'',453,149,59,NULL,'0',NULL,'0',NULL,120,NULL,1,NULL,'countP3',NULL,89),
 (1210,'',452,149,59,NULL,'0',NULL,'0',NULL,120,NULL,1,NULL,'countP1',NULL,87),
 (1211,'',450,149,59,NULL,'0',NULL,'0',NULL,120,NULL,1,NULL,'totalCount',NULL,85),
 (1212,'',451,149,59,NULL,'0',NULL,'0',NULL,120,NULL,1,NULL,'countP2',NULL,88),
 (1213,'',449,149,59,NULL,'0',NULL,'0',NULL,120,NULL,1,NULL,'averageTime',NULL,86),
 (1214,'',484,149,59,NULL,'0',NULL,'0',NULL,120,NULL,1,NULL,'TOCount',NULL,97),
 (1215,'',455,149,59,NULL,'0',NULL,'0',NULL,120,NULL,1,NULL,'countP5',NULL,96),
 (1216,'',550,150,61,NULL,'0',NULL,'0',NULL,120,NULL,1,NULL,'totalCount',NULL,110),
 (1217,'',551,150,61,NULL,'0',NULL,'0',NULL,120,NULL,1,NULL,'count200',NULL,111),
 (1218,'',552,150,61,NULL,'0',NULL,'0',NULL,120,NULL,1,NULL,'count302',NULL,112),
 (1219,'',553,150,61,NULL,'0',NULL,'0',NULL,120,NULL,1,NULL,'count403',NULL,113),
 (1220,'',554,150,61,NULL,'0',NULL,'0',NULL,120,NULL,1,NULL,'count404',NULL,114),
 (1221,'',1014,150,61,NULL,'0',NULL,'0',NULL,120,NULL,1,NULL,'count500',NULL,148),
 (1222,'',550,151,61,NULL,'0',NULL,'0',NULL,120,NULL,1,NULL,'totalCount',NULL,110),
 (1223,'',551,151,61,NULL,'0',NULL,'0',NULL,120,NULL,1,NULL,'count200',NULL,111),
 (1224,'',552,151,61,NULL,'0',NULL,'0',NULL,120,NULL,1,NULL,'count302',NULL,112),
 (1225,'',553,151,61,NULL,'0',NULL,'0',NULL,120,NULL,1,NULL,'count403',NULL,113),
 (1226,'',554,151,61,NULL,'0',NULL,'0',NULL,120,NULL,1,NULL,'count404',NULL,114),
 (1227,'',1014,151,61,NULL,'0',NULL,'0',NULL,120,NULL,1,NULL,'count500',NULL,148),
 (1228,'',537,152,60,NULL,'0',NULL,'0',NULL,120,NULL,1,NULL,'countP1',NULL,87),
 (1229,'',536,152,60,NULL,'0',NULL,'0',NULL,120,NULL,1,NULL,'countP2',NULL,88),
 (1230,'',535,152,60,NULL,'0',NULL,'0',NULL,120,NULL,1,NULL,'totalCount',NULL,85),
 (1231,'',534,152,60,NULL,'0',NULL,'0',NULL,120,NULL,1,NULL,'averageTime',NULL,86),
 (1232,'',538,152,60,NULL,'0',NULL,'0',NULL,120,NULL,1,NULL,'countP3',NULL,89),
 (1233,'',539,152,60,NULL,'0',NULL,'0',NULL,120,NULL,1,NULL,'countP4',NULL,95),
 (1234,'',540,152,60,NULL,'0',NULL,'0',NULL,120,NULL,1,NULL,'countP5',NULL,96),
 (1235,'',537,153,60,NULL,'0',NULL,'0',NULL,120,NULL,1,NULL,'countP1',NULL,87),
 (1236,'',536,153,60,NULL,'0',NULL,'0',NULL,120,NULL,1,NULL,'countP2',NULL,88),
 (1237,'',535,153,60,NULL,'0',NULL,'0',NULL,120,NULL,1,NULL,'totalCount',NULL,85),
 (1238,'',534,153,60,NULL,'0',NULL,'0',NULL,120,NULL,1,NULL,'averageTime',NULL,86),
 (1239,'',538,153,60,NULL,'0',NULL,'0',NULL,120,NULL,1,NULL,'countP3',NULL,89),
 (1240,'',539,153,60,NULL,'0',NULL,'0',NULL,120,NULL,1,NULL,'countP4',NULL,95),
 (1241,'',540,153,60,NULL,'0',NULL,'0',NULL,120,NULL,1,NULL,'countP5',NULL,96);
CREATE TABLE  `cacti`.`graph_local` (
  `id` mediumint(8) unsigned NOT NULL AUTO_INCREMENT,
  `graph_template_id` mediumint(8) unsigned NOT NULL DEFAULT '0',
  `host_id` mediumint(8) unsigned NOT NULL DEFAULT '0',
  `snmp_query_id` mediumint(8) NOT NULL DEFAULT '0',
  `snmp_index` varchar(255) NOT NULL DEFAULT '',
  PRIMARY KEY (`id`),
  KEY `host_id` (`host_id`),
  KEY `graph_template_id` (`graph_template_id`),
  KEY `snmp_query_id` (`snmp_query_id`),
  KEY `snmp_index` (`snmp_index`)
) ENGINE=MyISAM AUTO_INCREMENT=135 DEFAULT CHARSET=latin1 COMMENT='Creates a relationship for each item in a custom graph.';
INSERT INTO `cacti`.`graph_local` VALUES  (1,12,1,0,''),
 (2,9,1,0,''),
 (3,10,1,0,''),
 (4,8,1,0,''),
 (5,21,1,0,''),
 (20,40,4,0,''),
 (19,38,2,0,''),
 (18,38,2,0,''),
 (21,38,2,0,''),
 (22,38,2,0,''),
 (23,38,4,0,''),
 (24,38,4,0,''),
 (25,38,4,0,''),
 (26,38,4,0,''),
 (27,38,4,0,''),
 (28,38,4,0,''),
 (29,38,4,0,''),
 (30,38,4,0,''),
 (31,40,2,0,''),
 (32,40,2,0,''),
 (33,40,2,0,''),
 (34,40,2,0,''),
 (35,40,4,0,''),
 (36,40,4,0,''),
 (37,40,4,0,''),
 (38,41,6,0,''),
 (39,41,6,0,''),
 (40,47,10,0,''),
 (41,47,10,0,''),
 (42,47,10,0,''),
 (43,47,10,0,''),
 (83,47,10,0,''),
 (82,44,11,0,''),
 (46,47,13,0,''),
 (87,41,6,0,''),
 (48,47,10,0,''),
 (49,46,8,0,''),
 (50,43,8,0,''),
 (51,47,10,0,''),
 (52,46,8,0,''),
 (53,44,9,0,''),
 (54,46,7,0,''),
 (55,45,9,0,''),
 (56,46,7,0,''),
 (85,46,7,0,''),
 (59,47,10,0,''),
 (60,47,10,0,''),
 (61,47,10,0,''),
 (62,43,9,0,''),
 (63,44,11,0,''),
 (64,45,9,0,''),
 (65,45,9,0,''),
 (72,46,7,0,''),
 (67,43,9,0,''),
 (68,43,9,0,''),
 (69,43,9,0,''),
 (70,45,9,0,''),
 (71,43,9,0,''),
 (73,47,13,0,''),
 (74,47,13,0,''),
 (75,47,13,0,''),
 (76,47,13,0,''),
 (77,47,13,0,''),
 (78,47,13,0,''),
 (79,47,13,0,''),
 (80,47,13,0,''),
 (81,47,13,0,''),
 (86,46,7,0,''),
 (88,41,6,0,''),
 (89,41,6,0,''),
 (90,41,6,0,''),
 (91,38,22,0,''),
 (92,49,15,0,''),
 (93,49,15,0,''),
 (94,41,2,0,''),
 (95,47,10,0,''),
 (96,47,10,0,''),
 (97,47,10,0,''),
 (98,47,10,0,''),
 (99,46,7,0,''),
 (100,49,16,0,''),
 (101,49,16,0,''),
 (102,49,16,0,''),
 (103,49,16,0,''),
 (104,49,15,0,''),
 (105,49,15,0,''),
 (108,50,11,0,''),
 (109,50,12,0,''),
 (110,44,17,0,''),
 (111,44,17,0,''),
 (112,44,17,0,''),
 (113,47,10,0,''),
 (115,51,17,0,''),
 (116,47,10,0,''),
 (117,52,20,0,''),
 (118,47,13,0,''),
 (119,47,13,0,''),
 (120,47,13,0,''),
 (121,53,20,0,''),
 (122,52,20,0,''),
 (123,47,13,0,''),
 (124,38,22,0,''),
 (125,54,25,0,''),
 (126,54,26,0,''),
 (127,55,25,0,''),
 (128,55,26,0,''),
 (129,47,27,0,''),
 (130,47,27,0,''),
 (131,44,17,0,''),
 (132,44,17,0,''),
 (133,43,9,0,''),
 (134,43,9,0,'');
CREATE TABLE  `cacti`.`graph_template_input` (
  `id` mediumint(8) unsigned NOT NULL AUTO_INCREMENT,
  `hash` varchar(32) NOT NULL DEFAULT '',
  `graph_template_id` mediumint(8) unsigned NOT NULL DEFAULT '0',
  `name` varchar(255) NOT NULL DEFAULT '',
  `description` text,
  `column_name` varchar(50) NOT NULL DEFAULT '',
  PRIMARY KEY (`id`)
) ENGINE=MyISAM AUTO_INCREMENT=259 DEFAULT CHARSET=latin1 COMMENT='Stores the names for graph item input groups.';
INSERT INTO `cacti`.`graph_template_input` VALUES  (3,'e9d4191277fdfd7d54171f153da57fb0',2,'Inbound Data Source','','task_item_id'),
 (4,'7b361722a11a03238ee8ab7ce44a1037',2,'Outbound Data Source','','task_item_id'),
 (5,'b33eb27833614056e06ee5952c3e0724',3,'Available Disk Space Data Source','','task_item_id'),
 (6,'ef8799e63ee00e8904bcc4228015784a',3,'Used Disk Space Data Source','','task_item_id'),
 (7,'2662ef4fbb0bf92317ffd42c7515af37',5,'Signal Level Data Source','','task_item_id'),
 (8,'a6edef6624c796d3a6055305e2e3d4bf',5,'Noise Level Data Source','','task_item_id'),
 (9,'b0e902db1875e392a9d7d69bfbb13515',5,'Signal Level Color','','color_id'),
 (10,'24632b1d4a561e937225d0a5fbe65e41',5,'Noise Level Color','','color_id'),
 (11,'6d078f1d58b70ad154a89eb80fe6ab75',6,'Transmissions Data Source','','task_item_id'),
 (12,'878241872dd81c68d78e6ff94871d97d',6,'Re-Transmissions Data Source','','task_item_id'),
 (13,'f8fcdc3a3f0e8ead33bd9751895a3462',6,'Transmissions Color','','color_id'),
 (14,'394ab4713a34198dddb5175aa40a2b4a',6,'Re-Transmissions Color','','color_id'),
 (15,'433f328369f9569446ddc59555a63eb8',7,'Ping Host Data Source','','task_item_id'),
 (16,'a1a91c1514c65152d8cb73522ea9d4e6',7,'Legend Color','','color_id'),
 (17,'2fb4deb1448379b27ddc64e30e70dc42',7,'Legend Text','','text_format'),
 (18,'592cedd465877bc61ab549df688b0b2a',8,'Processes Data Source','','task_item_id'),
 (19,'1d51dbabb200fcea5c4b157129a75410',8,'Legend Color','','color_id'),
 (20,'8cb8ed3378abec21a1819ea52dfee6a3',9,'1 Minute Data Source','','task_item_id'),
 (21,'5dfcaf9fd771deb8c5430bce1562e371',9,'5 Minute Data Source','','task_item_id'),
 (22,'6f3cc610315ee58bc8e0b1f272466324',9,'15 Minute Data Source','','task_item_id'),
 (23,'b457a982bf46c6760e6ef5f5d06d41fb',10,'Logged in Users Data Source','','task_item_id'),
 (24,'bd4a57adf93c884815b25a8036b67f98',10,'Legend Color','','color_id'),
 (25,'d7cdb63500c576e0f9f354de42c6cf3a',11,'1 Minute Data Source','','task_item_id'),
 (26,'a23152f5ec02e7762ca27608c0d89f6c',11,'5 Minute Data Source','','task_item_id'),
 (27,'2cc5d1818da577fba15115aa18f64d85',11,'15 Minute Data Source','','task_item_id'),
 (30,'6273c71cdb7ed4ac525cdbcf6180918c',12,'Free Data Source','','task_item_id'),
 (31,'5e62dbea1db699f1bda04c5863e7864d',12,'Swap Data Source','','task_item_id'),
 (32,'4d52e112a836d4c9d451f56602682606',4,'System CPU Data Source','','task_item_id'),
 (33,'f0310b066cc919d2f898b8d1ebf3b518',4,'User CPU Data Source','','task_item_id'),
 (34,'d9eb6b9eb3d7dd44fd14fdefb4096b54',4,'Nice CPU Data Source','','task_item_id'),
 (35,'f45def7cad112b450667aa67262258cb',13,'Memory Free Data Source','','task_item_id'),
 (36,'f8c361a8c8b7ad80e8be03ba7ea5d0d6',13,'Memory Buffers Data Source','','task_item_id'),
 (37,'03d11dce695963be30bd744bd6cbac69',14,'Cache Hits Data Source','','task_item_id'),
 (38,'9cbc515234779af4bf6cdf71a81c556a',14,'Cache Checks Data Source','','task_item_id'),
 (39,'2c4d561ee8132a8dda6de1104336a6ec',15,'CPU Utilization Data Source','','task_item_id'),
 (40,'6e1cf7addc0cc419aa903552e3eedbea',16,'File System Reads Data Source','','task_item_id'),
 (41,'7ea2aa0656f7064d25a36135dd0e9082',16,'File System Writes Data Source','','task_item_id'),
 (42,'63480bca78a38435f24a5b5d5ed050d7',17,'Current Logins Data Source','','task_item_id'),
 (44,'31fed1f9e139d4897d0460b10fb7be94',15,'Legend Color','','color_id'),
 (45,'bb9d83a02261583bc1f92d9e66ea705d',18,'CPU Usage Data Source','','task_item_id'),
 (46,'51196222ed37b44236d9958116028980',18,'Legend Color','','color_id'),
 (47,'fd26b0f437b75715d6dff983e7efa710',19,'Free Space Data Source','','task_item_id'),
 (48,'a463dd46862605c90ea60ccad74188db',19,'Total Space Data Source','','task_item_id'),
 (49,'9977dd7a41bcf0f0c02872b442c7492e',19,'Freeable Space Data Source','','task_item_id'),
 (51,'a7a69bbdf6890d6e6eaa7de16e815ec6',20,'Used Directory Entries Data Source','','task_item_id'),
 (52,'0072b613a33f1fae5ce3e5903dec8fdb',20,'Available Directory Entries Data Source','','task_item_id'),
 (53,'940beb0f0344e37f4c6cdfc17d2060bc',21,'Available Disk Space Data Source','','task_item_id'),
 (54,'7b0674dd447a9badf0d11bec688028a8',21,'Used Disk Space Data Source','','task_item_id'),
 (55,'fa83cd3a3b4271b644cb6459ea8c35dc',22,'Discards In Data Source','','task_item_id'),
 (56,'7946e8ee1e38a65462b85e31a15e35e5',22,'Errors In Data Source','','task_item_id'),
 (57,'00ae916640272f5aca54d73ae34c326b',23,'Unicast Packets Out Data Source','','task_item_id'),
 (58,'1bc1652f82488ebfb7242c65d2ffa9c7',23,'Unicast Packets In Data Source','','task_item_id'),
 (59,'e3177d0e56278de320db203f32fb803d',24,'Non-Unicast Packets In Data Source','','task_item_id'),
 (60,'4f20fba2839764707f1c3373648c5fef',24,'Non-Unicast Packets Out Data Source','','task_item_id'),
 (61,'e5acdd5368137c408d56ecf55b0e077c',22,'Discards Out Data Source','','task_item_id'),
 (62,'a028e586e5fae667127c655fe0ac67f0',22,'Errors Out Data Source','','task_item_id'),
 (63,'2764a4f142ba9fd95872106a1b43541e',25,'Inbound Data Source','','task_item_id'),
 (64,'f73f7ddc1f4349356908122093dbfca2',25,'Outbound Data Source','','task_item_id'),
 (65,'86bd8819d830a81d64267761e1fd8ec4',26,'Total Disk Space Data Source','','task_item_id'),
 (66,'6c8967850102202de166951e4411d426',26,'Used Disk Space Data Source','','task_item_id'),
 (67,'bdad718851a52b82eca0a310b0238450',27,'CPU Utilization Data Source','','task_item_id'),
 (68,'e7b578e12eb8a82627557b955fd6ebd4',27,'Legend Color','','color_id'),
 (69,'37d09fb7ce88ecec914728bdb20027f3',28,'Logged in Users Data Source','','task_item_id'),
 (70,'699bd7eff7ba0c3520db3692103a053d',28,'Legend Color','','color_id'),
 (71,'df905e159d13a5abed8a8a7710468831',29,'Processes Data Source','','task_item_id'),
 (72,'8ca9e3c65c080dbf74a59338d64b0c14',29,'Legend Color','','color_id'),
 (73,'69ad68fc53af03565aef501ed5f04744',30,'Open Files Data Source','','task_item_id'),
 (74,'562726cccdb67d5c6941e9e826ef4ef5',31,'Inbound Data Source','','task_item_id'),
 (75,'82426afec226f8189c8928e7f083f80f',31,'Outbound Data Source','','task_item_id'),
 (76,'69a23877302e7d142f254b208c58b596',32,'Inbound Data Source','','task_item_id'),
 (77,'f28013abf8e5813870df0f4111a5e695',32,'Outbound Data Source','','task_item_id'),
 (78,'8644b933b6a09dde6c32ff24655eeb9a',33,'Outbound Data Source','','task_item_id'),
 (79,'49c4b4800f3e638a6f6bb681919aea80',33,'Inbound Data Source','','task_item_id'),
 (80,'e0b395be8db4f7b938d16df7ae70065f',13,'Cache Memory Data Source','','task_item_id'),
 (81,'2dca37011521501b9c2b705d080db750',34,'Data Source [snmp_oid]',NULL,'task_item_id'),
 (82,'b8d8ade5f5f3dd7b12f8cc56bbb4083e',34,'Legend Color','','color_id'),
 (83,'ac2355b4895c37e14df827f969f31c12',34,'Legend Text','','text_format'),
 (182,'20da331a8fc1f253e5f5d09748aeb633',43,'Data Source [countP1] 10s','','task_item_id'),
 (191,'dfcbf931ac5066d5e1f5e0a49b2793f6',47,'Data Source [countP2]','','task_item_id'),
 (192,'227ca25bfc359f41992bee8957f3cd81',47,'Data Source [averageTime]','','task_item_id'),
 (183,'dca577e8bf09906fa1b8201b20fcc3e5',43,'Data Source [countP2] 15s','','task_item_id'),
 (104,'796fa9609d27719933e50286f21141e0',38,'Active Threads','','task_item_id'),
 (101,'99b32c051a1f23e53760086499b70d7a',38,'Open Threads','','task_item_id'),
 (123,'967d2340868b78356daa8659911ee3de',40,'Completed Requests','','task_item_id'),
 (124,'8af8464972db8a19b42cec6453fb510b',38,'Hogging Threads','','task_item_id'),
 (126,'a6a6132a260aa8ea79b2233ea2dc2473',41,'AWA Response Time','','task_item_id'),
 (117,'4d8b40b24fd48e3513e6298e7e2d4e0e',40,'Active Threads','','task_item_id'),
 (125,'81c84bf900f8025a0bf8380a0c502701',40,'Data Source [throughput]','','task_item_id'),
 (121,'48190805f96e31914dfbe82135c8ee07',40,'Pending Requests','','task_item_id'),
 (116,'dbfc2ffb909c3fd255c28029a038b264',38,'Standby Threads','','task_item_id'),
 (115,'20a70cfc63bbab642fce048d329edd34',38,'Idle Threads','','task_item_id'),
 (181,'acb5e5f09e4086474da7dc9e125d9e59',43,'Data Source [averageTime]',NULL,'task_item_id'),
 (184,'5a9b1d0128c0288394f0ac3ab52d8622',43,'Data Source [countP4] 40s','','task_item_id'),
 (185,'99415c27e4abf99ff952943ff4924f56',46,'Data Source [countP2]','','task_item_id'),
 (190,'37f2d2a219da544062ed893fa4c366c8',46,'Data Source [averageTime]',NULL,'task_item_id'),
 (172,'25bf72c2e2935cc79309d16abfaf080f',44,'Data Source [count302]','','task_item_id'),
 (174,'df2997c5ba95e31a2852ccc95f3e1e6c',44,'Data Source [count404]',NULL,'task_item_id'),
 (175,'3e1baceec96f62eacaea44c6842ab1d7',45,'Data Source [countP1] >10s WL5','','task_item_id'),
 (176,'f8843f9e3a34ce01be4ff7fa6a68d08e',45,'Data Source [countP1] >10s WL6','','task_item_id'),
 (154,'1fb0b28a4322fde36c958278d55a6eab',45,'Data Source [totalCount] WL6','','task_item_id'),
 (180,'5538c1aefcd852128fda9aa01e26b0a5',43,'Data Source [totalCount]',NULL,'task_item_id'),
 (156,'03aba4f0c54e61e22a1277405636054a',45,'Data Source [totalCount] WL5','','task_item_id'),
 (173,'487e95e4adea943d42723406d94b0064',44,'Data Source [count403]',NULL,'task_item_id'),
 (179,'babc67ae47869d232ec7705b9c143915',45,'Data Source [countP4] >40s WL6','','task_item_id'),
 (193,'6d13163266c0c9497de42d248bbe5bcb',47,'Data Source [totalCount]','','task_item_id'),
 (162,'4f194c5e67ca47684143e6abea8df74f',46,'Data Source [totalCount]','','task_item_id'),
 (188,'788aac8f507822238c8164260ee23496',46,'Data Source [countP4]','','task_item_id'),
 (189,'b73e7666ef037b75a896c1bdad5d4712',46,'Data Source [countP5]',NULL,'task_item_id'),
 (178,'04069904af34e91f727eccc4782fedc2',45,'Data Source [countP4] >40s WL5','','task_item_id'),
 (171,'f09f8cfa19c62647692afa2c9dc50757',44,'Data Source [totalCount]','','task_item_id'),
 (186,'144029d7e3e350687304b1d86fc61ef1',46,'Data Source [countP1]',NULL,'task_item_id'),
 (170,'7400dc16040f2cb4701e22d6e2c6d21e',46,'Data Source [Timeout]','','task_item_id'),
 (194,'d680ff07bfdcd5001837891fc954d098',47,'Data Source [countP4]','','task_item_id'),
 (195,'a3e64646a87edcf086db0a623b04018a',47,'Data Source [countP5]','','task_item_id'),
 (196,'bfe51c975bedde9f7b3c5e35f523d217',47,'Data Source [countP1]','','task_item_id'),
 (197,'9461242122d16184aa7a357d83590994',47,'Data Source [Timeout]','','task_item_id'),
 (210,'3c5720e235ef7afc8aa38bdc603bcaff',49,'Data Source [WaitingConnectionHC]',NULL,'task_item_id'),
 (199,'a5bb228be15b0e6396319e7f2a34ac7d',48,'Data Source [Time]',NULL,'task_item_id'),
 (206,'ced77e44e8ff6f550ef602f868352951',49,'Data Source [ActiveConnectionsHC]',NULL,'task_item_id'),
 (207,'cea28145ab8a103416d041b280ba8c00',49,'Data Source [ActiveConnectionsCC]',NULL,'task_item_id'),
 (209,'af4ec3da2aa00209bcedfb8ea5248260',49,'Data Source [WaitingConnectionCC]',NULL,'task_item_id'),
 (214,'45a53106af77a2d95e815f8856d58422',50,'Data Source [ESTABLISHED]',NULL,'task_item_id'),
 (215,'b2c5b7c096d32d64417e1704ba583530',50,'Data Source [CLOSING]',NULL,'task_item_id'),
 (216,'e025d3d72826884a30ad925cc1a50f2a',50,'Data Source [TIME_WAIT]',NULL,'task_item_id'),
 (217,'26f602466cc39456e18bca786ad374b6',50,'Data Source [LISTEN]',NULL,'task_item_id'),
 (218,'a5289f585de9a5dd7f2f4c59db16f25b',44,'Data Source [count500]',NULL,'task_item_id'),
 (219,'75d06cd5df165f5f37e5ac99d3242c8d',51,'Data Source [count404] A04','','task_item_id'),
 (220,'c6842abed17920f736a546540c84c542',51,'Data Source [count500] A04','','task_item_id'),
 (242,'4981d52e601fbd78ff9644c73c2648eb',53,'Data Source [E6]',NULL,'task_item_id'),
 (229,'f5c77a6072899e13d6cc47236bc5d86b',52,'Data Source [totalCount]','','task_item_id'),
 (239,'52e48df056e8d66c8c69aaec40596ce3',53,'Data Source [E2]',NULL,'task_item_id'),
 (240,'ee1019b82dc0b827b71bf8b873e8082a',53,'Data Source [E3]',NULL,'task_item_id'),
 (238,'d652f19582915fb53c9f1daa8c517c7a',53,'Data Source [E1]',NULL,'task_item_id'),
 (225,'36b4a8462ddff7ee0965075aec16e27e',51,'Data Source [count404] A03','','task_item_id'),
 (226,'db118722aea9264e441eb642c0f5b77d',51,'Data Source [count500] A03','','task_item_id'),
 (241,'759e023d3206c9494bb9be9006fc6674',53,'Data Source [E4]',NULL,'task_item_id'),
 (233,'ac1e81b07c944601499745f8bc299cab',52,'Data Source [Timeout]','','task_item_id'),
 (243,'9ab7b63498e28f908ee9f493fcaeda6e',53,'Data Source [E7]',NULL,'task_item_id'),
 (244,'0a84add1251cb40928e90e918dedd0cb',53,'Data Source [E8]',NULL,'task_item_id'),
 (245,'436133dc51e181ee0b72efcd40a585df',54,'Data Source [countP2]','','task_item_id'),
 (246,'bdc2d0b5105d9cdc07d6017b3fadfbac',54,'Data Source [averageTime]','','task_item_id'),
 (247,'3d33c08a6ca4c6e08e88e650dada51a1',54,'Data Source [totalCount]','','task_item_id'),
 (248,'45e582dab17c27589420a46c14be4424',54,'Data Source [countP4]','','task_item_id'),
 (249,'982aeade9009f6fb4d8b736333e66361',54,'Data Source [countP5]','','task_item_id'),
 (250,'dff6a93814fc60ae7d1f3651cfd4cbeb',54,'Data Source [countP1]','','task_item_id'),
 (251,'1a3b28c8009b7607f0b8d6c7471b355c',54,'Data Source [Timeout]','','task_item_id'),
 (252,'2e64412f9bd88a44e88f3c8eeba111e4',55,'Data Source [countP2]','','task_item_id'),
 (253,'49a12c065d1a23fa8ea2c4292d066983',55,'Data Source [averageTime]','','task_item_id'),
 (254,'fefc7c03688d75166020a62645e68fbc',55,'Data Source [totalCount]','','task_item_id'),
 (255,'64a151d230cf586a95fca0b582786797',55,'Data Source [countP4]','','task_item_id'),
 (256,'b3fa69890124e5b12a7e1d2189c4b1cb',55,'Data Source [countP5]','','task_item_id'),
 (257,'1421156d27d3b06ebfb19d4aaba5f021',55,'Data Source [countP1]','','task_item_id'),
 (258,'415f3a9ff0609d8098f09311679c2145',55,'Data Source [Timeout]','','task_item_id');
CREATE TABLE  `cacti`.`graph_template_input_defs` (
  `graph_template_input_id` mediumint(8) unsigned NOT NULL DEFAULT '0',
  `graph_template_item_id` int(12) unsigned NOT NULL DEFAULT '0',
  PRIMARY KEY (`graph_template_input_id`,`graph_template_item_id`),
  KEY `graph_template_input_id` (`graph_template_input_id`)
) ENGINE=MyISAM DEFAULT CHARSET=latin1 COMMENT='Stores the relationship for what graph iitems are associated';
INSERT INTO `cacti`.`graph_template_input_defs` VALUES  (3,9),
 (3,10),
 (3,11),
 (3,12),
 (4,13),
 (4,14),
 (4,15),
 (4,16),
 (5,21),
 (5,22),
 (5,23),
 (5,24),
 (6,17),
 (6,18),
 (6,19),
 (6,20),
 (7,45),
 (7,46),
 (7,47),
 (7,48),
 (8,49),
 (8,50),
 (8,51),
 (8,52),
 (9,45),
 (10,49),
 (11,53),
 (11,54),
 (11,55),
 (11,56),
 (12,57),
 (12,58),
 (12,59),
 (12,60),
 (13,53),
 (14,57),
 (15,61),
 (15,62),
 (15,63),
 (15,64),
 (16,61),
 (17,61),
 (18,65),
 (18,66),
 (18,67),
 (18,68),
 (19,65),
 (20,69),
 (20,70),
 (21,71),
 (21,72),
 (22,73),
 (22,74),
 (23,76),
 (23,77),
 (23,78),
 (23,79),
 (24,76),
 (25,80),
 (25,81),
 (26,82),
 (26,83),
 (27,84),
 (27,85),
 (30,95),
 (30,96),
 (30,97),
 (30,98),
 (31,99),
 (31,100),
 (31,101),
 (31,102),
 (32,29),
 (32,30),
 (32,31),
 (32,32),
 (33,33),
 (33,34),
 (33,35),
 (33,36),
 (34,37),
 (34,38),
 (34,39),
 (34,40),
 (35,103),
 (35,104),
 (35,105),
 (35,106),
 (36,107),
 (36,108),
 (36,109),
 (36,110),
 (37,111),
 (37,112),
 (37,113),
 (37,114),
 (38,115),
 (38,116),
 (38,117),
 (38,118),
 (39,119),
 (39,120),
 (39,121),
 (39,122),
 (40,123),
 (40,124),
 (40,125),
 (40,126),
 (41,127),
 (41,128),
 (41,129),
 (41,130),
 (42,131),
 (42,132),
 (42,133),
 (42,134),
 (44,119),
 (45,139),
 (45,140),
 (45,141),
 (45,142),
 (46,139),
 (47,143),
 (47,144),
 (47,145),
 (47,146),
 (48,147),
 (48,148),
 (48,149),
 (48,150),
 (49,151),
 (49,152),
 (49,153),
 (49,154),
 (51,159),
 (51,160),
 (51,161),
 (51,162),
 (52,163),
 (52,164),
 (52,165),
 (52,166),
 (53,172),
 (53,173),
 (53,174),
 (53,175),
 (54,167),
 (54,169),
 (54,170),
 (54,171),
 (55,180),
 (55,181),
 (55,182),
 (55,183),
 (56,184),
 (56,185),
 (56,186),
 (56,187),
 (57,188),
 (57,189),
 (57,190),
 (57,191),
 (58,192),
 (58,193),
 (58,194),
 (58,195),
 (59,196),
 (59,197),
 (59,198),
 (59,199),
 (60,200),
 (60,201),
 (60,202),
 (60,203),
 (61,204),
 (61,205),
 (61,206),
 (61,207),
 (62,208),
 (62,209),
 (62,210),
 (62,211),
 (63,212),
 (63,213),
 (63,214),
 (63,215),
 (64,216),
 (64,217),
 (64,218),
 (64,219),
 (65,307),
 (65,308),
 (65,309),
 (65,310),
 (66,303),
 (66,304),
 (66,305),
 (66,306),
 (67,315),
 (67,316),
 (67,317),
 (67,318),
 (68,315),
 (69,319),
 (69,320),
 (69,321),
 (69,322),
 (70,319),
 (71,323),
 (71,324),
 (71,325),
 (71,326),
 (72,323),
 (73,358),
 (73,359),
 (73,360),
 (73,361),
 (74,362),
 (74,363),
 (74,364),
 (74,365),
 (75,366),
 (75,367),
 (75,368),
 (75,369),
 (75,371),
 (75,372),
 (76,373),
 (76,374),
 (76,375),
 (76,376),
 (76,383),
 (77,377),
 (77,378),
 (77,379),
 (77,380),
 (77,384),
 (78,385),
 (78,386),
 (78,387),
 (78,388),
 (78,393),
 (79,389),
 (79,390),
 (79,391),
 (79,392),
 (79,394),
 (80,403),
 (80,404),
 (80,405),
 (80,406),
 (81,407),
 (81,408),
 (81,409),
 (81,410),
 (82,407),
 (83,407),
 (101,451),
 (101,453),
 (104,454),
 (104,468),
 (104,527),
 (115,473),
 (115,475),
 (115,530),
 (116,497),
 (116,499),
 (116,533),
 (117,511),
 (117,512),
 (117,882),
 (121,515),
 (121,516),
 (121,741),
 (123,517),
 (123,518),
 (124,558),
 (124,563),
 (124,568),
 (124,750),
 (125,513),
 (125,514),
 (126,763),
 (126,766),
 (126,769),
 (154,1022),
 (154,1024),
 (156,1021),
 (156,1028),
 (162,1196),
 (162,1203),
 (162,1208),
 (170,1210),
 (170,1225),
 (171,973),
 (171,976),
 (171,1047),
 (172,977),
 (172,978),
 (172,984),
 (173,975),
 (173,979),
 (173,983),
 (174,981),
 (174,982),
 (174,1051),
 (175,1025),
 (175,1026),
 (175,1032),
 (176,1029),
 (176,1030),
 (176,1033),
 (178,1023),
 (178,1027),
 (178,1031),
 (179,1257),
 (179,1260),
 (179,1263),
 (180,868),
 (180,875),
 (180,1055),
 (181,869),
 (181,871),
 (182,872),
 (182,873),
 (182,894),
 (183,870),
 (183,874),
 (183,891),
 (184,876),
 (184,877),
 (184,1059),
 (185,1198),
 (185,1202),
 (185,1206),
 (186,1200),
 (186,1201),
 (186,1207),
 (188,1204),
 (188,1205),
 (188,1209),
 (189,1369),
 (189,1374),
 (189,1379),
 (190,1385),
 (190,1391),
 (191,1435),
 (191,1438),
 (191,1442),
 (192,1450),
 (192,1451),
 (193,1433),
 (193,1439),
 (193,1444),
 (194,1440),
 (194,1441),
 (194,1445),
 (195,1447),
 (195,1448),
 (195,1449),
 (196,1436),
 (196,1437),
 (196,1443),
 (197,1434),
 (197,1446),
 (199,1707),
 (199,1708),
 (199,1709),
 (206,1744),
 (206,1745),
 (207,1748),
 (207,1749),
 (207,1754),
 (209,1750),
 (209,1751),
 (209,1753),
 (210,1919),
 (210,1926),
 (214,1960),
 (214,1961),
 (215,1962),
 (215,1963),
 (216,1964),
 (216,1965),
 (217,1966),
 (217,1988),
 (218,1991),
 (218,1995),
 (218,1999),
 (219,2068),
 (219,2070),
 (220,2075),
 (220,2076),
 (220,2079),
 (225,2067),
 (225,2074),
 (226,2071),
 (226,2072),
 (226,2078),
 (229,2150),
 (229,2156),
 (229,2161),
 (233,2151),
 (233,2163),
 (233,2169),
 (238,2227),
 (238,2228),
 (238,2255),
 (239,2229),
 (239,2230),
 (239,2257),
 (240,2231),
 (240,2232),
 (240,2263),
 (241,2233),
 (241,2234),
 (241,2259),
 (242,2243),
 (242,2245),
 (242,2265),
 (243,2247),
 (243,2249),
 (243,2261),
 (244,2251),
 (244,2253),
 (244,2267),
 (245,2387),
 (245,2390),
 (245,2394),
 (246,2402),
 (246,2403),
 (247,2385),
 (247,2391),
 (247,2396),
 (248,2392),
 (248,2393),
 (248,2397),
 (249,2399),
 (249,2400),
 (249,2401),
 (250,2388),
 (250,2389),
 (250,2395),
 (251,2386),
 (251,2398),
 (252,2406),
 (252,2409),
 (252,2413),
 (253,2421),
 (253,2422),
 (254,2404),
 (254,2410),
 (254,2415),
 (255,2411),
 (255,2412),
 (255,2416),
 (256,2418),
 (256,2419),
 (256,2420),
 (257,2407),
 (257,2408),
 (257,2414),
 (258,2405),
 (258,2417);
CREATE TABLE  `cacti`.`graph_templates` (
  `id` mediumint(8) unsigned NOT NULL AUTO_INCREMENT,
  `hash` char(32) NOT NULL DEFAULT '',
  `name` char(255) NOT NULL DEFAULT '',
  PRIMARY KEY (`id`),
  KEY `name` (`name`)
) ENGINE=MyISAM AUTO_INCREMENT=56 DEFAULT CHARSET=latin1 COMMENT='Contains each graph template name.';
INSERT INTO `cacti`.`graph_templates` VALUES  (34,'010b90500e1fc6a05abfd542940584d0','SNMP - Generic OID Template'),
 (2,'5deb0d66c81262843dce5f3861be9966','Interface - Traffic (bits/sec)'),
 (3,'abb5e813c9f1e8cd6fc1e393092ef8cb','ucd/net - Available Disk Space'),
 (4,'e334bdcf821cd27270a4cc945e80915e','ucd/net - CPU Usage'),
 (5,'280e38336d77acde4672879a7db823f3','Karlnet - Wireless Levels'),
 (6,'3109d88e6806d2ce50c025541b542499','Karlnet - Wireless Transmissions'),
 (7,'cf96dfb22b58e08bf101ca825377fa4b','Unix - Ping Latency'),
 (8,'9fe8b4da353689d376b99b2ea526cc6b','Unix - Processes'),
 (9,'fe5edd777a76d48fc48c11aded5211ef','Unix - Load Average'),
 (10,'63610139d44d52b195cc375636653ebd','Unix - Logged in Users'),
 (11,'5107ec0206562e77d965ce6b852ef9d4','ucd/net - Load Average'),
 (12,'6992ed4df4b44f3d5595386b8298f0ec','Linux - Memory Usage'),
 (13,'be275639d5680e94c72c0ebb4e19056d','ucd/net - Memory Usage'),
 (14,'f17e4a77b8496725dc924b8c35b60036','Netware - File System Cache'),
 (15,'46bb77f4c0c69671980e3c60d3f22fa9','Netware - CPU Utilization'),
 (16,'8e77a3036312fd0fda32eaea2b5f141b','Netware - File System Activity'),
 (17,'5892c822b1bb2d38589b6c27934b9936','Netware - Logged In Users'),
 (18,'9a5e6d7781cc1bd6cf24f64dd6ffb423','Cisco - CPU Usage'),
 (19,'0dd0438d5e6cad6776f79ecaa96fb708','Netware - Volume Information'),
 (20,'b18a3742ebea48c6198412b392d757fc','Netware - Directory Information'),
 (21,'8e7c8a511652fe4a8e65c69f3d34779d','Unix - Available Disk Space'),
 (22,'06621cd4a9289417cadcb8f9b5cfba80','Interface - Errors/Discards'),
 (23,'e0d1625a1f4776a5294583659d5cee15','Interface - Unicast Packets'),
 (24,'10ca5530554da7b73dc69d291bf55d38','Interface - Non-Unicast Packets'),
 (25,'df244b337547b434b486662c3c5c7472','Interface - Traffic (bytes/sec)'),
 (26,'7489e44466abee8a7d8636cb2cb14a1a','Host MIB - Available Disk Space'),
 (27,'c6bb62bedec4ab97f9db9fd780bd85a6','Host MIB - CPU Utilization'),
 (28,'e8462bbe094e4e9e814d4e681671ea82','Host MIB - Logged in Users'),
 (29,'62205afbd4066e5c4700338841e3901e','Host MIB - Processes'),
 (30,'e3780a13b0f7a3f85a44b70cd4d2fd36','Netware - Open Files'),
 (31,'1742b2066384637022d178cc5072905a','Interface - Traffic (bits/sec, 95th Percentile)'),
 (32,'13b47e10b2d5db45707d61851f69c52b','Interface - Traffic (bits/sec, Total Bandwidth)'),
 (33,'8ad6790c22b693680e041f21d62537ac','Interface - Traffic (bytes/sec, Total Bandwidth)'),
 (43,'77e91b58d28d1259c0439204521e265a','NEOS Ops Performance Graph Template'),
 (41,'8fdd0da1862382ab4a05c74863e50b97','AWA Performance Graph Template'),
 (38,'1713fbd395c491faf8f9ee59209bafd0','WL Thread Usage Graph Template'),
 (40,'c8ff9587296633df13d24130f4c0dd7d','WL Server Load Graph Template'),
 (44,'26b6138f059b2e3678bcb30e2f3961f5','Pages Access Count Graph Template'),
 (45,'a5adc06ca286e67f3a261301190d4960','Multiserver Pages Performance Graph Template'),
 (46,'55a251f529c9ced8e9d2ff54afa9963a','Operation/Call Performance Graph Template'),
 (47,'b8f1d324af0b3635c88a9ebac5c92b74','MDW Operation/Call Performance Graph Template'),
 (48,'c873704388a9503241683128e2b5a709','Page Response Time Graph Template'),
 (49,'a9083f743b2cbce018fbeeeb46272e34','WL Data Source Usage Graph Template'),
 (50,'d93e8db18ab1bdd3f2866bfd26361814','Unix - NetStat Usage'),
 (51,'fb22ca814a290f9a3dd34d7f90e27ec4','Multiserver Page Access Results'),
 (52,'0748688d654dbd6f9ccb53d629879307','Operation/Call Count Graph Template'),
 (53,'372d826b2f3ab71c6e9d721907258645','ECARE - Error Accounting Graph Template'),
 (54,'3b0359389b40e5b7f3bf19e789dd26bb','MDW Siebel MDW Performance Graph Template'),
 (55,'a59cbd6cc1ea23c9293a73c56246d325','MDW Siebel MDW Slow Performance Graph Template');
CREATE TABLE  `cacti`.`graph_templates_gprint` (
  `id` mediumint(8) unsigned NOT NULL AUTO_INCREMENT,
  `hash` varchar(32) NOT NULL DEFAULT '',
  `name` varchar(100) NOT NULL DEFAULT '',
  `gprint_text` varchar(255) DEFAULT NULL,
  PRIMARY KEY (`id`)
) ENGINE=MyISAM AUTO_INCREMENT=5 DEFAULT CHARSET=latin1;
INSERT INTO `cacti`.`graph_templates_gprint` VALUES  (2,'e9c43831e54eca8069317a2ce8c6f751','Normal','%8.2lf %s'),
 (3,'19414480d6897c8731c7dc6c5310653e','Exact Numbers','%8.0lf'),
 (4,'304a778405392f878a6db435afffc1e9','Load Average','%8.2lf');
CREATE TABLE  `cacti`.`graph_templates_graph` (
  `id` mediumint(8) unsigned NOT NULL AUTO_INCREMENT,
  `local_graph_template_graph_id` mediumint(8) unsigned NOT NULL DEFAULT '0',
  `local_graph_id` mediumint(8) unsigned NOT NULL DEFAULT '0',
  `graph_template_id` mediumint(8) unsigned NOT NULL DEFAULT '0',
  `t_image_format_id` char(2) DEFAULT '0',
  `image_format_id` tinyint(1) NOT NULL DEFAULT '0',
  `t_title` char(2) DEFAULT '0',
  `title` varchar(255) NOT NULL DEFAULT '',
  `title_cache` varchar(255) NOT NULL DEFAULT '',
  `t_height` char(2) DEFAULT '0',
  `height` mediumint(8) NOT NULL DEFAULT '0',
  `t_width` char(2) DEFAULT '0',
  `width` mediumint(8) NOT NULL DEFAULT '0',
  `t_upper_limit` char(2) DEFAULT '0',
  `upper_limit` varchar(20) NOT NULL DEFAULT '0',
  `t_lower_limit` char(2) DEFAULT '0',
  `lower_limit` varchar(20) NOT NULL DEFAULT '0',
  `t_vertical_label` char(2) DEFAULT '0',
  `vertical_label` varchar(200) DEFAULT NULL,
  `t_slope_mode` char(2) DEFAULT '0',
  `slope_mode` char(2) DEFAULT 'on',
  `t_auto_scale` char(2) DEFAULT '0',
  `auto_scale` char(2) DEFAULT NULL,
  `t_auto_scale_opts` char(2) DEFAULT '0',
  `auto_scale_opts` tinyint(1) NOT NULL DEFAULT '0',
  `t_auto_scale_log` char(2) DEFAULT '0',
  `auto_scale_log` char(2) DEFAULT NULL,
  `t_scale_log_units` char(2) DEFAULT '0',
  `scale_log_units` char(2) DEFAULT NULL,
  `t_auto_scale_rigid` char(2) DEFAULT '0',
  `auto_scale_rigid` char(2) DEFAULT NULL,
  `t_auto_padding` char(2) DEFAULT '0',
  `auto_padding` char(2) DEFAULT NULL,
  `t_base_value` char(2) DEFAULT '0',
  `base_value` mediumint(8) NOT NULL DEFAULT '0',
  `t_grouping` char(2) DEFAULT '0',
  `grouping` char(2) NOT NULL DEFAULT '',
  `t_export` char(2) DEFAULT '0',
  `export` char(2) DEFAULT NULL,
  `t_unit_value` char(2) DEFAULT '0',
  `unit_value` varchar(20) DEFAULT NULL,
  `t_unit_exponent_value` char(2) DEFAULT '0',
  `unit_exponent_value` varchar(5) NOT NULL DEFAULT '',
  PRIMARY KEY (`id`),
  KEY `local_graph_id` (`local_graph_id`),
  KEY `graph_template_id` (`graph_template_id`),
  KEY `title_cache` (`title_cache`)
) ENGINE=MyISAM AUTO_INCREMENT=199 DEFAULT CHARSET=latin1 COMMENT='Stores the actual graph data.';
INSERT INTO `cacti`.`graph_templates_graph` VALUES  (2,0,0,2,'',1,'on','|host_description| - Traffic','','',120,'',500,'','100','','0','','bits per second','0','on','','on','',2,'','','0','','','on','','on','',1000,'0','','','on','','','',''),
 (3,0,0,3,'',1,'on','|host_description| - Hard Drive Space','','',120,'',500,'','100','','0','','bytes','0','on','','on','',2,'','','0','','','on','','on','',1024,'0','','','on','','','',''),
 (4,0,0,4,'',1,'','|host_description| - CPU Usage','','',120,'',500,'','100','','0','','percent','0','on','','on','',2,'','','0','','','on','','on','',1000,'0','','','on','','','',''),
 (5,0,0,5,'',1,'on','|host_description| - Wireless Levels','','',120,'',500,'','100','','0','','percent','0','on','','','',2,'','','0','','','on','','on','',1000,'0','','','on','','','',''),
 (6,0,0,6,'',1,'on','|host_description| - Wireless Transmissions','','',120,'',500,'','100','','0','','transmissions','0','on','','on','',2,'','','0','','','on','','on','',1000,'0','','','on','','','',''),
 (7,0,0,7,'',1,'','|host_description| - Ping Latency','','',120,'',500,'','100','','0','','milliseconds','0','on','','on','',2,'','','0','','','','','on','',1000,'0','','','on','','','',''),
 (8,0,0,8,'',1,'','|host_description| - Processes','','',120,'',500,'','100','','0','','processes','0','on','','on','',2,'','','0','','','','','on','',1000,'0','','','on','','','',''),
 (9,0,0,9,'',1,'','|host_description| - Load Average','','',120,'',500,'','100','','0','','processes in the run queue','0','on','','on','',2,'','','0','','','on','','on','',1000,'0','','','on','','','','0'),
 (10,0,0,10,'',1,'','|host_description| - Logged in Users','','',120,'',500,'','100','','0','','users','0','on','','on','',2,'','','0','','','on','','on','',1000,'0','','','on','','','',''),
 (11,0,0,11,'',1,'','|host_description| - Load Average','','',120,'',500,'','100','','0','','processes in the run queue','0','on','','on','',2,'','','0','','','on','','on','',1000,'0','','','on','','','','0'),
 (12,0,0,12,'',1,'','|host_description| - Memory Usage','','',120,'',500,'','100','','0','','kilobytes','0','on','','on','',2,'','','0','','','on','','on','',1000,'0','','','on','','','',''),
 (13,0,0,13,'',1,'','|host_description| - Memory Usage','','',120,'',500,'','100','','0','','bytes','0','on','','on','',2,'','','0','','','on','','on','',1000,'0','','','on','','','',''),
 (14,0,0,14,'',1,'','|host_description| - File System Cache','','',120,'',500,'','100','','0','','cache checks/hits','0','on','','on','',2,'','','0','','','on','','on','',1000,'0','','','on','','','',''),
 (15,0,0,15,'',1,'','|host_description| - CPU Utilization','','',120,'',500,'','100','','0','','percent','0','on','','on','',2,'','','0','','','on','','on','',1000,'0','','','on','','','',''),
 (16,0,0,16,'',1,'','|host_description| - File System Activity','','',120,'',500,'','100','','0','','reads/writes per sec','0','on','','on','',2,'','','0','','','on','','on','',1000,'0','','','on','','','',''),
 (17,0,0,17,'',1,'','|host_description| - Logged In Users','','',120,'',500,'','100','','0','','users','0','on','','on','',2,'','','0','','','on','','on','',1000,'0','','','on','','','',''),
 (18,0,0,18,'',1,'','|host_description| - CPU Usage','','',120,'',500,'','100','','0','','percent','0','on','','on','',2,'','','0','','','on','','on','',1000,'0','','','on','','','',''),
 (19,0,0,19,'',1,'on','|host_description| - Volume Information','','',120,'',500,'','100','','0','','bytes','0','on','','on','',2,'','','0','','','on','','on','',1000,'0','','','on','','','',''),
 (20,0,0,20,'',1,'','|host_description| - Directory Information','','',120,'',500,'','100','','0','','directory entries','0','on','','on','',2,'','','0','','','on','','on','',1000,'0','','','on','','','',''),
 (21,0,0,21,'',1,'on','|host_description| - Available Disk Space','','',120,'',500,'','100','','0','','bytes','0','on','','on','',2,'','','0','','','on','','on','',1024,'0','','','on','','','',''),
 (22,0,0,22,'',1,'on','|host_description| - Errors/Discards','','',120,'',500,'','100','','0','','errors/sec','0','on','','on','',2,'','','0','','','on','','on','',1000,'0','','','on','','','',''),
 (23,0,0,23,'',1,'on','|host_description| - Unicast Packets','','',120,'',500,'','100','','0','','packets/sec','0','on','','on','',2,'','','0','','','on','','on','',1000,'0','','','on','','','',''),
 (24,0,0,24,'',1,'on','|host_description| - Non-Unicast Packets','','',120,'',500,'','100','','0','','packets/sec','0','on','','on','',2,'','','0','','','on','','on','',1000,'0','','','on','','','',''),
 (25,0,0,25,'',1,'on','|host_description| - Traffic','','',120,'',500,'','100','','0','','bytes per second','0','on','','on','',2,'','','0','','','on','','on','',1000,'0','','','on','','','',''),
 (34,0,0,26,'',1,'on','|host_description| - Available Disk Space','','',120,'',500,'','100','','0','','bytes','0','on','','on','',2,'','','0','','','on','','on','',1024,'0','','','on','','','',''),
 (35,0,0,27,'',1,'on','|host_description| - CPU Utilization','','',120,'',500,'','100','','0','','percent','0','on','','on','',2,'','','0','','','on','','on','',1000,'0','','','on','','','',''),
 (36,0,0,28,'',1,'','|host_description| - Logged in Users','','',120,'',500,'','100','','0','','users','0','on','','on','',2,'','','0','','','on','','on','',1000,'0','','','on','','','',''),
 (37,0,0,29,'',1,'','|host_description| - Processes','','',120,'',500,'','100','','0','','processes','0','on','','on','',2,'','','0','','','','','on','',1000,'0','','','on','','','',''),
 (38,12,1,12,'0',1,'0','|host_description| - Memory Usage','Localhost - Memory Usage','0',120,'0',500,'0','100','0','0','0','kilobytes','0','on','0','on','0',2,'0','','0','','0','on','0','on','0',1000,'0','','0','on','0','','0',''),
 (39,9,2,9,'0',1,'0','|host_description| - Load Average','Localhost - Load Average','0',120,'0',500,'0','100','0','0','0','processes in the run queue','0','on','0','on','0',2,'0','','0','','0','on','0','on','0',1000,'0','','0','on','0','','0','0'),
 (40,10,3,10,'0',1,'0','|host_description| - Logged in Users','Localhost - Logged in Users','0',120,'0',500,'0','100','0','0','0','users','0','on','0','on','0',2,'0','','0','','0','on','0','on','0',1000,'0','','0','on','0','','0',''),
 (41,8,4,8,'0',1,'0','|host_description| - Processes','Localhost - Processes','0',120,'0',500,'0','100','0','0','0','processes','0','on','0','on','0',2,'0','','0','','0','','0','on','0',1000,'0','','0','on','0','','0',''),
 (42,0,0,30,'',1,'','|host_description| - Open Files','','',120,'',500,'','100','','0','','files','0','on','','on','',2,'','','0','','','','','on','',1000,'0','','','on','','','',''),
 (43,0,0,31,'',1,'on','|host_description| - Traffic','','',120,'',500,'','100','','0','','bits per second','0','on','','on','',2,'','','0','','','on','','on','',1000,'0','','','on','','','',''),
 (44,0,0,32,'',1,'on','|host_description| - Traffic','','',120,'',500,'','100','','0','','bits per second','0','on','','on','',2,'','','0','','','on','','on','',1000,'0','','','on','','','',''),
 (45,0,0,33,'',1,'on','|host_description| - Traffic','','',120,'',500,'','100','','0','','bytes per second','0','on','','on','',2,'','','0','','','on','','on','',1000,'0','','','on','','','',''),
 (47,0,0,34,'',1,'on','|host_description| -','','',120,'',500,'','100','','0','on','','0','on','','on','',2,'','','0','','','','','on','',1000,'0','','','on','','','',''),
 (48,21,5,21,'0',1,'0','|host_description| - Available Disk Space','Localhost - Available Disk Space','0',120,'0',500,'0','100','0','0','0','bytes','0','on','0','on','0',2,'0','','0','','0','on','0','on','0',1024,'0','','0','on','0','','0',''),
 (68,0,0,40,'',1,'on','Weblogic <server> Load Information','','',170,'',700,'','100','','0','','load on WL server','','on','','on','',2,'','','','','','','','on','',1000,'0','','','on','','','',''),
 (69,68,20,40,'0',1,'0','Weblogic ppo1p Load Information','Weblogic ppo1p Load Information','0',170,'0',700,'0','100','0','0','0','load on WL server','0','on','0','on','0',2,'0','','0','','0','','0','on','0',1000,'0','','0','on','0','','0',''),
 (70,59,21,38,'0',1,'0','Weblogic neosweb1p Threads Usage Information','Weblogic neosweb1p Threads Usage Information','0',170,'0',700,'0','100','0','0','0','threads in use on WL server','0','on','0','on','0',2,'0','','0','','0','','0','on','0',1000,'0','','0','on','0','','0',''),
 (71,59,22,38,'0',1,'0','Weblogic neosweb2p Threads Usage Information','Weblogic neosweb2p Threads Usage Information','0',170,'0',700,'0','100','0','0','0','threads in use on WL server','0','on','0','on','0',2,'0','','0','','0','','0','on','0',1000,'0','','0','on','0','','0',''),
 (59,0,0,38,'',1,'on','Weblogic <server> Threads Usage Information','','',170,'',700,'','100','','0','','threads in use on WL server','','on','','on','',2,'','','','','','','','on','',1000,'0','','','on','','','',''),
 (67,59,19,38,'0',1,'0','Weblogic neos2p Threads Usage Information','Weblogic neos2p Threads Usage Information','0',170,'0',700,'0','100','0','0','0','threads in use on WL server','0','on','0','on','0',2,'0','','0','','0','','0','on','0',1000,'0','','0','on','0','','0',''),
 (66,59,18,38,'0',1,'0','Weblogic neos1p Threads Usage Information','Weblogic neos1p Threads Usage Information','0',170,'0',700,'0','100','0','0','0','threads in use on WL server','0','on','0','on','0',2,'0','','0','','0','','0','on','0',1000,'0','','0','on','0','','0',''),
 (72,59,23,38,'0',1,'0','Weblogic ppo1p Threads Usage Information','Weblogic ppo1p Threads Usage Information','0',170,'0',700,'0','100','0','0','0','threads in use on WL server','0','on','0','on','0',2,'0','','0','','0','','0','on','0',1000,'0','','0','on','0','','0',''),
 (73,59,24,38,'0',1,'0','Weblogic ppo2p Threads Usage Information','Weblogic ppo2p Threads Usage Information','0',170,'0',700,'0','100','0','0','0','threads in use on WL server','0','on','0','on','0',2,'0','','0','','0','','0','on','0',1000,'0','','0','on','0','','0',''),
 (74,59,25,38,'0',1,'0','Weblogic ppo3p Threads Usage Information','Weblogic ppo3p Threads Usage Information','0',170,'0',700,'0','100','0','0','0','threads in use on WL server','0','on','0','on','0',2,'0','','0','','0','','0','on','0',1000,'0','','0','on','0','','0',''),
 (75,59,26,38,'0',1,'0','Weblogic ppo4p Threads Usage Information','Weblogic ppo4p Threads Usage Information','0',170,'0',700,'0','100','0','0','0','threads in use on WL server','0','on','0','on','0',2,'0','','0','','0','','0','on','0',1000,'0','','0','on','0','','0',''),
 (76,59,27,38,'0',1,'0','Weblogic fewspservices1p Threads Usage Information','Weblogic fewspservices1p Threads Usage Information','0',170,'0',700,'0','100','0','0','0','threads in use on WL server','0','on','0','on','0',2,'0','','0','','0','','0','on','0',1000,'0','','0','on','0','','0',''),
 (77,59,28,38,'0',1,'0','Weblogic fewspservices2p Threads Usage Information','Weblogic fewspservices2p Threads Usage Information','0',170,'0',700,'0','100','0','0','0','threads in use on WL server','0','on','0','on','0',2,'0','','0','','0','','0','on','0',1000,'0','','0','on','0','','0',''),
 (78,59,29,38,'0',1,'0','Weblogic fewspweb1p Threads Usage Information','Weblogic fewspweb1p Threads Usage Information','0',170,'0',700,'0','100','0','0','0','threads in use on WL server','0','on','0','on','0',2,'0','','0','','0','','0','on','0',1000,'0','','0','on','0','','0',''),
 (79,59,30,38,'0',1,'0','Weblogic fewspweb2p Threads Usage Information','Weblogic fewspweb2p Threads Usage Information','0',170,'0',700,'0','100','0','0','0','threads in use on WL server','0','on','0','on','0',2,'0','','0','','0','','0','on','0',1000,'0','','0','on','0','','0',''),
 (80,68,31,40,'0',1,'0','Weblogic neos1p Load Information','Weblogic neos1p Load Information','0',170,'0',700,'0','100','0','0','0','load on WL server','0','on','0','on','0',2,'0','','0','','0','','0','on','0',1000,'0','','0','on','0','','0',''),
 (81,68,32,40,'0',1,'0','Weblogic neos2p Load Information','Weblogic neos2p Load Information','0',170,'0',700,'0','100','0','0','0','load on WL server','0','on','0','on','0',2,'0','','0','','0','','0','on','0',1000,'0','','0','on','0','','0',''),
 (82,68,33,40,'0',1,'0','Weblogic neosweb1p Load Information','Weblogic neosweb1p Load Information','0',170,'0',700,'0','100','0','0','0','load on WL server','0','on','0','on','0',2,'0','','0','','0','','0','on','0',1000,'0','','0','on','0','','0',''),
 (83,68,34,40,'0',1,'0','Weblogic neosweb2p Load Information','Weblogic neosweb2p Load Information','0',170,'0',700,'0','100','0','0','0','load on WL server','0','on','0','on','0',2,'0','','0','','0','','0','on','0',1000,'0','','0','on','0','','0',''),
 (84,68,35,40,'0',1,'0','Weblogic ppo2p Load Information','Weblogic ppo2p Load Information','0',170,'0',700,'0','100','0','0','0','load on WL server','0','on','0','on','0',2,'0','','0','','0','','0','on','0',1000,'0','','0','on','0','','0',''),
 (85,68,36,40,'0',1,'0','Weblogic ppo3p Load Information','Weblogic ppo3p Load Information','0',170,'0',700,'0','100','0','0','0','load on WL server','0','on','0','on','0',2,'0','','0','','0','','0','on','0',1000,'0','','0','on','0','','0',''),
 (86,68,37,40,'0',1,'0','Weblogic ppo4p Load Information','Weblogic ppo4p Load Information','0',170,'0',700,'0','100','0','0','0','load on WL server','0','on','0','on','0',2,'0','','0','','0','','0','on','0',1000,'0','','0','on','0','','0',''),
 (87,0,0,41,'',1,'on','AWA <segment> Performance Graph Template','','',150,'',700,'','100','','0','','','','on','','on','',2,'','','','','','','','on','',1000,'0','','','on','','','',''),
 (88,87,38,41,'0',1,'0','AWA RES POST Performance Graph Template','AWA RES POST Performance Graph Template','0',150,'0',700,'0','100','0','0','0','','0','on','0','on','0',2,'0','','0','','0','','0','on','0',1000,'0','','0','on','0','','0',''),
 (89,87,39,41,'0',1,'0','AWA MULTILINEA Performance Graph Template','AWA MULTILINEA Performance Graph Template','0',150,'0',700,'0','100','0','0','0','','0','on','0','on','0',2,'0','','0','','0','','0','on','0',1000,'0','','0','on','0','','0',''),
 (193,128,129,47,'0',1,'0','MDW Ops Performace Graph - FEW 26027','MDW Ops Performace Graph - FEW 26027','0',120,'0',700,'0','100','0','0','0','Operation/Page calls per minute','0','on','0','on','0',2,'0','','0','','0','','0','on','0',1000,'0','','0','on','0','','0',''),
 (91,128,40,47,'0',1,'0','MDW Ops Performace Graph - weblogp5 09020','MDW Ops Performace Graph - weblogp5 09020','0',120,'0',700,'0','100','0','0','0','Operation/Page calls per minute','0','on','0','on','0',2,'0','','0','','0','','0','on','0',1000,'0','','0','on','0','','0',''),
 (92,128,41,47,'0',1,'0','MDW Ops Performace Graph - weblogp5 26027','MDW Ops Performace Graph - weblogp5 26027','0',120,'0',700,'0','100','0','0','0','Operation/Page calls per minute','0','on','0','on','0',2,'0','','0','','0','','0','on','0',1000,'0','','0','on','0','','0',''),
 (93,128,42,47,'0',1,'0','MDW Ops Performace Graph - weblogp5 03040','MDW Ops Performace Graph - weblogp5 03040','0',120,'0',700,'0','100','0','0','0','Operation/Page calls per minute','0','on','0','on','0',2,'0','','0','','0','','0','on','0',1000,'0','','0','on','0','','0',''),
 (94,128,43,47,'0',1,'0','MDW Ops Performace Graph - weblogp5 10010','MDW Ops Performace Graph - weblogp5 10010','0',120,'0',700,'0','100','0','0','0','Operation/Page calls per minute','0','on','0','on','0',2,'0','','0','','0','','0','on','0',1000,'0','','0','on','0','','0',''),
 (139,128,83,47,'0',1,'0','MDW Ops Performace Graph - weblogp5 02062','MDW Ops Performace Graph - weblogp5 02062','0',120,'0',700,'0','100','0','0','0','Operation/Page calls per minute','0','on','0','on','0',2,'0','','0','','0','','0','on','0',1000,'0','','0','on','0','','0',''),
 (97,128,46,47,'0',1,'0','MDW Ops Performace Graph - weblogp6 02045','MDW Ops Performace Graph - weblogp6 02045','0',120,'0',700,'0','100','0','0','0','Operation/Page calls per minute','0','on','0','on','0',2,'0','','0','','0','','0','on','0',1000,'0','','0','on','0','','0',''),
 (99,128,48,47,'0',1,'0','MDW Ops Performace Graph - weblogp5 03031','MDW Ops Performace Graph - weblogp5 03031','0',120,'0',700,'0','100','0','0','0','Operation/Page calls per minute','0','on','0','on','0',2,'0','','0','','0','','0','on','0',1000,'0','','0','on','0','','0',''),
 (100,116,49,46,'0',1,'0','NEOS Ops Performace Graph - weblogp6 GetProfile','NEOS Ops Performace Graph - weblogp6 GetProfile','0',180,'0',700,'0','100','0','0','0','Operation/Page calls per minute','0','on','0','on','0',2,'0','','0','','0','','0','on','0',1000,'0','','0','on','0','','0',''),
 (101,102,50,43,'0',1,'0','NEOS Ops Performace Graph - weblogp6 GetOffer','NEOS Ops Performace Graph - weblogp6 GetOffer','0',170,'0',700,'0','100','0','0','0','NEOS calls counts','0','on','0','on','0',2,'0','','0','','0','','0','on','0',1000,'0','','0','on','0','','0',''),
 (102,0,0,43,'',1,'on','MDW Ops Performace Graph - <server> <op>','','',170,'',700,'','100','','0','','NEOS calls counts','','on','','on','',2,'','','','','','','','on','',1000,'0','','','on','','','',''),
 (103,128,51,47,'0',1,'0','MDW Ops Performace Graph - weblogp5 02045','MDW Ops Performace Graph - weblogp5 02045','0',120,'0',700,'0','100','0','0','0','Operation/Page calls per minute','0','on','0','on','0',2,'0','','0','','0','','0','on','0',1000,'0','','0','on','0','','0',''),
 (138,105,82,44,'0',1,'0','Pages Access Graph - dashboard.neos','Pages Access Graph - dashboard.neos','0',170,'0',700,'0','100','0','0','0','Page Access counts and HTTP codes','0','on','0','on','0',2,'0','','0','','0','','0','on','0',1000,'0','','0','on','0','','0',''),
 (104,116,52,46,'0',1,'0','NEOS Page Performace Graph - weblogp6 init.neos','Page Performace Graph - weblogp6 init.neos','0',180,'0',700,'0','100','0','0','0','Operation/Page calls per minute','0','on','0','on','0',2,'0','','0','','0','','0','on','0',1000,'0','','0','on','0','','0',''),
 (105,0,0,44,'',1,'on','Pages Access Graph - <server> <call>','','',170,'',700,'','100','','0','','Page Access counts and HTTP codes','','on','','on','',2,'','','','','','','','on','',1000,'0','','','on','','','',''),
 (106,105,53,44,'0',1,'0','Page Performace Graph - weblogp5 init.neos','Page Performace Graph - weblogp5 init.neos','0',170,'0',700,'0','100','0','0','0','Page Access counts and HTTP codes','0','on','0','on','0',2,'0','','0','','0','','0','on','0',1000,'0','','0','on','0','','0',''),
 (107,116,54,46,'0',1,'0','Page Performace Graph - weblogp5 callslist','Page Performace Graph - weblogp5 callslist','0',180,'0',700,'0','100','0','0','0','Operation/Page calls per minute','0','on','0','on','0',2,'0','','0','','0','','0','on','0',1000,'0','','0','on','0','','0',''),
 (108,109,55,45,'0',1,'0','Multiserver Page Performace Graph - services','Multiserver Page Performace Graph - services','0',170,'0',700,'0','100','0','0','0','Multiserver Page Performance and calls','0','on','0','on','0',2,'0','','0','','0','','0','on','0',1000,'0','','0','on','0','','0',''),
 (109,0,0,45,'',1,'on','Operation/Page Performace Graph - <call>','','',170,'',700,'','100','','0','','Multiserver Page Performance and calls','','on','','on','',2,'','','','','','','','on','',1000,'0','','','on','','','',''),
 (110,116,56,46,'0',1,'0','NEOS Ops Performace Graph - weblogp5 GetProfile','NEOS Ops Performace Graph - weblogp5 GetProfile','0',180,'0',700,'0','100','0','0','0','Operation/Page calls per minute','0','on','0','on','0',2,'0','','0','','0','','0','on','0',1000,'0','','0','on','0','','0',''),
 (145,87,88,41,'0',1,'0','URL3: areaprivada.orange.es/neos/js/jquery-ui-1.7.2.custom.min.js','URL3: areaprivada.orange.es/neos/js/jquery-ui-1.7.2.custom.min.js','0',150,'0',700,'0','100','0','0','0','','0','on','0','on','0',2,'0','','0','','0','','0','on','0',1000,'0','','0','on','0','','0',''),
 (141,116,85,46,'0',1,'0','NEOS Ops Performace Graph - weblogp5 GetUsage','NEOS Ops Performace Graph - weblogp5 GetUsage','0',180,'0',700,'0','100','0','0','0','Operation/Page calls per minute','0','on','0','on','0',2,'0','','0','','0','','0','on','0',1000,'0','','0','on','0','','0',''),
 (142,116,86,46,'0',1,'0','NEOS Ops Performace Graph - weblogp5 GetLoyaltyBalance','NEOS Ops Performace Graph - weblogp5 GetLoyaltyBalance','0',180,'0',700,'0','100','0','0','0','Operation/Page calls per minute','0','on','0','on','0',2,'0','','0','','0','','0','on','0',1000,'0','','0','on','0','','0',''),
 (113,128,59,47,'0',1,'0','MDW Ops Performace Graph - weblogp5 10004','MDW Ops Performace Graph - weblogp5 10004','0',120,'0',700,'0','100','0','0','0','Operation/Page calls per minute','0','on','0','on','0',2,'0','','0','','0','','0','on','0',1000,'0','','0','on','0','','0',''),
 (114,128,60,47,'0',1,'0','MDW Ops Performace Graph - weblogp5 03002','MDW Ops Performace Graph - weblogp5 03002','0',120,'0',700,'0','100','0','0','0','Operation/Page calls per minute','0','on','0','on','0',2,'0','','0','','0','','0','on','0',1000,'0','','0','on','0','','0',''),
 (115,128,61,47,'0',1,'0','MDW Ops Performace Graph - weblogp5 03004','MDW Ops Performace Graph - weblogp5 03004','0',120,'0',700,'0','100','0','0','0','Operation/Page calls per minute','0','on','0','on','0',2,'0','','0','','0','','0','on','0',1000,'0','','0','on','0','','0',''),
 (116,0,0,46,'',1,'on','Operation/Call Performace Graph - <server> <call>','','',180,'',700,'','100','','0','','Operation/Page calls per minute','','on','','on','',2,'','','','','','','','on','',1000,'0','','','on','','','',''),
 (117,102,62,43,'0',1,'0','NEOS Page Performace Graph - weblogp5 init.neos','NEOS Page Performace Graph - weblogp5 init.neos','0',170,'0',700,'0','100','0','0','0','NEOS calls counts','0','on','0','on','0',2,'0','','0','','0','','0','on','0',1000,'0','','0','on','0','','0',''),
 (120,109,65,45,'0',1,'0','NEOS Page Performace Graph - callslist','NEOS Page Performace Graph - callslist','0',170,'0',700,'0','100','0','0','0','Multiserver Page Performance and calls','0','on','0','on','0',2,'0','','0','','0','','0','on','0',1000,'0','','0','on','0','','0',''),
 (118,105,63,44,'0',1,'0','Pages Access Graph - init.neos','Pages Access Graph - init.neos','0',170,'0',700,'0','100','0','0','0','Page Access counts and HTTP codes','0','on','0','on','0',2,'0','','0','','0','','0','on','0',1000,'0','','0','on','0','','0',''),
 (119,109,64,45,'0',1,'0','Multiserver Page Performace Graph - init.neos','Multiserver Page Performace Graph - init.neos','0',170,'0',700,'0','100','0','0','0','Multiserver Page Performance and calls','0','on','0','on','0',2,'0','','0','','0','','0','on','0',1000,'0','','0','on','0','','0',''),
 (122,102,67,43,'0',1,'0','NEOS Page Performace Graph - weblogp5 callslist','NEOS Page Performace Graph - weblogp5 callslist','0',170,'0',700,'0','100','0','0','0','NEOS calls counts','0','on','0','on','0',2,'0','','0','','0','','0','on','0',1000,'0','','0','on','0','','0',''),
 (123,102,68,43,'0',1,'0','NEOS Page Performace Graph - weblogp5 dashboard','NEOS Page Performace Graph - weblogp5 dashboard','0',170,'0',700,'0','100','0','0','0','NEOS calls counts','0','on','0','on','0',2,'0','','0','','0','','0','on','0',1000,'0','','0','on','0','','0',''),
 (124,102,69,43,'0',1,'0','NEOS Page Performace Graph - weblogp6 init.neos','NEOS Page Performace Graph - weblogp6 init.neos','0',170,'0',700,'0','100','0','0','0','NEOS calls counts','0','on','0','on','0',2,'0','','0','','0','','0','on','0',1000,'0','','0','on','0','','0',''),
 (125,109,70,45,'0',1,'0','Multiserver Page Performace Graph - callslist','Multiserver Page Performace Graph - callslist','0',170,'0',700,'0','100','0','0','0','Multiserver Page Performance and calls','0','on','0','on','0',2,'0','','0','','0','','0','on','0',1000,'0','','0','on','0','','0',''),
 (126,102,71,43,'0',1,'0','NEOS Page Performace Graph - weblogp6 callslist','NEOS Page Performace Graph - weblogp6 callslist','0',170,'0',700,'0','100','0','0','0','NEOS calls counts','0','on','0','on','0',2,'0','','0','','0','','0','on','0',1000,'0','','0','on','0','','0',''),
 (127,116,72,46,'0',1,'0','NEOS Ops Performace Graph - weblogp5 GetInfoByLine','NEOS Ops Performace Graph - weblogp5 GetInfoByLine','0',180,'0',700,'0','100','0','0','0','Operation/Page calls per minute','0','on','0','on','0',2,'0','','0','','0','','0','on','0',1000,'0','','0','on','0','','0',''),
 (128,0,0,47,'',1,'on','Operation/Call Performace Graph - <server> <call>','','',120,'',700,'','100','','0','','Operation/Page calls per minute','','on','','on','',2,'','','','','','','','on','',1000,'0','','','on','','','',''),
 (129,128,73,47,'0',1,'0','MDW Ops Performace Graph - weblogp6 02062','MDW Ops Performace Graph - weblogp6 02062','0',120,'0',700,'0','100','0','0','0','Operation/Page calls per minute','0','on','0','on','0',2,'0','','0','','0','','0','on','0',1000,'0','','0','on','0','','0',''),
 (130,128,74,47,'0',1,'0','MDW Ops Performace Graph - weblogp6 03002','MDW Ops Performace Graph - weblogp6 03002','0',120,'0',700,'0','100','0','0','0','Operation/Page calls per minute','0','on','0','on','0',2,'0','','0','','0','','0','on','0',1000,'0','','0','on','0','','0',''),
 (131,128,75,47,'0',1,'0','MDW Ops Performace Graph - weblogp6 03004','MDW Ops Performace Graph - weblogp6 03004','0',120,'0',700,'0','100','0','0','0','Operation/Page calls per minute','0','on','0','on','0',2,'0','','0','','0','','0','on','0',1000,'0','','0','on','0','','0',''),
 (132,128,76,47,'0',1,'0','MDW Ops Performace Graph - weblogp6 03031','MDW Ops Performace Graph - weblogp6 03031','0',120,'0',700,'0','100','0','0','0','Operation/Page calls per minute','0','on','0','on','0',2,'0','','0','','0','','0','on','0',1000,'0','','0','on','0','','0',''),
 (133,128,77,47,'0',1,'0','MDW Ops Performace Graph - weblogp6 03035','MDW Ops Performace Graph - weblogp6 03035','0',120,'0',700,'0','100','0','0','0','Operation/Page calls per minute','0','on','0','on','0',2,'0','','0','','0','','0','on','0',1000,'0','','0','on','0','','0',''),
 (134,128,78,47,'0',1,'0','MDW Ops Performace Graph - weblogp6 03040','MDW Ops Performace Graph - weblogp6 03040','0',120,'0',700,'0','100','0','0','0','Operation/Page calls per minute','0','on','0','on','0',2,'0','','0','','0','','0','on','0',1000,'0','','0','on','0','','0',''),
 (135,128,79,47,'0',1,'0','MDW Ops Performace Graph - weblogp6 09020','MDW Ops Performace Graph - weblogp6 09020','0',120,'0',700,'0','100','0','0','0','Operation/Page calls per minute','0','on','0','on','0',2,'0','','0','','0','','0','on','0',1000,'0','','0','on','0','','0',''),
 (136,128,80,47,'0',1,'0','MDW Ops Performace Graph - weblogp6 09050','MDW Ops Performace Graph - weblogp6 09050','0',120,'0',700,'0','100','0','0','0','Operation/Page calls per minute','0','on','0','on','0',2,'0','','0','','0','','0','on','0',1000,'0','','0','on','0','','0',''),
 (137,128,81,47,'0',1,'0','MDW Ops Performace Graph - weblogp6 10004','MDW Ops Performace Graph - weblogp6 10004','0',120,'0',700,'0','100','0','0','0','Operation/Page calls per minute','0','on','0','on','0',2,'0','','0','','0','','0','on','0',1000,'0','','0','on','0','','0',''),
 (143,0,0,48,'',1,'on','Page <segment> Renponse Graph Template','','',150,'',500,'','100','','0','','Page response time (s)','','on','','on','',2,'','','','','','','','on','',1000,'0','','','on','','','',''),
 (144,87,87,41,'0',1,'0','URL2: sdc.francetelecom.com/dcsbynxcr648kylesxcfk4vs7_6c8r/dcs.gif','URL2: sdc.francetelecom.com/dcsbynxcr648kylesxcfk4vs7_6c8r/dcs.gif','0',150,'0',700,'0','100','0','0','0','','0','on','0','on','0',2,'0','','0','','0','','0','on','0',1000,'0','','0','on','0','','0',''),
 (146,87,89,41,'0',1,'0','URL4: areaprivada.orange.es/neos/css/css.common.css','URL4: areaprivada.orange.es/neos/css/css.common.css','0',150,'0',700,'0','100','0','0','0','','0','on','0','on','0',2,'0','','0','','0','','0','on','0',1000,'0','','0','on','0','','0',''),
 (147,87,90,41,'0',1,'0','URL1: https://empleadosorange.orange.es/logs/www.orange.es/p.html','URL1: https://empleadosorange.orange.es/logs/www.orange.es/p.html','0',150,'0',700,'0','100','0','0','0','','0','on','0','on','0',2,'0','','0','','0','','0','on','0',1000,'0','','0','on','0','','0',''),
 (148,59,91,38,'0',1,'0','Weblogic pposerv1p Threads Usage Information','Weblogic pposerv1p Threads Usage Information','0',170,'0',700,'0','100','0','0','0','threads in use on WL server','0','on','0','on','0',2,'0','','0','','0','','0','on','0',1000,'0','','0','on','0','','0',''),
 (149,0,0,49,'',1,'on','Weblogic <service> Data Source Usage Information','','',170,'',700,'','100','','0','','DB connections usage on WL server','','on','','on','',2,'','','','','','','','on','',1000,'0','','','on','','','',''),
 (150,149,92,49,'0',1,'0','Weblogic neos1p Data Source Usage Information','Weblogic neos1p Data Source Usage Information','0',170,'0',700,'0','100','0','0','0','DB connections usage on WL server','0','on','0','on','0',2,'0','','0','','0','','0','on','0',1000,'0','','0','on','0','','0',''),
 (151,149,93,49,'0',1,'0','Weblogic neos2p Data Source Usage Information','Weblogic neos2p Data Source Usage Information','0',170,'0',700,'0','100','0','0','0','DB connections usage on WL server','0','on','0','on','0',2,'0','','0','','0','','0','on','0',1000,'0','','0','on','0','','0',''),
 (152,87,94,41,'0',1,'0','WL weblogp5 Memory Usage Graph Template','WL weblogp5 Memory Usage Graph Template','0',150,'0',700,'0','100','0','0','0','','0','on','0','on','0',2,'0','','0','','0','','0','on','0',1000,'0','','0','on','0','','0',''),
 (153,128,95,47,'0',1,'0','MDW Ops Performace Graph - weblogp5 03035','MDW Ops Performace Graph - weblogp5 03035','0',120,'0',700,'0','100','0','0','0','Operation/Page calls per minute','0','on','0','on','0',2,'0','','0','','0','','0','on','0',1000,'0','','0','on','0','','0',''),
 (154,128,96,47,'0',1,'0','MDW Ops Performace Graph - weblogp5 09050','MDW Ops Performace Graph - weblogp5 09050','0',120,'0',700,'0','100','0','0','0','Operation/Page calls per minute','0','on','0','on','0',2,'0','','0','','0','','0','on','0',1000,'0','','0','on','0','','0',''),
 (155,128,97,47,'0',1,'0','MDW Ops Performace Graph - weblogp5 48027','MDW Ops Performace Graph - weblogp5 48027','0',120,'0',700,'0','100','0','0','0','Operation/Page calls per minute','0','on','0','on','0',2,'0','','0','','0','','0','on','0',1000,'0','','0','on','0','','0',''),
 (156,128,98,47,'0',1,'0','MDW Ops Performace Graph - weblogp5 10027','MDW Ops Performace Graph - weblogp5 10027','0',120,'0',700,'0','100','0','0','0','Operation/Page calls per minute','0','on','0','on','0',2,'0','','0','','0','','0','on','0',1000,'0','','0','on','0','','0',''),
 (157,116,99,46,'0',1,'0','NEOS Ops Performace Graph - weblogp5 GetProducts','NEOS Ops Performace Graph - weblogp5 GetProducts','0',180,'0',700,'0','100','0','0','0','Operation/Page calls per minute','0','on','0','on','0',2,'0','','0','','0','','0','on','0',1000,'0','','0','on','0','','0',''),
 (158,149,100,49,'0',1,'0','Weblogic ppo1p Data Source Usage Information','Weblogic ppo1p Data Source Usage Information','0',170,'0',700,'0','100','0','0','0','DB connections usage on WL server','0','on','0','on','0',2,'0','','0','','0','','0','on','0',1000,'0','','0','on','0','','0',''),
 (159,149,101,49,'0',1,'0','Weblogic ppo2p Data Source Usage Information','Weblogic ppo2p Data Source Usage Information','0',170,'0',700,'0','100','0','0','0','DB connections usage on WL server','0','on','0','on','0',2,'0','','0','','0','','0','on','0',1000,'0','','0','on','0','','0',''),
 (160,149,102,49,'0',1,'0','Weblogic ppo3p Data Source Usage Information','Weblogic ppo3p Data Source Usage Information','0',170,'0',700,'0','100','0','0','0','DB connections usage on WL server','0','on','0','on','0',2,'0','','0','','0','','0','on','0',1000,'0','','0','on','0','','0',''),
 (161,149,103,49,'0',1,'0','Weblogic ppo4p Data Source Usage Information','Weblogic ppo4p Data Source Usage Information','0',170,'0',700,'0','100','0','0','0','DB connections usage on WL server','0','on','0','on','0',2,'0','','0','','0','','0','on','0',1000,'0','','0','on','0','','0',''),
 (162,149,104,49,'0',1,'0','Weblogic neoswe1p Data Source Usage Information','Weblogic neoswe1p Data Source Usage Information','0',170,'0',700,'0','100','0','0','0','DB connections usage on WL server','0','on','0','on','0',2,'0','','0','','0','','0','on','0',1000,'0','','0','on','0','','0',''),
 (163,149,105,49,'0',1,'0','Weblogic neoswe2p Data Source Usage Information','Weblogic neoswe2p Data Source Usage Information','0',170,'0',700,'0','100','0','0','0','DB connections usage on WL server','0','on','0','on','0',2,'0','','0','','0','','0','on','0',1000,'0','','0','on','0','','0',''),
 (165,0,0,50,'',1,'','|host_description| - NetStats State Usage','','',120,'',500,'','100','','0','','netstats state usage','','on','','on','',2,'','','','','','on','','on','',1000,'0','','','on','','','','0'),
 (167,165,108,50,'0',1,'0','|host_description| - NetStats State Usage','NEOS Apache ap3 - NetStats State Usage','0',120,'0',500,'0','100','0','0','0','netstats state usage','0','on','0','on','0',2,'0','','0','','0','on','0','on','0',1000,'0','','0','on','0','','0','0'),
 (168,165,109,50,'0',1,'0','|host_description| - NetStats State Usage','NEOS Apache ap4 - NetStats State Usage','0',120,'0',500,'0','100','0','0','0','netstats state usage','0','on','0','on','0',2,'0','','0','','0','on','0','on','0',1000,'0','','0','on','0','','0','0'),
 (169,105,110,44,'0',1,'0','Pages Access Graph - areaprivada','Pages Access Graph - areaprivada','0',170,'0',700,'0','100','0','0','0','Page Access counts and HTTP codes','0','on','0','on','0',2,'0','','0','','0','','0','on','0',1000,'0','','0','on','0','','0',''),
 (170,105,111,44,'0',1,'0','Pages Access Graph - areaprivada ap3','Pages Access Graph - areaprivada ap3','0',170,'0',700,'0','100','0','0','0','Page Access counts and HTTP codes','0','on','0','on','0',2,'0','','0','','0','','0','on','0',1000,'0','','0','on','0','','0',''),
 (171,105,112,44,'0',1,'0','Pages Access Graph - areaprivada ap4','Pages Access Graph - areaprivada ap4','0',170,'0',700,'0','100','0','0','0','Page Access counts and HTTP codes','0','on','0','on','0',2,'0','','0','','0','','0','on','0',1000,'0','','0','on','0','','0',''),
 (172,128,113,47,'0',1,'0','    MDW Ops Performace Graph - weblogp5 88003','    MDW Ops Performace Graph - weblogp5 88003','0',120,'0',700,'0','100','0','0','0','Operation/Page calls per minute','0','on','0','on','0',2,'0','','0','','0','','0','on','0',1000,'0','','0','on','0','','0',''),
 (173,0,0,51,'',1,'on','Operation/Page Performace Graph - <call>','','',170,'',700,'','100','','0','','Multiserver Page Performance and calls','','on','','on','',2,'','','','','','','','on','',1000,'0','','','on','','','',''),
 (175,173,115,51,'0',1,'0','Multiserver Page HTTP Response- areaprivada','Multiserver Page HTTP Response- areaprivada','0',170,'0',700,'0','100','0','0','0','Multiserver Page Performance and calls','0','on','0','on','0',2,'0','','0','','0','','0','on','0',1000,'0','','0','on','0','','0',''),
 (176,128,116,47,'0',1,'0','Operation/Call Performace Graph - 5 26027','Operation/Call Performace Graph - 5 26027','0',120,'0',700,'0','100','0','0','0','Operation/Page calls per minute','0','on','0','on','0',2,'0','','0','','0','','0','on','0',1000,'0','','0','on','0','','0',''),
 (177,178,117,52,'0',1,'0','MDW Ops Performace Graph - PPOW 34002','MDW Ops Performace Graph - PPOW 34002','0',180,'0',700,'0','100','0','0','0','Operation/Page calls per minute','0','on','0','on','0',2,'0','','0','','0','','0','on','0',1000,'0','','0','on','0','','0',''),
 (178,0,0,52,'',1,'on','Operation/Call Count Graph - <server> <call>','','',180,'',700,'','100','','0','','Operation/Page calls per minute','','on','','on','',2,'','','','','','','','on','',1000,'0','','','on','','','',''),
 (179,128,118,47,'0',1,'0','MDW Ops Performace Graph - weblogp6 10010','MDW Ops Performace Graph - weblogp6 10010','0',120,'0',700,'0','100','0','0','0','Operation/Page calls per minute','0','on','0','on','0',2,'0','','0','','0','','0','on','0',1000,'0','','0','on','0','','0',''),
 (180,128,119,47,'0',1,'0','MDW Ops Performace Graph - weblogp6 10027','MDW Ops Performace Graph - weblogp6 10027','0',120,'0',700,'0','100','0','0','0','Operation/Page calls per minute','0','on','0','on','0',2,'0','','0','','0','','0','on','0',1000,'0','','0','on','0','','0',''),
 (181,128,120,47,'0',1,'0','MDW Ops Performace Graph - weblogp6 26027','MDW Ops Performace Graph - weblogp6 26027','0',120,'0',700,'0','100','0','0','0','Operation/Page calls per minute','0','on','0','on','0',2,'0','','0','','0','','0','on','0',1000,'0','','0','on','0','','0',''),
 (182,0,0,53,'',1,'on','<service> - Error Accounting Graph','','',180,'',700,'','100','','0','','error counts stacked','','on','','on','',2,'','','','','','on','','on','',1000,'0','','','on','','','','0'),
 (183,182,121,53,'0',1,'0','PPOW - Error Accounting Graph','PPOW - Error Accounting Graph','0',180,'0',700,'0','100','0','0','0','error counts stacked','0','on','0','on','0',2,'0','','0','','0','on','0','on','0',1000,'0','','0','on','0','','0','0'),
 (184,178,122,52,'0',1,'0','MDW Ops Performace Graph - PPOW 85202','MDW Ops Performace Graph - PPOW 85202','0',180,'0',700,'0','100','0','0','0','Operation/Page calls per minute','0','on','0','on','0',2,'0','','0','','0','','0','on','0',1000,'0','','0','on','0','','0',''),
 (185,128,123,47,'0',1,'0','MDW Ops Performace Graph - weblogp6 48027','MDW Ops Performace Graph - weblogp6 48027','0',120,'0',700,'0','100','0','0','0','Operation/Page calls per minute','0','on','0','on','0',2,'0','','0','','0','','0','on','0',1000,'0','','0','on','0','','0',''),
 (186,59,124,38,'0',1,'0','Weblogic pposerv2p Threads Usage Information','Weblogic pposerv2p Threads Usage Information','0',170,'0',700,'0','100','0','0','0','threads in use on WL server','0','on','0','on','0',2,'0','','0','','0','','0','on','0',1000,'0','','0','on','0','','0',''),
 (187,191,125,54,'0',1,'0','MDW Ops Performace Graph - siebelsrv03 02045','MDW Ops Performace Graph - siebelsrv03 02045','0',120,'0',700,'0','100','0','0','0','MDW Siebel Operations per minute','0','on','0','on','0',2,'0','','0','','0','','0','on','0',1000,'0','','0','on','0','','0',''),
 (188,191,126,54,'0',1,'0','MDW Ops Performace Graph - siebelsrv04 02045','MDW Ops Performace Graph - siebelsrv04 02045','0',120,'0',700,'0','100','0','0','0','MDW Siebel Operations per minute','0','on','0','on','0',2,'0','','0','','0','','0','on','0',1000,'0','','0','on','0','','0',''),
 (189,192,127,55,'0',1,'0','MDW Ops Performace Graph - siebelsrv03 02048','MDW Ops Performace Graph - siebelsrv03 02048','0',120,'0',700,'0','100','0','0','0','MDW Siebel Operations per minute','0','on','0','on','0',2,'0','','0','','0','','0','on','0',1000,'0','','0','on','0','','0',''),
 (190,192,128,55,'0',1,'0','MDW Ops Performace Graph - siebelsrv04 02048','MDW Ops Performace Graph - siebelsrv04 02048','0',120,'0',700,'0','100','0','0','0','MDW Siebel Operations per minute','0','on','0','on','0',2,'0','','0','','0','','0','on','0',1000,'0','','0','on','0','','0',''),
 (191,0,0,54,'',1,'on','Siebel MDW Performace Graph - <server> <call>','','',120,'',700,'','100','','0','','MDW Siebel Operations per minute','','on','','on','',2,'','','','','','','','on','',1000,'0','','','on','','','',''),
 (192,0,0,55,'',1,'on','Siebel MDW Performace Graph - <server> <call>','','',120,'',700,'','100','','0','','MDW Siebel Operations per minute','','on','','on','',2,'','','','','','','','on','',1000,'0','','','on','','','',''),
 (194,128,130,47,'0',1,'0','MDW Ops Performace Graph - FEW 03013','MDW Ops Performace Graph - FEW 03013','0',120,'0',700,'0','100','0','0','0','Operation/Page calls per minute','0','on','0','on','0',2,'0','','0','','0','','0','on','0',1000,'0','','0','on','0','','0',''),
 (195,105,131,44,'0',1,'0','Pages Access Graph - areaprivada ap7','Pages Access Graph - areaprivada ap7','0',170,'0',700,'0','100','0','0','0','Page Access counts and HTTP codes','0','on','0','on','0',2,'0','','0','','0','','0','on','0',1000,'0','','0','on','0','','0',''),
 (196,105,132,44,'0',1,'0','Pages Access Graph - areaprivada ap8','Pages Access Graph - areaprivada ap8','0',170,'0',700,'0','100','0','0','0','Page Access counts and HTTP codes','0','on','0','on','0',2,'0','','0','','0','','0','on','0',1000,'0','','0','on','0','','0',''),
 (197,102,133,43,'0',1,'0','NEOS Page Performace Graph - weblogp5 init.mobile.neos','NEOS Page Performace Graph - weblogp5 init.mobile.neos','0',170,'0',700,'0','100','0','0','0','NEOS calls counts','0','on','0','on','0',2,'0','','0','','0','','0','on','0',1000,'0','','0','on','0','','0',''),
 (198,102,134,43,'0',1,'0','NEOS Page Performace Graph - weblogp6 init.mobile.neos','NEOS Page Performace Graph - weblogp6 init.mobile.neos','0',170,'0',700,'0','100','0','0','0','NEOS calls counts','0','on','0','on','0',2,'0','','0','','0','','0','on','0',1000,'0','','0','on','0','','0','');
CREATE TABLE  `cacti`.`graph_templates_item` (
  `id` int(12) unsigned NOT NULL AUTO_INCREMENT,
  `hash` varchar(32) NOT NULL DEFAULT '',
  `local_graph_template_item_id` int(12) unsigned NOT NULL DEFAULT '0',
  `local_graph_id` mediumint(8) unsigned NOT NULL DEFAULT '0',
  `graph_template_id` mediumint(8) unsigned NOT NULL DEFAULT '0',
  `task_item_id` mediumint(8) unsigned NOT NULL DEFAULT '0',
  `color_id` mediumint(8) unsigned NOT NULL DEFAULT '0',
  `alpha` char(2) DEFAULT 'FF',
  `graph_type_id` tinyint(3) NOT NULL DEFAULT '0',
  `cdef_id` mediumint(8) unsigned NOT NULL DEFAULT '0',
  `consolidation_function_id` tinyint(2) NOT NULL DEFAULT '0',
  `text_format` varchar(255) DEFAULT NULL,
  `value` varchar(255) DEFAULT NULL,
  `hard_return` char(2) DEFAULT NULL,
  `gprint_id` mediumint(8) unsigned NOT NULL DEFAULT '0',
  `sequence` mediumint(8) unsigned NOT NULL DEFAULT '0',
  PRIMARY KEY (`id`),
  KEY `graph_template_id` (`graph_template_id`),
  KEY `local_graph_id` (`local_graph_id`),
  KEY `task_item_id` (`task_item_id`)
) ENGINE=MyISAM AUTO_INCREMENT=2519 DEFAULT CHARSET=latin1 COMMENT='Stores the actual graph item data.';
INSERT INTO `cacti`.`graph_templates_item` VALUES  (9,'0470b2427dbfadb6b8346e10a71268fa',0,0,2,54,22,'FF',7,2,1,'Inbound','','',2,1),
 (10,'84a5fe0db518550266309823f994ce9c',0,0,2,54,0,'FF',9,2,4,'Current:','','',2,2),
 (11,'2f222f28084085cd06a1f46e4449c793',0,0,2,54,0,'FF',9,2,1,'Average:','','',2,3),
 (12,'55acbcc33f46ee6d754e8e81d1b54808',0,0,2,54,0,'FF',9,2,3,'Maximum:','','on',2,4),
 (13,'fdaf2321fc890e355711c2bffc07d036',0,0,2,55,20,'FF',4,2,1,'Outbound','','',2,5),
 (14,'768318f42819217ed81196d2179d3e1b',0,0,2,55,0,'FF',9,2,4,'Current:','','',2,6),
 (15,'cb3aa6256dcb3acd50d4517b77a1a5c3',0,0,2,55,0,'FF',9,2,1,'Average:','','',2,7),
 (16,'671e989be7cbf12c623b4e79d91c7bed',0,0,2,55,0,'FF',9,2,3,'Maximum:','','on',2,8),
 (17,'b561ed15b3ba66d277e6d7c1640b86f7',0,0,3,4,48,'FF',7,14,1,'Used','','',2,1),
 (18,'99ef051057fa6adfa6834a7632e9d8a2',0,0,3,4,0,'FF',9,14,4,'Current:','','',2,2),
 (19,'3986695132d3f4716872df4c6fbccb65',0,0,3,4,0,'FF',9,14,1,'Average:','','',2,3),
 (20,'0444300017b368e6257f010dca8bbd0d',0,0,3,4,0,'FF',9,14,3,'Maximum:','','on',2,4),
 (21,'4d6a0b9063124ca60e2d1702b3e15e41',0,0,3,3,20,'FF',8,14,1,'Available','','',2,5),
 (22,'181b08325e4d00cd50b8cdc8f8ae8e77',0,0,3,3,0,'FF',9,14,4,'Current:','','',2,6),
 (23,'bba0a9ff1357c990df50429d64314340',0,0,3,3,0,'FF',9,14,1,'Average:','','',2,7),
 (24,'d4a67883d53bc1df8aead21c97c0bc52',0,0,3,3,0,'FF',9,14,3,'Maximum:','','on',2,8),
 (25,'253c9ec2d66905245149c1c2dc8e536e',0,0,3,0,1,'FF',5,15,1,'Total','','',2,9),
 (26,'ea9ea883383f4eb462fec6aa309ba7b5',0,0,3,0,0,'FF',9,15,4,'Current:','','',2,10),
 (27,'83b746bcaba029eeca170a9f77ec4864',0,0,3,0,0,'FF',9,15,1,'Average:','','',2,11),
 (28,'82e01dd92fd37887c0696192efe7af65',0,0,3,0,0,'FF',9,15,3,'Maximum:','','on',2,12),
 (29,'ff0a6125acbb029b814ed1f271ad2d38',0,0,4,5,9,'FF',7,0,1,'System','','',2,1),
 (30,'f0776f7d6638bba76c2c27f75a424f0f',0,0,4,5,0,'FF',9,0,4,'Current:','','',2,2),
 (31,'39f4e021aa3fed9207b5f45a82122b21',0,0,4,5,0,'FF',9,0,1,'Average:','','',2,3),
 (32,'800f0b067c06f4ec9c2316711ea83c1e',0,0,4,5,0,'FF',9,0,3,'Maximum:','','on',2,4),
 (33,'9419dd5dbf549ba4c5dc1462da6ee321',0,0,4,6,21,'FF',8,0,1,'User','','',2,5),
 (34,'e461dd263ae47657ea2bf3fd82bec096',0,0,4,6,0,'FF',9,0,4,'Current:','','',2,6),
 (35,'f2d1fbb8078a424ffc8a6c9d44d8caa0',0,0,4,6,0,'FF',9,0,1,'Average:','','',2,7),
 (36,'e70a5de639df5ba1705b5883da7fccfc',0,0,4,6,0,'FF',9,0,3,'Maximum:','','on',2,8),
 (37,'85fefb25ce9fd0317da2706a5463fc42',0,0,4,7,12,'FF',8,0,1,'Nice','','',2,9),
 (38,'a1cb26878776999db16f1de7577b3c2a',0,0,4,7,0,'FF',9,0,4,'Current:','','',2,10),
 (39,'7d0f9bf64a0898a0095f099674754273',0,0,4,7,0,'FF',9,0,1,'Average:','','',2,11),
 (40,'b2879248a522d9679333e1f29e9a87c3',0,0,4,7,0,'FF',9,0,3,'Maximum:','','on',2,12),
 (41,'d800aa59eee45383b3d6d35a11cdc864',0,0,4,0,1,'FF',4,12,1,'Total','','',2,13),
 (42,'cab4ae79a546826288e273ca1411c867',0,0,4,0,0,'FF',9,12,4,'Current:','','',2,14),
 (43,'d44306ae85622fec971507460be63f5c',0,0,4,0,0,'FF',9,12,1,'Average:','','',2,15),
 (44,'aa5c2118035bb83be497d4e099afcc0d',0,0,4,0,0,'FF',9,12,3,'Maximum:','','on',2,16),
 (45,'4aa34ea1b7542b770ace48e8bc395a22',0,0,5,9,48,'FF',7,0,1,'Signal Level','','',2,1),
 (46,'22f118a9d81d0a9c8d922efbbc8a9cc1',0,0,5,9,0,'FF',9,0,4,'Current:','','',2,2),
 (47,'229de0c4b490de9d20d8f8d41059f933',0,0,5,9,0,'FF',9,0,1,'Average:','','',2,3),
 (48,'cd17feb30c02fd8f21e4d4dcde04e024',0,0,5,9,0,'FF',9,0,3,'Maximum:','','on',2,4),
 (49,'8723600cfd0f8a7b3f7dc1361981aabd',0,0,5,8,25,'FF',5,0,1,'Noise Level','','',2,5),
 (50,'cb06be2601b5abfb7a42fc07586de1c2',0,0,5,8,0,'FF',9,0,4,'Current:','','',2,6),
 (51,'55a2ee0fd511e5210ed85759171de58f',0,0,5,8,0,'FF',9,0,1,'Average:','','',2,7),
 (52,'704459564c84e42462e106eef20db169',0,0,5,8,0,'FF',9,0,3,'Maximum:','','on',2,8),
 (53,'aaebb19ec522497eaaf8c87a631b7919',0,0,6,10,48,'FF',7,0,1,'Transmissions','','',2,1),
 (54,'8b54843ac9d41bce2fcedd023560ed64',0,0,6,10,0,'FF',9,0,4,'Current:','','',2,2),
 (55,'05927dc83e07c7d9cffef387d68f35c9',0,0,6,10,0,'FF',9,0,1,'Average:','','',2,3),
 (56,'d11e62225a7e7a0cdce89242002ca547',0,0,6,10,0,'FF',9,0,3,'Maximum:','','on',2,4),
 (57,'6397b92032486c476b0e13a35b727041',0,0,6,11,25,'FF',5,0,1,'Re-Transmissions','','',2,5),
 (58,'cdfa5f8f82f4c479ff7f6f54160703f6',0,0,6,11,0,'FF',9,0,4,'Current:','','',2,6),
 (59,'ce2a309fb9ef64f83f471895069a6f07',0,0,6,11,0,'FF',9,0,1,'Average:','','',2,7),
 (60,'9cbfbf57ebde435b27887f27c7d3caea',0,0,6,11,0,'FF',9,0,3,'Maximum:','','on',2,8),
 (61,'80e0aa956f50c261e5143273da58b8a3',0,0,7,21,25,'FF',7,0,1,'','','',2,1),
 (62,'48fdcae893a7b7496e1a61efc3453599',0,0,7,21,0,'FF',9,0,4,'Current:','','',2,2),
 (63,'22f43e5fa20f2716666ba9ed9a7d1727',0,0,7,21,0,'FF',9,0,1,'Average:','','',2,3),
 (64,'3e86d497bcded7af7ab8408e4908e0d8',0,0,7,21,0,'FF',9,0,3,'Maximum:','','on',2,4),
 (65,'ba00ecd28b9774348322ff70a96f2826',0,0,8,19,48,'FF',7,0,1,'Running Processes','','',2,1),
 (66,'8d76de808efd73c51e9a9cbd70579512',0,0,8,19,0,'FF',9,0,4,'Current:','','',3,2),
 (67,'304244ca63d5b09e62a94c8ec6fbda8d',0,0,8,19,0,'FF',9,0,1,'Average:','','',3,3),
 (68,'da1ba71a93d2ed4a2a00d54592b14157',0,0,8,19,0,'FF',9,0,3,'Maximum:','','on',3,4),
 (69,'93ad2f2803b5edace85d86896620b9da',0,0,9,12,15,'FF',7,0,1,'1 Minute Average','','',2,1),
 (70,'e28736bf63d3a3bda03ea9f1e6ecb0f1',0,0,9,12,0,'FF',9,0,4,'Current:','','on',4,2),
 (71,'bbdfa13adc00398eed132b1ccb4337d2',0,0,9,13,8,'FF',8,0,1,'5 Minute Average','','',2,3),
 (72,'2c14062c7d67712f16adde06132675d6',0,0,9,13,0,'FF',9,0,4,'Current:','','on',4,4),
 (73,'9cf6ed48a6a54b9644a1de8c9929bd4e',0,0,9,14,9,'FF',8,0,1,'15 Minute Average','','',2,5),
 (74,'c9824064305b797f38feaeed2352e0e5',0,0,9,14,0,'FF',9,0,4,'Current:','','on',4,6),
 (75,'fa1bc4eff128c4da70f5247d55b8a444',0,0,9,0,1,'FF',4,12,1,'','','on',2,7),
 (76,'5c94ac24bc0d6d2712cc028fa7d4c7d2',0,0,10,20,67,'FF',7,0,1,'Users','','',2,1),
 (77,'8bc7f905526f62df7d5c2d8c27c143c1',0,0,10,20,0,'FF',9,0,4,'Current:','','',3,2),
 (78,'cd074cd2b920aab70d480c020276d45b',0,0,10,20,0,'FF',9,0,1,'Average:','','',3,3),
 (79,'415630f25f5384ba0c82adbdb05fe98b',0,0,10,20,0,'FF',9,0,3,'Maximum:','','on',3,4),
 (80,'d77d2050be357ab067666a9485426e6b',0,0,11,33,15,'FF',7,0,1,'1 Minute Average','','',2,1),
 (81,'13d22f5a0eac6d97bf6c97d7966f0a00',0,0,11,33,0,'FF',9,0,4,'Current:','','on',4,2),
 (82,'8580230d31d2851ec667c296a665cbf9',0,0,11,34,8,'FF',8,0,1,'5 Minute Average','','',2,3),
 (83,'b5b7d9b64e7640aa51dbf58c69b86d15',0,0,11,34,0,'FF',9,0,4,'Current:','','on',4,4),
 (84,'2ec10edf4bfaa866b7efd544d4c3f446',0,0,11,35,9,'FF',8,0,1,'15 Minute Average','','',2,5),
 (85,'b65666f0506c0c70966f493c19607b93',0,0,11,35,0,'FF',9,0,4,'Current:','','on',4,6),
 (86,'6c73575c74506cfc75b89c4276ef3455',0,0,11,0,1,'FF',4,12,1,'Total','','on',2,7),
 (95,'5fa7c2317f19440b757ab2ea1cae6abc',0,0,12,16,41,'FF',7,14,1,'Free','','',2,9),
 (96,'b1d18060bfd3f68e812c508ff4ac94ed',0,0,12,16,0,'FF',9,14,4,'Current:','','',2,10),
 (97,'780b6f0850aaf9431d1c246c55143061',0,0,12,16,0,'FF',9,14,1,'Average:','','',2,11),
 (98,'2d54a7e7bb45e6c52d97a09e24b7fba7',0,0,12,16,0,'FF',9,14,3,'Maximum:','','on',2,12),
 (99,'40206367a3c192b836539f49801a0b15',0,0,12,18,30,'FF',8,14,1,'Swap','','',2,13),
 (100,'7ee72e2bb3722d4f8a7f9c564e0dd0d0',0,0,12,18,0,'FF',9,14,4,'Current:','','',2,14),
 (101,'c8af33b949e8f47133ee25e63c91d4d0',0,0,12,18,0,'FF',9,14,1,'Average:','','',2,15),
 (102,'568128a16723d1195ce6a234d353ce00',0,0,12,18,0,'FF',9,14,3,'Maximum:','','on',2,16),
 (103,'7517a40d478e28ed88ba2b2a65e16b57',0,0,13,37,52,'FF',7,14,1,'Memory Free','','',2,1),
 (104,'df0c8b353d26c334cb909dc6243957c5',0,0,13,37,0,'FF',9,14,4,'Current:','','',2,2),
 (105,'c41a4cf6fefaf756a24f0a9510580724',0,0,13,37,0,'FF',9,14,1,'Average:','','',2,3),
 (106,'9efa8f01c6ed11364a21710ff170f422',0,0,13,37,0,'FF',9,14,3,'Maximum:','','on',2,4),
 (107,'95d6e4e5110b456f34324f7941d08318',0,0,13,36,35,'FF',8,14,1,'Memory Buffers','','',2,5),
 (108,'0c631bfc0785a9cca68489ea87a6c3da',0,0,13,36,0,'FF',9,14,4,'Current:','','',2,6),
 (109,'3468579d3b671dfb788696df7dcc1ec9',0,0,13,36,0,'FF',9,14,1,'Average:','','',2,7),
 (110,'c3ddfdaa65449f99b7f1a735307f9abe',0,0,13,36,0,'FF',9,14,3,'Maximum:','','on',2,8),
 (111,'4c64d5c1ce8b5d8b94129c23b46a5fd6',0,0,14,28,41,'FF',7,0,1,'Cache Hits','','',2,1),
 (112,'5c1845c9bd1af684a3c0ad843df69e3e',0,0,14,28,0,'FF',9,0,4,'Current:','','',3,2),
 (113,'e5169563f3f361701902a8da3ac0c77f',0,0,14,28,0,'FF',9,0,1,'Average:','','',3,3),
 (114,'35e87262efa521edbb1fd27f09c036f5',0,0,14,28,0,'FF',9,0,3,'Maximum:','','on',3,4),
 (115,'53069d7dba4c31b338f609bea4cd16f3',0,0,14,27,66,'FF',8,0,1,'Cache Checks','','',2,5),
 (116,'d9c102579839c5575806334d342b50de',0,0,14,27,0,'FF',9,0,4,'Current:','','',3,6),
 (117,'dc1897c3249dbabe269af49cee92f8c0',0,0,14,27,0,'FF',9,0,1,'Average:','','',3,7),
 (118,'ccd21fe0b5a8c24057f1eff4a6b66391',0,0,14,27,0,'FF',9,0,3,'Maximum:','','on',3,8),
 (119,'ab09d41c358f6b8a9d0cad4eccc25529',0,0,15,76,9,'FF',7,0,1,'CPU Utilization','','',2,1),
 (120,'5d5b8d8fbe751dc9c86ee86f85d7433b',0,0,15,76,0,'FF',9,0,4,'Current:','','',3,2),
 (121,'4822a98464c6da2afff10c6d12df1831',0,0,15,76,0,'FF',9,0,1,'Average:','','',3,3),
 (122,'fc6fbf2a964bea0b3c88ed0f18616aa7',0,0,15,76,0,'FF',9,0,3,'Maximum:','','on',3,4),
 (123,'e4094625d5443b4c87f9a87ba616a469',0,0,16,25,67,'FF',7,0,1,'File System Reads','','',2,1),
 (124,'ae68425cd10e8a6623076b2e6859a6aa',0,0,16,25,0,'FF',9,0,4,'Current:','','',3,2),
 (125,'40b8e14c6568b3f6be6a5d89d6a9f061',0,0,16,25,0,'FF',9,0,1,'Average:','','',3,3),
 (126,'4afbdc3851c03e206672930746b1a5e2',0,0,16,25,0,'FF',9,0,3,'Maximum:','','on',3,4),
 (127,'ea47d2b5516e334bc5f6ce1698a3ae76',0,0,16,26,93,'FF',8,0,1,'File System Writes','','',2,5),
 (128,'899c48a2f79ea3ad4629aff130d0f371',0,0,16,26,0,'FF',9,0,4,'Current:','','',3,6),
 (129,'ab474d7da77e9ec1f6a1d45c602580cd',0,0,16,26,0,'FF',9,0,1,'Average:','','',3,7),
 (130,'e143f8b4c6d4eeb6a28b052e6b8ce5a9',0,0,16,26,0,'FF',9,0,3,'Maximum:','','on',3,8),
 (131,'facfeeb6fc2255ba2985b2d2f695d78a',0,0,17,23,30,'FF',7,0,1,'Current Logins','','',2,1),
 (132,'2470e43034a5560260d79084432ed14f',0,0,17,23,0,'FF',9,0,4,'Current:','','',3,2),
 (133,'e9e645f07bde92b52d93a7a1f65efb30',0,0,17,23,0,'FF',9,0,1,'Average:','','',3,3),
 (134,'bdfe0d66103211cfdaa267a44a98b092',0,0,17,23,0,'FF',9,0,3,'Maximum:','','on',3,4),
 (139,'098b10c13a5701ddb7d4d1d2e2b0fdb7',0,0,18,30,9,'FF',7,0,1,'CPU Usage','','',2,1),
 (140,'1dbda412a9926b0ee5c025aa08f3b230',0,0,18,30,0,'FF',9,0,4,'Current:','','',3,2),
 (141,'725c45917146807b6a4257fc351f2bae',0,0,18,30,0,'FF',9,0,1,'Average:','','',3,3),
 (142,'4e336fdfeb84ce65f81ded0e0159a5e0',0,0,18,30,0,'FF',9,0,3,'Maximum:','','on',3,4),
 (143,'7dab7a3ceae2addd1cebddee6c483e7c',0,0,19,39,25,'FF',7,14,1,'Free Space','','',2,5),
 (144,'aea239f3ceea8c63d02e453e536190b8',0,0,19,39,0,'FF',9,14,4,'Current:','','',2,6),
 (145,'a0efae92968a6d4ae099b676e0f1430e',0,0,19,39,0,'FF',9,14,1,'Average:','','',2,7),
 (146,'4fd5ba88be16e3d513c9231b78ccf0e1',0,0,19,39,0,'FF',9,14,3,'Maximum:','','on',2,8),
 (147,'d2e98e51189e1d9be8888c3d5c5a4029',0,0,19,38,69,'FF',7,14,1,'Total Space','','',2,1),
 (148,'12829294ee3958f4a31a58a61228e027',0,0,19,38,0,'FF',9,14,4,'Current:','','',2,2),
 (149,'4b7e8755b0f2253723c1e9fb21fd37b1',0,0,19,38,0,'FF',9,14,1,'Average:','','',2,3),
 (150,'cbb19ffd7a0ead2bf61512e86d51ee8e',0,0,19,38,0,'FF',9,14,3,'Maximum:','','on',2,4),
 (151,'37b4cbed68f9b77e49149343069843b4',0,0,19,40,95,'FF',5,14,1,'Freeable Space','','',2,9),
 (152,'5eb7532200f2b5cc93e13743a7db027c',0,0,19,40,0,'FF',9,14,4,'Current:','','',2,10),
 (153,'b0f9f602fbeaaff090ea3f930b46c1c7',0,0,19,40,0,'FF',9,14,1,'Average:','','',2,11),
 (154,'06477f7ea46c63272cee7253e7cd8760',0,0,19,40,0,'FF',9,14,3,'Maximum:','','on',2,12),
 (171,'a751838f87068e073b95be9555c57bde',0,0,21,56,0,'FF',9,14,3,'Maximum:','','on',2,4),
 (170,'3b13eb2e542fe006c9bf86947a6854fa',0,0,21,56,0,'FF',9,14,1,'Average:','','',2,3),
 (169,'8ef3e7fb7ce962183f489725939ea40f',0,0,21,56,0,'FF',9,14,4,'Current:','','',2,2),
 (167,'6ca2161c37b0118786dbdb46ad767e5d',0,0,21,56,48,'FF',7,14,1,'Used','','',2,1),
 (159,'6877a2a5362a9390565758b08b9b37f7',0,0,20,43,77,'FF',7,0,1,'Used Directory Entries','','',2,1),
 (160,'a978834f3d02d833d3d2def243503bf2',0,0,20,43,0,'FF',9,0,4,'Current:','','',3,2),
 (161,'7422d87bc82de20a4333bd2f6460b2d4',0,0,20,43,0,'FF',9,0,1,'Average:','','',3,3),
 (162,'4d52762859a3fec297ebda0e7fd760d9',0,0,20,43,0,'FF',9,0,3,'Maximum:','','on',3,4),
 (163,'999d4ed1128ff03edf8ea47e56d361dd',0,0,20,42,1,'FF',5,0,1,'Available Directory Entries','','',2,5),
 (164,'3dfcd7f8c7a760ac89d34398af79b979',0,0,20,42,0,'FF',9,0,4,'Current:','','',3,6),
 (165,'217be75e28505c8f8148dec6b71b9b63',0,0,20,42,0,'FF',9,0,1,'Average:','','',3,7),
 (166,'69b89e1c5d6fc6182c93285b967f970a',0,0,20,42,0,'FF',9,0,3,'Maximum:','','on',3,8),
 (172,'5d6dff9c14c71dc1ebf83e87f1c25695',0,0,21,44,20,'FF',8,14,1,'Available','','',2,5),
 (173,'b27cb9a158187d29d17abddc6fdf0f15',0,0,21,44,0,'FF',9,14,4,'Current:','','',2,6),
 (174,'6c0555013bb9b964e51d22f108dae9b0',0,0,21,44,0,'FF',9,14,1,'Average:','','',2,7),
 (175,'42ce58ec17ef5199145fbf9c6ee39869',0,0,21,44,0,'FF',9,14,3,'Maximum:','','on',2,8),
 (176,'9bdff98f2394f666deea028cbca685f3',0,0,21,0,1,'FF',5,15,1,'Total','','',2,9),
 (177,'fb831fefcf602bc31d9d24e8e456c2e6',0,0,21,0,0,'FF',9,15,4,'Current:','','',2,10),
 (178,'5a958d56785a606c08200ef8dbf8deef',0,0,21,0,0,'FF',9,15,1,'Average:','','',2,11),
 (179,'5ce67a658cec37f526dc84ac9e08d6e7',0,0,21,0,0,'FF',9,15,3,'Maximum:','','on',2,12),
 (180,'7e04a041721df1f8828381a9ea2f2154',0,0,22,47,31,'FF',4,0,1,'Discards In','','',2,1),
 (181,'afc8bca6b1b3030a6d71818272336c6c',0,0,22,47,0,'FF',9,0,4,'Current:','','',2,2),
 (182,'6ac169785f5aeaf1cc5cdfd38dfcfb6c',0,0,22,47,0,'FF',9,0,1,'Average:','','',2,3),
 (183,'178c0a0ce001d36a663ff6f213c07505',0,0,22,47,0,'FF',9,0,3,'Maximum:','','on',2,4),
 (184,'8e3268c0abde7550616bff719f10ee2f',0,0,22,46,48,'FF',4,0,1,'Errors In','','',2,5),
 (185,'18891392b149de63b62c4258a68d75f8',0,0,22,46,0,'FF',9,0,4,'Current:','','',2,6),
 (186,'dfc9d23de0182c9967ae3dabdfa55a16',0,0,22,46,0,'FF',9,0,1,'Average:','','',2,7),
 (187,'c47ba64e2e5ea8bf84aceec644513176',0,0,22,46,0,'FF',9,0,3,'Maximum:','','on',2,8),
 (188,'9d052e7d632c479737fbfaced0821f79',0,0,23,49,71,'FF',4,0,1,'Unicast Packets Out','','',2,5),
 (189,'9b9fa6268571b6a04fa4411d8e08c730',0,0,23,49,0,'FF',9,0,4,'Current:','','',2,6),
 (190,'8e8f2fbeb624029cbda1d2a6ddd991ba',0,0,23,49,0,'FF',9,0,1,'Average:','','',2,7),
 (191,'c76495beb1ed01f0799838eb8a893124',0,0,23,49,0,'FF',9,0,3,'Maximum:','','on',2,8),
 (192,'d4e5f253f01c3ea77182c5a46418fc44',0,0,23,48,25,'FF',7,0,1,'Unicast Packets In','','',2,1),
 (193,'526a96add143da021c5f00d8764a6c12',0,0,23,48,0,'FF',9,0,4,'Current:','','',2,2),
 (194,'81eeb46f451212f00fd7caee42a81c0b',0,0,23,48,0,'FF',9,0,1,'Average:','','',2,3),
 (195,'089e4d1c3faeb00fd5dcc9622b06d656',0,0,23,48,0,'FF',9,0,3,'Maximum:','','on',2,4),
 (196,'fe66cb973966d22250de073405664200',0,0,24,53,25,'FF',7,0,1,'Non-Unicast Packets In','','',2,1),
 (197,'1ba3fc3466ad32fdd2669cac6cad6faa',0,0,24,53,0,'FF',9,0,4,'Current:','','',2,2),
 (198,'f810154d3a934c723c21659e66199cdf',0,0,24,53,0,'FF',9,0,1,'Average:','','',2,3),
 (199,'98a161df359b01304346657ff1a9d787',0,0,24,53,0,'FF',9,0,3,'Maximum:','','on',2,4),
 (200,'d5e55eaf617ad1f0516f6343b3f07c5e',0,0,24,52,71,'FF',4,0,1,'Non-Unicast Packets Out','','',2,5),
 (201,'9fde6b8c84089b9f9044e681162e7567',0,0,24,52,0,'FF',9,0,4,'Current:','','',2,6),
 (202,'9a3510727c3d9fa7e2e7a015783a99b3',0,0,24,52,0,'FF',9,0,1,'Average:','','',2,7),
 (203,'451afd23f2cb59ab9b975fd6e2735815',0,0,24,52,0,'FF',9,0,3,'Maximum:','','on',2,8),
 (204,'617d10dff9bbc3edd9d733d9c254da76',0,0,22,50,18,'FF',4,0,1,'Discards Out','','',2,9),
 (205,'9269a66502c34d00ac3c8b1fcc329ac6',0,0,22,50,0,'FF',9,0,4,'Current:','','',2,10),
 (206,'d45deed7e1ad8350f3b46b537ae0a933',0,0,22,50,0,'FF',9,0,1,'Average:','','',2,11),
 (207,'2f64cf47dc156e8c800ae03c3b893e3c',0,0,22,50,0,'FF',9,0,3,'Maximum:','','on',2,12),
 (208,'57434bef8cb21283c1a73f055b0ada19',0,0,22,51,89,'FF',4,0,1,'Errors Out','','',2,13),
 (209,'660a1b9365ccbba356fd142faaec9f04',0,0,22,51,0,'FF',9,0,4,'Current:','','',2,14),
 (210,'28c5297bdaedcca29acf245ef4bbed9e',0,0,22,51,0,'FF',9,0,1,'Average:','','',2,15),
 (211,'99098604fd0c78fd7dabac8f40f1fb29',0,0,22,51,0,'FF',9,0,3,'Maximum:','','on',2,16),
 (212,'de3eefd6d6c58afabdabcaf6c0168378',0,0,25,54,22,'FF',7,0,1,'Inbound','','',2,1),
 (213,'1a80fa108f5c46eecb03090c65bc9a12',0,0,25,54,0,'FF',9,0,4,'Current:','','',2,2),
 (214,'fe458892e7faa9d232e343d911e845f3',0,0,25,54,0,'FF',9,0,1,'Average:','','',2,3),
 (215,'175c0a68689bebc38aad2fbc271047b3',0,0,25,54,0,'FF',9,0,3,'Maximum:','','on',2,4),
 (216,'1bf2283106510491ddf3b9c1376c0b31',0,0,25,55,20,'FF',4,0,1,'Outbound','','',2,5),
 (217,'c5202f1690ffe45600c0d31a4a804f67',0,0,25,55,0,'FF',9,0,4,'Current:','','',2,6),
 (218,'eb9794e3fdafc2b74f0819269569ed40',0,0,25,55,0,'FF',9,0,1,'Average:','','',2,7),
 (219,'6bcedd61e3ccf7518ca431940c93c439',0,0,25,55,0,'FF',9,0,3,'Maximum:','','on',2,8),
 (303,'b7b381d47972f836785d338a3bef6661',0,0,26,78,0,'FF',9,0,3,'Maximum:','','on',2,8),
 (304,'36fa8063df3b07cece878d54443db727',0,0,26,78,0,'FF',9,0,1,'Average:','','',2,7),
 (305,'2c35b5cae64c5f146a55fcb416dd14b5',0,0,26,78,0,'FF',9,0,4,'Current:','','',2,6),
 (306,'16d6a9a7f608762ad65b0841e5ef4e9c',0,0,26,78,48,'FF',7,0,1,'Used','','',2,5),
 (307,'d80e4a4901ab86ee39c9cc613e13532f',0,0,26,92,20,'FF',7,0,1,'Total','','',2,1),
 (308,'567c2214ee4753aa712c3d101ea49a5d',0,0,26,92,0,'FF',9,0,4,'Current:','','',2,2),
 (309,'ba0b6a9e316ef9be66abba68b80f7587',0,0,26,92,0,'FF',9,0,1,'Average:','','',2,3),
 (310,'4b8e4a6bf2757f04c3e3a088338a2f7a',0,0,26,92,0,'FF',9,0,3,'Maximum:','','on',2,4),
 (317,'8536e034ab5268a61473f1ff2f6bd88f',0,0,27,79,0,'FF',9,0,1,'Average:','','',3,3),
 (316,'d478a76de1df9edf896c9ce51506c483',0,0,27,79,0,'FF',9,0,4,'Current:','','',3,2),
 (315,'42537599b5fb8ea852240b58a58633de',0,0,27,79,9,'FF',7,0,1,'CPU Utilization','','',2,1),
 (318,'87e10f9942b625aa323a0f39b60058e7',0,0,27,79,0,'FF',9,0,3,'Maximum:','','on',3,4),
 (319,'38f6891b0db92aa8950b4ce7ae902741',0,0,28,81,67,'FF',7,0,1,'Users','','',2,1),
 (320,'af13152956a20aa894ef4a4067b88f63',0,0,28,81,0,'FF',9,0,4,'Current:','','',3,2),
 (321,'1b2388bbede4459930c57dc93645284e',0,0,28,81,0,'FF',9,0,1,'Average:','','',3,3),
 (322,'6407dc226db1d03be9730f4d6f3eeccf',0,0,28,81,0,'FF',9,0,3,'Maximum:','','on',3,4),
 (323,'fca6a530c8f37476b9004a90b42ee988',0,0,29,80,48,'FF',7,0,1,'Running Processes','','',2,1),
 (324,'5acebbde3dc65e02f8fda03955852fbe',0,0,29,80,0,'FF',9,0,4,'Current:','','',3,2),
 (325,'311079ffffac75efaab2837df8123122',0,0,29,80,0,'FF',9,0,1,'Average:','','',3,3),
 (326,'724d27007ebf31016cfa5530fee1b867',0,0,29,80,0,'FF',9,0,3,'Maximum:','','on',3,4),
 (373,'1995d8c23e7d8e1efa2b2c55daf3c5a7',0,0,32,54,22,'FF',7,2,1,'Inbound','','',2,1),
 (335,'',95,1,12,84,41,'FF',7,0,1,'Free','','',2,9),
 (336,'',96,1,12,84,0,'FF',9,0,4,'Current:','','',2,10),
 (337,'',97,1,12,84,0,'FF',9,0,1,'Average:','','',2,11),
 (338,'',98,1,12,84,0,'FF',9,0,3,'Maximum:','','on',2,12),
 (339,'',99,1,12,85,30,'FF',8,0,1,'Swap','','',2,13),
 (340,'',100,1,12,85,0,'FF',9,0,4,'Current:','','',2,14),
 (341,'',101,1,12,85,0,'FF',9,0,1,'Average:','','',2,15),
 (342,'',102,1,12,85,0,'FF',9,0,3,'Maximum:','','on',2,16),
 (343,'',69,2,9,86,15,'FF',7,0,1,'1 Minute Average','','',2,1),
 (344,'',70,2,9,86,0,'FF',9,0,4,'Current:','','on',4,2),
 (345,'',71,2,9,87,8,'FF',8,0,1,'5 Minute Average','','',2,3),
 (346,'',72,2,9,87,0,'FF',9,0,4,'Current:','','on',4,4),
 (347,'',73,2,9,88,9,'FF',8,0,1,'15 Minute Average','','',2,5),
 (348,'',74,2,9,88,0,'FF',9,0,4,'Current:','','on',4,6),
 (349,'',75,2,9,0,1,'FF',4,12,1,'','','',2,7),
 (350,'',76,3,10,89,67,'FF',7,0,1,'Users','','',2,1),
 (351,'',77,3,10,89,0,'FF',9,0,4,'Current:','','',3,2),
 (352,'',78,3,10,89,0,'FF',9,0,1,'Average:','','',3,3),
 (353,'',79,3,10,89,0,'FF',9,0,3,'Maximum:','','on',3,4),
 (354,'',65,4,8,90,48,'FF',7,0,1,'Running Processes','','',2,1),
 (355,'',66,4,8,90,0,'FF',9,0,4,'Current:','','',3,2),
 (356,'',67,4,8,90,0,'FF',9,0,1,'Average:','','',3,3),
 (357,'',68,4,8,90,0,'FF',9,0,3,'Maximum:','','on',3,4),
 (358,'803b96bcaec33148901b4b562d9d2344',0,0,30,29,89,'FF',7,0,1,'Open Files','','',2,1),
 (359,'da26dd92666cb840f8a70e2ec5e90c07',0,0,30,29,0,'FF',9,0,4,'Current:','','',3,2),
 (360,'5258970186e4407ed31cca2782650c45',0,0,30,29,0,'FF',9,0,1,'Average:','','',3,3),
 (361,'7d08b996bde9cdc7efa650c7031137b4',0,0,30,29,0,'FF',9,0,3,'Maximum:','','on',3,4),
 (362,'918e6e7d41bb4bae0ea2937b461742a4',0,0,31,54,22,'FF',7,2,1,'Inbound','','',2,1),
 (363,'f19fbd06c989ea85acd6b4f926e4a456',0,0,31,54,0,'FF',9,2,4,'Current:','','',2,2),
 (364,'fc150a15e20c57e11e8d05feca557ef9',0,0,31,54,0,'FF',9,2,1,'Average:','','',2,3),
 (365,'ccbd86e03ccf07483b4d29e63612fb18',0,0,31,54,0,'FF',9,2,3,'Maximum:','','on',2,4),
 (366,'964c5c30cd05eaf5a49c0377d173de86',0,0,31,55,20,'FF',4,2,1,'Outbound','','',2,5),
 (367,'b1a6fb775cf62e79e1c4bc4933c7e4ce',0,0,31,55,0,'FF',9,2,4,'Current:','','',2,6),
 (368,'721038182a872ab266b5cf1bf7f7755c',0,0,31,55,0,'FF',9,2,1,'Average:','','',2,7),
 (369,'2302f80c2c70b897d12182a1fc11ecd6',0,0,31,55,0,'FF',9,2,3,'Maximum:','','on',2,8),
 (370,'4ffc7af8533d103748316752b70f8e3c',0,0,31,0,0,'FF',1,0,1,'','','',2,9),
 (371,'64527c4b6eeeaf627acc5117ff2180fd',0,0,31,55,9,'FF',2,0,1,'95th Percentile','|95:bits:0:max:2|','',2,10),
 (372,'d5bbcbdbf83ae858862611ac6de8fc62',0,0,31,55,0,'FF',1,0,1,'(|95:bits:6:max:2| mbit in+out)','','on',2,11),
 (374,'55083351cd728b82cc4dde68eb935700',0,0,32,54,0,'FF',9,2,4,'Current:','','',2,2),
 (375,'54782f71929e7d1734ed5ad4b8dda50d',0,0,32,54,0,'FF',9,2,1,'Average:','','',2,3),
 (376,'88d3094d5dc2164cbf2f974aeb92f051',0,0,32,54,0,'FF',9,2,3,'Maximum:','','on',2,4),
 (377,'4a381a8e87d4db1ac99cf8d9078266d3',0,0,32,55,20,'FF',4,2,1,'Outbound','','',2,6),
 (378,'5bff63207c7bf076d76ff3036b5dad54',0,0,32,55,0,'FF',9,2,4,'Current:','','',2,7),
 (379,'979fff9d691ca35e3f4b3383d9cae43f',0,0,32,55,0,'FF',9,2,1,'Average:','','',2,8),
 (380,'0e715933830112c23c15f7e3463f77b6',0,0,32,55,0,'FF',9,2,3,'Maximum:','','on',2,11),
 (383,'5b43e4102600ad75379c5afd235099c4',0,0,32,54,0,'FF',1,0,1,'Total In:  |sum:auto:current:2:auto|','','on',2,5),
 (384,'db7c15d253ca666601b3296f2574edc9',0,0,32,55,0,'FF',1,0,1,'Total Out: |sum:auto:current:2:auto|','','on',2,12),
 (385,'fdaec5b9227522c758ad55882c483a83',0,0,33,55,0,'FF',9,0,3,'Maximum:','','on',2,11),
 (386,'6824d29c3f13fe1e849f1dbb8377d3f1',0,0,33,55,0,'FF',9,0,1,'Average:','','',2,8),
 (387,'54e3971b3dd751dd2509f62721c12b41',0,0,33,55,0,'FF',9,0,4,'Current:','','',2,7),
 (388,'cf8c9f69878f0f595d583eac109a9be1',0,0,33,55,20,'FF',4,0,1,'Outbound','','',2,6),
 (389,'de265acbbfa99eb4b3e9f7e90c7feeda',0,0,33,54,0,'FF',9,0,3,'Maximum:','','on',2,4),
 (390,'777aa88fb0a79b60d081e0e3759f1cf7',0,0,33,54,0,'FF',9,0,1,'Average:','','',2,3),
 (391,'66bfdb701c8eeadffe55e926d6e77e71',0,0,33,54,0,'FF',9,0,4,'Current:','','',2,2),
 (392,'3ff8dba1ca6279692b3fcabed0bc2631',0,0,33,54,22,'FF',7,0,1,'Inbound','','',2,1),
 (393,'d6041d14f9c8fb9b7ddcf3556f763c03',0,0,33,55,0,'FF',1,0,1,'Total Out: |sum:auto:current:2:auto|','','on',2,12),
 (394,'76ae747365553a02313a2d8a0dd55c8a',0,0,33,54,0,'FF',1,0,1,'Total In:  |sum:auto:current:2:auto|','','on',2,5),
 (403,'8a1b44ab97d3b56207d0e9e77a035d25',0,0,13,95,30,'FF',8,14,1,'Cache Memory','','',2,9),
 (404,'6db3f439e9764941ff43fbaae348f5dc',0,0,13,95,0,'FF',9,14,4,'Current:','','',2,10),
 (405,'cc9b2fe7acf0820caa61c1519193f65e',0,0,13,95,0,'FF',9,14,1,'Average:','','',2,11),
 (406,'9eea140bdfeaa40d50c5cdcd1f23f72d',0,0,13,95,0,'FF',9,14,3,'Maximum:','','on',2,12),
 (407,'41316670b1a36171de2bda91a0cc2364',0,0,34,96,98,'FF',7,0,1,'','','',2,1),
 (408,'c9e8cbdca0215b434c902e68755903ea',0,0,34,96,0,'FF',9,0,4,'Current:','','',2,2),
 (409,'dab91d7093e720841393feea5bdcba85',0,0,34,96,0,'FF',9,0,1,'Average:','','',2,3),
 (410,'03e5bd2151fea3c90843eb1130b84458',0,0,34,96,0,'FF',9,0,3,'Maximum:','','on',2,4),
 (411,'',167,5,21,1149,48,'FF',7,14,1,'Used','','',2,1),
 (412,'',169,5,21,1149,0,'FF',9,14,4,'Current:','','',2,2),
 (413,'',170,5,21,1149,0,'FF',9,14,1,'Average:','','',2,3),
 (414,'',171,5,21,1149,0,'FF',9,14,3,'Maximum:','','on',2,4),
 (415,'',172,5,21,1148,20,'FF',8,14,1,'Available','','',2,5),
 (416,'',173,5,21,1148,0,'FF',9,14,4,'Current:','','',2,6),
 (417,'',174,5,21,1148,0,'FF',9,14,1,'Average:','','',2,7),
 (418,'',175,5,21,1148,0,'FF',9,14,3,'Maximum:','','on',2,8),
 (419,'',176,5,21,0,1,'FF',5,15,1,'Total','','',2,9),
 (420,'',177,5,21,0,0,'FF',9,15,4,'Current:','','',2,10),
 (421,'',178,5,21,0,0,'FF',9,15,1,'Average:','','',2,11),
 (422,'',179,5,21,0,0,'FF',9,15,3,'Maximum:','','on',2,12),
 (517,'c5dfee3a8a0cad01a5c86cd81ddf13bc',0,0,40,148,13,'FF',4,0,1,'Completed','','',2,12),
 (511,'af1f8f04105e0e0e404d58ad94708b11',0,0,40,113,96,'FF',4,0,1,'Active Threads','','',2,4),
 (518,'899d4a16a3ca2596c2ba548f7d539248',0,0,40,148,0,'FF',9,0,1,'Current:','','on',3,13),
 (501,'0',499,19,38,146,0,'FF',9,0,4,'Current:','','',3,4),
 (502,'0',497,19,38,146,92,'FF',7,0,1,'Standby Threads','','',2,3),
 (503,'0',475,19,38,143,0,'FF',9,0,4,'Current:','','',3,10),
 (504,'0',468,19,38,144,0,'FF',9,0,4,'Current:','','',3,7),
 (505,'0',473,19,38,143,95,'CC',5,0,1,'Idle Threads','','',2,9),
 (506,'0',453,19,38,145,0,'FF',9,0,4,'Current:','','on',3,2),
 (507,'0',454,19,38,144,33,'66',6,0,1,'Active Threads','','',2,6),
 (508,'0',451,19,38,145,64,'7F',7,0,1,'Execute Threads','','',2,1),
 (451,'7a6dd4927c3c104c278a3e1d69c4d94b',0,0,38,114,64,'7F',7,0,1,'Execute Threads','','',2,1),
 (500,'',499,18,38,160,0,'FF',9,0,4,'Current:','','',3,4),
 (453,'bcc54cc93f2583951dddb6e34082b0bc',0,0,38,117,0,'FF',9,0,4,'Current:','','on',3,2),
 (454,'3f0d3dfe6868419ad727890b6f808cb3',0,0,38,113,33,'66',6,0,1,'Active Threads','','',2,6),
 (514,'d5658eeb2cae6284f3eb84de57569000',0,0,40,154,33,'B2',5,0,1,'Throughput','','',2,10),
 (513,'8471b0a0089be59782f37499b010c9f2',0,0,40,154,0,'FF',9,0,4,'Current:','','on',3,11),
 (512,'784c1c2ee2a43abdc36bbb6d18a834a6',0,0,40,113,0,'FF',9,0,4,'Current:','','',3,5),
 (468,'2deb6211256c874b317dbe723fe9695e',0,0,38,113,0,'FF',9,0,4,'Current:','','',3,7),
 (499,'45c67bdd5f3e13ba27586d30bd3d6cfa',0,0,38,119,0,'FF',9,0,4,'Current:','','',3,4),
 (497,'129e7990bfee3e304d4854434291ddb3',0,0,38,119,92,'FF',7,0,1,'Standby Threads','','',2,3),
 (498,'',497,18,38,160,92,'FF',7,0,1,'Standby Threads','','',2,3),
 (473,'09950729ae90b20e7e3b47fbbb3fd476',0,0,38,117,95,'CC',5,0,1,'Idle Threads','','',2,9),
 (494,'',475,18,38,156,0,'FF',9,0,4,'Current:','','',3,10),
 (475,'7f5d0437169d974fc5df67197d473d06',0,0,38,117,0,'FF',9,0,4,'Current:','','',3,10),
 (492,'',468,18,38,158,0,'FF',9,0,4,'Current:','','',3,7),
 (493,'',473,18,38,156,95,'CC',5,0,1,'Idle Threads','','',2,9),
 (490,'',453,18,38,159,0,'FF',9,0,4,'Current:','','on',3,2),
 (491,'',454,18,38,158,33,'66',6,0,1,'Active Threads','','',2,6),
 (489,'',451,18,38,159,64,'7F',7,0,1,'Execute Threads','','',2,1),
 (515,'0fe40191b058cce1112e9d6a1a2af0cb',0,0,40,150,9,'B2',7,0,3,'Pending Requests','','',2,7),
 (516,'0f3eeaed37944c644d6cfe786cefba6b',0,0,40,117,0,'FF',9,0,4,'Current:','','',3,8),
 (519,'',511,20,40,190,96,'FF',4,0,1,'Active Threads','','',2,4),
 (520,'',512,20,40,190,0,'FF',9,0,4,'Current:','','',3,5),
 (521,'',515,20,40,194,9,'B2',7,0,3,'Pending Requests','','',2,7),
 (522,'',516,20,40,194,0,'FF',9,0,4,'Current:','','',3,8),
 (523,'',514,20,40,196,33,'B2',5,0,1,'Throughput','','',2,10),
 (524,'',513,20,40,196,0,'FF',9,0,4,'Current:','','on',3,11),
 (525,'',517,20,40,189,13,'FF',4,0,1,'Completed','','',2,12),
 (526,'',518,20,40,189,0,'FF',9,0,1,'Current:','','on',3,13),
 (527,'8ee778b272d59f366d68145da1b05f36',0,0,38,113,0,'FF',9,0,1,'Average:','','on',2,8),
 (528,'',527,19,38,144,0,'FF',9,0,1,'Average:','','on',2,8),
 (529,'',527,18,38,158,0,'FF',9,0,1,'Average:','','on',2,8),
 (530,'18e6c8be6fc0cf93cf6e2fb70230f1d1',0,0,38,117,0,'FF',9,0,1,'Average:','','on',2,11),
 (531,'',530,19,38,143,0,'FF',9,0,1,'Average:','','on',2,11),
 (532,'',530,18,38,156,0,'FF',9,0,1,'Average:','','on',2,11),
 (533,'1a5872a4e8dbb6b56acbbddcce78b4a8',0,0,38,119,0,'FF',9,0,1,'Average:','','on',2,5),
 (534,'',533,19,38,146,0,'FF',9,0,1,'Average:','','on',2,5),
 (535,'',533,18,38,160,0,'FF',9,0,1,'Average:','','on',2,5),
 (536,'0',499,21,38,174,0,'FF',9,0,4,'Current:','','',3,4),
 (537,'0',497,21,38,174,92,'FF',7,0,1,'Standby Threads','','',2,3),
 (538,'0',475,21,38,170,0,'FF',9,0,4,'Current:','','',3,10),
 (539,'0',468,21,38,172,0,'FF',9,0,4,'Current:','','',3,7),
 (540,'0',473,21,38,170,95,'CC',5,0,1,'Idle Threads','','',2,9),
 (541,'0',453,21,38,173,0,'FF',9,0,4,'Current:','','on',3,2),
 (542,'0',454,21,38,172,33,'66',6,0,1,'Active Threads','','',2,6),
 (543,'0',451,21,38,173,64,'7F',7,0,1,'Execute Threads','','',2,1),
 (544,'0',527,21,38,172,0,'FF',9,0,1,'Average:','','on',2,8),
 (545,'0',530,21,38,170,0,'FF',9,0,1,'Average:','','on',2,11),
 (546,'0',533,21,38,174,0,'FF',9,0,1,'Average:','','on',2,5),
 (547,'0',499,22,38,183,0,'FF',9,0,4,'Current:','','',3,4),
 (548,'0',497,22,38,183,92,'FF',7,0,1,'Standby Threads','','',2,3),
 (549,'0',475,22,38,179,0,'FF',9,0,4,'Current:','','',3,10),
 (550,'0',468,22,38,181,0,'FF',9,0,4,'Current:','','',3,7),
 (551,'0',473,22,38,179,95,'CC',5,0,1,'Idle Threads','','',2,9),
 (552,'0',453,22,38,182,0,'FF',9,0,4,'Current:','','on',3,2),
 (553,'0',454,22,38,181,33,'66',6,0,1,'Active Threads','','',2,6),
 (554,'0',451,22,38,182,64,'7F',7,0,1,'Execute Threads','','',2,1),
 (555,'0',527,22,38,181,0,'FF',9,0,1,'Average:','','on',2,8),
 (556,'0',530,22,38,179,0,'FF',9,0,1,'Average:','','on',2,11),
 (557,'0',533,22,38,183,0,'FF',9,0,1,'Average:','','on',2,5),
 (558,'74a78abe1b43d728e2da1f976c0c8c85',0,0,38,121,9,'B2',7,0,1,'Blocked Threads','','',2,12),
 (559,'',558,21,38,175,9,'B2',7,0,1,'Blocked Threads','','',2,12),
 (560,'',558,22,38,184,9,'B2',7,0,1,'Blocked Threads','','',2,12),
 (561,'',558,19,38,147,9,'B2',7,0,1,'Blocked Threads','','',2,12),
 (562,'',558,18,38,161,9,'B2',7,0,1,'Blocked Threads','','',2,12),
 (563,'04e56a81608a26b7d169c6a07ed9b1f2',0,0,38,121,0,'FF',9,0,4,'Current:','','',3,13),
 (564,'',563,21,38,175,0,'FF',9,0,4,'Current:','','',3,13),
 (565,'',563,22,38,184,0,'FF',9,0,4,'Current:','','',3,13),
 (566,'',563,19,38,147,0,'FF',9,0,4,'Current:','','',3,13),
 (567,'',563,18,38,161,0,'FF',9,0,4,'Current:','','',3,13),
 (568,'3e1e5cb90ec90b281bd44b45205c3e5f',0,0,38,121,0,'FF',9,0,1,'Average:','','',2,14),
 (569,'',568,21,38,175,0,'FF',9,0,1,'Average:','','',2,14),
 (570,'',568,22,38,184,0,'FF',9,0,1,'Average:','','',2,14),
 (571,'',568,19,38,147,0,'FF',9,0,1,'Average:','','',2,14),
 (572,'',568,18,38,161,0,'FF',9,0,1,'Average:','','',2,14),
 (573,'0',499,23,38,192,0,'FF',9,0,4,'Current:','','',3,4),
 (574,'0',497,23,38,192,92,'FF',7,0,1,'Standby Threads','','',2,3),
 (575,'0',475,23,38,188,0,'FF',9,0,4,'Current:','','',3,10),
 (576,'0',468,23,38,190,0,'FF',9,0,4,'Current:','','',3,7),
 (577,'0',473,23,38,188,95,'CC',5,0,1,'Idle Threads','','',2,9),
 (578,'0',453,23,38,191,0,'FF',9,0,4,'Current:','','on',3,2),
 (579,'0',454,23,38,190,33,'66',6,0,1,'Active Threads','','',2,6),
 (580,'0',451,23,38,191,64,'7F',7,0,1,'Execute Threads','','',2,1),
 (581,'0',527,23,38,190,0,'FF',9,0,1,'Average:','','on',2,8),
 (582,'0',530,23,38,188,0,'FF',9,0,1,'Average:','','on',2,11),
 (583,'0',533,23,38,192,0,'FF',9,0,1,'Average:','','on',2,5),
 (584,'0',558,23,38,193,9,'B2',7,0,1,'Blocked Threads','','',2,12),
 (585,'0',563,23,38,193,0,'FF',9,0,4,'Current:','','',3,13),
 (586,'0',568,23,38,193,0,'FF',9,0,1,'Average:','','',2,14),
 (587,'0',499,24,38,205,0,'FF',9,0,4,'Current:','','',3,4),
 (588,'0',497,24,38,205,92,'FF',7,0,1,'Standby Threads','','',2,3),
 (589,'0',475,24,38,200,0,'FF',9,0,4,'Current:','','',3,10),
 (590,'0',468,24,38,198,0,'FF',9,0,4,'Current:','','',3,7),
 (591,'0',473,24,38,200,95,'CC',5,0,1,'Idle Threads','','',2,9),
 (592,'0',453,24,38,197,0,'FF',9,0,4,'Current:','','on',3,2),
 (593,'0',454,24,38,198,33,'66',6,0,1,'Active Threads','','',2,6),
 (594,'0',451,24,38,197,64,'7F',7,0,1,'Execute Threads','','',2,1),
 (595,'0',527,24,38,198,0,'FF',9,0,1,'Average:','','on',2,8),
 (596,'0',530,24,38,200,0,'FF',9,0,1,'Average:','','on',2,11),
 (597,'0',533,24,38,205,0,'FF',9,0,1,'Average:','','on',2,5),
 (598,'0',558,24,38,204,9,'B2',7,0,1,'Blocked Threads','','',2,12),
 (599,'0',563,24,38,204,0,'FF',9,0,4,'Current:','','',3,13),
 (600,'0',568,24,38,204,0,'FF',9,0,1,'Average:','','',2,14),
 (601,'0',499,25,38,208,0,'FF',9,0,4,'Current:','','',3,4),
 (602,'0',497,25,38,208,92,'FF',7,0,1,'Standby Threads','','',2,3),
 (603,'0',475,25,38,207,0,'FF',9,0,4,'Current:','','',3,10),
 (604,'0',468,25,38,213,0,'FF',9,0,4,'Current:','','',3,7),
 (605,'0',473,25,38,207,95,'CC',5,0,1,'Idle Threads','','',2,9),
 (606,'0',453,25,38,214,0,'FF',9,0,4,'Current:','','on',3,2),
 (607,'0',454,25,38,213,33,'66',6,0,1,'Active Threads','','',2,6),
 (608,'0',451,25,38,214,64,'7F',7,0,1,'Execute Threads','','',2,1),
 (609,'0',527,25,38,213,0,'FF',9,0,1,'Average:','','on',2,8),
 (610,'0',530,25,38,207,0,'FF',9,0,1,'Average:','','on',2,11),
 (611,'0',533,25,38,208,0,'FF',9,0,1,'Average:','','on',2,5),
 (612,'0',558,25,38,211,9,'B2',7,0,1,'Blocked Threads','','',2,12),
 (613,'0',563,25,38,211,0,'FF',9,0,4,'Current:','','',3,13),
 (614,'0',568,25,38,211,0,'FF',9,0,1,'Average:','','',2,14),
 (615,'0',499,26,38,234,0,'FF',9,0,4,'Current:','','',3,4),
 (616,'0',497,26,38,234,92,'FF',7,0,1,'Standby Threads','','',2,3),
 (617,'0',475,26,38,233,0,'FF',9,0,4,'Current:','','',3,10),
 (618,'0',468,26,38,228,0,'FF',9,0,4,'Current:','','',3,7),
 (619,'0',473,26,38,233,95,'CC',5,0,1,'Idle Threads','','',2,9),
 (620,'0',453,26,38,227,0,'FF',9,0,4,'Current:','','on',3,2),
 (621,'0',454,26,38,228,33,'66',6,0,1,'Active Threads','','',2,6),
 (622,'0',451,26,38,227,64,'7F',7,0,1,'Execute Threads','','',2,1),
 (623,'0',527,26,38,228,0,'FF',9,0,1,'Average:','','on',2,8),
 (624,'0',530,26,38,233,0,'FF',9,0,1,'Average:','','on',2,11),
 (625,'0',533,26,38,234,0,'FF',9,0,1,'Average:','','on',2,5),
 (626,'0',558,26,38,230,9,'B2',7,0,1,'Blocked Threads','','',2,12),
 (627,'0',563,26,38,230,0,'FF',9,0,4,'Current:','','',3,13),
 (628,'0',568,26,38,230,0,'FF',9,0,1,'Average:','','',2,14),
 (629,'0',499,27,38,258,0,'FF',9,0,4,'Current:','','',3,4),
 (630,'0',497,27,38,258,92,'FF',7,0,1,'Standby Threads','','',2,3),
 (631,'0',475,27,38,254,0,'FF',9,0,4,'Current:','','',3,10),
 (632,'0',468,27,38,256,0,'FF',9,0,4,'Current:','','',3,7),
 (633,'0',473,27,38,254,95,'CC',5,0,1,'Idle Threads','','',2,9),
 (634,'0',453,27,38,257,0,'FF',9,0,4,'Current:','','on',3,2),
 (635,'0',454,27,38,256,33,'66',6,0,1,'Active Threads','','',2,6),
 (636,'0',451,27,38,257,64,'7F',7,0,1,'Execute Threads','','',2,1),
 (637,'0',527,27,38,256,0,'FF',9,0,1,'Average:','','on',2,8),
 (638,'0',530,27,38,254,0,'FF',9,0,1,'Average:','','on',2,11),
 (639,'0',533,27,38,258,0,'FF',9,0,1,'Average:','','on',2,5),
 (640,'0',558,27,38,259,9,'B2',7,0,1,'Blocked Threads','','',2,12),
 (641,'0',563,27,38,259,0,'FF',9,0,4,'Current:','','',3,13),
 (642,'0',568,27,38,259,0,'FF',9,0,1,'Average:','','',2,14),
 (643,'0',499,28,38,267,0,'FF',9,0,4,'Current:','','',3,4),
 (644,'0',497,28,38,267,92,'FF',7,0,1,'Standby Threads','','',2,3),
 (645,'0',475,28,38,263,0,'FF',9,0,4,'Current:','','',3,10),
 (646,'0',468,28,38,265,0,'FF',9,0,4,'Current:','','',3,7),
 (647,'0',473,28,38,263,95,'CC',5,0,1,'Idle Threads','','',2,9),
 (648,'0',453,28,38,266,0,'FF',9,0,4,'Current:','','on',3,2),
 (649,'0',454,28,38,265,33,'66',6,0,1,'Active Threads','','',2,6),
 (650,'0',451,28,38,266,64,'7F',7,0,1,'Execute Threads','','',2,1),
 (651,'0',527,28,38,265,0,'FF',9,0,1,'Average:','','on',2,8),
 (652,'0',530,28,38,263,0,'FF',9,0,1,'Average:','','on',2,11),
 (653,'0',533,28,38,267,0,'FF',9,0,1,'Average:','','on',2,5),
 (654,'0',558,28,38,268,9,'B2',7,0,1,'Blocked Threads','','',2,12),
 (655,'0',563,28,38,268,0,'FF',9,0,4,'Current:','','',3,13),
 (656,'0',568,28,38,268,0,'FF',9,0,1,'Average:','','',2,14),
 (657,'0',499,29,38,240,0,'FF',9,0,4,'Current:','','',3,4),
 (658,'0',497,29,38,240,92,'FF',7,0,1,'Standby Threads','','',2,3),
 (659,'0',475,29,38,236,0,'FF',9,0,4,'Current:','','',3,10),
 (660,'0',468,29,38,238,0,'FF',9,0,4,'Current:','','',3,7),
 (661,'0',473,29,38,236,95,'CC',5,0,1,'Idle Threads','','',2,9),
 (662,'0',453,29,38,239,0,'FF',9,0,4,'Current:','','on',3,2),
 (663,'0',454,29,38,238,33,'66',6,0,1,'Active Threads','','',2,6),
 (664,'0',451,29,38,239,64,'7F',7,0,1,'Execute Threads','','',2,1),
 (665,'0',527,29,38,238,0,'FF',9,0,1,'Average:','','on',2,8),
 (666,'0',530,29,38,236,0,'FF',9,0,1,'Average:','','on',2,11),
 (667,'0',533,29,38,240,0,'FF',9,0,1,'Average:','','on',2,5),
 (668,'0',558,29,38,241,9,'B2',7,0,1,'Blocked Threads','','',2,12),
 (669,'0',563,29,38,241,0,'FF',9,0,4,'Current:','','',3,13),
 (670,'0',568,29,38,241,0,'FF',9,0,1,'Average:','','',2,14),
 (671,'0',499,30,38,249,0,'FF',9,0,4,'Current:','','',3,4),
 (672,'0',497,30,38,249,92,'FF',7,0,1,'Standby Threads','','',2,3),
 (673,'0',475,30,38,245,0,'FF',9,0,4,'Current:','','',3,10),
 (674,'0',468,30,38,247,0,'FF',9,0,4,'Current:','','',3,7),
 (675,'0',473,30,38,245,95,'CC',5,0,1,'Idle Threads','','',2,9),
 (676,'0',453,30,38,248,0,'FF',9,0,4,'Current:','','on',3,2),
 (677,'0',454,30,38,247,33,'66',6,0,1,'Active Threads','','',2,6),
 (678,'0',451,30,38,248,64,'7F',7,0,1,'Execute Threads','','',2,1),
 (679,'0',527,30,38,247,0,'FF',9,0,1,'Average:','','on',2,8),
 (680,'0',530,30,38,245,0,'FF',9,0,1,'Average:','','on',2,11),
 (681,'0',533,30,38,249,0,'FF',9,0,1,'Average:','','on',2,5),
 (682,'0',558,30,38,250,9,'B2',7,0,1,'Blocked Threads','','',2,12),
 (683,'0',563,30,38,250,0,'FF',9,0,4,'Current:','','',3,13),
 (684,'0',568,30,38,250,0,'FF',9,0,1,'Average:','','',2,14),
 (685,'0',511,31,40,158,96,'FF',4,0,1,'Active Threads','','',2,4),
 (686,'0',512,31,40,158,0,'FF',9,0,4,'Current:','','',3,5),
 (687,'0',515,31,40,162,9,'B2',7,0,3,'Pending Requests','','',2,7),
 (688,'0',516,31,40,162,0,'FF',9,0,4,'Current:','','',3,8),
 (689,'0',514,31,40,164,33,'B2',5,0,1,'Throughput','','',2,10),
 (690,'0',513,31,40,164,0,'FF',9,0,4,'Current:','','on',3,11),
 (691,'0',517,31,40,157,13,'FF',4,0,1,'Completed','','',2,12),
 (692,'0',518,31,40,157,0,'FF',9,0,1,'Current:','','on',3,13),
 (693,'0',511,32,40,144,96,'FF',4,0,1,'Active Threads','','',2,4),
 (694,'0',512,32,40,144,0,'FF',9,0,4,'Current:','','',3,5),
 (695,'0',515,32,40,151,9,'B2',7,0,3,'Pending Requests','','',2,7),
 (696,'0',516,32,40,151,0,'FF',9,0,4,'Current:','','',3,8),
 (697,'0',514,32,40,155,33,'B2',5,0,1,'Throughput','','',2,10),
 (698,'0',513,32,40,155,0,'FF',9,0,4,'Current:','','on',3,11),
 (699,'0',517,32,40,149,13,'FF',4,0,1,'Completed','','',2,12),
 (700,'0',518,32,40,149,0,'FF',9,0,1,'Current:','','on',3,13),
 (701,'0',511,33,40,172,96,'FF',4,0,1,'Active Threads','','',2,4),
 (702,'0',512,33,40,172,0,'FF',9,0,4,'Current:','','',3,5),
 (703,'0',515,33,40,176,9,'B2',7,0,3,'Pending Requests','','',2,7),
 (704,'0',516,33,40,176,0,'FF',9,0,4,'Current:','','',3,8),
 (705,'0',514,33,40,178,33,'B2',5,0,1,'Throughput','','',2,10),
 (706,'0',513,33,40,178,0,'FF',9,0,4,'Current:','','on',3,11),
 (707,'0',517,33,40,171,13,'FF',4,0,1,'Completed','','',2,12),
 (708,'0',518,33,40,171,0,'FF',9,0,1,'Current:','','on',3,13),
 (709,'0',511,34,40,181,96,'FF',4,0,1,'Active Threads','','',2,4),
 (710,'0',512,34,40,181,0,'FF',9,0,4,'Current:','','',3,5),
 (711,'0',515,34,40,185,9,'B2',7,0,3,'Pending Requests','','',2,7),
 (712,'0',516,34,40,185,0,'FF',9,0,4,'Current:','','',3,8),
 (713,'0',514,34,40,187,33,'B2',5,0,1,'Throughput','','',2,10),
 (714,'0',513,34,40,187,0,'FF',9,0,4,'Current:','','on',3,11),
 (715,'0',517,34,40,180,13,'FF',4,0,1,'Completed','','',2,12),
 (716,'0',518,34,40,180,0,'FF',9,0,1,'Current:','','on',3,13),
 (717,'0',511,35,40,198,96,'FF',4,0,1,'Active Threads','','',2,4),
 (718,'0',512,35,40,198,0,'FF',9,0,4,'Current:','','',3,5),
 (719,'0',515,35,40,203,9,'B2',7,0,3,'Pending Requests','','',2,7),
 (720,'0',516,35,40,203,0,'FF',9,0,4,'Current:','','',3,8),
 (721,'0',514,35,40,201,33,'B2',5,0,1,'Throughput','','',2,10),
 (722,'0',513,35,40,201,0,'FF',9,0,4,'Current:','','on',3,11),
 (723,'0',517,35,40,199,13,'FF',4,0,1,'Completed','','',2,12),
 (724,'0',518,35,40,199,0,'FF',9,0,1,'Current:','','on',3,13),
 (725,'0',511,36,40,213,96,'FF',4,0,1,'Active Threads','','',2,4),
 (726,'0',512,36,40,213,0,'FF',9,0,4,'Current:','','',3,5),
 (727,'0',515,36,40,210,9,'B2',7,0,3,'Pending Requests','','',2,7),
 (728,'0',516,36,40,210,0,'FF',9,0,4,'Current:','','',3,8),
 (729,'0',514,36,40,206,33,'B2',5,0,1,'Throughput','','',2,10),
 (730,'0',513,36,40,206,0,'FF',9,0,4,'Current:','','on',3,11),
 (731,'0',517,36,40,212,13,'FF',4,0,1,'Completed','','',2,12),
 (732,'0',518,36,40,212,0,'FF',9,0,1,'Current:','','on',3,13),
 (733,'0',511,37,40,228,96,'FF',4,0,1,'Active Threads','','',2,4),
 (734,'0',512,37,40,228,0,'FF',9,0,4,'Current:','','',3,5),
 (735,'0',515,37,40,232,9,'B2',7,0,3,'Pending Requests','','',2,7),
 (736,'0',516,37,40,232,0,'FF',9,0,4,'Current:','','',3,8),
 (737,'0',514,37,40,235,33,'B2',5,0,1,'Throughput','','',2,10),
 (738,'0',513,37,40,235,0,'FF',9,0,4,'Current:','','on',3,11),
 (739,'0',517,37,40,229,13,'FF',4,0,1,'Completed','','',2,12),
 (740,'0',518,37,40,229,0,'FF',9,0,1,'Current:','','on',3,13),
 (741,'ba59831a1b8345c5d12b86013298434d',0,0,40,150,0,'FF',9,0,3,'Max Pending:','','on',2,9),
 (742,'',741,20,40,194,0,'FF',9,0,3,'Max Pending:','','on',2,9),
 (743,'',741,31,40,162,0,'FF',9,0,3,'Max Pending:','','on',2,9),
 (744,'',741,32,40,151,0,'FF',9,0,3,'Max Pending:','','on',2,9),
 (745,'',741,33,40,176,0,'FF',9,0,3,'Max Pending:','','on',2,9),
 (746,'',741,34,40,185,0,'FF',9,0,3,'Max Pending:','','on',2,9),
 (747,'',741,35,40,203,0,'FF',9,0,3,'Max Pending:','','on',2,9),
 (748,'',741,36,40,210,0,'FF',9,0,3,'Max Pending:','','on',2,9),
 (749,'',741,37,40,232,0,'FF',9,0,3,'Max Pending:','','on',2,9),
 (750,'a1d7c06576e799278a6a5d6c2b3c9e06',0,0,38,121,33,'FF',9,0,3,'Max:','','on',2,15),
 (751,'',750,21,38,175,33,'FF',9,0,3,'Max:','','on',2,15),
 (752,'',750,22,38,184,33,'FF',9,0,3,'Max:','','on',2,15),
 (753,'',750,19,38,147,33,'FF',9,0,3,'Max:','','on',2,15),
 (754,'',750,18,38,161,33,'FF',9,0,3,'Max:','','on',2,15),
 (755,'',750,23,38,193,33,'FF',9,0,3,'Max:','','on',2,15),
 (756,'',750,24,38,204,33,'FF',9,0,3,'Max:','','on',2,15),
 (757,'',750,25,38,211,33,'FF',9,0,3,'Max:','','on',2,15),
 (758,'',750,26,38,230,33,'FF',9,0,3,'Max:','','on',2,15),
 (759,'',750,27,38,259,33,'FF',9,0,3,'Max:','','on',2,15),
 (760,'',750,28,38,268,33,'FF',9,0,3,'Max:','','on',2,15),
 (761,'',750,29,38,241,33,'FF',9,0,3,'Max:','','on',2,15),
 (762,'',750,30,38,250,33,'FF',9,0,3,'Max:','','on',2,15),
 (763,'c346318a2fda0074792601d5e0e4f38c',0,0,41,217,64,'FF',7,0,1,'AWA Response Time','','',2,1),
 (764,'',763,38,41,226,64,'FF',7,0,1,'AWA Response Time','','',2,1),
 (765,'0',763,39,41,272,64,'FF',7,0,1,'AWA Response Time','','',2,1),
 (766,'ba4acd430b77a7350f8b8131e0651c3f',0,0,41,217,0,'FF',9,0,4,'Current:','','',2,2),
 (767,'',766,38,41,226,0,'FF',9,0,4,'Current:','','',2,2),
 (768,'',766,39,41,272,0,'FF',9,0,4,'Current:','','',2,2),
 (769,'ca4453993af1dbc9f1df4b14a586b579',0,0,41,217,0,'FF',9,0,3,'Max:','','on',2,3),
 (770,'',769,38,41,226,0,'FF',9,0,3,'Max:','','on',2,3),
 (771,'',769,39,41,272,0,'FF',9,0,3,'Max:','','on',2,3),
 (2439,'0',1449,129,47,1207,0,'FF',9,0,3,'Max:','','on',2,16),
 (2438,'0',1441,129,47,1200,0,'FF',9,0,3,'Max:','','on',2,13),
 (774,'',1433,40,47,595,13,'CC',7,0,1,'Total Count','','',2,1),
 (1411,'',1208,72,46,649,0,'FF',9,0,3,'Max:','','on',2,3),
 (776,'0',1433,41,47,577,13,'CC',7,0,1,'Total Count','','',2,1),
 (1410,'',1203,72,46,649,0,'FF',9,0,4,'Current:','','',2,2),
 (2437,'0',1434,129,47,1206,68,'FF',5,0,4,'Timeouts','','',2,17),
 (779,'',1442,40,47,596,0,'FF',9,0,4,'Current:','','',2,9),
 (780,'',1442,41,47,578,0,'FF',9,0,4,'Current:','','',2,9),
 (2436,'0',1448,129,47,1207,9,'FF',4,0,1,'Elapsed >60s','','',2,14),
 (782,'',1436,40,47,594,25,'FF',7,0,1,'Elapsed >5s','','',2,5),
 (783,'',1436,41,47,579,25,'FF',7,0,1,'Elapsed >5s','','',2,5),
 (2435,'0',1445,129,47,1200,0,'FF',9,0,4,'Current:','','',2,12),
 (785,'',1443,40,47,594,0,'FF',9,0,4,'Current:','','',2,6),
 (786,'',1443,41,47,579,0,'FF',9,0,4,'Current:','','',2,6),
 (787,'0',1433,42,47,667,13,'CC',7,0,1,'Total Count','','',2,1),
 (1409,'',1196,72,46,649,13,'CC',7,0,1,'Total Count','','',2,1),
 (789,'0',1442,42,47,666,0,'FF',9,0,4,'Current:','','',2,9),
 (790,'0',1436,42,47,665,25,'FF',7,0,1,'Elapsed >5s','','',2,5),
 (791,'0',1443,42,47,665,0,'FF',9,0,4,'Current:','','',2,6),
 (2434,'0',1444,129,47,1203,0,'FF',9,0,3,'Max:','','on',2,3),
 (793,'',1435,40,47,596,8,'FF',7,0,1,'Elapsed >10s','','',2,8),
 (794,'',1435,41,47,578,8,'FF',7,0,1,'Elapsed >10s','','',2,8),
 (795,'',1435,42,47,666,8,'FF',7,0,1,'Elapsed >10s','','',2,8),
 (2433,'0',1440,129,47,1200,35,'FF',7,0,1,'Elapsed >30s','','',2,11),
 (797,'',1440,40,47,592,35,'FF',7,0,1,'Elapsed >30s','','',2,11),
 (798,'',1438,41,47,578,0,'FF',9,0,3,'Max:','','on',2,10),
 (799,'',1440,42,47,669,35,'FF',7,0,1,'Elapsed >30s','','',2,11),
 (800,'0',1433,43,47,521,13,'CC',7,0,1,'Total Count','','',2,1),
 (802,'0',1442,43,47,520,0,'FF',9,0,4,'Current:','','',2,9),
 (803,'0',1436,43,47,519,25,'FF',7,0,1,'Elapsed >5s','','',2,5),
 (804,'0',1443,43,47,519,0,'FF',9,0,4,'Current:','','',2,6),
 (805,'0',1435,43,47,520,8,'FF',7,0,1,'Elapsed >10s','','',2,8),
 (806,'0',1440,43,47,523,35,'FF',7,0,1,'Elapsed >30s','','',2,11),
 (1649,'0',1436,83,47,704,25,'FF',7,0,1,'Elapsed >5s','','',2,5),
 (1647,'0',1433,83,47,702,13,'CC',7,0,1,'Total Count','','',2,1),
 (1646,'',1391,49,46,695,0,'FF',9,0,4,'Current:','','on',2,20),
 (1644,'',1225,49,46,692,0,'FF',9,0,3,'Max:','','on',2,18),
 (1638,'0',979,82,44,688,0,'FF',9,0,3,'Max:','','on',2,12),
 (1636,'0',975,82,44,688,31,'B2',4,0,1,'HTTP 403','','',2,10),
 (1635,'0',978,82,44,687,0,'FF',9,0,3,'Max:','','on',2,9),
 (1634,'0',984,82,44,687,0,'FF',9,0,4,'Current:','','',2,8),
 (1633,'0',977,82,44,687,12,'99',4,0,1,'HTTP 302','','',2,7),
 (821,'0',1433,46,47,612,13,'CC',7,0,1,'Total Count','','',2,1),
 (822,'0',1436,46,47,610,25,'FF',7,0,1,'Elapsed >5s','','',2,5),
 (823,'0',1438,46,47,611,0,'FF',9,0,3,'Max:','','on',2,10),
 (824,'0',1443,46,47,610,0,'FF',9,0,4,'Current:','','',2,6),
 (825,'0',1437,46,47,610,0,'FF',9,0,3,'Max:','','on',2,7),
 (826,'0',1442,46,47,611,0,'FF',9,0,4,'Current:','','',2,9),
 (827,'0',1445,46,47,608,0,'FF',9,0,4,'Current:','','',2,12),
 (1660,'0',1434,83,47,698,68,'FF',5,0,4,'Timeouts','','',2,17),
 (1659,'0',1448,83,47,699,9,'FF',4,0,1,'Elapsed >60s','','',2,14),
 (1658,'0',1445,83,47,700,0,'FF',9,0,4,'Current:','','',2,12),
 (1657,'0',1444,83,47,702,0,'FF',9,0,3,'Max:','','on',2,3),
 (1656,'0',1440,83,47,700,35,'FF',7,0,1,'Elapsed >30s','','',2,11),
 (1655,'0',1437,83,47,704,0,'FF',9,0,3,'Max:','','on',2,7),
 (835,'0',1433,48,47,513,13,'CC',7,0,1,'Total Count','','',2,1),
 (837,'0',1442,48,47,512,0,'FF',9,0,4,'Current:','','',2,9),
 (838,'0',1436,48,47,511,25,'FF',7,0,1,'Elapsed >5s','','',2,5),
 (839,'0',1443,48,47,511,0,'FF',9,0,4,'Current:','','',2,6),
 (840,'0',1435,48,47,512,8,'FF',7,0,1,'Elapsed >10s','','',2,8),
 (841,'0',1440,48,47,515,35,'FF',7,0,1,'Elapsed >30s','','',2,11),
 (842,'0',1196,49,46,694,13,'CC',7,0,1,'Total Count','','',2,1),
 (843,'0',1200,49,46,696,25,'FF',7,0,1,'Elapsed >10s','','',2,5),
 (844,'0',1202,49,46,693,0,'FF',9,0,3,'Max:','','on',2,10),
 (845,'0',1207,49,46,696,0,'FF',9,0,4,'Current:','','',2,6),
 (846,'0',1201,49,46,696,0,'FF',9,0,3,'Max:','','on',2,7),
 (847,'0',1206,49,46,693,0,'FF',9,0,4,'Current:','','',2,9),
 (848,'0',1209,49,46,690,0,'FF',9,0,4,'Current:','','',2,12),
 (2432,'0',1437,129,47,1202,0,'FF',9,0,3,'Max:','','on',2,7),
 (850,'',1439,40,47,595,0,'FF',9,0,4,'Current:','','',2,2),
 (851,'',1439,41,47,577,0,'FF',9,0,4,'Current:','','',2,2),
 (852,'',1439,42,47,667,0,'FF',9,0,4,'Current:','','',2,2),
 (853,'',1439,43,47,521,0,'FF',9,0,4,'Current:','','',2,2),
 (1643,'',1210,49,46,692,68,'FF',5,0,4,'Timeouts','','',2,17),
 (1632,'0',973,82,44,681,13,'CC',4,0,1,'Total Count','','',2,1),
 (856,'',1439,46,47,612,0,'FF',9,0,4,'Current:','','',2,2),
 (1654,'0',1446,83,47,698,0,'FF',9,0,3,'Max:','','on',2,18),
 (858,'',1439,48,47,513,0,'FF',9,0,4,'Current:','','',2,2),
 (859,'',1203,49,46,694,0,'FF',9,0,4,'Current:','','',2,2),
 (1645,'',1385,49,46,695,94,'FF',5,0,4,'Average Time (s)','','',2,19),
 (1648,'0',1442,83,47,703,0,'FF',9,0,4,'Current:','','',2,9),
 (1637,'0',983,82,44,688,0,'FF',9,0,4,'Current:','','',2,11),
 (1375,'',1447,41,47,582,0,'FF',9,0,4,'Current:','','',2,15),
 (860,'0',868,50,43,358,13,'FF',4,0,1,'Total Count','','',2,1),
 (861,'0',869,50,43,357,10,'B2',5,0,1,'Average elapsed (s)','','',2,4),
 (862,'0',870,50,43,359,28,'99',4,0,1,'Elapsed >15s','','',2,9),
 (863,'0',871,50,43,357,0,'FF',9,0,4,'Current:','','on',2,5),
 (864,'0',872,50,43,360,12,'FF',4,0,1,'Elapsed >10s','','',2,6),
 (865,'0',873,50,43,360,0,'FF',9,0,3,'Max:','','on',2,8),
 (866,'0',874,50,43,359,0,'FF',9,0,3,'Max:','','on',2,11),
 (867,'0',875,50,43,358,0,'FF',9,0,4,'Current:','','',2,2),
 (868,'d3a274bef72b6fd18056210e102ba7a5',0,0,43,535,13,'FF',4,0,1,'Total Count','','',2,1),
 (869,'405f0bbfd7ad97fdcf727571d40dbcb2',0,0,43,534,10,'B2',5,0,1,'Average elapsed (s)','','',2,4),
 (870,'d27b8c3f6b17b0a7ec4d13b0e9a5f372',0,0,43,536,28,'99',4,0,1,'Elapsed >15s','','',2,9),
 (871,'7e380614c74d0d3bccc426bb03585809',0,0,43,534,0,'FF',9,0,4,'Current:','','on',2,5),
 (872,'1569042b47dfce5d1c06d90b1bb18d57',0,0,43,537,12,'FF',4,0,1,'Elapsed >10s','','',2,6),
 (873,'1ba01b4d5a3db2b7e69241fe3a19c771',0,0,43,537,0,'FF',9,0,3,'Max:','','on',2,8),
 (874,'7e3f3dbff7222fd476c309dbfb8d835e',0,0,43,536,0,'FF',9,0,3,'Max:','','on',2,11),
 (875,'33d066c5798ae89958213f77bab2128c',0,0,43,535,0,'FF',9,0,4,'Current:','','',2,2),
 (876,'337147f702545efae30e1ce2625f105e',0,0,43,539,9,'CC',7,0,1,'Elapsed >40s','','',2,12),
 (877,'c2310a9fe6fc49254508122757b4a78c',0,0,43,539,0,'FF',9,0,3,'Max:','','on',2,14),
 (878,'',876,50,43,361,9,'CC',7,0,1,'Elapsed >40s','','',2,12),
 (879,'',877,50,43,361,0,'FF',9,0,3,'Max:','','on',2,14),
 (880,'',1205,49,46,690,0,'FF',9,0,3,'Max:','','on',2,13),
 (881,'',1374,49,46,691,0,'FF',9,0,4,'Current:','','',2,15),
 (882,'324f6f2d2bb0fdb14fffc4b919330d63',0,0,40,113,0,'FF',9,0,3,'Max active:','','on',2,6),
 (883,'',882,20,40,190,0,'FF',9,0,3,'Max active:','','on',2,6),
 (884,'',882,31,40,158,0,'FF',9,0,3,'Max active:','','on',2,6),
 (885,'',882,32,40,144,0,'FF',9,0,3,'Max active:','','on',2,6),
 (886,'',882,33,40,172,0,'FF',9,0,3,'Max active:','','on',2,6),
 (887,'',882,34,40,181,0,'FF',9,0,3,'Max active:','','on',2,6),
 (888,'',882,35,40,198,0,'FF',9,0,3,'Max active:','','on',2,6),
 (889,'',882,36,40,213,0,'FF',9,0,3,'Max active:','','on',2,6),
 (890,'',882,37,40,228,0,'FF',9,0,3,'Max active:','','on',2,6),
 (891,'281574bb9f7ba1082e3155e74880df62',0,0,43,536,0,'FF',9,0,4,'Current:','','',2,10),
 (892,'',1204,49,46,690,35,'FF',7,0,1,'Elapsed >30s','','',2,11),
 (893,'',891,50,43,359,0,'FF',9,0,4,'Current:','','',2,10),
 (894,'d7e9a528ab39774197aa5dab9bd53429',0,0,43,537,0,'FF',9,0,4,'Current:','','',2,7),
 (895,'',1198,49,46,693,8,'FF',7,0,1,'Elapsed >15s','','',2,8),
 (896,'',894,50,43,360,0,'FF',9,0,4,'Current:','','',2,7),
 (897,'0',1433,51,47,587,13,'CC',7,0,1,'Total Count','','',2,1),
 (899,'0',1442,51,47,586,0,'FF',9,0,4,'Current:','','',2,9),
 (900,'0',1436,51,47,585,25,'FF',7,0,1,'Elapsed >5s','','',2,5),
 (901,'0',1443,51,47,585,0,'FF',9,0,4,'Current:','','',2,6),
 (902,'0',1435,51,47,586,8,'FF',7,0,1,'Elapsed >10s','','',2,8),
 (903,'0',1438,51,47,586,0,'FF',9,0,3,'Max:','','on',2,10),
 (904,'0',1439,51,47,587,0,'FF',9,0,4,'Current:','','',2,2),
 (2431,'0',1446,129,47,1206,0,'FF',9,0,3,'Max:','','on',2,18),
 (906,'',1447,40,47,599,0,'FF',9,0,4,'Current:','','',2,15),
 (907,'',1446,41,47,583,0,'FF',9,0,3,'Max:','','on',2,18),
 (908,'',1447,42,47,670,0,'FF',9,0,4,'Current:','','',2,15),
 (909,'',1447,43,47,524,0,'FF',9,0,4,'Current:','','',2,15),
 (1642,'',1379,49,46,691,0,'FF',9,0,3,'Max:','','on',2,16),
 (1992,'',1991,82,44,1017,9,'FF',7,0,1,'HTTP 500','','',2,16),
 (912,'',1449,46,47,614,0,'FF',9,0,3,'Max:','','on',2,16),
 (1653,'0',1439,83,47,702,0,'FF',9,0,4,'Current:','','',2,2),
 (914,'',1447,48,47,516,0,'FF',9,0,4,'Current:','','',2,15),
 (915,'',1446,51,47,591,0,'FF',9,0,3,'Max:','','on',2,18),
 (2430,'0',1447,129,47,1207,0,'FF',9,0,4,'Current:','','',2,15),
 (917,'',1449,40,47,599,0,'FF',9,0,3,'Max:','','on',2,16),
 (919,'',1449,42,47,670,0,'FF',9,0,3,'Max:','','on',2,16),
 (920,'',1449,43,47,524,0,'FF',9,0,3,'Max:','','on',2,16),
 (923,'',1434,46,47,613,68,'FF',5,0,4,'Timeouts','','',2,17),
 (1652,'0',1438,83,47,703,0,'FF',9,0,3,'Max:','','on',2,10),
 (925,'',1449,48,47,516,0,'FF',9,0,3,'Max:','','on',2,16),
 (2429,'0',1439,129,47,1203,0,'FF',9,0,4,'Current:','','',2,2),
 (928,'',1434,40,47,598,68,'FF',5,0,4,'Timeouts','','',2,17),
 (930,'',1434,42,47,671,68,'FF',5,0,4,'Timeouts','','',2,17),
 (931,'',1434,43,47,525,68,'FF',5,0,4,'Timeouts','','',2,17),
 (1630,'0',976,82,44,681,0,'FF',9,0,4,'Current:','','on',2,5),
 (934,'',1446,46,47,613,0,'FF',9,0,3,'Max:','','on',2,18),
 (936,'',1434,48,47,517,68,'FF',5,0,4,'Timeouts','','',2,17),
 (1377,'',1374,52,46,484,0,'FF',9,0,4,'Current:','','',2,15),
 (2428,'0',1438,129,47,1204,0,'FF',9,0,3,'Max:','','on',2,10),
 (939,'',1437,40,47,594,0,'FF',9,0,3,'Max:','','on',2,7),
 (940,'',1437,41,47,579,0,'FF',9,0,3,'Max:','','on',2,7),
 (941,'',1437,42,47,665,0,'FF',9,0,3,'Max:','','on',2,7),
 (942,'',1437,43,47,519,0,'FF',9,0,3,'Max:','','on',2,7),
 (1629,'0',1047,82,44,681,0,'FF',9,0,3,'Max:','','',2,3),
 (945,'',1435,46,47,611,8,'FF',7,0,1,'Elapsed >10s','','',2,8),
 (947,'',1437,48,47,511,0,'FF',9,0,3,'Max:','','on',2,7),
 (948,'',1437,51,47,585,0,'FF',9,0,3,'Max:','','on',2,7),
 (2427,'0',1435,129,47,1204,8,'FF',7,0,1,'Elapsed >10s','','',2,8),
 (950,'',1438,40,47,596,0,'FF',9,0,3,'Max:','','on',2,10),
 (951,'',1440,41,47,581,35,'FF',7,0,1,'Elapsed >30s','','',2,11),
 (952,'',1438,42,47,666,0,'FF',9,0,3,'Max:','','on',2,10),
 (953,'',1438,43,47,520,0,'FF',9,0,3,'Max:','','on',2,10),
 (1628,'',1451,46,47,615,0,'FF',9,0,4,'Current:','','on',2,20),
 (956,'',1440,46,47,608,35,'FF',7,0,1,'Elapsed >30s','','',2,11),
 (958,'',1438,48,47,512,0,'FF',9,0,3,'Max:','','on',2,10),
 (959,'',1440,51,47,589,35,'FF',7,0,1,'Elapsed >30s','','',2,11),
 (960,'0',1196,52,46,406,13,'CC',7,0,1,'Total Count','','',2,1),
 (1229,'',1047,63,44,680,0,'FF',9,0,3,'Max:','','',2,3),
 (962,'0',1198,52,46,407,8,'FF',7,0,1,'Elapsed >15s','','',2,8),
 (964,'0',1200,52,46,408,25,'FF',7,0,1,'Elapsed >10s','','',2,5),
 (965,'0',1201,52,46,408,0,'FF',9,0,3,'Max:','','on',2,7),
 (966,'0',1204,52,46,407,35,'FF',7,0,1,'Elapsed >30s','','',2,11),
 (967,'0',1203,52,46,406,0,'FF',9,0,4,'Current:','','',2,2),
 (968,'0',1202,52,46,409,0,'FF',9,0,3,'Max:','','on',2,10),
 (969,'0',1210,52,46,409,68,'FF',5,0,4,'Timeouts','','',2,17),
 (973,'15dba4b7f52d0e4026141f5e1286483a',0,0,44,550,13,'CC',4,0,1,'Total Count','','',2,1),
 (971,'0',1207,52,46,408,0,'FF',9,0,4,'Current:','','',2,6),
 (972,'0',1206,52,46,407,0,'FF',9,0,4,'Current:','','',2,9),
 (1230,'',976,63,44,680,0,'FF',9,0,4,'Current:','','on',2,5),
 (975,'2a4c4a6458c8a9863d1242f87ae4adab',0,0,44,553,31,'B2',4,0,1,'HTTP 403','','',2,10),
 (976,'3c3ecb59f8801b61c9bb8cdb966f5cb2',0,0,44,550,0,'FF',9,0,4,'Current:','','on',2,5),
 (977,'c050e0fbecba1d1dedadba368601b3cb',0,0,44,552,12,'99',4,0,1,'HTTP 302','','',2,7),
 (978,'5face00a7f0623538e42b88c4549571c',0,0,44,552,0,'FF',9,0,3,'Max:','','on',2,9),
 (979,'5a998f3fd0ef98290e1b37ce8e0dd04b',0,0,44,553,0,'FF',9,0,3,'Max:','','on',2,12),
 (1993,'',1991,53,44,0,9,'FF',7,0,1,'HTTP 500','','',2,16),
 (981,'7bf12e6b8fd884ec4d0c17a280d422b0',0,0,44,554,66,'CC',4,0,1,'HTTP 404','','',2,13),
 (982,'1eb82dbab110947c9d55e1d81ce08bb1',0,0,44,554,0,'FF',9,0,3,'Max:','','on',2,15),
 (983,'2186f8b54564e3f69a7067c15e2cda43',0,0,44,553,0,'FF',9,0,4,'Current:','','',2,11),
 (984,'1f2d360a71ea45b44f719afc42c3e701',0,0,44,552,0,'FF',9,0,4,'Current:','','',2,8),
 (985,'0',973,53,44,0,13,'CC',4,0,1,'Total Count','','',2,1),
 (987,'0',975,53,44,0,31,'B2',4,0,1,'HTTP 403','','',2,10),
 (988,'0',976,53,44,0,0,'FF',9,0,4,'Current:','','on',2,5),
 (989,'0',977,53,44,0,12,'99',4,0,1,'HTTP 302','','',2,7),
 (990,'0',978,53,44,0,0,'FF',9,0,3,'Max:','','on',2,9),
 (991,'0',979,53,44,0,0,'FF',9,0,3,'Max:','','on',2,12),
 (1991,'eb281d61a61c0c25171be35aeb7c8c03',0,0,44,1014,9,'FF',7,0,1,'HTTP 500','','',2,16),
 (993,'0',981,53,44,0,66,'CC',4,0,1,'HTTP 404','','',2,13),
 (994,'0',982,53,44,0,0,'FF',9,0,3,'Max:','','on',2,15),
 (995,'0',984,53,44,0,0,'FF',9,0,4,'Current:','','',2,8),
 (996,'0',983,53,44,0,0,'FF',9,0,4,'Current:','','',2,11),
 (997,'0',1196,54,46,422,13,'CC',7,0,1,'Total Count','','',2,1),
 (1227,'',973,63,44,680,13,'CC',4,0,1,'Total Count','','',2,1),
 (999,'0',1198,54,46,421,8,'FF',7,0,1,'Elapsed >15s','','',2,8),
 (1001,'0',1200,54,46,420,25,'FF',7,0,1,'Elapsed >10s','','',2,5),
 (1002,'0',1201,54,46,420,0,'FF',9,0,3,'Max:','','on',2,7),
 (1003,'0',1204,54,46,421,35,'FF',7,0,1,'Elapsed >30s','','',2,11),
 (1004,'0',1203,54,46,422,0,'FF',9,0,4,'Current:','','',2,2),
 (1005,'0',1202,54,46,425,0,'FF',9,0,3,'Max:','','on',2,10),
 (1006,'0',1210,54,46,425,68,'FF',5,0,4,'Timeouts','','',2,17),
 (1007,'0',1207,54,46,420,0,'FF',9,0,4,'Current:','','',2,6),
 (1008,'0',1206,54,46,421,0,'FF',9,0,4,'Current:','','',2,9),
 (1009,'0',1021,55,45,429,13,'FF',4,0,1,'Total WL5','','',2,1),
 (1010,'0',1022,55,45,436,10,'B2',5,0,1,'Total WL6','','',2,3),
 (1011,'0',1029,55,45,435,96,'CC',4,0,1,'Elapsed >10s WL6','','',2,8),
 (1012,'0',1024,55,45,436,0,'FF',9,0,4,'Current:','','on',2,4),
 (1013,'0',1025,55,45,428,12,'FF',4,0,1,'Elapsed >10s WL5','','',2,5),
 (1014,'0',1026,55,45,428,0,'FF',9,0,3,'Max:','','on',2,7),
 (1015,'0',1030,55,45,435,0,'FF',9,0,3,'Max:','','on',2,10),
 (1016,'0',1028,55,45,429,0,'FF',9,0,4,'Current:','','on',2,2),
 (1017,'0',1023,55,45,426,28,'99',4,0,1,'Elapsed >40s WL5','','',2,11),
 (1018,'0',1031,55,45,426,0,'FF',9,0,4,'Current:','','',2,12),
 (1019,'0',1032,55,45,428,0,'FF',9,0,4,'Current:','','',2,6),
 (1020,'0',1033,55,45,435,0,'FF',9,0,4,'Current:','','',2,9),
 (1021,'62dfefcb12af3d022a845aa920811a91',0,0,45,450,13,'FF',4,0,1,'Total WL5','','',2,1),
 (1022,'f8d94fd6a6b9b6aa32be8860f675b062',0,0,45,450,10,'B2',5,0,1,'Total WL6','','',2,3),
 (1023,'98a61bbcdb176be148a1cf5e3ed46616',0,0,45,453,28,'99',4,0,1,'Elapsed >40s WL5','','',2,11),
 (1024,'d4fc29ee2337d6ddcf511a0701e04075',0,0,45,450,0,'FF',9,0,4,'Current:','','on',2,4),
 (1025,'a4b09e5a29053a471987a815355c98ba',0,0,45,451,12,'FF',4,0,1,'Elapsed >10s WL5','','',2,5),
 (1026,'4a84303f0d920a7a61f0665364f13d27',0,0,45,451,0,'FF',9,0,3,'Max:','','on',2,7),
 (1027,'f8583ea61a4fa9fdceb7a42ce30742d3',0,0,45,453,0,'FF',9,0,3,'Max:','','on',2,13),
 (1028,'d960174a330e133cc353b77882906fab',0,0,45,450,0,'FF',9,0,4,'Current:','','on',2,2),
 (1029,'70ef204717dd8cbf97423dc40c9b4ef6',0,0,45,451,96,'CC',4,0,1,'Elapsed >10s WL6','','',2,8),
 (1030,'bfe95e37db76eec2b5687ca0c9accab5',0,0,45,451,0,'FF',9,0,3,'Max:','','on',2,10),
 (1031,'4529fdfc008403863f8c6f47b80fa091',0,0,45,453,0,'FF',9,0,4,'Current:','','',2,12),
 (1032,'9d26ed862c098bc07bfccdb7191f2a82',0,0,45,451,0,'FF',9,0,4,'Current:','','',2,6),
 (1033,'4c7186a28f58562c41c9cb93850d5b6a',0,0,45,451,0,'FF',9,0,4,'Current:','','',2,9),
 (1034,'',1027,55,45,426,0,'FF',9,0,3,'Max:','','on',2,13),
 (1035,'0',1196,56,46,659,13,'CC',7,0,1,'Total Count','','',2,1),
 (1036,'0',1200,56,46,657,25,'FF',7,0,1,'Elapsed >10s','','',2,5),
 (1037,'0',1202,56,46,660,0,'FF',9,0,3,'Max:','','on',2,10),
 (1038,'0',1207,56,46,657,0,'FF',9,0,4,'Current:','','',2,6),
 (1039,'0',1201,56,46,657,0,'FF',9,0,3,'Max:','','on',2,7),
 (1040,'0',1206,56,46,660,0,'FF',9,0,4,'Current:','','',2,9),
 (1041,'0',1209,56,46,663,0,'FF',9,0,4,'Current:','','',2,12),
 (1042,'0',1203,56,46,659,0,'FF',9,0,4,'Current:','','',2,2),
 (1043,'0',1205,56,46,663,0,'FF',9,0,3,'Max:','','on',2,13),
 (1044,'0',1374,56,46,662,0,'FF',9,0,4,'Current:','','',2,15),
 (1045,'0',1204,56,46,663,35,'FF',7,0,1,'Elapsed >30s','','',2,11),
 (1046,'0',1198,56,46,660,8,'FF',7,0,1,'Elapsed >15s','','',2,8),
 (1047,'27b025cf9e0f4c5178d2426e6613d68d',0,0,44,550,0,'FF',9,0,3,'Max:','','',2,3),
 (1048,'',1208,52,46,406,0,'FF',9,0,3,'Max:','','on',2,3),
 (1049,'',1047,53,44,0,0,'FF',9,0,3,'Max:','','',2,3),
 (1050,'',1208,54,46,422,0,'FF',9,0,3,'Max:','','on',2,3),
 (1051,'748160f86f7c83c618a2dadd029adfd3',0,0,44,554,0,'FF',9,0,4,'Current:','','',2,14),
 (1052,'',1209,52,46,409,0,'FF',9,0,4,'Current:','','',2,12),
 (1053,'',1051,53,44,0,0,'FF',9,0,4,'Current:','','',2,14),
 (1054,'',1209,54,46,425,0,'FF',9,0,4,'Current:','','',2,12),
 (1055,'7bd361c811a5ee101ec33ccc5e5859d3',0,0,43,535,0,'FF',9,0,3,'Max:','','on',2,3),
 (1056,'',1208,49,46,694,0,'FF',9,0,3,'Max:','','on',2,3),
 (1057,'',1055,50,43,358,0,'FF',9,0,3,'Max:','','on',2,3),
 (1058,'',1208,56,46,659,0,'FF',9,0,3,'Max:','','on',2,3),
 (1059,'98bf721bf9488df41ecaf1794a5b188b',0,0,43,539,0,'FF',9,0,4,'Current:','','',2,13),
 (1060,'',1369,49,46,691,9,'FF',7,0,1,'Elapsed >40s','','',2,14),
 (1061,'',1059,50,43,361,0,'FF',9,0,4,'Current:','','',2,13),
 (1062,'',1369,56,46,662,9,'FF',7,0,1,'Elapsed >40s','','',2,14),
 (2426,'0',1443,129,47,1202,0,'FF',9,0,4,'Current:','','',2,6),
 (1064,'',1444,40,47,595,0,'FF',9,0,3,'Max:','','on',2,3),
 (1065,'',1444,41,47,577,0,'FF',9,0,3,'Max:','','on',2,3),
 (1066,'',1444,42,47,667,0,'FF',9,0,3,'Max:','','on',2,3),
 (1067,'',1444,43,47,521,0,'FF',9,0,3,'Max:','','on',2,3),
 (1641,'0',982,82,44,689,0,'FF',9,0,3,'Max:','','on',2,15),
 (1070,'',1444,46,47,612,0,'FF',9,0,3,'Max:','','on',2,3),
 (1651,'0',1435,83,47,703,8,'FF',7,0,1,'Elapsed >10s','','',2,8),
 (1072,'',1444,48,47,513,0,'FF',9,0,3,'Max:','','on',2,3),
 (1073,'',1444,51,47,587,0,'FF',9,0,3,'Max:','','on',2,3),
 (1677,'0',1205,85,46,709,0,'FF',9,0,3,'Max:','','on',2,13),
 (1676,'0',1203,85,46,713,0,'FF',9,0,4,'Current:','','',2,2),
 (1675,'0',1209,85,46,709,0,'FF',9,0,4,'Current:','','',2,12),
 (1674,'0',1206,85,46,712,0,'FF',9,0,4,'Current:','','',2,9),
 (1673,'0',1201,85,46,715,0,'FF',9,0,3,'Max:','','on',2,7),
 (1672,'0',1207,85,46,715,0,'FF',9,0,4,'Current:','','',2,6),
 (1671,'0',1202,85,46,712,0,'FF',9,0,3,'Max:','','on',2,10),
 (1670,'0',1200,85,46,715,25,'FF',7,0,1,'Elapsed >10s','','',2,5),
 (1669,'0',1196,85,46,713,13,'CC',7,0,1,'Total Count','','',2,1),
 (1712,'',769,87,41,730,0,'FF',9,0,3,'Max:','','on',2,3),
 (1711,'',766,87,41,730,0,'FF',9,0,4,'Current:','','',2,2),
 (1665,'0',1451,83,47,701,0,'FF',9,0,4,'Current:','','on',2,20),
 (1710,'',763,87,41,730,64,'FF',7,0,1,'AWA Response Time','','',2,1),
 (1684,'0',1210,85,46,711,68,'FF',5,0,4,'Timeouts','','',2,17),
 (1683,'0',1379,85,46,710,0,'FF',9,0,3,'Max:','','on',2,16),
 (1682,'0',1369,85,46,710,9,'FF',7,0,1,'Elapsed >40s','','',2,14),
 (1681,'0',1208,85,46,713,0,'FF',9,0,3,'Max:','','on',2,3),
 (1680,'0',1198,85,46,712,8,'FF',7,0,1,'Elapsed >15s','','',2,8),
 (1679,'0',1204,85,46,709,35,'FF',7,0,1,'Elapsed >30s','','',2,11),
 (1678,'0',1374,85,46,710,0,'FF',9,0,4,'Current:','','',2,15),
 (1107,'',1445,40,47,592,0,'FF',9,0,4,'Current:','','',2,12),
 (2425,'0',1436,129,47,1202,25,'FF',7,0,1,'Elapsed >5s','','',2,5),
 (1108,'',1445,41,47,581,0,'FF',9,0,4,'Current:','','',2,12),
 (1109,'',1445,42,47,669,0,'FF',9,0,4,'Current:','','',2,12),
 (1110,'',1445,43,47,523,0,'FF',9,0,4,'Current:','','',2,12),
 (1640,'0',1051,82,44,689,0,'FF',9,0,4,'Current:','','',2,14),
 (1627,'',1450,46,47,615,94,'FF',5,0,4,'Average Time (s)','','',2,19),
 (1113,'',1441,46,47,608,0,'FF',9,0,3,'Max:','','on',2,13),
 (1115,'',1445,48,47,515,0,'FF',9,0,4,'Current:','','',2,12);
INSERT INTO `cacti`.`graph_templates_item` VALUES  (1116,'',1445,51,47,589,0,'FF',9,0,4,'Current:','','',2,12),
 (1664,'0',1450,83,47,701,94,'FF',5,0,4,'Average Time (s)','','',2,19),
 (2424,'0',1442,129,47,1204,0,'FF',9,0,4,'Current:','','',2,9),
 (1120,'',1441,40,47,592,0,'FF',9,0,3,'Max:','','on',2,13),
 (1121,'',1448,41,47,582,9,'FF',4,0,1,'Elapsed >60s','','',2,14),
 (1122,'',1441,42,47,669,0,'FF',9,0,3,'Max:','','on',2,13),
 (1123,'',1441,43,47,523,0,'FF',9,0,3,'Max:','','on',2,13),
 (1126,'',1448,46,47,614,9,'FF',4,0,1,'Elapsed >60s','','',2,14),
 (1128,'',1441,48,47,515,0,'FF',9,0,3,'Max:','','on',2,13),
 (1129,'',1448,51,47,590,9,'FF',4,0,1,'Elapsed >60s','','',2,14),
 (1662,'0',1441,83,47,700,0,'FF',9,0,3,'Max:','','on',2,13),
 (1663,'0',1449,83,47,699,0,'FF',9,0,3,'Max:','','on',2,16),
 (2423,'0',1433,129,47,1203,13,'CC',7,0,1,'Total Count','','',2,1),
 (1133,'',1448,40,47,599,9,'FF',4,0,1,'Elapsed >60s','','',2,14),
 (1134,'',1434,41,47,583,68,'FF',5,0,4,'Timeouts','','',2,17),
 (1135,'',1448,42,47,670,9,'FF',4,0,1,'Elapsed >60s','','',2,14),
 (1136,'',1448,43,47,524,9,'FF',4,0,1,'Elapsed >60s','','',2,14),
 (1639,'0',981,82,44,689,66,'CC',4,0,1,'HTTP 404','','',2,13),
 (1139,'',1447,46,47,614,0,'FF',9,0,4,'Current:','','',2,15),
 (1650,'0',1443,83,47,704,0,'FF',9,0,4,'Current:','','',2,6),
 (1141,'',1448,48,47,516,9,'FF',4,0,1,'Elapsed >60s','','',2,14),
 (1142,'',1434,51,47,591,68,'FF',5,0,4,'Timeouts','','',2,17),
 (1661,'0',1447,83,47,699,0,'FF',9,0,4,'Current:','','',2,15),
 (1145,'0',1433,59,47,674,13,'CC',7,0,1,'Total Count','','',2,1),
 (1146,'0',1436,59,47,676,25,'FF',7,0,1,'Elapsed >5s','','',2,5),
 (1147,'0',1438,59,47,675,0,'FF',9,0,3,'Max:','','on',2,10),
 (1148,'0',1443,59,47,676,0,'FF',9,0,4,'Current:','','',2,6),
 (1149,'0',1437,59,47,676,0,'FF',9,0,3,'Max:','','on',2,7),
 (1150,'0',1442,59,47,675,0,'FF',9,0,4,'Current:','','',2,9),
 (1151,'0',1445,59,47,672,0,'FF',9,0,4,'Current:','','',2,12),
 (1152,'0',1439,59,47,674,0,'FF',9,0,4,'Current:','','',2,2),
 (1153,'0',1449,59,47,678,0,'FF',9,0,3,'Max:','','on',2,16),
 (1154,'0',1434,59,47,679,68,'FF',5,0,4,'Timeouts','','',2,17),
 (1155,'0',1446,59,47,679,0,'FF',9,0,3,'Max:','','on',2,18),
 (1156,'0',1435,59,47,675,8,'FF',7,0,1,'Elapsed >10s','','',2,8),
 (1157,'0',1440,59,47,672,35,'FF',7,0,1,'Elapsed >30s','','',2,11),
 (1158,'0',1444,59,47,674,0,'FF',9,0,3,'Max:','','on',2,3),
 (1159,'0',1441,59,47,672,0,'FF',9,0,3,'Max:','','on',2,13),
 (1160,'0',1448,59,47,678,9,'FF',4,0,1,'Elapsed >60s','','',2,14),
 (1161,'0',1447,59,47,678,0,'FF',9,0,4,'Current:','','',2,15),
 (1162,'0',1433,60,47,489,13,'CC',7,0,1,'Total Count','','',2,1),
 (1164,'0',1442,60,47,488,0,'FF',9,0,4,'Current:','','',2,9),
 (1165,'0',1436,60,47,487,25,'FF',7,0,1,'Elapsed >5s','','',2,5),
 (1166,'0',1443,60,47,487,0,'FF',9,0,4,'Current:','','',2,6),
 (1167,'0',1435,60,47,488,8,'FF',7,0,1,'Elapsed >10s','','',2,8),
 (1168,'0',1440,60,47,491,35,'FF',7,0,1,'Elapsed >30s','','',2,11),
 (1169,'0',1439,60,47,489,0,'FF',9,0,4,'Current:','','',2,2),
 (1170,'0',1447,60,47,492,0,'FF',9,0,4,'Current:','','',2,15),
 (1171,'0',1449,60,47,492,0,'FF',9,0,3,'Max:','','on',2,16),
 (1172,'0',1434,60,47,493,68,'FF',5,0,4,'Timeouts','','',2,17),
 (1173,'0',1437,60,47,487,0,'FF',9,0,3,'Max:','','on',2,7),
 (1174,'0',1438,60,47,488,0,'FF',9,0,3,'Max:','','on',2,10),
 (1175,'0',1444,60,47,489,0,'FF',9,0,3,'Max:','','on',2,3),
 (1176,'0',1445,60,47,491,0,'FF',9,0,4,'Current:','','',2,12),
 (1177,'0',1441,60,47,491,0,'FF',9,0,3,'Max:','','on',2,13),
 (1178,'0',1448,60,47,492,9,'FF',4,0,1,'Elapsed >60s','','',2,14),
 (1179,'0',1433,61,47,497,13,'CC',7,0,1,'Total Count','','',2,1),
 (1180,'0',1436,61,47,495,25,'FF',7,0,1,'Elapsed >5s','','',2,5),
 (1181,'0',1438,61,47,496,0,'FF',9,0,3,'Max:','','on',2,10),
 (1182,'0',1443,61,47,495,0,'FF',9,0,4,'Current:','','',2,6),
 (1183,'0',1437,61,47,495,0,'FF',9,0,3,'Max:','','on',2,7),
 (1184,'0',1442,61,47,496,0,'FF',9,0,4,'Current:','','',2,9),
 (1185,'0',1445,61,47,499,0,'FF',9,0,4,'Current:','','',2,12),
 (1186,'0',1439,61,47,497,0,'FF',9,0,4,'Current:','','',2,2),
 (1187,'0',1449,61,47,500,0,'FF',9,0,3,'Max:','','on',2,16),
 (1188,'0',1434,61,47,501,68,'FF',5,0,4,'Timeouts','','',2,17),
 (1189,'0',1446,61,47,501,0,'FF',9,0,3,'Max:','','on',2,18),
 (1190,'0',1435,61,47,496,8,'FF',7,0,1,'Elapsed >10s','','',2,8),
 (1191,'0',1440,61,47,499,35,'FF',7,0,1,'Elapsed >30s','','',2,11),
 (1192,'0',1444,61,47,497,0,'FF',9,0,3,'Max:','','on',2,3),
 (1193,'0',1441,61,47,499,0,'FF',9,0,3,'Max:','','on',2,13),
 (1194,'0',1448,61,47,500,9,'FF',4,0,1,'Elapsed >60s','','',2,14),
 (1195,'0',1447,61,47,500,0,'FF',9,0,4,'Current:','','',2,15),
 (1196,'139416a5372b23e7d53bdb2f604de1c9',0,0,46,450,13,'CC',7,0,1,'Total Count','','',2,1),
 (1210,'c7b18cff2e1c643c37dbd1e334865cf6',0,0,46,484,68,'FF',5,0,4,'Timeouts','','',2,17),
 (1198,'d9266c838abbdaebcd5867499e18eb1d',0,0,46,451,8,'FF',7,0,1,'Elapsed >15s','','',2,8),
 (1412,'',1200,72,46,651,25,'FF',7,0,1,'Elapsed >10s','','',2,5),
 (1200,'4ef3465bb5eddebf323287c9d556bc45',0,0,46,452,25,'FF',7,0,1,'Elapsed >10s','','',2,5),
 (1201,'8848047fec9ee421b4c6da354d4c1400',0,0,46,452,0,'FF',9,0,3,'Max:','','on',2,7),
 (1202,'b8c0d1624fa4e625712996ad432a3d73',0,0,46,451,0,'FF',9,0,3,'Max:','','on',2,10),
 (1203,'4864b8f34b0c5cf227ada1f1c49b8d1d',0,0,46,450,0,'FF',9,0,4,'Current:','','',2,2),
 (1204,'6a953e4c3e8a3d46156aaf39dd06bdd0',0,0,46,454,35,'FF',7,0,1,'Elapsed >30s','','',2,11),
 (1205,'f7c43df31084d44517892a3f2cffca92',0,0,46,454,0,'FF',9,0,3,'Max:','','on',2,13),
 (1206,'c11b356a140c5bc8f09dde88ec169353',0,0,46,451,0,'FF',9,0,4,'Current:','','',2,9),
 (1207,'80ae67b4842e027ee8d23c640eb652af',0,0,46,452,0,'FF',9,0,4,'Current:','','',2,6),
 (1208,'b582c87bb74dd44abea72ee7395b9b28',0,0,46,450,0,'FF',9,0,3,'Max:','','on',2,3),
 (1209,'e6d997cae2c63f21b2bc69d454634726',0,0,46,454,0,'FF',9,0,4,'Current:','','',2,12),
 (1211,'',868,62,43,544,13,'FF',4,0,1,'Total Count','','',2,1),
 (1212,'',875,62,43,544,0,'FF',9,0,4,'Current:','','',2,2),
 (1213,'',1055,62,43,544,0,'FF',9,0,3,'Max:','','on',2,3),
 (1214,'',869,62,43,545,10,'B2',5,0,1,'Average elapsed (s)','','',2,4),
 (1215,'',871,62,43,545,0,'FF',9,0,4,'Current:','','on',2,5),
 (1216,'',872,62,43,542,12,'FF',4,0,1,'Elapsed >10s','','',2,6),
 (1217,'',894,62,43,542,0,'FF',9,0,4,'Current:','','',2,7),
 (1218,'',873,62,43,542,0,'FF',9,0,3,'Max:','','on',2,8),
 (1219,'',870,62,43,543,28,'99',4,0,1,'Elapsed >15s','','',2,9),
 (1220,'',891,62,43,543,0,'FF',9,0,4,'Current:','','',2,10),
 (1221,'',874,62,43,543,0,'FF',9,0,3,'Max:','','on',2,11),
 (1222,'',876,62,43,547,9,'CC',7,0,1,'Elapsed >40s','','',2,12),
 (1223,'',1059,62,43,547,0,'FF',9,0,4,'Current:','','',2,13),
 (1224,'',877,62,43,547,0,'FF',9,0,3,'Max:','','on',2,14),
 (1225,'7dba58db93d3315b51bd653f34620aa6',0,0,46,484,0,'FF',9,0,3,'Max:','','on',2,18),
 (1297,'0',868,67,43,422,13,'FF',4,0,1,'Total Count','','',2,1),
 (1231,'',977,63,44,682,12,'99',4,0,1,'HTTP 302','','',2,7),
 (1232,'',984,63,44,682,0,'FF',9,0,4,'Current:','','',2,8),
 (1233,'',978,63,44,682,0,'FF',9,0,3,'Max:','','on',2,9),
 (1234,'',975,63,44,683,31,'B2',4,0,1,'HTTP 403','','',2,10),
 (1235,'',983,63,44,683,0,'FF',9,0,4,'Current:','','',2,11),
 (1236,'',979,63,44,683,0,'FF',9,0,3,'Max:','','on',2,12),
 (1237,'',981,63,44,684,66,'CC',4,0,1,'HTTP 404','','',2,13),
 (1238,'',1051,63,44,684,0,'FF',9,0,4,'Current:','','',2,14),
 (1239,'',982,63,44,684,0,'FF',9,0,3,'Max:','','on',2,15),
 (1240,'0',1021,64,45,544,13,'FF',4,0,1,'Total WL5','','',2,1),
 (1241,'0',1022,64,45,406,10,'B2',5,0,1,'Total WL6','','',2,3),
 (1242,'0',1029,64,45,407,96,'CC',4,0,1,'Elapsed >10s WL6','','',2,8),
 (1243,'0',1024,64,45,406,0,'FF',9,0,4,'Current:','','on',2,4),
 (1244,'0',1025,64,45,543,12,'FF',4,0,1,'Elapsed >10s WL5','','',2,5),
 (1245,'0',1026,64,45,543,0,'FF',9,0,3,'Max:','','on',2,7),
 (1246,'0',1030,64,45,407,0,'FF',9,0,3,'Max:','','on',2,10),
 (1247,'0',1028,64,45,544,0,'FF',9,0,4,'Current:','','on',2,2),
 (1248,'0',1023,64,45,409,28,'99',4,0,1,'Elapsed >40s WL5','','',2,11),
 (1249,'0',1031,64,45,546,0,'FF',9,0,4,'Current:','','',2,12),
 (1250,'0',1032,64,45,543,0,'FF',9,0,4,'Current:','','',2,6),
 (1251,'0',1033,64,45,407,0,'FF',9,0,4,'Current:','','',2,9),
 (1252,'0',1027,64,45,546,0,'FF',9,0,3,'Max:','','on',2,13),
 (1253,'',1369,52,46,484,9,'FF',7,0,1,'Elapsed >40s','','',2,14),
 (1254,'',1225,52,46,484,0,'FF',9,0,3,'Max:','','on',2,18),
 (1255,'',1369,54,46,484,9,'FF',7,0,1,'Elapsed >40s','','',2,14),
 (1256,'',1225,54,46,484,0,'FF',9,0,3,'Max:','','on',2,18),
 (1257,'409bcaa0ed7ae663d3d06b4191e48859',0,0,45,453,11,'FF',4,0,1,'Elapsed >40s WL6','','',2,14),
 (1258,'',1257,55,45,426,11,'FF',4,0,1,'Elapsed >40s WL6','','',2,14),
 (1259,'',1257,64,45,409,11,'FF',4,0,1,'Elapsed >40s WL6','','',2,14),
 (1260,'bbebbaba320e025f86f6a1a6db4f2676',0,0,45,453,0,'FF',9,0,4,'Current:','','',2,15),
 (1261,'',1260,55,45,426,0,'FF',9,0,4,'Current:','','',2,15),
 (1262,'',1260,64,45,409,0,'FF',9,0,4,'Current:','','',2,15),
 (1263,'f18281448238349b2b9b348bc7db92fa',0,0,45,453,0,'FF',9,0,3,'Max:','','on',2,16),
 (1264,'',1263,55,45,426,0,'FF',9,0,3,'Max:','','on',2,16),
 (1265,'',1263,64,45,409,0,'FF',9,0,3,'Max:','','on',2,16),
 (1266,'0',1021,65,45,422,13,'FF',4,0,1,'Total WL5','','',2,1),
 (1267,'0',1022,65,45,571,10,'B2',5,0,1,'Total WL6','','',2,3),
 (1268,'0',1029,65,45,570,96,'CC',4,0,1,'Elapsed >10s WL6','','',2,8),
 (1269,'0',1024,65,45,571,0,'FF',9,0,4,'Current:','','on',2,4),
 (1270,'0',1025,65,45,421,12,'FF',4,0,1,'Elapsed >10s WL5','','',2,5),
 (1271,'0',1026,65,45,421,0,'FF',9,0,3,'Max:','','on',2,7),
 (1272,'0',1030,65,45,570,0,'FF',9,0,3,'Max:','','on',2,10),
 (1273,'0',1028,65,45,422,0,'FF',9,0,4,'Current:','','on',2,2),
 (1274,'0',1023,65,45,568,28,'99',4,0,1,'Elapsed >40s WL5','','',2,11),
 (1275,'0',1031,65,45,419,0,'FF',9,0,4,'Current:','','',2,12),
 (1276,'0',1032,65,45,421,0,'FF',9,0,4,'Current:','','',2,6),
 (1277,'0',1033,65,45,570,0,'FF',9,0,4,'Current:','','',2,9),
 (1278,'0',1027,65,45,419,0,'FF',9,0,3,'Max:','','on',2,13),
 (1279,'0',1257,65,45,568,11,'FF',4,0,1,'Elapsed >40s WL6','','',2,14),
 (1280,'0',1260,65,45,568,0,'FF',9,0,4,'Current:','','',2,15),
 (1281,'0',1263,65,45,568,0,'FF',9,0,3,'Max:','','on',2,16),
 (1376,'',1447,51,47,590,0,'FF',9,0,4,'Current:','','',2,15),
 (1374,'6c9f718668d5721f74fa88ed25e62aec',0,0,46,455,0,'FF',9,0,4,'Current:','','',2,15),
 (1373,'',1205,54,46,455,0,'FF',9,0,3,'Max:','','on',2,13),
 (1372,'',1205,52,46,455,0,'FF',9,0,3,'Max:','','on',2,13),
 (1371,'',1441,51,47,589,0,'FF',9,0,3,'Max:','','on',2,13),
 (1370,'',1441,41,47,581,0,'FF',9,0,3,'Max:','','on',2,13),
 (1369,'0c8735adb28309b15556ea97eaf8e759',0,0,46,455,9,'FF',7,0,1,'Elapsed >40s','','',2,14),
 (1298,'0',875,67,43,422,0,'FF',9,0,4,'Current:','','',2,2),
 (1299,'0',1055,67,43,422,0,'FF',9,0,3,'Max:','','on',2,3),
 (1300,'0',869,67,43,423,10,'B2',5,0,1,'Average elapsed (s)','','',2,4),
 (1301,'0',871,67,43,423,0,'FF',9,0,4,'Current:','','on',2,5),
 (1302,'0',872,67,43,420,12,'FF',4,0,1,'Elapsed >10s','','',2,6),
 (1303,'0',894,67,43,420,0,'FF',9,0,4,'Current:','','',2,7),
 (1304,'0',873,67,43,420,0,'FF',9,0,3,'Max:','','on',2,8),
 (1305,'0',870,67,43,421,28,'99',4,0,1,'Elapsed >15s','','',2,9),
 (1306,'0',891,67,43,421,0,'FF',9,0,4,'Current:','','',2,10),
 (1307,'0',874,67,43,421,0,'FF',9,0,3,'Max:','','on',2,11),
 (1308,'0',876,67,43,424,9,'CC',7,0,1,'Elapsed >40s','','',2,12),
 (1309,'0',1059,67,43,424,0,'FF',9,0,4,'Current:','','',2,13),
 (1310,'0',877,67,43,424,0,'FF',9,0,3,'Max:','','on',2,14),
 (1311,'0',868,68,43,459,13,'FF',4,0,1,'Total Count','','',2,1),
 (1312,'0',875,68,43,459,0,'FF',9,0,4,'Current:','','',2,2),
 (1313,'0',1055,68,43,459,0,'FF',9,0,3,'Max:','','on',2,3),
 (1314,'0',869,68,43,460,10,'B2',5,0,1,'Average elapsed (s)','','',2,4),
 (1315,'0',871,68,43,460,0,'FF',9,0,4,'Current:','','on',2,5),
 (1316,'0',872,68,43,457,12,'FF',4,0,1,'Elapsed >10s','','',2,6),
 (1317,'0',894,68,43,457,0,'FF',9,0,4,'Current:','','',2,7),
 (1318,'0',873,68,43,457,0,'FF',9,0,3,'Max:','','on',2,8),
 (1319,'0',870,68,43,458,28,'99',4,0,1,'Elapsed >15s','','',2,9),
 (1320,'0',891,68,43,458,0,'FF',9,0,4,'Current:','','',2,10),
 (1321,'0',874,68,43,458,0,'FF',9,0,3,'Max:','','on',2,11),
 (1322,'0',876,68,43,461,9,'CC',7,0,1,'Elapsed >40s','','',2,12),
 (1323,'0',1059,68,43,461,0,'FF',9,0,4,'Current:','','',2,13),
 (1324,'0',877,68,43,461,0,'FF',9,0,3,'Max:','','on',2,14),
 (1325,'0',868,69,43,406,13,'FF',4,0,1,'Total Count','','',2,1),
 (1326,'0',875,69,43,406,0,'FF',9,0,4,'Current:','','',2,2),
 (1327,'0',1055,69,43,406,0,'FF',9,0,3,'Max:','','on',2,3),
 (1328,'0',869,69,43,405,10,'B2',5,0,1,'Average elapsed (s)','','',2,4),
 (1329,'0',871,69,43,405,0,'FF',9,0,4,'Current:','','on',2,5),
 (1330,'0',872,69,43,408,12,'FF',4,0,1,'Elapsed >10s','','',2,6),
 (1331,'0',894,69,43,408,0,'FF',9,0,4,'Current:','','',2,7),
 (1332,'0',873,69,43,408,0,'FF',9,0,3,'Max:','','on',2,8),
 (1333,'0',870,69,43,407,28,'99',4,0,1,'Elapsed >15s','','',2,9),
 (1334,'0',891,69,43,407,0,'FF',9,0,4,'Current:','','',2,10),
 (1335,'0',874,69,43,407,0,'FF',9,0,3,'Max:','','on',2,11),
 (1336,'0',876,69,43,410,9,'CC',7,0,1,'Elapsed >40s','','',2,12),
 (1337,'0',1059,69,43,410,0,'FF',9,0,4,'Current:','','',2,13),
 (1338,'0',877,69,43,410,0,'FF',9,0,3,'Max:','','on',2,14),
 (1339,'0',1021,70,45,422,13,'FF',4,0,1,'Total WL5','','',2,1),
 (1340,'0',1022,70,45,571,10,'B2',5,0,1,'Total WL6','','',2,3),
 (1341,'0',1029,70,45,569,96,'CC',4,0,1,'Elapsed >10s WL6','','',2,8),
 (1342,'0',1024,70,45,571,0,'FF',9,0,4,'Current:','','on',2,4),
 (1343,'0',1025,70,45,420,12,'FF',4,0,1,'Elapsed >10s WL5','','',2,5),
 (1344,'0',1026,70,45,420,0,'FF',9,0,3,'Max:','','on',2,7),
 (1345,'0',1030,70,45,569,0,'FF',9,0,3,'Max:','','on',2,10),
 (1346,'0',1028,70,45,422,0,'FF',9,0,4,'Current:','','on',2,2),
 (1347,'0',1023,70,45,573,28,'99',4,0,1,'Elapsed >40s WL5','','',2,11),
 (1348,'0',1031,70,45,424,0,'FF',9,0,4,'Current:','','',2,12),
 (1349,'0',1032,70,45,420,0,'FF',9,0,4,'Current:','','',2,6),
 (1350,'0',1033,70,45,569,0,'FF',9,0,4,'Current:','','',2,9),
 (1351,'0',1027,70,45,424,0,'FF',9,0,3,'Max:','','on',2,13),
 (1352,'0',1257,70,45,573,11,'FF',4,0,1,'Elapsed >40s WL6','','',2,14),
 (1353,'0',1260,70,45,573,0,'FF',9,0,4,'Current:','','',2,15),
 (1354,'0',1263,70,45,573,0,'FF',9,0,3,'Max:','','on',2,16),
 (1355,'0',868,71,43,571,13,'FF',4,0,1,'Total Count','','',2,1),
 (1356,'0',875,71,43,571,0,'FF',9,0,4,'Current:','','',2,2),
 (1357,'0',1055,71,43,571,0,'FF',9,0,3,'Max:','','on',2,3),
 (1358,'0',869,71,43,572,10,'B2',5,0,1,'Average elapsed (s)','','',2,4),
 (1359,'0',871,71,43,572,0,'FF',9,0,4,'Current:','','on',2,5),
 (1360,'0',872,71,43,569,12,'FF',4,0,1,'Elapsed >10s','','',2,6),
 (1361,'0',894,71,43,569,0,'FF',9,0,4,'Current:','','',2,7),
 (1362,'0',873,71,43,569,0,'FF',9,0,3,'Max:','','on',2,8),
 (1363,'0',870,71,43,570,28,'99',4,0,1,'Elapsed >15s','','',2,9),
 (1364,'0',891,71,43,570,0,'FF',9,0,4,'Current:','','',2,10),
 (1365,'0',874,71,43,570,0,'FF',9,0,3,'Max:','','on',2,11),
 (1366,'0',876,71,43,573,9,'CC',7,0,1,'Elapsed >40s','','',2,12),
 (1367,'0',1059,71,43,573,0,'FF',9,0,4,'Current:','','',2,13),
 (1368,'0',877,71,43,573,0,'FF',9,0,3,'Max:','','on',2,14),
 (1378,'',1374,54,46,484,0,'FF',9,0,4,'Current:','','',2,15),
 (1379,'fd40bc4e6ea015d6b5364e2c83711f04',0,0,46,455,0,'FF',9,0,3,'Max:','','on',2,16),
 (1380,'',1449,41,47,582,0,'FF',9,0,3,'Max:','','on',2,16),
 (1381,'',1449,51,47,590,0,'FF',9,0,3,'Max:','','on',2,16),
 (1382,'',1379,52,46,484,0,'FF',9,0,3,'Max:','','on',2,16),
 (1383,'',1379,54,46,484,0,'FF',9,0,3,'Max:','','on',2,16),
 (1384,'',1446,48,47,517,0,'FF',9,0,3,'Max:','','on',2,18),
 (1385,'bf0a1de0c510b1d7a9d3aeefa19bd039',0,0,46,449,94,'FF',5,0,4,'Average Time (s)','','',2,19),
 (1386,'',1450,41,47,576,94,'FF',5,0,4,'Average Time (s)','','',2,19),
 (1387,'',1450,48,47,514,94,'FF',5,0,4,'Average Time (s)','','',2,19),
 (1388,'',1450,51,47,588,94,'FF',5,0,4,'Average Time (s)','','',2,19),
 (1389,'',1385,52,46,449,94,'FF',5,0,4,'Average Time (s)','','',2,19),
 (1390,'',1385,54,46,449,94,'FF',5,0,4,'Average Time (s)','','',2,19),
 (1391,'276301fd44ecef363a9685f468170743',0,0,46,449,0,'FF',9,0,4,'Current:','','on',2,20),
 (1392,'',1451,41,47,576,0,'FF',9,0,4,'Current:','','on',2,20),
 (1393,'',1451,48,47,514,0,'FF',9,0,4,'Current:','','on',2,20),
 (1394,'',1451,51,47,588,0,'FF',9,0,4,'Current:','','on',2,20),
 (1395,'',1391,52,46,449,0,'FF',9,0,4,'Current:','','on',2,20),
 (1396,'',1391,54,46,449,0,'FF',9,0,4,'Current:','','on',2,20),
 (1397,'',1446,60,47,493,0,'FF',9,0,3,'Max:','','on',2,18),
 (1398,'',1450,60,47,490,94,'FF',5,0,4,'Average Time (s)','','',2,19),
 (1399,'',1451,60,47,490,0,'FF',9,0,4,'Current:','','on',2,20),
 (1400,'',1446,43,47,525,0,'FF',9,0,3,'Max:','','on',2,18),
 (1401,'',1450,43,47,522,94,'FF',5,0,4,'Average Time (s)','','',2,19),
 (1402,'',1451,43,47,522,0,'FF',9,0,4,'Current:','','on',2,20),
 (1403,'',1446,40,47,598,0,'FF',9,0,3,'Max:','','on',2,18),
 (1404,'',1450,40,47,597,94,'FF',5,0,4,'Average Time (s)','','',2,19),
 (1405,'',1451,40,47,597,0,'FF',9,0,4,'Current:','','on',2,20),
 (1413,'',1207,72,46,651,0,'FF',9,0,4,'Current:','','',2,6),
 (1406,'',1446,42,47,671,0,'FF',9,0,3,'Max:','','on',2,18),
 (1407,'',1450,42,47,668,94,'FF',5,0,4,'Average Time (s)','','',2,19),
 (1408,'',1451,42,47,668,0,'FF',9,0,4,'Current:','','on',2,20),
 (1414,'',1201,72,46,651,0,'FF',9,0,3,'Max:','','on',2,7),
 (1415,'',1198,72,46,650,8,'FF',7,0,1,'Elapsed >15s','','',2,8),
 (1416,'',1206,72,46,650,0,'FF',9,0,4,'Current:','','',2,9),
 (1417,'',1202,72,46,650,0,'FF',9,0,3,'Max:','','on',2,10),
 (1418,'',1204,72,46,653,35,'FF',7,0,1,'Elapsed >30s','','',2,11),
 (1419,'',1209,72,46,653,0,'FF',9,0,4,'Current:','','',2,12),
 (1420,'',1205,72,46,653,0,'FF',9,0,3,'Max:','','on',2,13),
 (1421,'',1369,72,46,654,9,'FF',7,0,1,'Elapsed >40s','','',2,14),
 (1422,'',1374,72,46,654,0,'FF',9,0,4,'Current:','','',2,15),
 (1423,'',1379,72,46,654,0,'FF',9,0,3,'Max:','','on',2,16),
 (1424,'',1210,72,46,655,68,'FF',5,0,4,'Timeouts','','',2,17),
 (1425,'',1225,72,46,655,0,'FF',9,0,3,'Max:','','on',2,18),
 (1426,'',1385,72,46,648,94,'FF',5,0,4,'Average Time (s)','','',2,19),
 (1427,'',1391,72,46,648,0,'FF',9,0,4,'Current:','','on',2,20),
 (1428,'',1379,56,46,662,0,'FF',9,0,3,'Max:','','on',2,16),
 (1429,'',1210,56,46,661,68,'FF',5,0,4,'Timeouts','','',2,17),
 (1430,'',1225,56,46,661,0,'FF',9,0,3,'Max:','','on',2,18),
 (1431,'',1385,56,46,658,94,'FF',5,0,4,'Average Time (s)','','',2,19),
 (1432,'',1391,56,46,658,0,'FF',9,0,4,'Current:','','on',2,20),
 (1433,'e27dcb5a1bda7451e8aeb30b658358e5',0,0,47,450,13,'CC',7,0,1,'Total Count','','',2,1),
 (1434,'cadccd741fb39e2987f08f731986154f',0,0,47,484,68,'FF',5,0,4,'Timeouts','','',2,17),
 (1435,'2be88f8beb4f65aaabe3d2f3e557a283',0,0,47,451,8,'FF',7,0,1,'Elapsed >10s','','',2,8),
 (1436,'e027e749844ca12a237799fc2e11a545',0,0,47,452,25,'FF',7,0,1,'Elapsed >5s','','',2,5),
 (1437,'3f93413d949ea5e0f34f2ddd5ae0f2e8',0,0,47,452,0,'FF',9,0,3,'Max:','','on',2,7),
 (1438,'ab8feae56bb9e8911fbfc02488424e48',0,0,47,451,0,'FF',9,0,3,'Max:','','on',2,10),
 (1439,'6d3cc5860f4ccc2c05bf61767ffb5248',0,0,47,450,0,'FF',9,0,4,'Current:','','',2,2),
 (1440,'ea62fc9d70239de9db7845dacc5a6513',0,0,47,454,35,'FF',7,0,1,'Elapsed >30s','','',2,11),
 (1441,'1d1cf822602e14fc8531a61f3c7e4ce1',0,0,47,454,0,'FF',9,0,3,'Max:','','on',2,13),
 (1442,'30d4ae36d492f6f4b22681ff2deca679',0,0,47,451,0,'FF',9,0,4,'Current:','','',2,9),
 (1443,'9a8dda552aa785c0a86310b628112aab',0,0,47,452,0,'FF',9,0,4,'Current:','','',2,6),
 (1444,'dfb2a17c5c4e137edb90fbfb3f2eb3d8',0,0,47,450,0,'FF',9,0,3,'Max:','','on',2,3),
 (1445,'3eec3d1228f094d5b6eeea71d81abf87',0,0,47,454,0,'FF',9,0,4,'Current:','','',2,12),
 (1446,'4c6f58d502a33d163d4946bf3abe8498',0,0,47,484,0,'FF',9,0,3,'Max:','','on',2,18),
 (1447,'562d6172dd6e8a174292baa8bd8abfd2',0,0,47,455,0,'FF',9,0,4,'Current:','','',2,15),
 (1448,'6102364117d14388eac7718d48d16c56',0,0,47,455,9,'FF',4,0,1,'Elapsed >60s','','',2,14),
 (1449,'f0cde73abe07251b67a8fcd6b2371846',0,0,47,455,0,'FF',9,0,3,'Max:','','on',2,16),
 (1450,'f901bba154a21990570ff9acc8a4d2f1',0,0,47,449,94,'FF',5,0,4,'Average Time (s)','','',2,19),
 (1451,'28d7b99d54102a03427dd3d6ab9d713d',0,0,47,449,0,'FF',9,0,4,'Current:','','on',2,20),
 (1452,'',1450,61,47,498,94,'FF',5,0,4,'Average Time (s)','','',2,19),
 (1453,'',1451,61,47,498,0,'FF',9,0,4,'Current:','','on',2,20),
 (1454,'',1450,59,47,673,94,'FF',5,0,4,'Average Time (s)','','',2,19),
 (1455,'',1451,59,47,673,0,'FF',9,0,4,'Current:','','on',2,20),
 (1456,'0',1433,73,47,1060,13,'CC',7,0,1,'Total Count','','',2,1),
 (1457,'0',1442,73,47,1066,0,'FF',9,0,4,'Current:','','',2,9),
 (1458,'0',1436,73,47,1065,25,'FF',7,0,1,'Elapsed >5s','','',2,5),
 (1459,'0',1443,73,47,1065,0,'FF',9,0,4,'Current:','','',2,6),
 (1460,'0',1435,73,47,1066,8,'FF',7,0,1,'Elapsed >10s','','',2,8),
 (1461,'0',1438,73,47,1066,0,'FF',9,0,3,'Max:','','on',2,10),
 (1462,'0',1439,73,47,1060,0,'FF',9,0,4,'Current:','','',2,2),
 (1463,'0',1446,73,47,1061,0,'FF',9,0,3,'Max:','','on',2,18),
 (1464,'0',1437,73,47,1065,0,'FF',9,0,3,'Max:','','on',2,7),
 (1465,'0',1440,73,47,1067,35,'FF',7,0,1,'Elapsed >30s','','',2,11),
 (1466,'0',1444,73,47,1060,0,'FF',9,0,3,'Max:','','on',2,3),
 (1467,'0',1445,73,47,1067,0,'FF',9,0,4,'Current:','','',2,12),
 (1468,'0',1448,73,47,1062,9,'FF',4,0,1,'Elapsed >60s','','',2,14),
 (1469,'0',1434,73,47,1061,68,'FF',5,0,4,'Timeouts','','',2,17),
 (1470,'0',1447,73,47,1062,0,'FF',9,0,4,'Current:','','',2,15),
 (1471,'0',1441,73,47,1067,0,'FF',9,0,3,'Max:','','on',2,13),
 (1472,'0',1449,73,47,1062,0,'FF',9,0,3,'Max:','','on',2,16),
 (1473,'0',1450,73,47,1060,94,'FF',5,0,4,'Average Time (s)','','',2,19),
 (1474,'0',1451,73,47,1060,0,'FF',9,0,4,'Current:','','on',2,20),
 (1475,'0',1433,74,47,1071,13,'CC',7,0,1,'Total Count','','',2,1),
 (1476,'0',1442,74,47,1074,0,'FF',9,0,4,'Current:','','',2,9),
 (1477,'0',1436,74,47,1073,25,'FF',7,0,1,'Elapsed >5s','','',2,5),
 (1478,'0',1443,74,47,1073,0,'FF',9,0,4,'Current:','','',2,6),
 (1479,'0',1435,74,47,1074,8,'FF',7,0,1,'Elapsed >10s','','',2,8),
 (1480,'0',1440,74,47,1075,35,'FF',7,0,1,'Elapsed >30s','','',2,11),
 (1481,'0',1439,74,47,1071,0,'FF',9,0,4,'Current:','','',2,2),
 (1482,'0',1447,74,47,1070,0,'FF',9,0,4,'Current:','','',2,15),
 (1483,'0',1449,74,47,1070,0,'FF',9,0,3,'Max:','','on',2,16),
 (1484,'0',1434,74,47,1069,68,'FF',5,0,4,'Timeouts','','',2,17),
 (1485,'0',1437,74,47,1073,0,'FF',9,0,3,'Max:','','on',2,7),
 (1486,'0',1438,74,47,1074,0,'FF',9,0,3,'Max:','','on',2,10),
 (1487,'0',1444,74,47,1071,0,'FF',9,0,3,'Max:','','on',2,3),
 (1488,'0',1445,74,47,1075,0,'FF',9,0,4,'Current:','','',2,12),
 (1489,'0',1441,74,47,1075,0,'FF',9,0,3,'Max:','','on',2,13),
 (1490,'0',1448,74,47,1070,9,'FF',4,0,1,'Elapsed >60s','','',2,14),
 (1491,'0',1446,74,47,1069,0,'FF',9,0,3,'Max:','','on',2,18),
 (1492,'0',1450,74,47,1068,94,'FF',5,0,4,'Average Time (s)','','',2,19),
 (1493,'0',1451,74,47,1068,0,'FF',9,0,4,'Current:','','on',2,20),
 (1494,'0',1433,75,47,1079,13,'CC',7,0,1,'Total Count','','',2,1),
 (1495,'0',1436,75,47,1081,25,'FF',7,0,1,'Elapsed >5s','','',2,5),
 (1496,'0',1438,75,47,1082,0,'FF',9,0,3,'Max:','','on',2,10),
 (1497,'0',1443,75,47,1081,0,'FF',9,0,4,'Current:','','',2,6),
 (1498,'0',1437,75,47,1081,0,'FF',9,0,3,'Max:','','on',2,7),
 (1499,'0',1442,75,47,1082,0,'FF',9,0,4,'Current:','','',2,9),
 (1500,'0',1445,75,47,1083,0,'FF',9,0,4,'Current:','','',2,12),
 (1501,'0',1439,75,47,1079,0,'FF',9,0,4,'Current:','','',2,2),
 (1502,'0',1449,75,47,1078,0,'FF',9,0,3,'Max:','','on',2,16),
 (1503,'0',1434,75,47,1077,68,'FF',5,0,4,'Timeouts','','',2,17),
 (1504,'0',1446,75,47,1077,0,'FF',9,0,3,'Max:','','on',2,18),
 (1505,'0',1435,75,47,1082,8,'FF',7,0,1,'Elapsed >10s','','',2,8),
 (1506,'0',1440,75,47,1083,35,'FF',7,0,1,'Elapsed >30s','','',2,11),
 (1507,'0',1444,75,47,1079,0,'FF',9,0,3,'Max:','','on',2,3),
 (1508,'0',1441,75,47,1083,0,'FF',9,0,3,'Max:','','on',2,13),
 (1509,'0',1448,75,47,1078,9,'FF',4,0,1,'Elapsed >60s','','',2,14),
 (1510,'0',1447,75,47,1078,0,'FF',9,0,4,'Current:','','',2,15),
 (1511,'0',1450,75,47,1076,94,'FF',5,0,4,'Average Time (s)','','',2,19),
 (1512,'0',1451,75,47,1076,0,'FF',9,0,4,'Current:','','on',2,20),
 (1513,'0',1433,76,47,646,13,'CC',7,0,1,'Total Count','','',2,1),
 (1514,'0',1442,76,47,647,0,'FF',9,0,4,'Current:','','',2,9),
 (1515,'0',1436,76,47,640,25,'FF',7,0,1,'Elapsed >5s','','',2,5),
 (1516,'0',1443,76,47,640,0,'FF',9,0,4,'Current:','','',2,6),
 (1517,'0',1435,76,47,647,8,'FF',7,0,1,'Elapsed >10s','','',2,8),
 (1518,'0',1440,76,47,642,35,'FF',7,0,1,'Elapsed >30s','','',2,11),
 (1519,'0',1439,76,47,646,0,'FF',9,0,4,'Current:','','',2,2),
 (1520,'0',1447,76,47,644,0,'FF',9,0,4,'Current:','','',2,15),
 (1521,'0',1449,76,47,644,0,'FF',9,0,3,'Max:','','on',2,16),
 (1522,'0',1434,76,47,643,68,'FF',5,0,4,'Timeouts','','',2,17),
 (1523,'0',1437,76,47,640,0,'FF',9,0,3,'Max:','','on',2,7),
 (1524,'0',1438,76,47,647,0,'FF',9,0,3,'Max:','','on',2,10),
 (1525,'0',1444,76,47,646,0,'FF',9,0,3,'Max:','','on',2,3),
 (1526,'0',1445,76,47,642,0,'FF',9,0,4,'Current:','','',2,12),
 (1527,'0',1441,76,47,642,0,'FF',9,0,3,'Max:','','on',2,13),
 (1528,'0',1448,76,47,644,9,'FF',4,0,1,'Elapsed >60s','','',2,14),
 (1529,'0',1446,76,47,643,0,'FF',9,0,3,'Max:','','on',2,18),
 (1530,'0',1450,76,47,645,94,'FF',5,0,4,'Average Time (s)','','',2,19),
 (1531,'0',1451,76,47,645,0,'FF',9,0,4,'Current:','','on',2,20),
 (1532,'0',1433,77,47,1085,13,'CC',7,0,1,'Total Count','','',2,1),
 (1533,'0',1442,77,47,1084,0,'FF',9,0,4,'Current:','','',2,9),
 (1534,'0',1436,77,47,1091,25,'FF',7,0,1,'Elapsed >5s','','',2,5),
 (1535,'0',1443,77,47,1091,0,'FF',9,0,4,'Current:','','',2,6),
 (1536,'0',1435,77,47,1084,8,'FF',7,0,1,'Elapsed >10s','','',2,8),
 (1537,'0',1440,77,47,1089,35,'FF',7,0,1,'Elapsed >30s','','',2,11),
 (1538,'0',1439,77,47,1085,0,'FF',9,0,4,'Current:','','',2,2),
 (1539,'0',1447,77,47,1087,0,'FF',9,0,4,'Current:','','',2,15),
 (1540,'0',1449,77,47,1087,0,'FF',9,0,3,'Max:','','on',2,16),
 (1541,'0',1434,77,47,1088,68,'FF',5,0,4,'Timeouts','','',2,17),
 (1542,'0',1437,77,47,1091,0,'FF',9,0,3,'Max:','','on',2,7),
 (1543,'0',1438,77,47,1084,0,'FF',9,0,3,'Max:','','on',2,10),
 (1544,'0',1444,77,47,1085,0,'FF',9,0,3,'Max:','','on',2,3),
 (1545,'0',1445,77,47,1089,0,'FF',9,0,4,'Current:','','',2,12),
 (1546,'0',1441,77,47,1089,0,'FF',9,0,3,'Max:','','on',2,13),
 (1547,'0',1448,77,47,1087,9,'FF',4,0,1,'Elapsed >60s','','',2,14),
 (1548,'0',1446,77,47,1088,0,'FF',9,0,3,'Max:','','on',2,18),
 (1549,'0',1450,77,47,1086,94,'FF',5,0,4,'Average Time (s)','','',2,19),
 (1550,'0',1451,77,47,1086,0,'FF',9,0,4,'Current:','','on',2,20),
 (1551,'0',1433,78,47,1093,13,'CC',7,0,1,'Total Count','','',2,1),
 (1552,'0',1442,78,47,1092,0,'FF',9,0,4,'Current:','','',2,9),
 (1553,'0',1436,78,47,1099,25,'FF',7,0,1,'Elapsed >5s','','',2,5),
 (1554,'0',1443,78,47,1099,0,'FF',9,0,4,'Current:','','',2,6),
 (1555,'0',1435,78,47,1092,8,'FF',7,0,1,'Elapsed >10s','','',2,8),
 (1556,'0',1440,78,47,1097,35,'FF',7,0,1,'Elapsed >30s','','',2,11),
 (1557,'0',1439,78,47,1093,0,'FF',9,0,4,'Current:','','',2,2),
 (1558,'0',1447,78,47,1095,0,'FF',9,0,4,'Current:','','',2,15),
 (1559,'0',1449,78,47,1095,0,'FF',9,0,3,'Max:','','on',2,16),
 (1560,'0',1434,78,47,1096,68,'FF',5,0,4,'Timeouts','','',2,17),
 (1561,'0',1437,78,47,1099,0,'FF',9,0,3,'Max:','','on',2,7),
 (1562,'0',1438,78,47,1092,0,'FF',9,0,3,'Max:','','on',2,10),
 (1563,'0',1444,78,47,1093,0,'FF',9,0,3,'Max:','','on',2,3),
 (1564,'0',1445,78,47,1097,0,'FF',9,0,4,'Current:','','',2,12),
 (1565,'0',1441,78,47,1097,0,'FF',9,0,3,'Max:','','on',2,13),
 (1566,'0',1448,78,47,1095,9,'FF',4,0,1,'Elapsed >60s','','',2,14),
 (1567,'0',1446,78,47,1096,0,'FF',9,0,3,'Max:','','on',2,18),
 (1568,'0',1450,78,47,1094,94,'FF',5,0,4,'Average Time (s)','','',2,19),
 (1569,'0',1451,78,47,1094,0,'FF',9,0,4,'Current:','','on',2,20),
 (1570,'0',1433,79,47,639,13,'CC',7,0,1,'Total Count','','',2,1),
 (1571,'0',1436,79,47,637,25,'FF',7,0,1,'Elapsed >5s','','',2,5),
 (1572,'0',1438,79,47,638,0,'FF',9,0,3,'Max:','','on',2,10),
 (1573,'0',1443,79,47,637,0,'FF',9,0,4,'Current:','','',2,6),
 (1574,'0',1437,79,47,637,0,'FF',9,0,3,'Max:','','on',2,7),
 (1575,'0',1442,79,47,638,0,'FF',9,0,4,'Current:','','',2,9),
 (1576,'0',1445,79,47,635,0,'FF',9,0,4,'Current:','','',2,12),
 (1577,'0',1439,79,47,639,0,'FF',9,0,4,'Current:','','',2,2),
 (1578,'0',1449,79,47,633,0,'FF',9,0,3,'Max:','','on',2,16),
 (1579,'0',1434,79,47,634,68,'FF',5,0,4,'Timeouts','','',2,17),
 (1580,'0',1446,79,47,634,0,'FF',9,0,3,'Max:','','on',2,18),
 (1581,'0',1435,79,47,638,8,'FF',7,0,1,'Elapsed >10s','','',2,8),
 (1582,'0',1440,79,47,635,35,'FF',7,0,1,'Elapsed >30s','','',2,11),
 (1583,'0',1444,79,47,639,0,'FF',9,0,3,'Max:','','on',2,3),
 (1584,'0',1441,79,47,635,0,'FF',9,0,3,'Max:','','on',2,13),
 (1585,'0',1448,79,47,633,9,'FF',4,0,1,'Elapsed >60s','','',2,14),
 (1586,'0',1447,79,47,633,0,'FF',9,0,4,'Current:','','',2,15),
 (1587,'0',1450,79,47,632,94,'FF',5,0,4,'Average Time (s)','','',2,19),
 (1588,'0',1451,79,47,632,0,'FF',9,0,4,'Current:','','on',2,20),
 (1589,'0',1433,80,47,1106,13,'CC',7,0,1,'Total Count','','',2,1),
 (1590,'0',1442,80,47,1107,0,'FF',9,0,4,'Current:','','',2,9),
 (1591,'0',1436,80,47,1100,25,'FF',7,0,1,'Elapsed >5s','','',2,5),
 (1592,'0',1443,80,47,1100,0,'FF',9,0,4,'Current:','','',2,6),
 (1593,'0',1435,80,47,1107,8,'FF',7,0,1,'Elapsed >10s','','',2,8),
 (1594,'0',1440,80,47,1102,35,'FF',7,0,1,'Elapsed >30s','','',2,11),
 (1595,'0',1439,80,47,1106,0,'FF',9,0,4,'Current:','','',2,2),
 (1596,'0',1447,80,47,1104,0,'FF',9,0,4,'Current:','','',2,15),
 (1597,'0',1449,80,47,1104,0,'FF',9,0,3,'Max:','','on',2,16),
 (1598,'0',1434,80,47,1103,68,'FF',5,0,4,'Timeouts','','',2,17),
 (1599,'0',1437,80,47,1100,0,'FF',9,0,3,'Max:','','on',2,7),
 (1600,'0',1438,80,47,1107,0,'FF',9,0,3,'Max:','','on',2,10),
 (1601,'0',1444,80,47,1106,0,'FF',9,0,3,'Max:','','on',2,3),
 (1602,'0',1445,80,47,1102,0,'FF',9,0,4,'Current:','','',2,12),
 (1603,'0',1441,80,47,1102,0,'FF',9,0,3,'Max:','','on',2,13),
 (1604,'0',1448,80,47,1104,9,'FF',4,0,1,'Elapsed >60s','','',2,14),
 (1605,'0',1446,80,47,1103,0,'FF',9,0,3,'Max:','','on',2,18),
 (1606,'0',1450,80,47,1105,94,'FF',5,0,4,'Average Time (s)','','',2,19),
 (1607,'0',1451,80,47,1105,0,'FF',9,0,4,'Current:','','on',2,20),
 (1608,'0',1433,81,47,628,13,'CC',7,0,1,'Total Count','','',2,1),
 (1609,'0',1442,81,47,627,0,'FF',9,0,4,'Current:','','',2,9),
 (1610,'0',1436,81,47,626,25,'FF',7,0,1,'Elapsed >5s','','',2,5),
 (1611,'0',1443,81,47,626,0,'FF',9,0,4,'Current:','','',2,6),
 (1612,'0',1435,81,47,627,8,'FF',7,0,1,'Elapsed >10s','','',2,8),
 (1613,'0',1438,81,47,627,0,'FF',9,0,3,'Max:','','on',2,10),
 (1614,'0',1439,81,47,628,0,'FF',9,0,4,'Current:','','',2,2),
 (1615,'0',1447,81,47,630,0,'FF',9,0,4,'Current:','','',2,15),
 (1616,'0',1446,81,47,629,0,'FF',9,0,3,'Max:','','on',2,18),
 (1617,'0',1437,81,47,626,0,'FF',9,0,3,'Max:','','on',2,7),
 (1618,'0',1440,81,47,624,35,'FF',7,0,1,'Elapsed >30s','','',2,11),
 (1619,'0',1444,81,47,628,0,'FF',9,0,3,'Max:','','on',2,3),
 (1620,'0',1445,81,47,624,0,'FF',9,0,4,'Current:','','',2,12),
 (1621,'0',1448,81,47,630,9,'FF',4,0,1,'Elapsed >60s','','',2,14),
 (1622,'0',1434,81,47,629,68,'FF',5,0,4,'Timeouts','','',2,17),
 (1623,'0',1441,81,47,624,0,'FF',9,0,3,'Max:','','on',2,13),
 (1624,'0',1449,81,47,630,0,'FF',9,0,3,'Max:','','on',2,16),
 (1625,'0',1450,81,47,631,94,'FF',5,0,4,'Average Time (s)','','',2,19),
 (1626,'0',1451,81,47,631,0,'FF',9,0,4,'Current:','','on',2,20),
 (1685,'0',1225,85,46,711,0,'FF',9,0,3,'Max:','','on',2,18),
 (1686,'0',1385,85,46,714,94,'FF',5,0,4,'Average Time (s)','','',2,19),
 (1687,'0',1391,85,46,714,0,'FF',9,0,4,'Current:','','on',2,20),
 (1688,'0',1196,86,46,721,13,'CC',7,0,1,'Total Count','','',2,1),
 (1689,'0',1200,86,46,723,25,'FF',7,0,1,'Elapsed >10s','','',2,5),
 (1690,'0',1202,86,46,720,0,'FF',9,0,3,'Max:','','on',2,10),
 (1691,'0',1207,86,46,723,0,'FF',9,0,4,'Current:','','',2,6),
 (1692,'0',1201,86,46,723,0,'FF',9,0,3,'Max:','','on',2,7),
 (1693,'0',1206,86,46,720,0,'FF',9,0,4,'Current:','','',2,9),
 (1694,'0',1209,86,46,717,0,'FF',9,0,4,'Current:','','',2,12),
 (1695,'0',1203,86,46,721,0,'FF',9,0,4,'Current:','','',2,2),
 (1696,'0',1205,86,46,717,0,'FF',9,0,3,'Max:','','on',2,13),
 (1697,'0',1374,86,46,718,0,'FF',9,0,4,'Current:','','',2,15),
 (1698,'0',1204,86,46,717,35,'FF',7,0,1,'Elapsed >30s','','',2,11),
 (1699,'0',1198,86,46,720,8,'FF',7,0,1,'Elapsed >15s','','',2,8),
 (1700,'0',1208,86,46,721,0,'FF',9,0,3,'Max:','','on',2,3),
 (1701,'0',1369,86,46,718,9,'FF',7,0,1,'Elapsed >40s','','',2,14),
 (1702,'0',1379,86,46,718,0,'FF',9,0,3,'Max:','','on',2,16),
 (1703,'0',1210,86,46,719,68,'FF',5,0,4,'Timeouts','','',2,17),
 (1704,'0',1225,86,46,719,0,'FF',9,0,3,'Max:','','on',2,18),
 (1705,'0',1385,86,46,722,94,'FF',5,0,4,'Average Time (s)','','',2,19),
 (1706,'0',1391,86,46,722,0,'FF',9,0,4,'Current:','','on',2,20),
 (1707,'8ba06864036ea3721c0860409bc18500',0,0,48,706,8,'FF',7,0,1,'Page Response Time','','',2,1),
 (1708,'3e0024fbd399ca98f90768d2057422e7',0,0,48,706,0,'FF',9,0,4,'Current:','','',2,2),
 (1709,'760e09c5c3bdb88d86ca2bb5fd49be41',0,0,48,706,0,'FF',9,0,3,'Max:','','on',2,3),
 (1713,'0',769,88,41,731,0,'FF',9,0,3,'Max:','','on',2,3),
 (1714,'0',766,88,41,731,0,'FF',9,0,4,'Current:','','',2,2),
 (1715,'0',763,88,41,731,64,'FF',7,0,1,'AWA Response Time','','',2,1),
 (1716,'0',769,89,41,732,0,'FF',9,0,3,'Max:','','on',2,3),
 (1717,'0',766,89,41,732,0,'FF',9,0,4,'Current:','','',2,2),
 (1718,'0',763,89,41,732,64,'FF',7,0,1,'AWA Response Time','','',2,1),
 (1719,'0',769,90,41,733,0,'FF',9,0,3,'Max:','','on',2,3),
 (1720,'0',766,90,41,733,0,'FF',9,0,4,'Current:','','',2,2),
 (1721,'0',763,90,41,733,64,'FF',7,0,1,'AWA Response Time','','',2,1),
 (1734,'',454,91,38,1152,33,'66',6,0,1,'Active Threads','','',2,6),
 (1733,'',533,91,38,1157,0,'FF',9,0,1,'Average:','','on',2,5),
 (1732,'',499,91,38,1157,0,'FF',9,0,4,'Current:','','',3,4),
 (1731,'',497,91,38,1157,92,'FF',7,0,1,'Standby Threads','','',2,3),
 (1730,'',453,91,38,1151,0,'FF',9,0,4,'Current:','','on',3,2),
 (1729,'',451,91,38,1151,64,'7F',7,0,1,'Execute Threads','','',2,1),
 (1735,'',468,91,38,1152,0,'FF',9,0,4,'Current:','','',3,7),
 (1736,'',527,91,38,1152,0,'FF',9,0,1,'Average:','','on',2,8),
 (1737,'',473,91,38,1156,95,'CC',5,0,1,'Idle Threads','','',2,9),
 (1738,'',475,91,38,1156,0,'FF',9,0,4,'Current:','','',3,10),
 (1739,'',530,91,38,1156,0,'FF',9,0,1,'Average:','','on',2,11),
 (1740,'',558,91,38,1154,9,'B2',7,0,1,'Blocked Threads','','',2,12),
 (1741,'',563,91,38,1154,0,'FF',9,0,4,'Current:','','',3,13),
 (1742,'',568,91,38,1154,0,'FF',9,0,1,'Average:','','',2,14),
 (1743,'',750,91,38,1154,33,'FF',9,0,3,'Max:','','on',2,15),
 (1744,'5ccc64089d381c3698e1bb5cc8b7f10c',0,0,49,735,64,'7F',7,0,1,'High Active','','',2,1),
 (1745,'cc6d576a3ed588de81f00335cc01cc48',0,0,49,735,0,'FF',9,0,4,'Current:','','on',3,2),
 (1748,'76dc92bccb763c9f1b21ea3471abf2af',0,0,49,734,0,'FF',9,0,1,'Current:','','',3,4),
 (1749,'b2a891c8e9d1018ac9e30b0cc14616dd',0,0,49,734,64,'FF',7,0,1,'Active Connections','','',2,3),
 (1750,'55f72b1899604b132738dc349c263cfb',0,0,49,856,98,'CC',5,0,1,'Waiting CC','','',2,9),
 (1751,'9e06afda2451fc0fa4337f0c79cf174c',0,0,49,856,0,'FF',9,0,4,'Current:','','',3,10),
 (1753,'4f79b978cbb9acc8b49db144bcfc67db',0,0,49,856,0,'FF',9,0,3,'Max:','','on',2,11),
 (1754,'06fcafb3121c644c98377e28bdc756d0',0,0,49,734,0,'FF',9,0,1,'Average:','','on',2,5),
 (1790,'',766,94,41,775,0,'FF',9,0,4,'Current:','','',2,2),
 (1759,'',1744,92,49,738,64,'7F',7,0,1,'High Active','','',2,1),
 (1760,'',1745,92,49,738,0,'FF',9,0,4,'Current:','','on',3,2),
 (1761,'',1749,92,49,739,64,'FF',7,0,1,'Active Connections','','',2,3),
 (1762,'',1748,92,49,739,0,'FF',9,0,1,'Current:','','',3,4),
 (1763,'',1754,92,49,739,0,'FF',9,0,1,'Average:','','on',2,5),
 (1767,'',1750,92,49,857,98,'CC',5,0,1,'Waiting CC','','',2,9),
 (1768,'',1751,92,49,857,0,'FF',9,0,4,'Current:','','',3,10),
 (1769,'',1753,92,49,857,0,'FF',9,0,3,'Max:','','on',2,11),
 (1774,'',1744,93,49,765,64,'7F',7,0,1,'High Active','','',2,1),
 (1775,'',1745,93,49,765,0,'FF',9,0,4,'Current:','','on',3,2),
 (1776,'',1749,93,49,766,64,'FF',7,0,1,'Active Connections','','',2,3),
 (1777,'',1748,93,49,766,0,'FF',9,0,1,'Current:','','',3,4),
 (1778,'',1754,93,49,766,0,'FF',9,0,1,'Average:','','on',2,5),
 (1782,'',1750,93,49,858,98,'CC',5,0,1,'Waiting CC','','',2,9),
 (1783,'',1751,93,49,858,0,'FF',9,0,4,'Current:','','',3,10),
 (1784,'',1753,93,49,858,0,'FF',9,0,3,'Max:','','on',2,11),
 (1791,'',769,94,41,775,0,'FF',9,0,3,'Max:','','on',2,3),
 (1789,'',763,94,41,775,64,'FF',7,0,1,'AWA Response Time','','',2,1),
 (1792,'0',1433,95,47,789,13,'CC',7,0,1,'Total Count','','',2,1),
 (1793,'0',1442,95,47,788,0,'FF',9,0,4,'Current:','','',2,9),
 (1794,'0',1436,95,47,787,25,'FF',7,0,1,'Elapsed >5s','','',2,5),
 (1795,'0',1443,95,47,787,0,'FF',9,0,4,'Current:','','',2,6),
 (1796,'0',1435,95,47,788,8,'FF',7,0,1,'Elapsed >10s','','',2,8),
 (1797,'0',1440,95,47,791,35,'FF',7,0,1,'Elapsed >30s','','',2,11),
 (1798,'0',1439,95,47,789,0,'FF',9,0,4,'Current:','','',2,2),
 (1799,'0',1447,95,47,792,0,'FF',9,0,4,'Current:','','',2,15),
 (1800,'0',1449,95,47,792,0,'FF',9,0,3,'Max:','','on',2,16),
 (1801,'0',1434,95,47,793,68,'FF',5,0,4,'Timeouts','','',2,17),
 (1802,'0',1437,95,47,787,0,'FF',9,0,3,'Max:','','on',2,7),
 (1803,'0',1438,95,47,788,0,'FF',9,0,3,'Max:','','on',2,10),
 (1804,'0',1444,95,47,789,0,'FF',9,0,3,'Max:','','on',2,3),
 (1805,'0',1445,95,47,791,0,'FF',9,0,4,'Current:','','',2,12),
 (1806,'0',1441,95,47,791,0,'FF',9,0,3,'Max:','','on',2,13),
 (1807,'0',1448,95,47,792,9,'FF',4,0,1,'Elapsed >60s','','',2,14),
 (1808,'0',1446,95,47,793,0,'FF',9,0,3,'Max:','','on',2,18),
 (1809,'0',1450,95,47,790,94,'FF',5,0,4,'Average Time (s)','','',2,19),
 (1810,'0',1451,95,47,790,0,'FF',9,0,4,'Current:','','on',2,20),
 (1811,'0',1433,96,47,797,13,'CC',7,0,1,'Total Count','','',2,1),
 (1812,'0',1442,96,47,798,0,'FF',9,0,4,'Current:','','',2,9),
 (1813,'0',1436,96,47,796,25,'FF',7,0,1,'Elapsed >5s','','',2,5),
 (1814,'0',1443,96,47,796,0,'FF',9,0,4,'Current:','','',2,6),
 (1815,'0',1435,96,47,798,8,'FF',7,0,1,'Elapsed >10s','','',2,8),
 (1816,'0',1440,96,47,794,35,'FF',7,0,1,'Elapsed >30s','','',2,11),
 (1817,'0',1439,96,47,797,0,'FF',9,0,4,'Current:','','',2,2),
 (1818,'0',1447,96,47,801,0,'FF',9,0,4,'Current:','','',2,15),
 (1819,'0',1449,96,47,801,0,'FF',9,0,3,'Max:','','on',2,16),
 (1820,'0',1434,96,47,800,68,'FF',5,0,4,'Timeouts','','',2,17),
 (1821,'0',1437,96,47,796,0,'FF',9,0,3,'Max:','','on',2,7),
 (1822,'0',1438,96,47,798,0,'FF',9,0,3,'Max:','','on',2,10),
 (1823,'0',1444,96,47,797,0,'FF',9,0,3,'Max:','','on',2,3),
 (1824,'0',1445,96,47,794,0,'FF',9,0,4,'Current:','','',2,12),
 (1825,'0',1441,96,47,794,0,'FF',9,0,3,'Max:','','on',2,13),
 (1826,'0',1448,96,47,801,9,'FF',4,0,1,'Elapsed >60s','','',2,14),
 (1827,'0',1446,96,47,800,0,'FF',9,0,3,'Max:','','on',2,18),
 (1828,'0',1450,96,47,799,94,'FF',5,0,4,'Average Time (s)','','',2,19),
 (1829,'0',1451,96,47,799,0,'FF',9,0,4,'Current:','','on',2,20),
 (1830,'0',1433,97,47,806,13,'CC',7,0,1,'Total Count','','',2,1),
 (1831,'0',1442,97,47,805,0,'FF',9,0,4,'Current:','','',2,9),
 (1832,'0',1436,97,47,804,25,'FF',7,0,1,'Elapsed >5s','','',2,5),
 (1833,'0',1443,97,47,804,0,'FF',9,0,4,'Current:','','',2,6),
 (1834,'0',1435,97,47,805,8,'FF',7,0,1,'Elapsed >10s','','',2,8),
 (1835,'0',1438,97,47,805,0,'FF',9,0,3,'Max:','','on',2,10),
 (1836,'0',1439,97,47,806,0,'FF',9,0,4,'Current:','','',2,2),
 (1837,'0',1447,97,47,808,0,'FF',9,0,4,'Current:','','',2,15),
 (1838,'0',1446,97,47,807,0,'FF',9,0,3,'Max:','','on',2,18),
 (1839,'0',1437,97,47,804,0,'FF',9,0,3,'Max:','','on',2,7),
 (1840,'0',1440,97,47,802,35,'FF',7,0,1,'Elapsed >30s','','',2,11),
 (1841,'0',1444,97,47,806,0,'FF',9,0,3,'Max:','','on',2,3),
 (1842,'0',1445,97,47,802,0,'FF',9,0,4,'Current:','','',2,12),
 (1843,'0',1448,97,47,808,9,'FF',4,0,1,'Elapsed >60s','','',2,14),
 (1844,'0',1434,97,47,807,68,'FF',5,0,4,'Timeouts','','',2,17),
 (1845,'0',1441,97,47,802,0,'FF',9,0,3,'Max:','','on',2,13),
 (1846,'0',1449,97,47,808,0,'FF',9,0,3,'Max:','','on',2,16),
 (1847,'0',1450,97,47,809,94,'FF',5,0,4,'Average Time (s)','','',2,19),
 (1848,'0',1451,97,47,809,0,'FF',9,0,4,'Current:','','on',2,20),
 (1849,'0',1433,98,47,812,13,'CC',7,0,1,'Total Count','','',2,1),
 (1850,'0',1442,98,47,813,0,'FF',9,0,4,'Current:','','',2,9),
 (1851,'0',1436,98,47,814,25,'FF',7,0,1,'Elapsed >5s','','',2,5),
 (1852,'0',1443,98,47,814,0,'FF',9,0,4,'Current:','','',2,6),
 (1853,'0',1435,98,47,813,8,'FF',7,0,1,'Elapsed >10s','','',2,8),
 (1854,'0',1440,98,47,810,35,'FF',7,0,1,'Elapsed >30s','','',2,11),
 (1855,'0',1439,98,47,812,0,'FF',9,0,4,'Current:','','',2,2),
 (1856,'0',1447,98,47,816,0,'FF',9,0,4,'Current:','','',2,15),
 (1857,'0',1449,98,47,816,0,'FF',9,0,3,'Max:','','on',2,16),
 (1858,'0',1434,98,47,817,68,'FF',5,0,4,'Timeouts','','',2,17),
 (1859,'0',1437,98,47,814,0,'FF',9,0,3,'Max:','','on',2,7),
 (1860,'0',1438,98,47,813,0,'FF',9,0,3,'Max:','','on',2,10),
 (1861,'0',1444,98,47,812,0,'FF',9,0,3,'Max:','','on',2,3),
 (1862,'0',1445,98,47,810,0,'FF',9,0,4,'Current:','','',2,12),
 (1863,'0',1441,98,47,810,0,'FF',9,0,3,'Max:','','on',2,13),
 (1864,'0',1448,98,47,816,9,'FF',4,0,1,'Elapsed >60s','','',2,14),
 (1865,'0',1446,98,47,817,0,'FF',9,0,3,'Max:','','on',2,18),
 (1866,'0',1450,98,47,811,94,'FF',5,0,4,'Average Time (s)','','',2,19),
 (1867,'0',1451,98,47,811,0,'FF',9,0,4,'Current:','','on',2,20),
 (1868,'0',1208,99,46,821,0,'FF',9,0,3,'Max:','','on',2,3),
 (1869,'0',1203,99,46,821,0,'FF',9,0,4,'Current:','','',2,2),
 (1870,'0',1196,99,46,821,13,'CC',7,0,1,'Total Count','','',2,1),
 (1871,'0',1200,99,46,819,25,'FF',7,0,1,'Elapsed >10s','','',2,5),
 (1872,'0',1207,99,46,819,0,'FF',9,0,4,'Current:','','',2,6),
 (1873,'0',1201,99,46,819,0,'FF',9,0,3,'Max:','','on',2,7),
 (1874,'0',1198,99,46,822,8,'FF',7,0,1,'Elapsed >15s','','',2,8),
 (1875,'0',1206,99,46,822,0,'FF',9,0,4,'Current:','','',2,9),
 (1876,'0',1202,99,46,822,0,'FF',9,0,3,'Max:','','on',2,10),
 (1877,'0',1204,99,46,825,35,'FF',7,0,1,'Elapsed >30s','','',2,11),
 (1878,'0',1209,99,46,825,0,'FF',9,0,4,'Current:','','',2,12),
 (1879,'0',1205,99,46,825,0,'FF',9,0,3,'Max:','','on',2,13),
 (1880,'0',1369,99,46,824,9,'FF',7,0,1,'Elapsed >40s','','',2,14),
 (1881,'0',1374,99,46,824,0,'FF',9,0,4,'Current:','','',2,15),
 (1882,'0',1379,99,46,824,0,'FF',9,0,3,'Max:','','on',2,16),
 (1883,'0',1210,99,46,823,68,'FF',5,0,4,'Timeouts','','',2,17),
 (1884,'0',1225,99,46,823,0,'FF',9,0,3,'Max:','','on',2,18),
 (1885,'0',1385,99,46,820,94,'FF',5,0,4,'Average Time (s)','','',2,19),
 (1886,'0',1391,99,46,820,0,'FF',9,0,4,'Current:','','on',2,20),
 (1887,'0',1744,100,49,783,64,'7F',7,0,1,'High Active','','',2,1),
 (1888,'0',1745,100,49,783,0,'FF',9,0,4,'Current:','','on',3,2),
 (1889,'0',1749,100,49,782,64,'FF',7,0,1,'Active Connections','','',2,3),
 (1890,'0',1748,100,49,782,0,'FF',9,0,1,'Current:','','',3,4),
 (1891,'0',1754,100,49,782,0,'FF',9,0,1,'Average:','','on',2,5),
 (1892,'0',1750,100,49,859,98,'CC',5,0,1,'Waiting CC','','',2,9),
 (1893,'0',1751,100,49,859,0,'FF',9,0,4,'Current:','','',3,10),
 (1894,'0',1753,100,49,859,0,'FF',9,0,3,'Max:','','on',2,11),
 (1895,'0',1744,101,49,833,64,'7F',7,0,1,'High Active','','',2,1),
 (1896,'0',1745,101,49,833,0,'FF',9,0,4,'Current:','','on',3,2),
 (1897,'0',1749,101,49,832,64,'FF',7,0,1,'Active Connections','','',2,3),
 (1898,'0',1748,101,49,832,0,'FF',9,0,1,'Current:','','',3,4),
 (1899,'0',1754,101,49,832,0,'FF',9,0,1,'Average:','','on',2,5),
 (1900,'0',1750,101,49,860,98,'CC',5,0,1,'Waiting CC','','',2,9),
 (1901,'0',1751,101,49,860,0,'FF',9,0,4,'Current:','','',3,10),
 (1902,'0',1753,101,49,860,0,'FF',9,0,3,'Max:','','on',2,11),
 (1903,'0',1744,102,49,843,64,'7F',7,0,1,'High Active','','',2,1),
 (1904,'0',1745,102,49,843,0,'FF',9,0,4,'Current:','','on',3,2),
 (1905,'0',1749,102,49,842,64,'FF',7,0,1,'Active Connections','','',2,3),
 (1906,'0',1748,102,49,842,0,'FF',9,0,1,'Current:','','',3,4),
 (1907,'0',1754,102,49,842,0,'FF',9,0,1,'Average:','','on',2,5),
 (1908,'0',1750,102,49,861,98,'CC',5,0,1,'Waiting CC','','',2,9),
 (1909,'0',1751,102,49,861,0,'FF',9,0,4,'Current:','','',3,10),
 (1910,'0',1753,102,49,861,0,'FF',9,0,3,'Max:','','on',2,11),
 (1911,'0',1744,103,49,853,64,'7F',7,0,1,'High Active','','',2,1),
 (1912,'0',1745,103,49,853,0,'FF',9,0,4,'Current:','','on',3,2),
 (1913,'0',1749,103,49,852,64,'FF',7,0,1,'Active Connections','','',2,3),
 (1914,'0',1748,103,49,852,0,'FF',9,0,1,'Current:','','',3,4),
 (1915,'0',1754,103,49,852,0,'FF',9,0,1,'Average:','','on',2,5),
 (1916,'0',1750,103,49,862,98,'CC',5,0,1,'Waiting CC','','',2,9),
 (1917,'0',1751,103,49,862,0,'FF',9,0,4,'Current:','','',3,10),
 (1918,'0',1753,103,49,862,0,'FF',9,0,3,'Max:','','on',2,11),
 (1919,'a88eb7c125989fd71c358c873a322415',0,0,49,863,41,'FF',4,0,3,'Waiting HC','','',2,12),
 (1920,'',1919,92,49,864,41,'FF',4,0,3,'Waiting HC','','',2,12),
 (1921,'',1919,93,49,865,41,'FF',4,0,3,'Waiting HC','','',2,12),
 (1922,'',1919,100,49,866,41,'FF',4,0,3,'Waiting HC','','',2,12),
 (1923,'',1919,101,49,867,41,'FF',4,0,3,'Waiting HC','','',2,12),
 (1924,'',1919,102,49,868,41,'FF',4,0,3,'Waiting HC','','',2,12),
 (1925,'',1919,103,49,869,41,'FF',4,0,3,'Waiting HC','','',2,12),
 (1926,'fb1f938ad136f2c917374f3e6081c580',0,0,49,863,0,'FF',9,0,4,'Max:','','on',2,13),
 (1927,'',1926,92,49,864,0,'FF',9,0,4,'Max:','','on',2,13),
 (1928,'',1926,93,49,865,0,'FF',9,0,4,'Max:','','on',2,13),
 (1929,'',1926,100,49,866,0,'FF',9,0,4,'Max:','','on',2,13),
 (1930,'',1926,101,49,867,0,'FF',9,0,4,'Max:','','on',2,13),
 (1931,'',1926,102,49,868,0,'FF',9,0,4,'Max:','','on',2,13),
 (1932,'',1926,103,49,869,0,'FF',9,0,4,'Max:','','on',2,13),
 (1933,'0',1744,104,49,877,64,'7F',7,0,1,'High Active','','',2,1),
 (1934,'0',1745,104,49,877,0,'FF',9,0,4,'Current:','','on',3,2),
 (1935,'0',1749,104,49,876,64,'FF',7,0,1,'Active Connections','','',2,3),
 (1936,'0',1748,104,49,876,0,'FF',9,0,1,'Current:','','',3,4),
 (1937,'0',1754,104,49,876,0,'FF',9,0,1,'Average:','','on',2,5),
 (1938,'0',1750,104,49,880,98,'CC',5,0,1,'Waiting CC','','',2,9),
 (1939,'0',1751,104,49,880,0,'FF',9,0,4,'Current:','','',3,10),
 (1940,'0',1753,104,49,880,0,'FF',9,0,3,'Max:','','on',2,11),
 (1941,'0',1919,104,49,881,41,'FF',4,0,3,'Waiting HC','','',2,12),
 (1942,'0',1926,104,49,881,0,'FF',9,0,4,'Max:','','on',2,13),
 (1943,'0',1744,105,49,889,64,'7F',7,0,1,'High Active','','',2,1),
 (1944,'0',1745,105,49,889,0,'FF',9,0,4,'Current:','','on',3,2),
 (1945,'0',1749,105,49,888,64,'FF',7,0,1,'Active Connections','','',2,3),
 (1946,'0',1748,105,49,888,0,'FF',9,0,1,'Current:','','',3,4),
 (1947,'0',1754,105,49,888,0,'FF',9,0,1,'Average:','','on',2,5),
 (1948,'0',1750,105,49,892,98,'CC',5,0,1,'Waiting CC','','',2,9),
 (1949,'0',1751,105,49,892,0,'FF',9,0,4,'Current:','','',3,10),
 (1950,'0',1753,105,49,892,0,'FF',9,0,3,'Max:','','on',2,11),
 (1951,'0',1919,105,49,893,41,'FF',4,0,3,'Waiting HC','','',2,12),
 (1952,'0',1926,105,49,893,0,'FF',9,0,4,'Max:','','on',2,13),
 (1960,'0cbda5a90f5da081315364494f12e43f',0,0,50,992,97,'FF',7,0,1,'Established','','',2,1),
 (1961,'48a3bf3b1b5b9ddd4df8e0df4bedbcef',0,0,50,992,0,'FF',9,0,4,'Current:','','on',4,2),
 (1962,'9b93b4e62ae7e72ecc5f1eca04db3009',0,0,50,991,95,'FF',8,0,1,'Closing','','',2,3),
 (1963,'e156ad97bc568076306e48a0d5b20717',0,0,50,991,0,'FF',9,0,4,'Current:','','on',4,4),
 (1964,'82d6f79b612e9252f0ec7da0c4f00cde',0,0,50,993,26,'FF',8,0,1,'Time Wait','','',2,5),
 (1965,'43835d811836784f592272167089c39d',0,0,50,993,0,'FF',9,0,4,'Current:','','on',4,6),
 (1966,'ec5caf891c9139b8d80394919e964240',0,0,50,990,1,'FF',4,12,1,'Listen','','',2,7),
 (1974,'',1960,108,50,1011,97,'FF',7,0,1,'Established','','',2,1),
 (1975,'',1961,108,50,1011,0,'FF',9,0,4,'Current:','','on',4,2),
 (1976,'',1962,108,50,1012,95,'FF',8,0,1,'Closing','','',2,3),
 (1977,'',1963,108,50,1012,0,'FF',9,0,4,'Current:','','on',4,4),
 (1978,'',1964,108,50,1010,26,'FF',8,0,1,'Time Wait','','',2,5),
 (1979,'',1965,108,50,1010,0,'FF',9,0,4,'Current:','','on',4,6),
 (1980,'',1966,108,50,1013,1,'FF',4,12,1,'Listen','','',2,7),
 (1981,'',1960,109,50,1004,97,'FF',7,0,1,'Established','','',2,1),
 (1982,'',1961,109,50,1004,0,'FF',9,0,4,'Current:','','on',4,2),
 (1983,'',1962,109,50,1003,95,'FF',8,0,1,'Closing','','',2,3),
 (1984,'',1963,109,50,1003,0,'FF',9,0,4,'Current:','','on',4,4),
 (1985,'',1964,109,50,1005,26,'FF',8,0,1,'Time Wait','','',2,5),
 (1986,'',1965,109,50,1005,0,'FF',9,0,4,'Current:','','on',4,6),
 (1987,'',1966,109,50,1002,1,'FF',4,12,1,'Listen','','',2,7),
 (1988,'4ca72174c95a1597ad5fba9186ccbc59',0,0,50,990,0,'FF',9,0,4,'Current:','','on',2,8),
 (1989,'',1988,108,50,1013,0,'FF',9,0,4,'Current:','','on',2,8),
 (1990,'',1988,109,50,1002,0,'FF',9,0,4,'Current:','','on',2,8),
 (1994,'',1991,63,44,1015,9,'FF',7,0,1,'HTTP 500','','',2,16),
 (1995,'627ad0ecdc2bcf5fd19407adb62cc477',0,0,44,1014,0,'FF',9,0,4,'Current:','','',2,17),
 (1996,'',1995,82,44,1017,0,'FF',9,0,4,'Current:','','',2,17),
 (1997,'',1995,53,44,0,0,'FF',9,0,4,'Current:','','',2,17),
 (1998,'',1995,63,44,1015,0,'FF',9,0,4,'Current:','','',2,17),
 (1999,'5dccbe92a8e19a9bf7a9441d5db947d3',0,0,44,1014,0,'FF',9,0,3,'Max:','','on',2,18),
 (2000,'',1999,82,44,1017,0,'FF',9,0,3,'Max:','','on',2,18),
 (2001,'',1999,53,44,0,0,'FF',9,0,3,'Max:','','on',2,18),
 (2002,'',1999,63,44,1015,0,'FF',9,0,3,'Max:','','on',2,18),
 (2003,'0',1047,110,44,1018,0,'FF',9,0,3,'Max:','','',2,3),
 (2004,'0',976,110,44,1018,0,'FF',9,0,4,'Current:','','on',2,5),
 (2005,'0',973,110,44,1018,13,'CC',4,0,1,'Total Count','','',2,1),
 (2006,'0',977,110,44,1020,12,'99',4,0,1,'HTTP 302','','',2,7),
 (2007,'0',984,110,44,1020,0,'FF',9,0,4,'Current:','','',2,8),
 (2008,'0',978,110,44,1020,0,'FF',9,0,3,'Max:','','on',2,9),
 (2009,'0',975,110,44,1021,31,'B2',4,0,1,'HTTP 403','','',2,10),
 (2010,'0',983,110,44,1021,0,'FF',9,0,4,'Current:','','',2,11),
 (2011,'0',979,110,44,1021,0,'FF',9,0,3,'Max:','','on',2,12),
 (2012,'0',981,110,44,1022,66,'CC',4,0,1,'HTTP 404','','',2,13),
 (2013,'0',1051,110,44,1022,0,'FF',9,0,4,'Current:','','',2,14),
 (2014,'0',982,110,44,1022,0,'FF',9,0,3,'Max:','','on',2,15),
 (2015,'0',1991,110,44,1023,9,'FF',7,0,1,'HTTP 500','','',2,16),
 (2016,'0',1995,110,44,1023,0,'FF',9,0,4,'Current:','','',2,17),
 (2017,'0',1999,110,44,1023,0,'FF',9,0,3,'Max:','','on',2,18),
 (2018,'0',1047,111,44,1024,0,'FF',9,0,3,'Max:','','',2,3),
 (2019,'0',976,111,44,1024,0,'FF',9,0,4,'Current:','','on',2,5),
 (2020,'0',973,111,44,1024,13,'CC',4,0,1,'Total Count','','',2,1),
 (2021,'0',977,111,44,1026,12,'99',4,0,1,'HTTP 302','','',2,7),
 (2022,'0',984,111,44,1026,0,'FF',9,0,4,'Current:','','',2,8),
 (2023,'0',978,111,44,1026,0,'FF',9,0,3,'Max:','','on',2,9),
 (2024,'0',975,111,44,1027,31,'B2',4,0,1,'HTTP 403','','',2,10),
 (2025,'0',983,111,44,1027,0,'FF',9,0,4,'Current:','','',2,11),
 (2026,'0',979,111,44,1027,0,'FF',9,0,3,'Max:','','on',2,12),
 (2027,'0',981,111,44,1028,66,'CC',4,0,1,'HTTP 404','','',2,13),
 (2028,'0',1051,111,44,1028,0,'FF',9,0,4,'Current:','','',2,14),
 (2029,'0',982,111,44,1028,0,'FF',9,0,3,'Max:','','on',2,15),
 (2030,'0',1991,111,44,1029,9,'FF',7,0,1,'HTTP 500','','',2,16),
 (2031,'0',1995,111,44,1029,0,'FF',9,0,4,'Current:','','',2,17),
 (2032,'0',1999,111,44,1029,0,'FF',9,0,3,'Max:','','on',2,18),
 (2033,'0',1047,112,44,1030,0,'FF',9,0,3,'Max:','','',2,3),
 (2034,'0',976,112,44,1030,0,'FF',9,0,4,'Current:','','on',2,5),
 (2035,'0',973,112,44,1030,13,'CC',4,0,1,'Total Count','','',2,1),
 (2036,'0',977,112,44,1032,12,'99',4,0,1,'HTTP 302','','',2,7),
 (2037,'0',984,112,44,1032,0,'FF',9,0,4,'Current:','','',2,8),
 (2038,'0',978,112,44,1032,0,'FF',9,0,3,'Max:','','on',2,9),
 (2039,'0',975,112,44,1033,31,'B2',4,0,1,'HTTP 403','','',2,10),
 (2040,'0',983,112,44,1033,0,'FF',9,0,4,'Current:','','',2,11),
 (2041,'0',979,112,44,1033,0,'FF',9,0,3,'Max:','','on',2,12),
 (2042,'0',981,112,44,1034,66,'CC',4,0,1,'HTTP 404','','',2,13),
 (2043,'0',1051,112,44,1034,0,'FF',9,0,4,'Current:','','',2,14),
 (2044,'0',982,112,44,1034,0,'FF',9,0,3,'Max:','','on',2,15),
 (2045,'0',1991,112,44,1035,9,'FF',7,0,1,'HTTP 500','','',2,16),
 (2046,'0',1995,112,44,1035,0,'FF',9,0,4,'Current:','','',2,17),
 (2047,'0',1999,112,44,1035,0,'FF',9,0,3,'Max:','','on',2,18),
 (2048,'0',1433,113,47,1039,13,'CC',7,0,1,'Total Count','','',2,1),
 (2049,'0',1436,113,47,1038,25,'FF',7,0,1,'Elapsed >5s','','',2,5),
 (2050,'0',1438,113,47,1040,0,'FF',9,0,3,'Max:','','on',2,10),
 (2051,'0',1443,113,47,1038,0,'FF',9,0,4,'Current:','','',2,6),
 (2052,'0',1437,113,47,1038,0,'FF',9,0,3,'Max:','','on',2,7),
 (2053,'0',1442,113,47,1040,0,'FF',9,0,4,'Current:','','',2,9),
 (2054,'0',1445,113,47,1036,0,'FF',9,0,4,'Current:','','',2,12),
 (2055,'0',1439,113,47,1039,0,'FF',9,0,4,'Current:','','',2,2),
 (2056,'0',1449,113,47,1043,0,'FF',9,0,3,'Max:','','on',2,16),
 (2057,'0',1434,113,47,1042,68,'FF',5,0,4,'Timeouts','','',2,17),
 (2058,'0',1446,113,47,1042,0,'FF',9,0,3,'Max:','','on',2,18),
 (2059,'0',1435,113,47,1040,8,'FF',7,0,1,'Elapsed >10s','','',2,8),
 (2060,'0',1440,113,47,1036,35,'FF',7,0,1,'Elapsed >30s','','',2,11),
 (2061,'0',1444,113,47,1039,0,'FF',9,0,3,'Max:','','on',2,3),
 (2062,'0',1441,113,47,1036,0,'FF',9,0,3,'Max:','','on',2,13),
 (2063,'0',1448,113,47,1043,9,'FF',4,0,1,'Elapsed >60s','','',2,14),
 (2064,'0',1447,113,47,1043,0,'FF',9,0,4,'Current:','','',2,15),
 (2065,'0',1450,113,47,1041,94,'FF',5,0,4,'Average Time (s)','','',2,19),
 (2066,'0',1451,113,47,1041,0,'FF',9,0,4,'Current:','','on',2,20),
 (2067,'06836c5b1650e68b4de17644930496c5',0,0,51,554,13,'FF',4,0,1,'Total 404 Apache03','','',2,1),
 (2068,'b92e0c00da5f8659da1ad4cc9f696499',0,0,51,554,10,'B2',5,0,1,'Total 404 Apache04','','',2,3),
 (2118,'',1435,116,47,578,8,'FF',7,0,1,'Elapsed >10s','','',2,8),
 (2070,'29c708c4e45ba31d4e6a2a9b106a7563',0,0,51,554,0,'FF',9,0,4,'Current:','','on',2,4),
 (2071,'a4aaef5e1644a8e32fc818ee3272f99a',0,0,51,1014,30,'FF',4,0,1,'Total 500 Apache03','','',2,5),
 (2072,'e4ac3c2113768f52be6de102ffd7b8e3',0,0,51,1014,0,'FF',9,0,3,'Max:','','on',2,7),
 (2113,'',1439,116,47,577,0,'FF',9,0,4,'Current:','','',2,2),
 (2074,'b867b9022643539241dda941438a80bc',0,0,51,554,0,'FF',9,0,4,'Current:','','on',2,2),
 (2075,'d1ba656460afe46e6e236d9444c4755c',0,0,51,1014,40,'CC',4,0,1,'Total 500 Apache04','','',2,8),
 (2076,'b7b8a08e86ac476e5759f4c616132d9a',0,0,51,1014,0,'FF',9,0,3,'Max:','','on',2,10),
 (2116,'',1443,116,47,579,0,'FF',9,0,4,'Current:','','',2,6),
 (2078,'227f73f7cb6aed1b388ddaa19f614906',0,0,51,1014,0,'FF',9,0,4,'Current:','','',2,6),
 (2079,'adfe7bdcd4a86456b424ca6dbc95fa20',0,0,51,1014,0,'FF',9,0,4,'Current:','','',2,9),
 (2114,'',1444,116,47,577,0,'FF',9,0,3,'Max:','','on',2,3),
 (2115,'',1436,116,47,579,25,'FF',7,0,1,'Elapsed >5s','','',2,5),
 (2108,'',2076,115,51,1035,0,'FF',9,0,3,'Max:','','on',2,10),
 (2117,'',1437,116,47,579,0,'FF',9,0,3,'Max:','','on',2,7),
 (2107,'',2079,115,51,1035,0,'FF',9,0,4,'Current:','','',2,9),
 (2106,'',2075,115,51,1035,40,'CC',4,0,1,'Total 500 Apache04','','',2,8),
 (2105,'',2072,115,51,1029,0,'FF',9,0,3,'Max:','','on',2,7),
 (2104,'',2078,115,51,1029,0,'FF',9,0,4,'Current:','','',2,6),
 (2103,'',2071,115,51,1029,30,'FF',4,0,1,'Total 500 Apache03','','',2,5),
 (2102,'',2070,115,51,1034,0,'FF',9,0,4,'Current:','','on',2,4),
 (2101,'',2068,115,51,1034,10,'B2',5,0,1,'Total 404 Apache04','','',2,3),
 (2100,'',2074,115,51,1028,0,'FF',9,0,4,'Current:','','on',2,2),
 (2099,'',2067,115,51,1028,13,'FF',4,0,1,'Total 404 Apache03','','',2,1),
 (2112,'',1433,116,47,577,13,'CC',7,0,1,'Total Count','','',2,1),
 (2119,'',1442,116,47,578,0,'FF',9,0,4,'Current:','','',2,9),
 (2120,'',1438,116,47,578,0,'FF',9,0,3,'Max:','','on',2,10),
 (2121,'',1440,116,47,581,35,'FF',7,0,1,'Elapsed >30s','','',2,11),
 (2122,'',1445,116,47,581,0,'FF',9,0,4,'Current:','','',2,12),
 (2123,'',1441,116,47,581,0,'FF',9,0,3,'Max:','','on',2,13),
 (2124,'',1448,116,47,582,9,'FF',4,0,1,'Elapsed >60s','','',2,14),
 (2125,'',1447,116,47,582,0,'FF',9,0,4,'Current:','','',2,15),
 (2126,'',1449,116,47,582,0,'FF',9,0,3,'Max:','','on',2,16),
 (2127,'',1434,116,47,583,68,'FF',5,0,4,'Timeouts','','',2,17),
 (2128,'',1446,116,47,583,0,'FF',9,0,3,'Max:','','on',2,18),
 (2129,'',1450,116,47,576,94,'FF',5,0,4,'Average Time (s)','','',2,19),
 (2130,'',1451,116,47,576,0,'FF',9,0,4,'Current:','','on',2,20),
 (2131,'0',2150,117,52,1053,13,'CC',7,0,1,'Total Count','','',2,1),
 (2170,'0',1433,118,47,619,13,'CC',7,0,1,'Total Count','','',2,1),
 (2133,'0',2151,117,52,1059,1,'FF',4,0,4,'Timeouts','','',2,17),
 (2134,'0',2169,117,52,1059,0,'FF',9,0,4,'Current:','','',2,18),
 (2173,'0',1443,118,47,621,0,'FF',9,0,4,'Current:','','',2,6),
 (2174,'0',1437,118,47,621,0,'FF',9,0,3,'Max:','','on',2,7),
 (2137,'0',2156,117,52,1053,0,'FF',9,0,4,'Current:','','',2,2),
 (2178,'0',1449,118,47,618,0,'FF',9,0,3,'Max:','','on',2,16),
 (2139,'0',2163,117,52,1059,0,'FF',9,0,3,'Max:','','on',2,19),
 (2184,'0',1441,118,47,623,0,'FF',9,0,3,'Max:','','on',2,13),
 (2141,'0',2161,117,52,1053,0,'FF',9,0,3,'Max:','','on',2,3),
 (2183,'0',1444,118,47,619,0,'FF',9,0,3,'Max:','','on',2,3),
 (2182,'0',1440,118,47,623,35,'FF',7,0,1,'Elapsed >30s','','',2,11),
 (2179,'0',1434,118,47,617,68,'FF',5,0,4,'Timeouts','','',2,17),
 (2180,'0',1446,118,47,617,0,'FF',9,0,3,'Max:','','on',2,18),
 (2181,'0',1435,118,47,622,8,'FF',7,0,1,'Elapsed >10s','','',2,8),
 (2177,'0',1439,118,47,619,0,'FF',9,0,4,'Current:','','',2,2),
 (2176,'0',1445,118,47,623,0,'FF',9,0,4,'Current:','','',2,12),
 (2150,'ba623292c0a5e4d1d71abcb9cda165e7',0,0,52,450,13,'CC',7,0,1,'Total Count','','',2,1),
 (2151,'aa3c9f400942c730e6b1254b315fdc3f',0,0,52,484,1,'FF',4,0,4,'Timeouts','','',2,17),
 (2191,'0',1436,119,47,1110,25,'FF',7,0,1,'Elapsed >5s','','',2,5),
 (2192,'0',1443,119,47,1110,0,'FF',9,0,4,'Current:','','',2,6),
 (2193,'0',1435,119,47,1111,8,'FF',7,0,1,'Elapsed >10s','','',2,8),
 (2190,'0',1442,119,47,1111,0,'FF',9,0,4,'Current:','','',2,9),
 (2156,'d76ec01d2703859ac079c7966f5b8e14',0,0,52,450,0,'FF',9,0,4,'Current:','','',2,2),
 (2189,'0',1433,119,47,1108,13,'CC',7,0,1,'Total Count','','',2,1),
 (2185,'0',1448,118,47,618,9,'FF',4,0,1,'Elapsed >60s','','',2,14),
 (2186,'0',1447,118,47,618,0,'FF',9,0,4,'Current:','','',2,15),
 (2187,'0',1450,118,47,616,94,'FF',5,0,4,'Average Time (s)','','',2,19),
 (2161,'19717c12412d0c2c72a1e23df1853186',0,0,52,450,0,'FF',9,0,3,'Max:','','on',2,3),
 (2188,'0',1451,118,47,616,0,'FF',9,0,4,'Current:','','on',2,20),
 (2163,'bde7d0c87de72511298e8515ef89fc2d',0,0,52,484,0,'FF',9,0,3,'Max:','','on',2,19),
 (2172,'0',1438,118,47,622,0,'FF',9,0,3,'Max:','','on',2,10),
 (2169,'aa0f5afc48666ea8204255e3e4478325',0,0,52,484,0,'FF',9,0,4,'Current:','','',2,18),
 (2175,'0',1442,118,47,622,0,'FF',9,0,4,'Current:','','',2,9),
 (2171,'0',1436,118,47,621,25,'FF',7,0,1,'Elapsed >5s','','',2,5),
 (2194,'0',1440,119,47,1112,35,'FF',7,0,1,'Elapsed >30s','','',2,11),
 (2195,'0',1439,119,47,1108,0,'FF',9,0,4,'Current:','','',2,2),
 (2196,'0',1447,119,47,1115,0,'FF',9,0,4,'Current:','','',2,15),
 (2197,'0',1449,119,47,1115,0,'FF',9,0,3,'Max:','','on',2,16),
 (2198,'0',1434,119,47,1114,68,'FF',5,0,4,'Timeouts','','',2,17),
 (2199,'0',1437,119,47,1110,0,'FF',9,0,3,'Max:','','on',2,7),
 (2200,'0',1438,119,47,1111,0,'FF',9,0,3,'Max:','','on',2,10),
 (2201,'0',1444,119,47,1108,0,'FF',9,0,3,'Max:','','on',2,3),
 (2202,'0',1445,119,47,1112,0,'FF',9,0,4,'Current:','','',2,12),
 (2203,'0',1441,119,47,1112,0,'FF',9,0,3,'Max:','','on',2,13),
 (2204,'0',1448,119,47,1115,9,'FF',4,0,1,'Elapsed >60s','','',2,14),
 (2205,'0',1446,119,47,1114,0,'FF',9,0,3,'Max:','','on',2,18),
 (2206,'0',1450,119,47,1113,94,'FF',5,0,4,'Average Time (s)','','',2,19),
 (2207,'0',1451,119,47,1113,0,'FF',9,0,4,'Current:','','on',2,20),
 (2208,'0',1433,120,47,601,13,'CC',7,0,1,'Total Count','','',2,1),
 (2209,'0',1442,120,47,602,0,'FF',9,0,4,'Current:','','',2,9),
 (2210,'0',1436,120,47,603,25,'FF',7,0,1,'Elapsed >5s','','',2,5),
 (2211,'0',1443,120,47,603,0,'FF',9,0,4,'Current:','','',2,6),
 (2212,'0',1435,120,47,602,8,'FF',7,0,1,'Elapsed >10s','','',2,8),
 (2213,'0',1438,120,47,602,0,'FF',9,0,3,'Max:','','on',2,10),
 (2214,'0',1439,120,47,601,0,'FF',9,0,4,'Current:','','',2,2),
 (2215,'0',1447,120,47,606,0,'FF',9,0,4,'Current:','','',2,15),
 (2216,'0',1446,120,47,607,0,'FF',9,0,3,'Max:','','on',2,18),
 (2217,'0',1437,120,47,603,0,'FF',9,0,3,'Max:','','on',2,7),
 (2218,'0',1440,120,47,605,35,'FF',7,0,1,'Elapsed >30s','','',2,11),
 (2219,'0',1444,120,47,601,0,'FF',9,0,3,'Max:','','on',2,3),
 (2220,'0',1445,120,47,605,0,'FF',9,0,4,'Current:','','',2,12),
 (2221,'0',1448,120,47,606,9,'FF',4,0,1,'Elapsed >60s','','',2,14),
 (2222,'0',1434,120,47,607,68,'FF',5,0,4,'Timeouts','','',2,17),
 (2223,'0',1441,120,47,605,0,'FF',9,0,3,'Max:','','on',2,13),
 (2224,'0',1449,120,47,606,0,'FF',9,0,3,'Max:','','on',2,16),
 (2225,'0',1450,120,47,600,94,'FF',5,0,4,'Average Time (s)','','',2,19),
 (2226,'0',1451,120,47,600,0,'FF',9,0,4,'Current:','','on',2,20),
 (2227,'ba5ca666c233c935fcede41a8ef112f9',0,0,53,1124,30,'FF',7,0,1,'Error consulta socio','','',2,1),
 (2228,'c01e6c493369661a09bc6858ffd91782',0,0,53,1124,0,'FF',9,0,3,'Max:','','on',2,3),
 (2229,'dabe98c801ca0620b022f9de1aa03dd1',0,0,53,1125,97,'FF',8,0,1,'Revise detalle producto','','',2,10),
 (2230,'9765f6489ed76f538bfc99950bdfdb18',0,0,53,1125,0,'FF',9,0,3,'Max:','','on',2,12),
 (2231,'0fe760ce9dcd1a967bc4fefd7d8562ad',0,0,53,1126,35,'FF',8,0,1,'Catalogo no valido','','',2,7),
 (2232,'530147f38acef4b370a2640c24a6de1f',0,0,53,1126,0,'FF',9,0,3,'Max:','','on',4,9),
 (2233,'db293c762ac2df4fbbc3287ad6df2c49',0,0,53,1127,13,'FF',8,12,1,'Error lista tarifas compatibles','','',2,4),
 (2234,'5ad0333b9dcd3c450569d0c306c0a3c1',0,0,53,1127,0,'FF',9,0,3,'Max:','','on',2,6),
 (2235,'',2227,121,53,1128,30,'FF',7,0,1,'Error consulta socio','','',2,1),
 (2236,'',2228,121,53,1128,0,'FF',9,0,3,'Max:','','on',2,3),
 (2237,'',2229,121,53,1129,97,'FF',8,0,1,'Revise detalle producto','','',2,10),
 (2238,'',2230,121,53,1129,0,'FF',9,0,3,'Max:','','on',2,12),
 (2239,'',2231,121,53,1130,35,'FF',8,0,1,'Catalogo no valido','','',2,7),
 (2240,'',2232,121,53,1130,0,'FF',9,0,3,'Max:','','on',4,9),
 (2241,'',2233,121,53,1131,13,'FF',8,12,1,'Error lista tarifas compatibles','','',2,4),
 (2242,'',2234,121,53,1131,0,'FF',9,0,3,'Max:','','on',2,6),
 (2243,'267824faef5f25d6ed81eefbe5903852',0,0,53,1134,11,'FF',8,0,1,'Error detalle terminal','','',2,13),
 (2244,'',2243,121,53,1135,11,'FF',8,0,1,'Error detalle terminal','','',2,13),
 (2245,'e67ec0462c48827aa3d13c677b34d5fa',0,0,53,1134,0,'FF',9,0,3,'Max:','','on',2,15),
 (2246,'',2245,121,53,1135,0,'FF',9,0,3,'Max:','','on',2,15),
 (2247,'ac1ebe149ad107b65990efdf7d0a0577',0,0,53,1136,74,'FF',8,0,1,'Error HistoricoPedidos','','',2,16),
 (2248,'',2247,121,53,1137,74,'FF',8,0,1,'Error HistoricoPedidos','','',2,16),
 (2249,'89fa8c6d87e2dbfdb6d2a598e728a797',0,0,53,1136,0,'FF',9,0,3,'Max:','','on',2,18),
 (2250,'',2249,121,53,1137,0,'FF',9,0,3,'Max:','','on',2,18),
 (2251,'971fb2ea0dbb41048f7dd889b01cd01a',0,0,53,1138,63,'FF',8,0,1,'Error MovimientoPuntos','','',2,19),
 (2252,'',2251,121,53,1139,63,'FF',8,0,1,'Error MovimientoPuntos','','',2,19),
 (2253,'795d37fe496b4b45b558fa112ab61297',0,0,53,1138,0,'FF',9,0,3,'Max:','','on',2,21),
 (2254,'',2253,121,53,1139,0,'FF',9,0,3,'Max:','','on',2,21),
 (2255,'3a7189363f010fec9161ecf6978c17d2',0,0,53,1124,0,'FF',9,0,4,'Current:','','',2,2),
 (2256,'',2255,121,53,1128,0,'FF',9,0,4,'Current:','','',2,2),
 (2257,'05e2aad92e15a2753d6461990c69b846',0,0,53,1125,0,'FF',9,0,4,'Current:','','',2,11),
 (2258,'',2257,121,53,1129,0,'FF',9,0,4,'Current:','','',2,11),
 (2259,'21e19f4c53d74f1faf2aa471966bcc76',0,0,53,1127,0,'FF',9,0,4,'Current:','','',2,5),
 (2260,'',2259,121,53,1131,0,'FF',9,0,4,'Current:','','',2,5),
 (2261,'f65de20cad526d5a1334ea1658bf4694',0,0,53,1136,0,'FF',9,0,4,'Current:','','',2,17),
 (2262,'',2261,121,53,1137,0,'FF',9,0,4,'Current:','','',2,17);
INSERT INTO `cacti`.`graph_templates_item` VALUES  (2263,'22ea91febb24ba4b21490d47c040144c',0,0,53,1126,0,'FF',9,0,4,'Current:','','',2,8),
 (2264,'',2263,121,53,1130,0,'FF',9,0,4,'Current:','','',2,8),
 (2265,'77959d9dbb5555d7211297f802f5bfd2',0,0,53,1134,0,'FF',9,0,4,'Current:','','',2,14),
 (2266,'',2265,121,53,1135,0,'FF',9,0,4,'Current:','','',2,14),
 (2267,'d0ecd54720a403950aacc1e3a5df1b1f',0,0,53,1138,0,'FF',9,0,4,'Current:','','',2,20),
 (2268,'',2267,121,53,1139,0,'FF',9,0,4,'Current:','','',2,20),
 (2269,'0',2150,122,52,1141,13,'CC',7,0,1,'Total Count','','',2,1),
 (2270,'0',2151,122,52,1147,1,'FF',4,0,4,'Timeouts','','',2,17),
 (2271,'0',2169,122,52,1147,0,'FF',9,0,4,'Current:','','',2,18),
 (2272,'0',2156,122,52,1141,0,'FF',9,0,4,'Current:','','',2,2),
 (2273,'0',2163,122,52,1147,0,'FF',9,0,3,'Max:','','on',2,19),
 (2274,'0',2161,122,52,1141,0,'FF',9,0,3,'Max:','','on',2,3),
 (2275,'0',1433,123,47,1120,13,'CC',7,0,1,'Total Count','','',2,1),
 (2276,'0',1442,123,47,1119,0,'FF',9,0,4,'Current:','','',2,9),
 (2277,'0',1436,123,47,1118,25,'FF',7,0,1,'Elapsed >5s','','',2,5),
 (2278,'0',1443,123,47,1118,0,'FF',9,0,4,'Current:','','',2,6),
 (2279,'0',1435,123,47,1119,8,'FF',7,0,1,'Elapsed >10s','','',2,8),
 (2280,'0',1438,123,47,1119,0,'FF',9,0,3,'Max:','','on',2,10),
 (2281,'0',1439,123,47,1120,0,'FF',9,0,4,'Current:','','',2,2),
 (2282,'0',1447,123,47,1122,0,'FF',9,0,4,'Current:','','',2,15),
 (2283,'0',1446,123,47,1121,0,'FF',9,0,3,'Max:','','on',2,18),
 (2284,'0',1437,123,47,1118,0,'FF',9,0,3,'Max:','','on',2,7),
 (2285,'0',1440,123,47,1116,35,'FF',7,0,1,'Elapsed >30s','','',2,11),
 (2286,'0',1444,123,47,1120,0,'FF',9,0,3,'Max:','','on',2,3),
 (2287,'0',1445,123,47,1116,0,'FF',9,0,4,'Current:','','',2,12),
 (2288,'0',1448,123,47,1122,9,'FF',4,0,1,'Elapsed >60s','','',2,14),
 (2289,'0',1434,123,47,1121,68,'FF',5,0,4,'Timeouts','','',2,17),
 (2290,'0',1441,123,47,1116,0,'FF',9,0,3,'Max:','','on',2,13),
 (2291,'0',1449,123,47,1122,0,'FF',9,0,3,'Max:','','on',2,16),
 (2292,'0',1450,123,47,1123,94,'FF',5,0,4,'Average Time (s)','','',2,19),
 (2293,'0',1451,123,47,1123,0,'FF',9,0,4,'Current:','','on',2,20),
 (2294,'0',454,124,38,1161,33,'66',6,0,1,'Active Threads','','',2,6),
 (2295,'0',533,124,38,1166,0,'FF',9,0,1,'Average:','','on',2,5),
 (2296,'0',499,124,38,1166,0,'FF',9,0,4,'Current:','','',3,4),
 (2297,'0',497,124,38,1166,92,'FF',7,0,1,'Standby Threads','','',2,3),
 (2298,'0',453,124,38,1160,0,'FF',9,0,4,'Current:','','on',3,2),
 (2299,'0',451,124,38,1160,64,'7F',7,0,1,'Execute Threads','','',2,1),
 (2300,'0',468,124,38,1161,0,'FF',9,0,4,'Current:','','',3,7),
 (2301,'0',527,124,38,1161,0,'FF',9,0,1,'Average:','','on',2,8),
 (2302,'0',473,124,38,1165,95,'CC',5,0,1,'Idle Threads','','',2,9),
 (2303,'0',475,124,38,1165,0,'FF',9,0,4,'Current:','','',3,10),
 (2304,'0',530,124,38,1165,0,'FF',9,0,1,'Average:','','on',2,11),
 (2305,'0',558,124,38,1163,9,'B2',7,0,1,'Blocked Threads','','',2,12),
 (2306,'0',563,124,38,1163,0,'FF',9,0,4,'Current:','','',3,13),
 (2307,'0',568,124,38,1163,0,'FF',9,0,1,'Average:','','',2,14),
 (2308,'0',750,124,38,1163,33,'FF',9,0,3,'Max:','','on',2,15),
 (2309,'0',2385,125,54,1172,96,'CC',7,0,1,'Total Count','','',2,1),
 (2310,'0',2394,125,54,1173,0,'FF',9,0,4,'Current:','','',2,9),
 (2311,'0',2388,125,54,1174,25,'FF',7,0,1,'Elapsed >1s','','',2,5),
 (2312,'0',2395,125,54,1174,0,'FF',9,0,4,'Current:','','',2,6),
 (2313,'0',2387,125,54,1173,8,'FF',7,0,1,'Elapsed >2s','','',2,8),
 (2314,'0',2390,125,54,1173,0,'FF',9,0,3,'Max:','','on',2,10),
 (2315,'0',2391,125,54,1172,0,'FF',9,0,4,'Current:','','',2,2),
 (2316,'0',2398,125,54,1168,0,'FF',9,0,3,'Max:','','on',2,18),
 (2317,'0',2389,125,54,1174,0,'FF',9,0,3,'Max:','','on',2,7),
 (2318,'0',2392,125,54,1170,35,'FF',7,0,1,'Elapsed >10s','','',2,11),
 (2319,'0',2396,125,54,1172,0,'FF',9,0,3,'Max:','','on',2,3),
 (2320,'0',2397,125,54,1170,0,'FF',9,0,4,'Current:','','',2,12),
 (2321,'0',2400,125,54,1169,9,'FF',4,0,1,'Elapsed >30s','','',2,14),
 (2322,'0',2386,125,54,1168,68,'FF',5,0,4,'Timeouts','','',2,17),
 (2323,'0',2399,125,54,1169,0,'FF',9,0,4,'Current:','','',2,15),
 (2324,'0',2393,125,54,1170,0,'FF',9,0,3,'Max:','','on',2,13),
 (2325,'0',2401,125,54,1169,0,'FF',9,0,3,'Max:','','on',2,16),
 (2326,'0',2402,125,54,1171,94,'FF',5,0,4,'Average Time (s)','','',2,19),
 (2327,'0',2403,125,54,1171,0,'FF',9,0,4,'Current:','','on',2,20),
 (2328,'0',2385,126,54,1180,96,'CC',7,0,1,'Total Count','','',2,1),
 (2329,'0',2394,126,54,1181,0,'FF',9,0,4,'Current:','','',2,9),
 (2330,'0',2388,126,54,1182,25,'FF',7,0,1,'Elapsed >1s','','',2,5),
 (2331,'0',2395,126,54,1182,0,'FF',9,0,4,'Current:','','',2,6),
 (2332,'0',2387,126,54,1181,8,'FF',7,0,1,'Elapsed >2s','','',2,8),
 (2333,'0',2390,126,54,1181,0,'FF',9,0,3,'Max:','','on',2,10),
 (2334,'0',2391,126,54,1180,0,'FF',9,0,4,'Current:','','',2,2),
 (2335,'0',2398,126,54,1176,0,'FF',9,0,3,'Max:','','on',2,18),
 (2336,'0',2389,126,54,1182,0,'FF',9,0,3,'Max:','','on',2,7),
 (2337,'0',2392,126,54,1178,35,'FF',7,0,1,'Elapsed >10s','','',2,11),
 (2338,'0',2396,126,54,1180,0,'FF',9,0,3,'Max:','','on',2,3),
 (2339,'0',2397,126,54,1178,0,'FF',9,0,4,'Current:','','',2,12),
 (2340,'0',2400,126,54,1177,9,'FF',4,0,1,'Elapsed >30s','','',2,14),
 (2341,'0',2386,126,54,1176,68,'FF',5,0,4,'Timeouts','','',2,17),
 (2342,'0',2399,126,54,1177,0,'FF',9,0,4,'Current:','','',2,15),
 (2343,'0',2393,126,54,1178,0,'FF',9,0,3,'Max:','','on',2,13),
 (2344,'0',2401,126,54,1177,0,'FF',9,0,3,'Max:','','on',2,16),
 (2345,'0',2402,126,54,1179,94,'FF',5,0,4,'Average Time (s)','','',2,19),
 (2346,'0',2403,126,54,1179,0,'FF',9,0,4,'Current:','','on',2,20),
 (2347,'0',2404,127,55,1188,96,'CC',7,0,1,'Total Count','','',2,1),
 (2348,'0',2413,127,55,1189,0,'FF',9,0,4,'Current:','','',2,9),
 (2349,'0',2407,127,55,1190,25,'FF',7,0,1,'Elapsed >5s','','',2,5),
 (2350,'0',2414,127,55,1190,0,'FF',9,0,4,'Current:','','',2,6),
 (2351,'0',2406,127,55,1189,8,'FF',7,0,1,'Elapsed >8s','','',2,8),
 (2352,'0',2409,127,55,1189,0,'FF',9,0,3,'Max:','','on',2,10),
 (2353,'0',2410,127,55,1188,0,'FF',9,0,4,'Current:','','',2,2),
 (2354,'0',2417,127,55,1184,0,'FF',9,0,3,'Max:','','on',2,18),
 (2355,'0',2408,127,55,1190,0,'FF',9,0,3,'Max:','','on',2,7),
 (2356,'0',2411,127,55,1186,35,'FF',7,0,1,'Elapsed >30s','','',2,11),
 (2357,'0',2415,127,55,1188,0,'FF',9,0,3,'Max:','','on',2,3),
 (2358,'0',2416,127,55,1186,0,'FF',9,0,4,'Current:','','',2,12),
 (2359,'0',2419,127,55,1185,9,'FF',4,0,1,'Elapsed >60s','','',2,14),
 (2360,'0',2405,127,55,1184,68,'FF',5,0,4,'Timeouts','','',2,17),
 (2361,'0',2418,127,55,1185,0,'FF',9,0,4,'Current:','','',2,15),
 (2362,'0',2412,127,55,1186,0,'FF',9,0,3,'Max:','','on',2,13),
 (2363,'0',2420,127,55,1185,0,'FF',9,0,3,'Max:','','on',2,16),
 (2364,'0',2421,127,55,1187,94,'FF',5,0,4,'Average Time (s)','','',2,19),
 (2365,'0',2422,127,55,1187,0,'FF',9,0,4,'Current:','','on',2,20),
 (2366,'0',2404,128,55,1196,96,'CC',7,0,1,'Total Count','','',2,1),
 (2367,'0',2413,128,55,1197,0,'FF',9,0,4,'Current:','','',2,9),
 (2368,'0',2407,128,55,1198,25,'FF',7,0,1,'Elapsed >5s','','',2,5),
 (2369,'0',2414,128,55,1198,0,'FF',9,0,4,'Current:','','',2,6),
 (2370,'0',2406,128,55,1197,8,'FF',7,0,1,'Elapsed >8s','','',2,8),
 (2371,'0',2409,128,55,1197,0,'FF',9,0,3,'Max:','','on',2,10),
 (2372,'0',2410,128,55,1196,0,'FF',9,0,4,'Current:','','',2,2),
 (2373,'0',2417,128,55,1192,0,'FF',9,0,3,'Max:','','on',2,18),
 (2374,'0',2408,128,55,1198,0,'FF',9,0,3,'Max:','','on',2,7),
 (2375,'0',2411,128,55,1194,35,'FF',7,0,1,'Elapsed >30s','','',2,11),
 (2376,'0',2415,128,55,1196,0,'FF',9,0,3,'Max:','','on',2,3),
 (2377,'0',2416,128,55,1194,0,'FF',9,0,4,'Current:','','',2,12),
 (2378,'0',2419,128,55,1193,9,'FF',4,0,1,'Elapsed >60s','','',2,14),
 (2379,'0',2405,128,55,1192,68,'FF',5,0,4,'Timeouts','','',2,17),
 (2380,'0',2418,128,55,1193,0,'FF',9,0,4,'Current:','','',2,15),
 (2381,'0',2412,128,55,1194,0,'FF',9,0,3,'Max:','','on',2,13),
 (2382,'0',2420,128,55,1193,0,'FF',9,0,3,'Max:','','on',2,16),
 (2383,'0',2421,128,55,1195,94,'FF',5,0,4,'Average Time (s)','','',2,19),
 (2384,'0',2422,128,55,1195,0,'FF',9,0,4,'Current:','','on',2,20),
 (2385,'01b0d8b6718fe36e5c40374b858acc95',0,0,54,450,96,'CC',7,0,1,'Total Count','','',2,1),
 (2386,'ad2de0969a8fb21845e8fd6ef529fbad',0,0,54,484,68,'FF',5,0,4,'Timeouts','','',2,17),
 (2387,'00bfe867da890aa5954b1289416ebe64',0,0,54,451,8,'FF',7,0,1,'Elapsed >2s','','',2,8),
 (2388,'9142ce65f54bab193496e816d6108ac7',0,0,54,452,25,'FF',7,0,1,'Elapsed >1s','','',2,5),
 (2389,'14bef0b5cf338e370a26f078e3990393',0,0,54,452,0,'FF',9,0,3,'Max:','','on',2,7),
 (2390,'f34e74f7b9d9615e589d32e46a5842ce',0,0,54,451,0,'FF',9,0,3,'Max:','','on',2,10),
 (2391,'6ca18f99eaa0ecb3881109e26c4c78aa',0,0,54,450,0,'FF',9,0,4,'Current:','','',2,2),
 (2392,'d7378ff9f05d758753948b3fcefb0d03',0,0,54,454,35,'FF',7,0,1,'Elapsed >10s','','',2,11),
 (2393,'37d9b146838a0ddf7e4e600969c64d51',0,0,54,454,0,'FF',9,0,3,'Max:','','on',2,13),
 (2394,'ab5dea041a3d6244c1a5591f2546ab6a',0,0,54,451,0,'FF',9,0,4,'Current:','','',2,9),
 (2395,'54db7baf85f00ae20f58dcff62d3a533',0,0,54,452,0,'FF',9,0,4,'Current:','','',2,6),
 (2396,'458417bb3f6142611f65db4b3ef38839',0,0,54,450,0,'FF',9,0,3,'Max:','','on',2,3),
 (2397,'bae02b011684bfab8292b01d2ba09516',0,0,54,454,0,'FF',9,0,4,'Current:','','',2,12),
 (2398,'0822c22deb784c8bc7a399919aa5583b',0,0,54,484,0,'FF',9,0,3,'Max:','','on',2,18),
 (2399,'a9b47f7f48b039691d7a97319f055489',0,0,54,455,0,'FF',9,0,4,'Current:','','',2,15),
 (2400,'3724589aba071c2eb430a2fc6375ce92',0,0,54,455,9,'FF',4,0,1,'Elapsed >30s','','',2,14),
 (2401,'57f76d8f22586bc4946a4872fd6e59a7',0,0,54,455,0,'FF',9,0,3,'Max:','','on',2,16),
 (2402,'cfd4b2e8114ba5ab75507447335605a0',0,0,54,449,94,'FF',5,0,4,'Average Time (s)','','',2,19),
 (2403,'b88b18c0d195a7a0fe5297730808f288',0,0,54,449,0,'FF',9,0,4,'Current:','','on',2,20),
 (2404,'51c80a185652b158d49d2d11313fbdde',0,0,55,450,96,'CC',7,0,1,'Total Count','','',2,1),
 (2405,'b23d8d3653ffc6dd996f8dddb798585d',0,0,55,484,68,'FF',5,0,4,'Timeouts','','',2,17),
 (2406,'67f322ac9ba5974c31729cd45ed8b7bf',0,0,55,451,8,'FF',7,0,1,'Elapsed >8s','','',2,8),
 (2407,'eeca8c054196383a161b9c76c4bba15f',0,0,55,452,25,'FF',7,0,1,'Elapsed >5s','','',2,5),
 (2408,'d38f3e351a75c70b10755f5cd5805b5f',0,0,55,452,0,'FF',9,0,3,'Max:','','on',2,7),
 (2409,'97aa67515966888cb09bcbf72bf55f17',0,0,55,451,0,'FF',9,0,3,'Max:','','on',2,10),
 (2410,'b5dac257aa945e09169988460fb371b3',0,0,55,450,0,'FF',9,0,4,'Current:','','',2,2),
 (2411,'568e6c17b2efd6317b81cf34138bde53',0,0,55,454,35,'FF',7,0,1,'Elapsed >30s','','',2,11),
 (2412,'6fa5fd751a5b3f015d79fa949c00a3d3',0,0,55,454,0,'FF',9,0,3,'Max:','','on',2,13),
 (2413,'0cb5c6862eea6cd5efa5a43dee2adca1',0,0,55,451,0,'FF',9,0,4,'Current:','','',2,9),
 (2414,'c34fa01666bc901e87d04d61fc5c44c6',0,0,55,452,0,'FF',9,0,4,'Current:','','',2,6),
 (2415,'ae5be3af02b8d849bfd470734cb91015',0,0,55,450,0,'FF',9,0,3,'Max:','','on',2,3),
 (2416,'e3e2c23f059411c383a11ca837567b60',0,0,55,454,0,'FF',9,0,4,'Current:','','',2,12),
 (2417,'629a3fe81e6ef3de7531766bc1a2f373',0,0,55,484,0,'FF',9,0,3,'Max:','','on',2,18),
 (2418,'cb0e198a241e26a1f98ef5ba24402c24',0,0,55,455,0,'FF',9,0,4,'Current:','','',2,15),
 (2419,'4d922d0ca6eddebca26bbb9696941433',0,0,55,455,9,'FF',4,0,1,'Elapsed >60s','','',2,14),
 (2420,'4459f5f62b4662b75c6e8a6a0e28bf84',0,0,55,455,0,'FF',9,0,3,'Max:','','on',2,16),
 (2421,'e2b4b1eb6889accfca95868fce4fe582',0,0,55,449,94,'FF',5,0,4,'Average Time (s)','','',2,19),
 (2422,'270ef4193c3e032b3ce4aad5e24f1980',0,0,55,449,0,'FF',9,0,4,'Current:','','on',2,20),
 (2440,'0',1450,129,47,1205,94,'FF',5,0,4,'Average Time (s)','','',2,19),
 (2441,'0',1451,129,47,1205,0,'FF',9,0,4,'Current:','','on',2,20),
 (2442,'0',1449,130,47,1215,0,'FF',9,0,3,'Max:','','on',2,16),
 (2443,'0',1441,130,47,1208,0,'FF',9,0,3,'Max:','','on',2,13),
 (2444,'0',1434,130,47,1214,68,'FF',5,0,4,'Timeouts','','',2,17),
 (2445,'0',1448,130,47,1215,9,'FF',4,0,1,'Elapsed >60s','','',2,14),
 (2446,'0',1445,130,47,1208,0,'FF',9,0,4,'Current:','','',2,12),
 (2447,'0',1444,130,47,1211,0,'FF',9,0,3,'Max:','','on',2,3),
 (2448,'0',1440,130,47,1208,35,'FF',7,0,1,'Elapsed >30s','','',2,11),
 (2449,'0',1437,130,47,1210,0,'FF',9,0,3,'Max:','','on',2,7),
 (2450,'0',1446,130,47,1214,0,'FF',9,0,3,'Max:','','on',2,18),
 (2451,'0',1447,130,47,1215,0,'FF',9,0,4,'Current:','','',2,15),
 (2452,'0',1439,130,47,1211,0,'FF',9,0,4,'Current:','','',2,2),
 (2453,'0',1438,130,47,1212,0,'FF',9,0,3,'Max:','','on',2,10),
 (2454,'0',1435,130,47,1212,8,'FF',7,0,1,'Elapsed >10s','','',2,8),
 (2455,'0',1443,130,47,1210,0,'FF',9,0,4,'Current:','','',2,6),
 (2456,'0',1436,130,47,1210,25,'FF',7,0,1,'Elapsed >5s','','',2,5),
 (2457,'0',1442,130,47,1212,0,'FF',9,0,4,'Current:','','',2,9),
 (2458,'0',1433,130,47,1211,13,'CC',7,0,1,'Total Count','','',2,1),
 (2459,'0',1450,130,47,1213,94,'FF',5,0,4,'Average Time (s)','','',2,19),
 (2460,'0',1451,130,47,1213,0,'FF',9,0,4,'Current:','','on',2,20),
 (2461,'0',1047,131,44,1216,0,'FF',9,0,3,'Max:','','',2,3),
 (2462,'0',976,131,44,1216,0,'FF',9,0,4,'Current:','','on',2,5),
 (2463,'0',973,131,44,1216,13,'CC',4,0,1,'Total Count','','',2,1),
 (2464,'0',977,131,44,1218,12,'99',4,0,1,'HTTP 302','','',2,7),
 (2465,'0',984,131,44,1218,0,'FF',9,0,4,'Current:','','',2,8),
 (2466,'0',978,131,44,1218,0,'FF',9,0,3,'Max:','','on',2,9),
 (2467,'0',975,131,44,1219,31,'B2',4,0,1,'HTTP 403','','',2,10),
 (2468,'0',983,131,44,1219,0,'FF',9,0,4,'Current:','','',2,11),
 (2469,'0',979,131,44,1219,0,'FF',9,0,3,'Max:','','on',2,12),
 (2470,'0',981,131,44,1220,66,'CC',4,0,1,'HTTP 404','','',2,13),
 (2471,'0',1051,131,44,1220,0,'FF',9,0,4,'Current:','','',2,14),
 (2472,'0',982,131,44,1220,0,'FF',9,0,3,'Max:','','on',2,15),
 (2473,'0',1991,131,44,1221,9,'FF',7,0,1,'HTTP 500','','',2,16),
 (2474,'0',1995,131,44,1221,0,'FF',9,0,4,'Current:','','',2,17),
 (2475,'0',1999,131,44,1221,0,'FF',9,0,3,'Max:','','on',2,18),
 (2476,'0',1047,132,44,1222,0,'FF',9,0,3,'Max:','','',2,3),
 (2477,'0',976,132,44,1222,0,'FF',9,0,4,'Current:','','on',2,5),
 (2478,'0',973,132,44,1222,13,'CC',4,0,1,'Total Count','','',2,1),
 (2479,'0',977,132,44,1224,12,'99',4,0,1,'HTTP 302','','',2,7),
 (2480,'0',984,132,44,1224,0,'FF',9,0,4,'Current:','','',2,8),
 (2481,'0',978,132,44,1224,0,'FF',9,0,3,'Max:','','on',2,9),
 (2482,'0',975,132,44,1225,31,'B2',4,0,1,'HTTP 403','','',2,10),
 (2483,'0',983,132,44,1225,0,'FF',9,0,4,'Current:','','',2,11),
 (2484,'0',979,132,44,1225,0,'FF',9,0,3,'Max:','','on',2,12),
 (2485,'0',981,132,44,1226,66,'CC',4,0,1,'HTTP 404','','',2,13),
 (2486,'0',1051,132,44,1226,0,'FF',9,0,4,'Current:','','',2,14),
 (2487,'0',982,132,44,1226,0,'FF',9,0,3,'Max:','','on',2,15),
 (2488,'0',1991,132,44,1227,9,'FF',7,0,1,'HTTP 500','','',2,16),
 (2489,'0',1995,132,44,1227,0,'FF',9,0,4,'Current:','','',2,17),
 (2490,'0',1999,132,44,1227,0,'FF',9,0,3,'Max:','','on',2,18),
 (2491,'0',868,133,43,1230,13,'FF',4,0,1,'Total Count','','',2,1),
 (2492,'0',875,133,43,1230,0,'FF',9,0,4,'Current:','','',2,2),
 (2493,'0',1055,133,43,1230,0,'FF',9,0,3,'Max:','','on',2,3),
 (2494,'0',869,133,43,1231,10,'B2',5,0,1,'Average elapsed (s)','','',2,4),
 (2495,'0',871,133,43,1231,0,'FF',9,0,4,'Current:','','on',2,5),
 (2496,'0',872,133,43,1228,12,'FF',4,0,1,'Elapsed >10s','','',2,6),
 (2497,'0',894,133,43,1228,0,'FF',9,0,4,'Current:','','',2,7),
 (2498,'0',873,133,43,1228,0,'FF',9,0,3,'Max:','','on',2,8),
 (2499,'0',870,133,43,1229,28,'99',4,0,1,'Elapsed >15s','','',2,9),
 (2500,'0',891,133,43,1229,0,'FF',9,0,4,'Current:','','',2,10),
 (2501,'0',874,133,43,1229,0,'FF',9,0,3,'Max:','','on',2,11),
 (2502,'0',876,133,43,1233,9,'CC',7,0,1,'Elapsed >40s','','',2,12),
 (2503,'0',1059,133,43,1233,0,'FF',9,0,4,'Current:','','',2,13),
 (2504,'0',877,133,43,1233,0,'FF',9,0,3,'Max:','','on',2,14),
 (2505,'0',868,134,43,1237,13,'FF',4,0,1,'Total Count','','',2,1),
 (2506,'0',875,134,43,1237,0,'FF',9,0,4,'Current:','','',2,2),
 (2507,'0',1055,134,43,1237,0,'FF',9,0,3,'Max:','','on',2,3),
 (2508,'0',869,134,43,1238,10,'B2',5,0,1,'Average elapsed (s)','','',2,4),
 (2509,'0',871,134,43,1238,0,'FF',9,0,4,'Current:','','on',2,5),
 (2510,'0',872,134,43,1235,12,'FF',4,0,1,'Elapsed >10s','','',2,6),
 (2511,'0',894,134,43,1235,0,'FF',9,0,4,'Current:','','',2,7),
 (2512,'0',873,134,43,1235,0,'FF',9,0,3,'Max:','','on',2,8),
 (2513,'0',870,134,43,1236,28,'99',4,0,1,'Elapsed >15s','','',2,9),
 (2514,'0',891,134,43,1236,0,'FF',9,0,4,'Current:','','',2,10),
 (2515,'0',874,134,43,1236,0,'FF',9,0,3,'Max:','','on',2,11),
 (2516,'0',876,134,43,1240,9,'CC',7,0,1,'Elapsed >40s','','',2,12),
 (2517,'0',1059,134,43,1240,0,'FF',9,0,4,'Current:','','',2,13),
 (2518,'0',877,134,43,1240,0,'FF',9,0,3,'Max:','','on',2,14);
CREATE TABLE  `cacti`.`graph_tree` (
  `id` smallint(5) unsigned NOT NULL AUTO_INCREMENT,
  `sort_type` tinyint(3) unsigned NOT NULL DEFAULT '1',
  `name` varchar(255) NOT NULL DEFAULT '',
  PRIMARY KEY (`id`)
) ENGINE=MyISAM AUTO_INCREMENT=15 DEFAULT CHARSET=latin1;
INSERT INTO `cacti`.`graph_tree` VALUES  (1,1,'Default Tree'),
 (2,1,'Weblogic Thread Usage Graphs'),
 (3,1,'Weblogic Load Graphs'),
 (4,1,'AWA Performance'),
 (5,1,'MDW Ops Performance'),
 (6,1,'Watch'),
 (7,1,'NEOS Op Performance'),
 (8,1,'NEOS Page Performance'),
 (9,1,'Apache Page Counts'),
 (10,1,'Weblogic Data Sources'),
 (11,1,'PPOW MDW Performance'),
 (12,1,'iCacti'),
 (13,1,'Siebel MDW Operations'),
 (14,1,'FEW MDW Graphs');
CREATE TABLE  `cacti`.`graph_tree_items` (
  `id` mediumint(8) unsigned NOT NULL AUTO_INCREMENT,
  `graph_tree_id` smallint(5) unsigned NOT NULL DEFAULT '0',
  `local_graph_id` mediumint(8) unsigned NOT NULL DEFAULT '0',
  `rra_id` smallint(8) unsigned NOT NULL DEFAULT '0',
  `title` varchar(255) DEFAULT NULL,
  `host_id` mediumint(8) unsigned NOT NULL DEFAULT '0',
  `order_key` varchar(100) NOT NULL DEFAULT '0',
  `host_grouping_type` tinyint(3) unsigned NOT NULL DEFAULT '1',
  `sort_children_type` tinyint(3) unsigned NOT NULL DEFAULT '1',
  PRIMARY KEY (`id`),
  KEY `graph_tree_id` (`graph_tree_id`),
  KEY `host_id` (`host_id`),
  KEY `local_graph_id` (`local_graph_id`),
  KEY `order_key` (`order_key`)
) ENGINE=MyISAM AUTO_INCREMENT=187 DEFAULT CHARSET=latin1;
INSERT INTO `cacti`.`graph_tree_items` VALUES  (7,1,0,0,'',1,'001000000000000000000000000000000000000000000000000000000000000000000000000000000000000000',1,1),
 (32,2,0,0,'FEW WL Services',0,'003000000000000000000000000000000000000000000000000000000000000000000000000000000000000000',1,1),
 (37,3,31,5,'',0,'004001000000000000000000000000000000000000000000000000000000000000000000000000000000000000',1,1),
 (31,2,26,5,'',0,'002004000000000000000000000000000000000000000000000000000000000000000000000000000000000000',1,1),
 (30,2,25,5,'',0,'002003000000000000000000000000000000000000000000000000000000000000000000000000000000000000',1,1),
 (29,2,24,5,'',0,'002002000000000000000000000000000000000000000000000000000000000000000000000000000000000000',1,1),
 (28,2,23,5,'',0,'002001000000000000000000000000000000000000000000000000000000000000000000000000000000000000',1,1),
 (20,3,20,5,'',0,'005001000000000000000000000000000000000000000000000000000000000000000000000000000000000000',1,1),
 (27,2,0,0,'PPOW WL Services',0,'002000000000000000000000000000000000000000000000000000000000000000000000000000000000000000',1,1),
 (22,2,0,0,'NEOS WL Services',0,'001000000000000000000000000000000000000000000000000000000000000000000000000000000000000000',1,1),
 (23,2,18,5,'',0,'001001000000000000000000000000000000000000000000000000000000000000000000000000000000000000',1,1),
 (24,2,19,5,'',0,'001002000000000000000000000000000000000000000000000000000000000000000000000000000000000000',1,1),
 (25,2,21,5,'',0,'001003000000000000000000000000000000000000000000000000000000000000000000000000000000000000',1,1),
 (26,2,22,5,'',0,'001004000000000000000000000000000000000000000000000000000000000000000000000000000000000000',1,1),
 (33,2,27,5,'',0,'003003000000000000000000000000000000000000000000000000000000000000000000000000000000000000',1,1),
 (34,2,28,5,'',0,'003004000000000000000000000000000000000000000000000000000000000000000000000000000000000000',1,1),
 (35,2,29,5,'',0,'003001000000000000000000000000000000000000000000000000000000000000000000000000000000000000',1,1),
 (36,2,30,5,'',0,'003002000000000000000000000000000000000000000000000000000000000000000000000000000000000000',1,1),
 (38,3,32,5,'',0,'004002000000000000000000000000000000000000000000000000000000000000000000000000000000000000',1,1),
 (39,3,0,0,'NEOS Servers',0,'004000000000000000000000000000000000000000000000000000000000000000000000000000000000000000',1,1),
 (40,3,33,5,'',0,'004003000000000000000000000000000000000000000000000000000000000000000000000000000000000000',1,1),
 (41,3,34,5,'',0,'004004000000000000000000000000000000000000000000000000000000000000000000000000000000000000',1,1),
 (42,3,0,0,'PPOW Servers',0,'005000000000000000000000000000000000000000000000000000000000000000000000000000000000000000',1,1),
 (43,3,35,5,'',0,'005002000000000000000000000000000000000000000000000000000000000000000000000000000000000000',1,1),
 (44,3,36,5,'',0,'005003000000000000000000000000000000000000000000000000000000000000000000000000000000000000',1,1),
 (45,3,37,5,'',0,'005004000000000000000000000000000000000000000000000000000000000000000000000000000000000000',1,1),
 (46,4,38,5,'',0,'001000000000000000000000000000000000000000000000000000000000000000000000000000000000000000',1,1),
 (47,4,39,5,'',0,'002000000000000000000000000000000000000000000000000000000000000000000000000000000000000000',1,1),
 (48,5,0,0,'NEOS weblogp5',0,'001000000000000000000000000000000000000000000000000000000000000000000000000000000000000000',1,1),
 (49,5,40,5,'',0,'001009000000000000000000000000000000000000000000000000000000000000000000000000000000000000',1,1),
 (50,5,41,5,'',0,'001014000000000000000000000000000000000000000000000000000000000000000000000000000000000000',1,1),
 (51,5,42,5,'',0,'001008000000000000000000000000000000000000000000000000000000000000000000000000000000000000',1,1),
 (52,6,0,0,'NEOS weblogp5',0,'001000000000000000000000000000000000000000000000000000000000000000000000000000000000000000',1,1),
 (53,6,18,5,'',0,'001001000000000000000000000000000000000000000000000000000000000000000000000000000000000000',1,1),
 (109,6,62,5,'',0,'001005000000000000000000000000000000000000000000000000000000000000000000000000000000000000',1,1),
 (55,6,41,5,'',0,'001007000000000000000000000000000000000000000000000000000000000000000000000000000000000000',1,1),
 (112,5,59,5,'',0,'001011000000000000000000000000000000000000000000000000000000000000000000000000000000000000',1,1),
 (57,6,43,5,'',0,'001008000000000000000000000000000000000000000000000000000000000000000000000000000000000000',1,1),
 (58,6,0,0,'NEOS weblogp6',0,'002000000000000000000000000000000000000000000000000000000000000000000000000000000000000000',1,1),
 (59,6,19,5,'',0,'002001000000000000000000000000000000000000000000000000000000000000000000000000000000000000',1,1),
 (60,6,46,5,'',0,'002009000000000000000000000000000000000000000000000000000000000000000000000000000000000000',1,1),
 (85,6,51,5,'',0,'001010000000000000000000000000000000000000000000000000000000000000000000000000000000000000',1,1),
 (115,5,76,5,'',0,'002004000000000000000000000000000000000000000000000000000000000000000000000000000000000000',1,1),
 (116,9,0,0,'Apaches AREAPRIVADA',0,'002000000000000000000000000000000000000000000000000000000000000000000000000000000000000000',1,1),
 (64,6,48,5,'',0,'001009000000000000000000000000000000000000000000000000000000000000000000000000000000000000',1,1),
 (65,7,0,0,'NEOS weblogp6',0,'002000000000000000000000000000000000000000000000000000000000000000000000000000000000000000',1,1),
 (66,7,49,5,'',0,'002001000000000000000000000000000000000000000000000000000000000000000000000000000000000000',1,1),
 (67,7,50,5,'',0,'002002000000000000000000000000000000000000000000000000000000000000000000000000000000000000',1,1),
 (84,6,49,5,'',0,'002005000000000000000000000000000000000000000000000000000000000000000000000000000000000000',1,1),
 (81,6,56,5,'',0,'001006000000000000000000000000000000000000000000000000000000000000000000000000000000000000',1,1),
 (106,8,70,5,'',0,'001011000000000000000000000000000000000000000000000000000000000000000000000000000000000000',1,1),
 (107,8,67,5,'',0,'001012000000000000000000000000000000000000000000000000000000000000000000000000000000000000',1,1),
 (72,5,0,0,'NEOS weblogp6',0,'002000000000000000000000000000000000000000000000000000000000000000000000000000000000000000',1,1),
 (132,5,97,5,'',0,'001015000000000000000000000000000000000000000000000000000000000000000000000000000000000000',1,1),
 (114,5,46,5,'',0,'002001000000000000000000000000000000000000000000000000000000000000000000000000000000000000',1,1),
 (113,5,81,5,'',0,'002009000000000000000000000000000000000000000000000000000000000000000000000000000000000000',1,1),
 (77,8,0,0,'NEOS Pages',0,'001000000000000000000000000000000000000000000000000000000000000000000000000000000000000000',1,1),
 (108,8,71,5,'',0,'001013000000000000000000000000000000000000000000000000000000000000000000000000000000000000',1,1),
 (105,8,69,5,'',0,'001008000000000000000000000000000000000000000000000000000000000000000000000000000000000000',1,1),
 (122,4,87,5,'',0,'004000000000000000000000000000000000000000000000000000000000000000000000000000000000000000',1,1),
 (88,6,40,5,'',0,'001011000000000000000000000000000000000000000000000000000000000000000000000000000000000000',1,1),
 (151,9,115,5,'',0,'002003000000000000000000000000000000000000000000000000000000000000000000000000000000000000',1,1),
 (90,7,0,0,'NEOS weblogp5',0,'001000000000000000000000000000000000000000000000000000000000000000000000000000000000000000',1,1),
 (91,7,56,5,'',0,'001001000000000000000000000000000000000000000000000000000000000000000000000000000000000000',1,1),
 (110,6,69,5,'',0,'002004000000000000000000000000000000000000000000000000000000000000000000000000000000000000',1,1),
 (93,5,48,5,'',0,'001006000000000000000000000000000000000000000000000000000000000000000000000000000000000000',1,1),
 (94,5,60,5,'',0,'001003000000000000000000000000000000000000000000000000000000000000000000000000000000000000',1,1),
 (95,5,43,5,'',0,'001012000000000000000000000000000000000000000000000000000000000000000000000000000000000000',1,1),
 (96,5,51,5,'',0,'001002000000000000000000000000000000000000000000000000000000000000000000000000000000000000',1,1),
 (97,5,61,5,'',0,'001004000000000000000000000000000000000000000000000000000000000000000000000000000000000000',1,1),
 (104,8,62,5,'',0,'001007000000000000000000000000000000000000000000000000000000000000000000000000000000000000',1,1),
 (111,7,72,5,'',0,'001002000000000000000000000000000000000000000000000000000000000000000000000000000000000000',1,1),
 (152,11,117,5,'',0,'001000000000000000000000000000000000000000000000000000000000000000000000000000000000000000',1,1),
 (101,8,64,5,'',0,'001001000000000000000000000000000000000000000000000000000000000000000000000000000000000000',1,1),
 (120,7,85,5,'',0,'001003000000000000000000000000000000000000000000000000000000000000000000000000000000000000',1,1),
 (121,7,86,5,'',0,'001004000000000000000000000000000000000000000000000000000000000000000000000000000000000000',1,1),
 (123,4,88,5,'',0,'005000000000000000000000000000000000000000000000000000000000000000000000000000000000000000',1,1),
 (124,4,89,5,'',0,'006000000000000000000000000000000000000000000000000000000000000000000000000000000000000000',1,1),
 (125,4,90,5,'',0,'003000000000000000000000000000000000000000000000000000000000000000000000000000000000000000',1,1),
 (126,10,0,0,'eCare Data Sources',0,'001000000000000000000000000000000000000000000000000000000000000000000000000000000000000000',1,1),
 (127,10,92,5,'',0,'001001000000000000000000000000000000000000000000000000000000000000000000000000000000000000',1,1),
 (128,10,93,5,'',0,'001002000000000000000000000000000000000000000000000000000000000000000000000000000000000000',1,1),
 (129,1,94,5,'',0,'002000000000000000000000000000000000000000000000000000000000000000000000000000000000000000',1,1),
 (130,5,95,5,'',0,'001007000000000000000000000000000000000000000000000000000000000000000000000000000000000000',1,1),
 (131,5,96,5,'',0,'001010000000000000000000000000000000000000000000000000000000000000000000000000000000000000',1,1),
 (133,5,98,5,'',0,'001013000000000000000000000000000000000000000000000000000000000000000000000000000000000000',1,1),
 (134,7,99,5,'',0,'001005000000000000000000000000000000000000000000000000000000000000000000000000000000000000',1,1),
 (135,10,100,5,'',0,'001003000000000000000000000000000000000000000000000000000000000000000000000000000000000000',1,1),
 (136,10,101,5,'',0,'001004000000000000000000000000000000000000000000000000000000000000000000000000000000000000',1,1),
 (137,10,102,5,'',0,'001005000000000000000000000000000000000000000000000000000000000000000000000000000000000000',1,1),
 (138,10,103,5,'',0,'001006000000000000000000000000000000000000000000000000000000000000000000000000000000000000',1,1),
 (139,10,104,5,'',0,'001007000000000000000000000000000000000000000000000000000000000000000000000000000000000000',1,1),
 (140,10,105,5,'',0,'001008000000000000000000000000000000000000000000000000000000000000000000000000000000000000',1,1),
 (142,6,92,5,'',0,'001004000000000000000000000000000000000000000000000000000000000000000000000000000000000000',1,1),
 (145,9,0,0,'Hosts NetStats Usage',0,'003000000000000000000000000000000000000000000000000000000000000000000000000000000000000000',1,1),
 (146,9,108,5,'',0,'003001000000000000000000000000000000000000000000000000000000000000000000000000000000000000',1,1),
 (147,9,109,5,'',0,'003002000000000000000000000000000000000000000000000000000000000000000000000000000000000000',1,1),
 (148,6,93,5,'',0,'002003000000000000000000000000000000000000000000000000000000000000000000000000000000000000',1,1),
 (149,9,111,5,'',0,'002004000000000000000000000000000000000000000000000000000000000000000000000000000000000000',1,1),
 (150,9,112,5,'',0,'002005000000000000000000000000000000000000000000000000000000000000000000000000000000000000',1,1),
 (153,5,74,5,'',0,'002002000000000000000000000000000000000000000000000000000000000000000000000000000000000000',1,1),
 (154,5,75,5,'',0,'002003000000000000000000000000000000000000000000000000000000000000000000000000000000000000',1,1),
 (155,5,77,5,'',0,'002005000000000000000000000000000000000000000000000000000000000000000000000000000000000000',1,1),
 (156,5,78,5,'',0,'002006000000000000000000000000000000000000000000000000000000000000000000000000000000000000',1,1),
 (157,5,79,5,'',0,'002007000000000000000000000000000000000000000000000000000000000000000000000000000000000000',1,1),
 (158,5,80,5,'',0,'002008000000000000000000000000000000000000000000000000000000000000000000000000000000000000',1,1),
 (159,5,118,5,'',0,'002010000000000000000000000000000000000000000000000000000000000000000000000000000000000000',1,1),
 (160,5,119,5,'',0,'002011000000000000000000000000000000000000000000000000000000000000000000000000000000000000',1,1),
 (161,5,120,5,'',0,'002012000000000000000000000000000000000000000000000000000000000000000000000000000000000000',1,1),
 (162,6,120,5,'',0,'002006000000000000000000000000000000000000000000000000000000000000000000000000000000000000',1,1),
 (163,6,118,5,'',0,'002007000000000000000000000000000000000000000000000000000000000000000000000000000000000000',1,1),
 (164,6,76,5,'',0,'002008000000000000000000000000000000000000000000000000000000000000000000000000000000000000',1,1),
 (165,6,79,5,'',0,'002010000000000000000000000000000000000000000000000000000000000000000000000000000000000000',1,1),
 (166,11,121,5,'',0,'003000000000000000000000000000000000000000000000000000000000000000000000000000000000000000',1,1),
 (167,12,18,5,'',0,'001000000000000000000000000000000000000000000000000000000000000000000000000000000000000000',1,1),
 (168,12,62,5,'',0,'003000000000000000000000000000000000000000000000000000000000000000000000000000000000000000',1,1),
 (169,12,69,5,'',0,'004000000000000000000000000000000000000000000000000000000000000000000000000000000000000000',1,1),
 (170,12,19,5,'',0,'002000000000000000000000000000000000000000000000000000000000000000000000000000000000000000',1,1),
 (171,12,56,5,'',0,'005000000000000000000000000000000000000000000000000000000000000000000000000000000000000000',1,1),
 (172,12,49,5,'',0,'006000000000000000000000000000000000000000000000000000000000000000000000000000000000000000',1,1),
 (173,11,122,5,'',0,'002000000000000000000000000000000000000000000000000000000000000000000000000000000000000000',1,1),
 (174,5,123,5,'',0,'002013000000000000000000000000000000000000000000000000000000000000000000000000000000000000',1,1),
 (175,2,91,5,'',0,'002005000000000000000000000000000000000000000000000000000000000000000000000000000000000000',1,1),
 (176,2,124,5,'',0,'002006000000000000000000000000000000000000000000000000000000000000000000000000000000000000',1,1),
 (177,13,125,5,'',0,'001000000000000000000000000000000000000000000000000000000000000000000000000000000000000000',1,1),
 (178,13,126,5,'',0,'002000000000000000000000000000000000000000000000000000000000000000000000000000000000000000',1,1),
 (179,13,127,5,'',0,'003000000000000000000000000000000000000000000000000000000000000000000000000000000000000000',1,1),
 (180,13,128,5,'',0,'004000000000000000000000000000000000000000000000000000000000000000000000000000000000000000',1,1),
 (181,14,129,5,'',0,'002000000000000000000000000000000000000000000000000000000000000000000000000000000000000000',1,1),
 (182,14,130,5,'',0,'001000000000000000000000000000000000000000000000000000000000000000000000000000000000000000',1,1),
 (183,9,131,5,'',0,'002006000000000000000000000000000000000000000000000000000000000000000000000000000000000000',1,1),
 (184,9,132,5,'',0,'002007000000000000000000000000000000000000000000000000000000000000000000000000000000000000',1,1),
 (185,8,133,5,'',0,'001009000000000000000000000000000000000000000000000000000000000000000000000000000000000000',1,1),
 (186,8,134,5,'',0,'001010000000000000000000000000000000000000000000000000000000000000000000000000000000000000',1,1);
CREATE TABLE  `cacti`.`host` (
  `id` mediumint(8) unsigned NOT NULL AUTO_INCREMENT,
  `host_template_id` mediumint(8) unsigned NOT NULL DEFAULT '0',
  `description` varchar(150) NOT NULL DEFAULT '',
  `hostname` varchar(250) DEFAULT NULL,
  `notes` text,
  `snmp_community` varchar(100) DEFAULT NULL,
  `snmp_version` tinyint(1) unsigned NOT NULL DEFAULT '1',
  `snmp_username` varchar(50) DEFAULT NULL,
  `snmp_password` varchar(50) DEFAULT NULL,
  `snmp_auth_protocol` char(5) DEFAULT '',
  `snmp_priv_passphrase` varchar(200) DEFAULT '',
  `snmp_priv_protocol` char(6) DEFAULT '',
  `snmp_context` varchar(64) DEFAULT '',
  `snmp_port` mediumint(5) unsigned NOT NULL DEFAULT '161',
  `snmp_timeout` mediumint(8) unsigned NOT NULL DEFAULT '500',
  `availability_method` smallint(5) unsigned NOT NULL DEFAULT '1',
  `ping_method` smallint(5) unsigned DEFAULT '0',
  `ping_port` int(12) unsigned DEFAULT '0',
  `ping_timeout` int(12) unsigned DEFAULT '500',
  `ping_retries` int(12) unsigned DEFAULT '2',
  `max_oids` int(12) unsigned DEFAULT '10',
  `disabled` char(2) DEFAULT NULL,
  `thold_send_email` int(10) NOT NULL DEFAULT '1',
  `thold_host_email` int(10) NOT NULL,
  `status` tinyint(2) NOT NULL DEFAULT '0',
  `status_event_count` mediumint(8) unsigned NOT NULL DEFAULT '0',
  `status_fail_date` datetime NOT NULL DEFAULT '0000-00-00 00:00:00',
  `status_rec_date` datetime NOT NULL DEFAULT '0000-00-00 00:00:00',
  `status_last_error` varchar(255) DEFAULT '',
  `min_time` decimal(10,5) DEFAULT '9.99999',
  `max_time` decimal(10,5) DEFAULT '0.00000',
  `cur_time` decimal(10,5) DEFAULT '0.00000',
  `avg_time` decimal(10,5) DEFAULT '0.00000',
  `total_polls` int(12) unsigned DEFAULT '0',
  `failed_polls` int(12) unsigned DEFAULT '0',
  `availability` decimal(8,5) NOT NULL DEFAULT '100.00000',
  PRIMARY KEY (`id`),
  KEY `disabled` (`disabled`)
) ENGINE=MyISAM AUTO_INCREMENT=28 DEFAULT CHARSET=latin1;
INSERT INTO `cacti`.`host` VALUES  (1,8,'Localhost','127.0.0.1','','public',0,'','','MD5','','DES','',161,500,3,2,23,400,1,10,'',1,0,3,0,'0000-00-00 00:00:00','0000-00-00 00:00:00','','0.02007','13486.75000','0.14009','0.72719',216963,0,'100.00000'),
 (2,0,'Weblogic weblogp5','weblogp5','NEOS Node 1 weblogic server','public',0,'','','','','','',161,500,3,1,23,400,1,10,'',1,0,3,0,'2012-02-01 18:10:00','2012-01-14 11:37:00','UDP: Ping timed out','0.00000','171.95292','4.12408','4.78254',374218,468,'99.87490'),
 (3,0,'Weblogic weblogp6','weblogp6','NEOS Node 2 weblogic server','public',0,'','','','','','',161,500,3,1,23,400,1,10,'',1,0,3,0,'2012-02-02 15:20:00','2012-01-14 11:37:00','UDP: Ping timed out','1.85650','103.98203','5.16809','6.60018',41146,70,'99.82990'),
 (4,0,'Weblogic weblogp7','weblogp7','FEW Node 1 weblogic server','public',0,'','','','','','',161,500,3,1,23,400,1,10,'',1,0,3,0,'2012-02-02 17:05:00','2012-01-14 11:37:00','UDP: Ping timed out','0.00000','131.94902','3.23288','3.67161',342070,474,'99.86140'),
 (5,0,'Weblogic weblogp8','weblogp8','FEW Node 2 weblogic server','public',0,'','','','','','',161,500,3,1,23,400,1,10,'',1,0,3,0,'2012-02-02 12:47:00','2012-01-14 11:37:00','UDP: Ping timed out','2.90202','133.59200','4.08399','7.49592',83037,74,'99.91090'),
 (6,0,'AWA Service','sso.orange.es','','public',0,'','','','','','',161,500,3,1,23,400,1,10,'',1,0,3,0,'2012-01-04 16:46:14','2011-11-03 10:36:00','ICMP ping Timed out','0.01400','79.03608','0.05191','1.11261',240256,11126,'95.36910'),
 (7,0,'NEOS weblogp5','weblogp5','','public',1,'','','','','','',161,500,4,1,23,400,1,10,'on',1,0,3,0,'2012-01-04 16:46:14','2011-10-15 02:04:02','ICMP ping Timed out','0.00000','156.11806','3.95300','4.51503',333104,405,'99.87842'),
 (8,0,'NEOS weblogp6','weblogp6','','public',1,'','','','','','',161,500,4,1,23,400,1,10,'on',1,0,3,0,'2012-01-04 16:22:01','0000-00-00 00:00:00','SNMP not performed due to setting or ping result., ICMP ping Timed out','1.85650','23.91810','1.86100','7.23715',12,1,'91.66667'),
 (9,0,'NEOS Pages','neos.orange.es','','public',1,'','','','','','',161,500,4,1,23,400,1,10,'on',1,0,0,0,'0000-00-00 00:00:00','0000-00-00 00:00:00','','9.99999','0.00000','0.00000','0.00000',0,0,'100.00000'),
 (10,0,'NEOS MDW weblogp5','weblogp5','','public',1,'','','','','','',161,500,0,1,23,400,1,10,'',1,0,3,0,'2012-01-04 16:46:14','2011-10-15 02:04:02','ICMP ping Timed out','0.00000','156.11806','0.00000','4.10387',374220,405,'99.89180'),
 (11,0,'NEOS Apache ap3','AOTLXPRWEB03','','public',0,'','','','','','',161,500,3,1,23,400,1,10,'',1,0,3,0,'2012-01-04 16:46:14','2011-11-02 15:01:00','ICMP ping Timed out','0.00000','76.48093','2.50210','0.44588',134200,2674,'98.00750'),
 (12,0,'NEOS Apache ap4','AOTLXPRWEB04','','public',0,'','','','','','',161,500,3,1,23,400,1,10,'',1,0,3,0,'2012-01-04 16:46:14','2011-11-02 15:01:00','ICMP ping Timed out','0.01700','90.36602','0.07104','0.43348',134200,2675,'98.00670'),
 (13,0,'NEOS MDW weblogp6','weblogp6','','public',1,'','','','','','',161,500,4,1,23,400,1,10,'',1,0,3,0,'2012-01-14 11:03:00','2012-01-14 11:37:00','Invalid SNMP Session, UDP: Destination hostname invalid','0.00000','187.93790','5.91796','8.84256',41149,35,'99.91490'),
 (14,0,'NEOS Site','areaprivada.orange.es','','public',1,'','','','','','',161,500,4,1,23,400,1,10,'on',1,0,0,0,'0000-00-00 00:00:00','0000-00-00 00:00:00','','9.99999','0.00000','0.00000','0.00000',0,0,'100.00000'),
 (15,1,'WL Console NEOS','weblogp5','','public',1,'','','','','','',161,500,3,1,23,400,1,10,'',1,0,3,0,'2012-02-02 12:09:00','2012-01-14 11:37:00','UDP: Ping timed out','0.00000','216.05612','8.01293','5.08138',374219,469,'99.87470'),
 (16,1,'WL Console FEW','weblogp7','','public',1,'','','','','','',161,500,4,1,23,400,1,10,'',1,0,3,0,'2012-01-28 04:45:00','2012-01-14 11:37:00','Host did not respond to SNMP, UDP: Ping timed out','0.00000','167.77705','19.69209','3.96768',342068,444,'99.87020'),
 (17,0,'Areaprivada Apache Servers','areaprivada','','public',1,'','','','','','',161,500,4,1,23,400,1,10,'on',1,0,0,0,'0000-00-00 00:00:00','0000-00-00 00:00:00','','9.99999','0.00000','0.00000','0.00000',0,0,'100.00000'),
 (18,0,'Weblogic weblogp7','weblogp7','','public',1,'','','','','','',161,500,4,1,23,400,1,10,'',1,0,3,0,'2012-01-28 04:45:00','2012-01-14 11:37:00','Host did not respond to SNMP, UDP: Ping timed out','0.00000','215.87211','15.65294','4.00657',342068,444,'99.87020'),
 (19,0,'Weblogic weblogp8','weblogp8','','public',1,'','','','','','',161,500,4,1,23,400,1,10,'',1,0,3,0,'2012-01-14 11:03:00','2012-01-14 11:37:00','Host did not respond to SNMP, UDP: Cannot connect to host','0.00000','261.76803','17.15503','12.11457',54366,34,'99.93750'),
 (20,0,'PPOW MDW Service','weblogp7','','public',1,'','','','','','',161,500,4,1,23,400,1,10,'',1,0,3,0,'2012-01-28 04:45:00','2012-01-14 11:37:00','Host did not respond to SNMP, UDP: Ping timed out','0.00000','175.86889','3.97205','4.00239',342068,444,'99.87020'),
 (21,0,'WL Console PPOW','weblogp8','','public',1,'','','','','','',161,500,4,1,23,400,1,10,'',1,0,3,0,'2012-01-14 11:03:00','2012-01-14 11:37:00','Host did not respond to SNMP, UDP: Cannot connect to host','0.00000','269.82503','13.05500','12.25302',52545,34,'99.93530'),
 (22,0,'WL Console PPOE','PPOEWLConsole','','public',1,'','','','','','',161,500,4,1,23,400,1,10,'',1,0,3,0,'2012-02-02 16:02:00','2012-01-14 11:37:00','Host did not respond to SNMP, UDP: Ping timed out','1.79700','308.03699','17.05611','12.76336',52558,71,'99.86490'),
 (23,0,'Siebel MDW siebelsrv01','siegtwp1','','public',1,'','','','','','',161,500,3,1,23,400,1,10,'',1,0,1,32562,'0000-00-00 00:00:00','0000-00-00 00:00:00','UDP: Ping timed out','9.99999','0.00000','0.00000','0.00000',32563,32563,'0.00000'),
 (24,0,'Siebel MDW siebelsrv02','siegtwp2','','public',1,'','','','','','',161,500,3,1,23,400,1,10,'',1,0,1,32562,'0000-00-00 00:00:00','0000-00-00 00:00:00','UDP: Ping timed out','9.99999','0.00000','0.00000','0.00000',32563,32563,'0.00000'),
 (25,0,'Siebel MDW siebelsrv03','sieomp8','','public',1,'','','','','','',161,500,3,1,23,400,1,10,'',1,0,3,0,'2012-02-01 16:18:00','2012-01-14 11:37:00','UDP: Ping timed out','3.00597','226.72206','10.28402','8.00804',32561,53,'99.83720'),
 (26,0,'Siebel MDW siebelsrv04','siegtwp4','','public',1,'','','','','','',161,500,3,1,23,400,1,10,'',1,0,3,0,'2012-02-02 12:03:00','2012-01-14 11:37:00','UDP: Ping timed out','2.82606','203.48195','8.69607','8.08814',32561,56,'99.82800'),
 (27,0,'FEW MDW multiserver','weblogp7','','public',1,'','','','','','',161,500,3,1,23,400,1,2,'',1,0,3,0,'2012-02-02 17:14:00','0000-00-00 00:00:00','UDP: Ping timed out','2.52596','115.15510','7.62003','5.76035',22560,17,'99.92460');
CREATE TABLE  `cacti`.`host_graph` (
  `host_id` mediumint(8) unsigned NOT NULL DEFAULT '0',
  `graph_template_id` mediumint(8) unsigned NOT NULL DEFAULT '0',
  PRIMARY KEY (`host_id`,`graph_template_id`)
) ENGINE=MyISAM DEFAULT CHARSET=latin1;
INSERT INTO `cacti`.`host_graph` VALUES  (1,8),
 (1,9),
 (1,10),
 (1,12),
 (2,35),
 (3,36),
 (11,8),
 (11,9),
 (11,10),
 (11,12),
 (11,44),
 (11,50),
 (12,50);
CREATE TABLE  `cacti`.`host_snmp_cache` (
  `host_id` mediumint(8) unsigned NOT NULL DEFAULT '0',
  `snmp_query_id` mediumint(8) unsigned NOT NULL DEFAULT '0',
  `field_name` varchar(50) NOT NULL DEFAULT '',
  `field_value` varchar(255) DEFAULT NULL,
  `snmp_index` varchar(255) NOT NULL DEFAULT '',
  `oid` text NOT NULL,
  PRIMARY KEY (`host_id`,`snmp_query_id`,`field_name`,`snmp_index`),
  KEY `host_id` (`host_id`,`field_name`),
  KEY `snmp_index` (`snmp_index`),
  KEY `field_name` (`field_name`),
  KEY `field_value` (`field_value`),
  KEY `snmp_query_id` (`snmp_query_id`)
) ENGINE=MyISAM DEFAULT CHARSET=latin1;
INSERT INTO `cacti`.`host_snmp_cache` VALUES  (1,6,'dskDevice','/dev/sda1','/dev/sda1',''),
 (1,6,'dskMount','/','/dev/sda1',''),
 (15,1,'ifIndex','1','1','.1.3.6.1.2.1.2.2.1.1.1'),
 (15,1,'ifIndex','2','2','.1.3.6.1.2.1.2.2.1.1.2'),
 (15,1,'ifIndex','3','3','.1.3.6.1.2.1.2.2.1.1.3'),
 (15,1,'ifIndex','4','4','.1.3.6.1.2.1.2.2.1.1.4'),
 (15,1,'ifOperStatus','Up','1','.1.3.6.1.2.1.2.2.1.8.1'),
 (15,1,'ifOperStatus','Up','2','.1.3.6.1.2.1.2.2.1.8.2'),
 (15,1,'ifOperStatus','Up','3','.1.3.6.1.2.1.2.2.1.8.3'),
 (15,1,'ifOperStatus','Up','4','.1.3.6.1.2.1.2.2.1.8.4'),
 (15,1,'ifDescr','lo0','1','.1.3.6.1.2.1.2.2.1.2.1'),
 (15,1,'ifDescr','bge0','2','.1.3.6.1.2.1.2.2.1.2.2'),
 (15,1,'ifDescr','bge0:1','3','.1.3.6.1.2.1.2.2.1.2.3'),
 (15,1,'ifDescr','bge1','4','.1.3.6.1.2.1.2.2.1.2.4'),
 (15,1,'ifType','24','1','.1.3.6.1.2.1.2.2.1.3.1'),
 (15,1,'ifType','6','2','.1.3.6.1.2.1.2.2.1.3.2'),
 (15,1,'ifType','6','3','.1.3.6.1.2.1.2.2.1.3.3'),
 (15,1,'ifType','6','4','.1.3.6.1.2.1.2.2.1.3.4'),
 (15,1,'ifSpeed','127000000','1','.1.3.6.1.2.1.2.2.1.5.1'),
 (15,1,'ifSpeed','1000000000','2','.1.3.6.1.2.1.2.2.1.5.2'),
 (15,1,'ifSpeed','100000000','3','.1.3.6.1.2.1.2.2.1.5.3'),
 (15,1,'ifSpeed','1000000000','4','.1.3.6.1.2.1.2.2.1.5.4'),
 (15,1,'ifHwAddr','','1','.1.3.6.1.2.1.2.2.1.6.1'),
 (15,1,'ifHwAddr','00:14:4F:80:C3:06','2','.1.3.6.1.2.1.2.2.1.6.2'),
 (15,1,'ifHwAddr','00:14:4F:80:C3:06','3','.1.3.6.1.2.1.2.2.1.6.3'),
 (15,1,'ifHwAddr','00:14:4F:80:C3:07','4','.1.3.6.1.2.1.2.2.1.6.4'),
 (15,1,'ifIP','10.113.56.246','3','.1.3.6.1.2.1.4.20.1.2.10.113.56.246'),
 (15,1,'ifIP','10.113.56.250','2','.1.3.6.1.2.1.4.20.1.2.10.113.56.250'),
 (15,1,'ifIP','10.113.56.251','4','.1.3.6.1.2.1.4.20.1.2.10.113.56.251'),
 (15,1,'ifIP','127.0.0.1','1','.1.3.6.1.2.1.4.20.1.2.127.0.0.1'),
 (16,1,'ifIndex','1','1','.1.3.6.1.2.1.2.2.1.1.1'),
 (16,1,'ifIndex','2','2','.1.3.6.1.2.1.2.2.1.1.2'),
 (16,1,'ifIndex','3','3','.1.3.6.1.2.1.2.2.1.1.3'),
 (16,1,'ifIndex','4','4','.1.3.6.1.2.1.2.2.1.1.4'),
 (16,1,'ifOperStatus','Up','1','.1.3.6.1.2.1.2.2.1.8.1'),
 (16,1,'ifOperStatus','Up','2','.1.3.6.1.2.1.2.2.1.8.2'),
 (16,1,'ifOperStatus','Up','3','.1.3.6.1.2.1.2.2.1.8.3'),
 (16,1,'ifOperStatus','Up','4','.1.3.6.1.2.1.2.2.1.8.4'),
 (16,1,'ifDescr','lo0','1','.1.3.6.1.2.1.2.2.1.2.1'),
 (16,1,'ifDescr','bge0','2','.1.3.6.1.2.1.2.2.1.2.2'),
 (16,1,'ifDescr','bge0:1','3','.1.3.6.1.2.1.2.2.1.2.3'),
 (16,1,'ifDescr','bge2','4','.1.3.6.1.2.1.2.2.1.2.4'),
 (16,1,'ifType','24','1','.1.3.6.1.2.1.2.2.1.3.1'),
 (16,1,'ifType','6','2','.1.3.6.1.2.1.2.2.1.3.2'),
 (16,1,'ifType','6','3','.1.3.6.1.2.1.2.2.1.3.3'),
 (16,1,'ifType','6','4','.1.3.6.1.2.1.2.2.1.3.4'),
 (16,1,'ifSpeed','127000000','1','.1.3.6.1.2.1.2.2.1.5.1'),
 (16,1,'ifSpeed','1000000000','2','.1.3.6.1.2.1.2.2.1.5.2'),
 (16,1,'ifSpeed','100000000','3','.1.3.6.1.2.1.2.2.1.5.3'),
 (16,1,'ifSpeed','1000000000','4','.1.3.6.1.2.1.2.2.1.5.4'),
 (16,1,'ifHwAddr','','1','.1.3.6.1.2.1.2.2.1.6.1'),
 (16,1,'ifHwAddr','00:14:4F:3A:7C:2B','2','.1.3.6.1.2.1.2.2.1.6.2'),
 (16,1,'ifHwAddr','00:14:4F:3A:7C:2B','3','.1.3.6.1.2.1.2.2.1.6.3'),
 (16,1,'ifHwAddr','00:14:4F:B7:BA:78','4','.1.3.6.1.2.1.2.2.1.6.4'),
 (16,1,'ifIP','10.113.56.247','3','.1.3.6.1.2.1.4.20.1.2.10.113.56.247'),
 (16,1,'ifIP','10.113.57.50','2','.1.3.6.1.2.1.4.20.1.2.10.113.57.50'),
 (16,1,'ifIP','10.113.57.51','4','.1.3.6.1.2.1.4.20.1.2.10.113.57.51'),
 (16,1,'ifIP','127.0.0.1','1','.1.3.6.1.2.1.4.20.1.2.127.0.0.1');
CREATE TABLE  `cacti`.`host_snmp_query` (
  `host_id` mediumint(8) unsigned NOT NULL DEFAULT '0',
  `snmp_query_id` mediumint(8) unsigned NOT NULL DEFAULT '0',
  `sort_field` varchar(50) NOT NULL DEFAULT '',
  `title_format` varchar(50) NOT NULL DEFAULT '',
  `reindex_method` tinyint(3) unsigned NOT NULL DEFAULT '0',
  PRIMARY KEY (`host_id`,`snmp_query_id`),
  KEY `host_id` (`host_id`)
) ENGINE=MyISAM DEFAULT CHARSET=latin1;
INSERT INTO `cacti`.`host_snmp_query` VALUES  (1,6,'dskDevice','|query_dskDevice|',0),
 (15,1,'ifDescr','|query_ifDescr|',1),
 (16,1,'ifDescr','|query_ifDescr|',1);
CREATE TABLE  `cacti`.`host_template` (
  `id` mediumint(8) unsigned NOT NULL AUTO_INCREMENT,
  `hash` varchar(32) NOT NULL DEFAULT '',
  `name` varchar(100) NOT NULL DEFAULT '',
  PRIMARY KEY (`id`)
) ENGINE=MyISAM AUTO_INCREMENT=9 DEFAULT CHARSET=latin1;
INSERT INTO `cacti`.`host_template` VALUES  (1,'4855b0e3e553085ed57219690285f91f','Generic SNMP-enabled Host'),
 (3,'07d3fe6a52915f99e642d22e27d967a4','ucd/net SNMP Host'),
 (4,'4e5dc8dd115264c2e9f3adb725c29413','Karlnet Wireless Bridge'),
 (5,'cae6a879f86edacb2471055783bec6d0','Cisco Router'),
 (6,'9ef418b4251751e09c3c416704b01b01','Netware 4/5 Server'),
 (7,'5b8300be607dce4f030b026a381b91cd','Windows 2000/XP Host'),
 (8,'2d3e47f416738c2d22c87c40218cc55e','Local Linux Machine');
CREATE TABLE  `cacti`.`host_template_graph` (
  `host_template_id` mediumint(8) unsigned NOT NULL DEFAULT '0',
  `graph_template_id` mediumint(8) unsigned NOT NULL DEFAULT '0',
  PRIMARY KEY (`host_template_id`,`graph_template_id`),
  KEY `host_template_id` (`host_template_id`)
) ENGINE=MyISAM DEFAULT CHARSET=latin1;
INSERT INTO `cacti`.`host_template_graph` VALUES  (3,4),
 (3,11),
 (3,13),
 (5,18),
 (6,14),
 (6,16),
 (6,17),
 (6,30),
 (7,28),
 (7,29),
 (8,8),
 (8,9),
 (8,10),
 (8,12);
CREATE TABLE  `cacti`.`host_template_snmp_query` (
  `host_template_id` mediumint(8) unsigned NOT NULL DEFAULT '0',
  `snmp_query_id` mediumint(8) unsigned NOT NULL DEFAULT '0',
  PRIMARY KEY (`host_template_id`,`snmp_query_id`),
  KEY `host_template_id` (`host_template_id`)
) ENGINE=MyISAM DEFAULT CHARSET=latin1;
INSERT INTO `cacti`.`host_template_snmp_query` VALUES  (1,1),
 (3,1),
 (3,2),
 (4,1),
 (4,3),
 (5,1),
 (6,1),
 (6,4),
 (6,7),
 (7,1),
 (7,8),
 (7,9),
 (8,6);
CREATE TABLE  `cacti`.`notices` (
  `rra_id` int(11) DEFAULT NULL,
  `host_id` int(11) DEFAULT NULL,
  `graph_id` int(11) DEFAULT NULL,
  `user_id` int(11) DEFAULT NULL,
  `notice` text NOT NULL,
  KEY `host_id` (`host_id`)
) ENGINE=MyISAM DEFAULT CHARSET=latin1;
CREATE TABLE  `cacti`.`plugin_config` (
  `id` int(8) NOT NULL AUTO_INCREMENT,
  `directory` varchar(32) NOT NULL DEFAULT '',
  `name` varchar(64) NOT NULL DEFAULT '',
  `status` tinyint(2) NOT NULL DEFAULT '0',
  `author` varchar(64) NOT NULL DEFAULT '',
  `webpage` varchar(255) NOT NULL DEFAULT '',
  `version` varchar(8) NOT NULL DEFAULT '',
  PRIMARY KEY (`id`),
  KEY `status` (`status`),
  KEY `directory` (`directory`)
) ENGINE=MyISAM AUTO_INCREMENT=5 DEFAULT CHARSET=latin1;
INSERT INTO `cacti`.`plugin_config` VALUES  (1,'settings','Global Plugin Settings',1,'Jimmy Conner','http://cactiusers.org','0.71'),
 (2,'thold','Thresholds',1,'Jimmy Conner','http://docs.cacti.net/plugin:thold','0.4.9'),
 (4,'boost','Large Site Performance Booster',1,'The Cacti Group','http://www.cacti.net','5.1');
CREATE TABLE  `cacti`.`plugin_db_changes` (
  `id` int(10) NOT NULL AUTO_INCREMENT,
  `plugin` varchar(16) NOT NULL DEFAULT '',
  `table` varchar(64) NOT NULL DEFAULT '',
  `column` varchar(64) NOT NULL,
  `method` varchar(16) NOT NULL DEFAULT '',
  PRIMARY KEY (`id`),
  KEY `plugin` (`plugin`),
  KEY `method` (`method`)
) ENGINE=MyISAM AUTO_INCREMENT=21 DEFAULT CHARSET=latin1;
INSERT INTO `cacti`.`plugin_db_changes` VALUES  (1,'thold','thold_data','','create'),
 (2,'thold','thold_template','','create'),
 (3,'thold','plugin_thold_contacts','','create'),
 (4,'thold','plugin_thold_template_contact','','create'),
 (5,'thold','plugin_thold_threshold_contact','','create'),
 (6,'thold','plugin_thold_log','','create'),
 (7,'thold','plugin_notification_lists','','create'),
 (8,'thold','host','thold_send_email','addcolumn'),
 (9,'thold','host','thold_host_email','addcolumn'),
 (10,'thold','plugin_thold_host_failed','','create'),
 (11,'thold','thold_data','','create'),
 (12,'thold','thold_template','','create'),
 (13,'thold','plugin_thold_contacts','','create'),
 (14,'thold','plugin_thold_template_contact','','create'),
 (15,'thold','plugin_thold_threshold_contact','','create'),
 (16,'thold','plugin_thold_log','','create'),
 (17,'thold','plugin_notification_lists','','create'),
 (18,'thold','plugin_thold_host_failed','','create'),
 (19,'thold','plugin_notification_lists','','create'),
 (20,'thold','plugin_thold_host_failed','','create');
CREATE TABLE  `cacti`.`plugin_hooks` (
  `id` int(8) NOT NULL AUTO_INCREMENT,
  `name` varchar(32) NOT NULL DEFAULT '',
  `hook` varchar(64) NOT NULL DEFAULT '',
  `file` varchar(255) NOT NULL DEFAULT '',
  `function` varchar(128) NOT NULL DEFAULT '',
  `status` int(8) NOT NULL DEFAULT '0',
  PRIMARY KEY (`id`),
  KEY `hook` (`hook`),
  KEY `status` (`status`)
) ENGINE=MyISAM AUTO_INCREMENT=57 DEFAULT CHARSET=latin1;
INSERT INTO `cacti`.`plugin_hooks` VALUES  (1,'internal','config_arrays','','plugin_config_arrays',1),
 (2,'internal','draw_navigation_text','','plugin_draw_navigation_text',1),
 (3,'settings','config_settings','setup.php','settings_config_settings',1),
 (4,'thold','top_header_tabs','includes/tab.php','thold_show_tab',1),
 (5,'thold','top_graph_header_tabs','includes/tab.php','thold_show_tab',1),
 (31,'thold','config_insert','includes/settings.php','thold_config_insert',1),
 (8,'thold','config_form','includes/settings.php','thold_config_form',1),
 (9,'thold','config_settings','includes/settings.php','thold_config_settings',1),
 (10,'thold','draw_navigation_text','includes/settings.php','thold_draw_navigation_text',1),
 (11,'thold','data_sources_table','setup.php','thold_data_sources_table',1),
 (12,'thold','graphs_new_top_links','setup.php','thold_graphs_new',1),
 (13,'thold','api_device_save','setup.php','thold_api_device_save',1),
 (14,'thold','update_host_status','includes/polling.php','thold_update_host_status',1),
 (15,'thold','poller_output','includes/polling.php','thold_poller_output',1),
 (16,'thold','device_action_array','setup.php','thold_device_action_array',1),
 (17,'thold','device_action_execute','setup.php','thold_device_action_execute',1),
 (18,'thold','device_action_prepare','setup.php','thold_device_action_prepare',1),
 (19,'thold','host_edit_bottom','setup.php','thold_host_edit_bottom',1),
 (20,'thold','user_admin_setup_sql_save','setup.php','thold_user_admin_setup_sql_save',1),
 (21,'thold','poller_bottom','includes/polling.php','thold_poller_bottom',1),
 (22,'thold','user_admin_edit','setup.php','thold_user_admin_edit',1),
 (23,'thold','rrd_graph_graph_options','setup.php','thold_rrd_graph_graph_options',1),
 (24,'thold','graph_buttons','setup.php','thold_graph_button',1),
 (25,'thold','data_source_action_array','setup.php','thold_data_source_action_array',1),
 (26,'thold','data_source_action_prepare','setup.php','thold_data_source_action_prepare',1),
 (27,'thold','data_source_action_execute','setup.php','thold_data_source_action_execute',1),
 (28,'thold','graphs_action_array','setup.php','thold_graphs_action_array',1),
 (29,'thold','graphs_action_prepare','setup.php','thold_graphs_action_prepare',1),
 (30,'thold','graphs_action_execute','setup.php','thold_graphs_action_execute',1),
 (32,'thold','config_arrays','includes/settings.php','thold_config_arrays',1),
 (56,'boost','utilities_action','setup.php','boost_utilities_action',1),
 (55,'boost','utilities_list','setup.php','boost_utilities_list',1),
 (54,'boost','prep_graph_array','setup.php','boost_prep_graph_array',1),
 (45,'boost','config_arrays','setup.php','boost_config_arrays',1),
 (46,'boost','config_settings','setup.php','boost_config_settings',1),
 (53,'boost','rrdtool_function_graph_set_file','setup.php','boost_graph_set_file',1),
 (52,'boost','rrdtool_function_fetch_cache_check','setup.php','boost_fetch_cache_check',1),
 (51,'boost','rrdtool_function_graph_cache_check','setup.php','boost_graph_cache_check',1),
 (50,'boost','draw_navigation_text','setup.php','boost_draw_navigation_text',1),
 (49,'boost','poller_command_args','setup.php','boost_poller_command_args',1),
 (48,'boost','poller_bottom','setup.php','boost_poller_bottom',1),
 (47,'boost','poller_on_demand','setup.php','boost_poller_on_demand',1);
CREATE TABLE  `cacti`.`plugin_notification_lists` (
  `id` int(12) NOT NULL AUTO_INCREMENT,
  `name` varchar(128) NOT NULL,
  `description` varchar(512) NOT NULL,
  `emails` varchar(512) NOT NULL,
  PRIMARY KEY (`id`)
) ENGINE=MyISAM DEFAULT CHARSET=latin1 COMMENT='Table of Notification Lists';
CREATE TABLE  `cacti`.`plugin_realms` (
  `id` int(8) NOT NULL AUTO_INCREMENT,
  `plugin` varchar(32) NOT NULL DEFAULT '',
  `file` text NOT NULL,
  `display` varchar(64) NOT NULL DEFAULT '',
  PRIMARY KEY (`id`),
  KEY `plugin` (`plugin`)
) ENGINE=MyISAM AUTO_INCREMENT=9 DEFAULT CHARSET=latin1;
INSERT INTO `cacti`.`plugin_realms` VALUES  (1,'internal','plugins.php','Plugin Management'),
 (2,'settings','email-test.php','Send Test Email'),
 (3,'thold','thold_add.php,thold.php,listthold.php','Plugin -> Configure Thresholds'),
 (4,'thold','thold_templates.php','Plugin -> Configure Threshold Templates'),
 (5,'thold','notify_lists.php','Plugin -> Manage Notification Lists'),
 (6,'thold','thold_graph.php,graph_thold.php,thold_view_failures.php,thold_view_normal.php,thold_view_recover.php,thold_view_recent.php,thold_view_host.php','Plugin -> View Thresholds'),
 (7,'Notices','add_notice.php','Notices'),
 (8,'Notices Add Comments','add_comment.php','Notices Add Comments');
CREATE TABLE  `cacti`.`plugin_thold_contacts` (
  `id` int(12) NOT NULL AUTO_INCREMENT,
  `user_id` int(12) NOT NULL,
  `type` varchar(32) NOT NULL,
  `data` text NOT NULL,
  PRIMARY KEY (`id`),
  KEY `type` (`type`),
  KEY `user_id` (`user_id`)
) ENGINE=MyISAM AUTO_INCREMENT=6 DEFAULT CHARSET=latin1 COMMENT='Table of threshold contacts';
INSERT INTO `cacti`.`plugin_thold_contacts` VALUES  (1,1,'email',''),
 (2,4,'email',''),
 (3,5,'email',''),
 (4,6,'email',''),
 (5,7,'email','');
CREATE TABLE  `cacti`.`plugin_thold_host_failed` (
  `id` int(12) unsigned NOT NULL AUTO_INCREMENT,
  `host_id` int(12) unsigned NOT NULL,
  PRIMARY KEY (`id`)
) ENGINE=MyISAM AUTO_INCREMENT=3 DEFAULT CHARSET=latin1 COMMENT='Table of Hosts in a Down State';
INSERT INTO `cacti`.`plugin_thold_host_failed` VALUES  (1,23),
 (2,24);
CREATE TABLE  `cacti`.`plugin_thold_log` (
  `id` int(12) NOT NULL AUTO_INCREMENT,
  `time` int(24) NOT NULL,
  `host_id` int(10) NOT NULL,
  `graph_id` int(10) NOT NULL,
  `threshold_id` int(10) NOT NULL,
  `threshold_value` varchar(64) NOT NULL,
  `current` varchar(64) NOT NULL,
  `status` int(5) NOT NULL,
  `type` int(5) NOT NULL,
  `description` varchar(255) NOT NULL,
  PRIMARY KEY (`id`),
  KEY `time` (`time`),
  KEY `host_id` (`host_id`),
  KEY `graph_id` (`graph_id`),
  KEY `threshold_id` (`threshold_id`),
  KEY `status` (`status`),
  KEY `type` (`type`)
) ENGINE=MyISAM AUTO_INCREMENT=888 DEFAULT CHARSET=latin1 COMMENT='Table of All Threshold Breaches';
INSERT INTO `cacti`.`plugin_thold_log` VALUES  (861,1327627104,2,18,2,'','24',5,0,'NORMAL: WL Thread neos1p Data Source [hoogingThreads] [hoogingThreads] Restored to Normal Threshold with Value 24'),
 (862,1327627225,2,18,2,'','1',5,0,'NORMAL: WL Thread neos1p Data Source [hoogingThreads] [hoogingThreads] Restored to Normal Threshold with Value 1'),
 (835,1327448065,2,18,17,'1','0',4,0,'ALERT: WL Thread neos1p Data Source [activeThreads] [activeThreads] went below threshold of 1 with 0'),
 (836,1327475434,2,18,17,'','5',5,0,'NORMAL: WL Thread neos1p Data Source [activeThreads] [activeThreads] Restored to Normal Threshold with Value 5'),
 (837,1327559353,4,23,13,'1','0',4,0,'ALERT: WL Thread ppo1p Data Source [activeThreads] [activeThreads] went below threshold of 1 with 0'),
 (838,1327559354,4,24,14,'1','0',4,0,'ALERT: WL Thread ppo2p Data Source [activeThreads] [activeThreads] went below threshold of 1 with 0'),
 (834,1327446326,2,18,2,'','0',5,0,'NORMAL: WL Thread neos1p Data Source [hoogingThreads] [hoogingThreads] Restored to Normal Threshold with Value 0'),
 (828,1327325072,6,90,5,'3','5.19',3,0,'WARNING: Page areaprivada-URL1 Response Time DS [time] [time] went above threshold of 3 with 5.19'),
 (829,1327326448,6,90,5,'3','7.965',3,0,'WARNING: Page areaprivada-URL1 Response Time DS [time] [time] went above threshold of 3 with 7.965'),
 (830,1327326514,6,90,5,'','0',5,0,'NORMAL: Page areaprivada-URL1 Response Time DS [time] [time] Restored to Normal Threshold with Value 0'),
 (831,1327335220,2,18,2,'','28',5,0,'NORMAL: WL Thread neos1p Data Source [hoogingThreads] [hoogingThreads] Restored to Normal Threshold with Value 28'),
 (832,1327337744,6,90,5,'3','9.7',3,0,'WARNING: Page areaprivada-URL1 Response Time DS [time] [time] went above threshold of 3 with 9.7'),
 (833,1327367664,2,18,2,'','1',5,0,'NORMAL: WL Thread neos1p Data Source [hoogingThreads] [hoogingThreads] Restored to Normal Threshold with Value 1'),
 (824,1327316619,6,90,5,'3','4.951',3,0,'WARNING: Page areaprivada-URL1 Response Time DS [time] [time] went above threshold of 3 with 4.951'),
 (825,1327316678,6,90,5,'','0.172',5,0,'NORMAL: Page areaprivada-URL1 Response Time DS [time] [time] Restored to Normal Threshold with Value 0.172'),
 (826,1327324529,6,90,5,'3','6.788',3,0,'WARNING: Page areaprivada-URL1 Response Time DS [time] [time] went above threshold of 3 with 6.788'),
 (827,1327324594,6,90,5,'','0',5,0,'NORMAL: Page areaprivada-URL1 Response Time DS [time] [time] Restored to Normal Threshold with Value 0'),
 (860,1327590276,2,22,21,'','42',5,0,'NORMAL: WL Thread neosweb2p Data Source [activeThreads] [activeThreads] Restored to Normal Threshold with Value 42'),
 (869,1327933479,2,19,4,'','0',5,0,'NORMAL: WL Thread neos2p Data Source [hoogingThreads] [hoogingThreads] Restored to Normal Threshold with Value 0'),
 (870,1327933603,2,18,2,'','0',5,0,'NORMAL: WL Thread neos1p Data Source [hoogingThreads] [hoogingThreads] Restored to Normal Threshold with Value 0'),
 (871,1327963956,2,18,2,'','17',5,0,'NORMAL: WL Thread neos1p Data Source [hoogingThreads] [hoogingThreads] Restored to Normal Threshold with Value 17'),
 (876,1328055212,2,19,4,'30','137',4,0,'ALERT: WL Thread neos2p Data Source [hoogingThreads] [hoogingThreads] went above threshold of 30 with 137'),
 (877,1328055516,2,18,2,'','8',5,0,'NORMAL: WL Thread neos1p Data Source [hoogingThreads] [hoogingThreads] Restored to Normal Threshold with Value 8'),
 (878,1328055517,2,19,4,'','1',5,0,'NORMAL: WL Thread neos2p Data Source [hoogingThreads] [hoogingThreads] Restored to Normal Threshold with Value 1'),
 (879,1328058810,2,18,2,'','0',5,0,'NORMAL: WL Thread neos1p Data Source [hoogingThreads] [hoogingThreads] Restored to Normal Threshold with Value 0'),
 (880,1328087218,2,18,2,'','19',5,0,'NORMAL: WL Thread neos1p Data Source [hoogingThreads] [hoogingThreads] Restored to Normal Threshold with Value 19'),
 (881,1328087493,2,18,2,'','11',5,0,'NORMAL: WL Thread neos1p Data Source [hoogingThreads] [hoogingThreads] Restored to Normal Threshold with Value 11'),
 (882,1328094347,2,18,2,'','3',5,0,'NORMAL: WL Thread neos1p Data Source [hoogingThreads] [hoogingThreads] Restored to Normal Threshold with Value 3'),
 (872,1328030273,4,23,10,'20','398',4,0,'ALERT: WL Thread ppo1p Data Source [hoogingThreads] [hoogingThreads] went above threshold of 20 with 398'),
 (873,1328030496,4,23,10,'','0',5,0,'NORMAL: WL Thread ppo1p Data Source [hoogingThreads] [hoogingThreads] Restored to Normal Threshold with Value 0'),
 (874,1328051066,2,18,2,'','29',5,0,'NORMAL: WL Thread neos1p Data Source [hoogingThreads] [hoogingThreads] Restored to Normal Threshold with Value 29'),
 (875,1328055212,2,18,2,'30','139',4,0,'ALERT: WL Thread neos1p Data Source [hoogingThreads] [hoogingThreads] went above threshold of 30 with 139'),
 (885,1328178058,2,18,2,'','23',5,0,'NORMAL: WL Thread neos1p Data Source [hoogingThreads] [hoogingThreads] Restored to Normal Threshold with Value 23'),
 (886,1328180704,2,18,2,'','23',5,0,'NORMAL: WL Thread neos1p Data Source [hoogingThreads] [hoogingThreads] Restored to Normal Threshold with Value 23'),
 (593,1325747555,6,39,7,'2','2.139',3,0,'WARNING: AWA Performance MULTILINEA Data Source [time] [time] went above threshold of 2 with 2.139'),
 (592,1325747080,6,39,7,'','1.503',5,0,'NORMAL: AWA Performance MULTILINEA Data Source [time] [time] Restored to Normal Threshold with Value 1.503'),
 (591,1325746955,6,39,7,'2','2.915',3,0,'WARNING: AWA Performance MULTILINEA Data Source [time] [time] went above threshold of 2 with 2.915'),
 (590,1325702190,2,18,2,'','10',5,0,'NORMAL: WL Thread neos1p Data Source [hoogingThreads] [hoogingThreads] Restored to Normal Threshold with Value 10'),
 (606,1326134253,2,18,2,'','18',5,0,'NORMAL: WL Thread neos1p Data Source [hoogingThreads] [hoogingThreads] Restored to Normal Threshold with Value 18'),
 (605,1326129647,2,18,2,'','16',5,0,'NORMAL: WL Thread neos1p Data Source [hoogingThreads] [hoogingThreads] Restored to Normal Threshold with Value 16'),
 (604,1326125010,2,18,2,'','27',5,0,'NORMAL: WL Thread neos1p Data Source [hoogingThreads] [hoogingThreads] Restored to Normal Threshold with Value 27'),
 (627,1326297488,4,25,15,'','288',5,0,'NORMAL: WL Thread ppo3p Data Source [activeThreads] [activeThreads] Restored to Normal Threshold with Value 288'),
 (603,1326124229,2,19,4,'','7',5,0,'NORMAL: WL Thread neos2p Data Source [hoogingThreads] [hoogingThreads] Restored to Normal Threshold with Value 7'),
 (602,1326124228,2,18,2,'','10',5,0,'NORMAL: WL Thread neos1p Data Source [hoogingThreads] [hoogingThreads] Restored to Normal Threshold with Value 10'),
 (596,1325985084,2,18,2,'','1',5,0,'NORMAL: WL Thread neos1p Data Source [hoogingThreads] [hoogingThreads] Restored to Normal Threshold with Value 1'),
 (597,1326063988,2,18,2,'','6',5,0,'NORMAL: WL Thread neos1p Data Source [hoogingThreads] [hoogingThreads] Restored to Normal Threshold with Value 6'),
 (595,1325963848,2,18,2,'','0',5,0,'NORMAL: WL Thread neos1p Data Source [hoogingThreads] [hoogingThreads] Restored to Normal Threshold with Value 0'),
 (598,1326113162,2,18,2,'','13',5,0,'NORMAL: WL Thread neos1p Data Source [hoogingThreads] [hoogingThreads] Restored to Normal Threshold with Value 13'),
 (599,1326122431,2,18,2,'','1',5,0,'NORMAL: WL Thread neos1p Data Source [hoogingThreads] [hoogingThreads] Restored to Normal Threshold with Value 1'),
 (600,1326123990,2,18,2,'30','111',4,0,'ALERT: WL Thread neos1p Data Source [hoogingThreads] [hoogingThreads] went above threshold of 30 with 111'),
 (601,1326123990,2,19,4,'30','137',4,0,'ALERT: WL Thread neos2p Data Source [hoogingThreads] [hoogingThreads] went above threshold of 30 with 137'),
 (626,1326297485,4,23,13,'','393',5,0,'NORMAL: WL Thread ppo1p Data Source [activeThreads] [activeThreads] Restored to Normal Threshold with Value 393'),
 (638,1326313056,4,23,10,'20','23',2,0,'ALERT: WL Thread ppo1p Data Source [hoogingThreads] [hoogingThreads] is still above threshold of 20 with 23'),
 (637,1326313056,4,36,18,'20','22',2,0,'ALERT: WL Thread ppo3p Data Source [hoogingThreads] [hoogingThreads] is still above threshold of 20 with 22'),
 (639,1326320787,4,36,18,'20','22',2,0,'ALERT: WL Thread ppo3p Data Source [hoogingThreads] [hoogingThreads] is still above threshold of 20 with 22'),
 (677,1326449617,4,23,10,'20','24',2,0,'ALERT: WL Thread ppo1p Data Source [hoogingThreads] [hoogingThreads] is still above threshold of 20 with 24'),
 (659,1326373920,4,23,10,'20','23',2,0,'ALERT: WL Thread ppo1p Data Source [hoogingThreads] [hoogingThreads] is still above threshold of 20 with 23'),
 (658,1326373919,4,36,18,'20','26',2,0,'ALERT: WL Thread ppo3p Data Source [hoogingThreads] [hoogingThreads] is still above threshold of 20 with 26'),
 (676,1326449616,4,36,18,'20','22',2,0,'ALERT: WL Thread ppo3p Data Source [hoogingThreads] [hoogingThreads] is still above threshold of 20 with 22'),
 (675,1326442346,4,23,10,'20','24',2,0,'ALERT: WL Thread ppo1p Data Source [hoogingThreads] [hoogingThreads] is still above threshold of 20 with 24'),
 (674,1326442346,4,36,18,'20','23',2,0,'ALERT: WL Thread ppo3p Data Source [hoogingThreads] [hoogingThreads] is still above threshold of 20 with 23'),
 (673,1326435147,4,23,10,'20','23',2,0,'ALERT: WL Thread ppo1p Data Source [hoogingThreads] [hoogingThreads] is still above threshold of 20 with 23'),
 (672,1326435146,4,36,18,'20','22',2,0,'ALERT: WL Thread ppo3p Data Source [hoogingThreads] [hoogingThreads] is still above threshold of 20 with 22'),
 (671,1326427942,4,23,10,'20','23',2,0,'ALERT: WL Thread ppo1p Data Source [hoogingThreads] [hoogingThreads] is still above threshold of 20 with 23'),
 (670,1326427942,4,36,18,'20','22',2,0,'ALERT: WL Thread ppo3p Data Source [hoogingThreads] [hoogingThreads] is still above threshold of 20 with 22'),
 (669,1326420743,4,23,10,'20','24',2,0,'ALERT: WL Thread ppo1p Data Source [hoogingThreads] [hoogingThreads] is still above threshold of 20 with 24'),
 (668,1326420743,4,36,18,'20','22',2,0,'ALERT: WL Thread ppo3p Data Source [hoogingThreads] [hoogingThreads] is still above threshold of 20 with 22'),
 (661,1326384870,4,23,10,'20','23',2,0,'ALERT: WL Thread ppo1p Data Source [hoogingThreads] [hoogingThreads] is still above threshold of 20 with 23'),
 (660,1326384870,4,36,18,'20','23',2,0,'ALERT: WL Thread ppo3p Data Source [hoogingThreads] [hoogingThreads] is still above threshold of 20 with 23'),
 (663,1326398137,4,23,10,'20','23',2,0,'ALERT: WL Thread ppo1p Data Source [hoogingThreads] [hoogingThreads] is still above threshold of 20 with 23'),
 (662,1326398136,4,36,18,'20','22',2,0,'ALERT: WL Thread ppo3p Data Source [hoogingThreads] [hoogingThreads] is still above threshold of 20 with 22'),
 (665,1326406381,4,23,10,'20','23',2,0,'ALERT: WL Thread ppo1p Data Source [hoogingThreads] [hoogingThreads] is still above threshold of 20 with 23'),
 (664,1326406381,4,36,18,'20','22',2,0,'ALERT: WL Thread ppo3p Data Source [hoogingThreads] [hoogingThreads] is still above threshold of 20 with 22'),
 (667,1326413551,4,23,10,'20','23',2,0,'ALERT: WL Thread ppo1p Data Source [hoogingThreads] [hoogingThreads] is still above threshold of 20 with 23'),
 (666,1326413551,4,36,18,'20','23',2,0,'ALERT: WL Thread ppo3p Data Source [hoogingThreads] [hoogingThreads] is still above threshold of 20 with 23'),
 (684,1326478645,4,36,18,'20','22',2,0,'ALERT: WL Thread ppo3p Data Source [hoogingThreads] [hoogingThreads] is still above threshold of 20 with 22'),
 (686,1326479390,2,18,2,'','28',5,0,'NORMAL: WL Thread neos1p Data Source [hoogingThreads] [hoogingThreads] Restored to Normal Threshold with Value 28'),
 (688,1326486641,4,23,10,'20','23',2,0,'ALERT: WL Thread ppo1p Data Source [hoogingThreads] [hoogingThreads] is still above threshold of 20 with 23'),
 (687,1326486641,4,36,18,'20','23',2,0,'ALERT: WL Thread ppo3p Data Source [hoogingThreads] [hoogingThreads] is still above threshold of 20 with 23'),
 (696,1326508227,4,23,10,'20','23',2,0,'ALERT: WL Thread ppo1p Data Source [hoogingThreads] [hoogingThreads] is still above threshold of 20 with 23'),
 (690,1326493834,4,23,10,'20','24',2,0,'ALERT: WL Thread ppo1p Data Source [hoogingThreads] [hoogingThreads] is still above threshold of 20 with 24'),
 (689,1326493829,4,36,18,'20','22',2,0,'ALERT: WL Thread ppo3p Data Source [hoogingThreads] [hoogingThreads] is still above threshold of 20 with 22'),
 (691,1326495989,2,18,2,'','2',5,0,'NORMAL: WL Thread neos1p Data Source [hoogingThreads] [hoogingThreads] Restored to Normal Threshold with Value 2'),
 (695,1326508225,4,36,18,'20','22',2,0,'ALERT: WL Thread ppo3p Data Source [hoogingThreads] [hoogingThreads] is still above threshold of 20 with 22'),
 (694,1326501028,4,23,10,'20','24',2,0,'ALERT: WL Thread ppo1p Data Source [hoogingThreads] [hoogingThreads] is still above threshold of 20 with 24'),
 (692,1326497362,2,18,2,'','24',5,0,'NORMAL: WL Thread neos1p Data Source [hoogingThreads] [hoogingThreads] Restored to Normal Threshold with Value 24'),
 (693,1326501027,4,36,18,'20','22',2,0,'ALERT: WL Thread ppo3p Data Source [hoogingThreads] [hoogingThreads] is still above threshold of 20 with 22'),
 (702,1326529839,4,23,10,'20','24',2,0,'ALERT: WL Thread ppo1p Data Source [hoogingThreads] [hoogingThreads] is still above threshold of 20 with 24'),
 (701,1326529837,4,36,18,'20','23',2,0,'ALERT: WL Thread ppo3p Data Source [hoogingThreads] [hoogingThreads] is still above threshold of 20 with 23'),
 (742,1326591028,2,18,2,'','26',5,0,'NORMAL: WL Thread neos1p Data Source [hoogingThreads] [hoogingThreads] Restored to Normal Threshold with Value 26'),
 (741,1326590543,2,18,2,'','29',5,0,'NORMAL: WL Thread neos1p Data Source [hoogingThreads] [hoogingThreads] Restored to Normal Threshold with Value 29'),
 (740,1326590184,2,18,2,'','28',5,0,'NORMAL: WL Thread neos1p Data Source [hoogingThreads] [hoogingThreads] Restored to Normal Threshold with Value 28'),
 (739,1326589944,2,18,2,'','28',5,0,'NORMAL: WL Thread neos1p Data Source [hoogingThreads] [hoogingThreads] Restored to Normal Threshold with Value 28'),
 (706,1326546811,4,23,10,'20','23',2,0,'ALERT: WL Thread ppo1p Data Source [hoogingThreads] [hoogingThreads] is still above threshold of 20 with 23'),
 (705,1326546810,4,36,18,'20','22',2,0,'ALERT: WL Thread ppo3p Data Source [hoogingThreads] [hoogingThreads] is still above threshold of 20 with 22'),
 (738,1326589587,2,18,2,'','29',5,0,'NORMAL: WL Thread neos1p Data Source [hoogingThreads] [hoogingThreads] Restored to Normal Threshold with Value 29'),
 (737,1326589344,2,18,2,'','29',5,0,'NORMAL: WL Thread neos1p Data Source [hoogingThreads] [hoogingThreads] Restored to Normal Threshold with Value 29'),
 (736,1326589224,2,18,2,'','26',5,0,'NORMAL: WL Thread neos1p Data Source [hoogingThreads] [hoogingThreads] Restored to Normal Threshold with Value 26'),
 (735,1326589042,2,18,2,'','28',5,0,'NORMAL: WL Thread neos1p Data Source [hoogingThreads] [hoogingThreads] Restored to Normal Threshold with Value 28'),
 (734,1326588559,2,18,2,'','30',5,0,'NORMAL: WL Thread neos1p Data Source [hoogingThreads] [hoogingThreads] Restored to Normal Threshold with Value 30'),
 (708,1326554071,4,23,10,'20','23',2,0,'ALERT: WL Thread ppo1p Data Source [hoogingThreads] [hoogingThreads] is still above threshold of 20 with 23'),
 (707,1326554071,4,36,18,'20','23',2,0,'ALERT: WL Thread ppo3p Data Source [hoogingThreads] [hoogingThreads] is still above threshold of 20 with 23'),
 (733,1326588027,2,18,2,'','24',5,0,'NORMAL: WL Thread neos1p Data Source [hoogingThreads] [hoogingThreads] Restored to Normal Threshold with Value 24'),
 (732,1326587060,2,19,4,'','28',5,0,'NORMAL: WL Thread neos2p Data Source [hoogingThreads] [hoogingThreads] Restored to Normal Threshold with Value 28'),
 (731,1326586583,2,18,2,'30','54',4,0,'ALERT: WL Thread neos1p Data Source [hoogingThreads] [hoogingThreads] went above threshold of 30 with 54'),
 (710,1326561286,4,23,10,'20','23',2,0,'ALERT: WL Thread ppo1p Data Source [hoogingThreads] [hoogingThreads] is still above threshold of 20 with 23'),
 (709,1326561286,4,36,18,'20','22',2,0,'ALERT: WL Thread ppo3p Data Source [hoogingThreads] [hoogingThreads] is still above threshold of 20 with 22'),
 (730,1326586531,4,23,13,'1','0',4,0,'ALERT: WL Thread ppo1p Data Source [activeThreads] [activeThreads] went below threshold of 1 with 0'),
 (729,1326586284,2,19,4,'30','43',4,0,'ALERT: WL Thread neos2p Data Source [hoogingThreads] [hoogingThreads] went above threshold of 30 with 43'),
 (728,1326585984,2,18,2,'','29',5,0,'NORMAL: WL Thread neos1p Data Source [hoogingThreads] [hoogingThreads] Restored to Normal Threshold with Value 29'),
 (727,1326585893,4,26,9,'','6',5,0,'NORMAL: WL Thread ppo4p Data Source [hoogingThreads] [hoogingThreads] Restored to Normal Threshold with Value 6'),
 (726,1326585817,4,26,9,'20','181',4,0,'ALERT: WL Thread ppo4p Data Source [hoogingThreads] [hoogingThreads] went above threshold of 20 with 181'),
 (725,1326585816,2,18,2,'','27',5,0,'NORMAL: WL Thread neos1p Data Source [hoogingThreads] [hoogingThreads] Restored to Normal Threshold with Value 27'),
 (724,1326585758,4,24,11,'','12',5,0,'NORMAL: WL Thread ppo2p Data Source [hoogingThreads] [hoogingThreads] Restored to Normal Threshold with Value 12'),
 (723,1326585703,4,24,11,'20','26',4,0,'ALERT: WL Thread ppo2p Data Source [hoogingThreads] [hoogingThreads] went above threshold of 20 with 26'),
 (722,1326585082,4,24,14,'','14',5,0,'NORMAL: WL Thread ppo2p Data Source [activeThreads] [activeThreads] Restored to Normal Threshold with Value 14'),
 (712,1326568477,4,23,10,'20','23',2,0,'ALERT: WL Thread ppo1p Data Source [hoogingThreads] [hoogingThreads] is still above threshold of 20 with 23'),
 (711,1326568476,4,36,18,'20','22',2,0,'ALERT: WL Thread ppo3p Data Source [hoogingThreads] [hoogingThreads] is still above threshold of 20 with 22'),
 (721,1326584962,4,25,15,'','5',5,0,'NORMAL: WL Thread ppo3p Data Source [activeThreads] [activeThreads] Restored to Normal Threshold with Value 5'),
 (720,1326584727,4,25,15,'1','0',4,0,'ALERT: WL Thread ppo3p Data Source [activeThreads] [activeThreads] went below threshold of 1 with 0'),
 (719,1326584660,4,24,14,'1','0',4,0,'ALERT: WL Thread ppo2p Data Source [activeThreads] [activeThreads] went below threshold of 1 with 0'),
 (718,1326583762,4,26,9,'','0',5,0,'NORMAL: WL Thread ppo4p Data Source [hoogingThreads] [hoogingThreads] Restored to Normal Threshold with Value 0'),
 (714,1326575675,4,23,10,'20','23',2,0,'ALERT: WL Thread ppo1p Data Source [hoogingThreads] [hoogingThreads] is still above threshold of 20 with 23'),
 (713,1326575675,4,36,18,'20','22',2,0,'ALERT: WL Thread ppo3p Data Source [hoogingThreads] [hoogingThreads] is still above threshold of 20 with 22'),
 (717,1326583704,4,26,9,'20','256',4,0,'ALERT: WL Thread ppo4p Data Source [hoogingThreads] [hoogingThreads] went above threshold of 20 with 256'),
 (716,1326582864,4,23,10,'','0',5,0,'NORMAL: WL Thread ppo1p Data Source [hoogingThreads] [hoogingThreads] Restored to Normal Threshold with Value 0'),
 (715,1326582863,4,36,18,'','0',5,0,'NORMAL: WL Thread ppo3p Data Source [hoogingThreads] [hoogingThreads] Restored to Normal Threshold with Value 0'),
 (786,1326934761,2,18,2,'','23',5,0,'NORMAL: WL Thread neos1p Data Source [hoogingThreads] [hoogingThreads] Restored to Normal Threshold with Value 23'),
 (781,1326932000,4,26,9,'','4',5,0,'NORMAL: WL Thread ppo4p Data Source [hoogingThreads] [hoogingThreads] Restored to Normal Threshold with Value 4'),
 (780,1326931895,4,23,13,'1','0',4,0,'ALERT: WL Thread ppo1p Data Source [activeThreads] [activeThreads] went below threshold of 1 with 0'),
 (779,1326931787,4,24,11,'','14',5,0,'NORMAL: WL Thread ppo2p Data Source [hoogingThreads] [hoogingThreads] Restored to Normal Threshold with Value 14'),
 (778,1326931786,4,26,9,'20','128',4,0,'ALERT: WL Thread ppo4p Data Source [hoogingThreads] [hoogingThreads] went above threshold of 20 with 128'),
 (777,1326931706,4,24,11,'20','146',4,0,'ALERT: WL Thread ppo2p Data Source [hoogingThreads] [hoogingThreads] went above threshold of 20 with 146'),
 (776,1326931227,2,18,2,'30','69',4,0,'ALERT: WL Thread neos1p Data Source [hoogingThreads] [hoogingThreads] went above threshold of 30 with 69'),
 (775,1326931163,2,19,4,'30','70',4,0,'ALERT: WL Thread neos2p Data Source [hoogingThreads] [hoogingThreads] went above threshold of 30 with 70'),
 (770,1326909155,2,19,4,'','15',5,0,'NORMAL: WL Thread neos2p Data Source [hoogingThreads] [hoogingThreads] Restored to Normal Threshold with Value 15'),
 (749,1326641132,2,21,20,'1','0',4,0,'ALERT: WL Thread neosweb1p Data Source [activeThreads] [activeThreads] went below threshold of 1 with 0'),
 (748,1326641131,2,19,19,'1','0',4,0,'ALERT: WL Thread neos2p Data Source [activeThreads] [activeThreads] went below threshold of 1 with 0'),
 (747,1326641129,2,18,17,'1','0',4,0,'ALERT: WL Thread neos1p Data Source [activeThreads] [activeThreads] went below threshold of 1 with 0'),
 (746,1326641062,2,22,21,'1','0',4,0,'ALERT: WL Thread neosweb2p Data Source [activeThreads] [activeThreads] went below threshold of 1 with 0'),
 (769,1326909155,2,18,2,'','10',5,0,'NORMAL: WL Thread neos1p Data Source [hoogingThreads] [hoogingThreads] Restored to Normal Threshold with Value 10'),
 (768,1326903573,2,19,4,'30','203',4,0,'ALERT: WL Thread neos2p Data Source [hoogingThreads] [hoogingThreads] went above threshold of 30 with 203'),
 (767,1326903573,2,18,2,'30','215',4,0,'ALERT: WL Thread neos1p Data Source [hoogingThreads] [hoogingThreads] went above threshold of 30 with 215'),
 (766,1326902793,2,19,4,'','9',5,0,'NORMAL: WL Thread neos2p Data Source [hoogingThreads] [hoogingThreads] Restored to Normal Threshold with Value 9'),
 (765,1326902792,2,18,2,'','3',5,0,'NORMAL: WL Thread neos1p Data Source [hoogingThreads] [hoogingThreads] Restored to Normal Threshold with Value 3'),
 (764,1326898290,2,18,2,'30','335',4,0,'ALERT: WL Thread neos1p Data Source [hoogingThreads] [hoogingThreads] went above threshold of 30 with 335'),
 (751,1326727714,6,90,5,'','0',5,0,'NORMAL: Page areaprivada-URL1 Response Time DS [time] [time] Restored to Normal Threshold with Value 0'),
 (750,1326727597,6,90,5,'3','8.507',3,0,'WARNING: Page areaprivada-URL1 Response Time DS [time] [time] went above threshold of 3 with 8.507'),
 (763,1326898232,2,19,4,'30','211',4,0,'ALERT: WL Thread neos2p Data Source [hoogingThreads] [hoogingThreads] went above threshold of 30 with 211'),
 (762,1326884072,2,18,2,'','4',5,0,'NORMAL: WL Thread neos1p Data Source [hoogingThreads] [hoogingThreads] Restored to Normal Threshold with Value 4'),
 (761,1326881734,2,18,2,'','27',5,0,'NORMAL: WL Thread neos1p Data Source [hoogingThreads] [hoogingThreads] Restored to Normal Threshold with Value 27'),
 (760,1326880900,2,19,4,'','20',5,0,'NORMAL: WL Thread neos2p Data Source [hoogingThreads] [hoogingThreads] Restored to Normal Threshold with Value 20'),
 (759,1326880899,2,18,2,'','24',5,0,'NORMAL: WL Thread neos1p Data Source [hoogingThreads] [hoogingThreads] Restored to Normal Threshold with Value 24'),
 (758,1326880165,2,19,4,'30','90',4,0,'ALERT: WL Thread neos2p Data Source [hoogingThreads] [hoogingThreads] went above threshold of 30 with 90'),
 (757,1326880164,2,18,2,'30','161',4,0,'ALERT: WL Thread neos1p Data Source [hoogingThreads] [hoogingThreads] went above threshold of 30 with 161'),
 (756,1326879449,2,18,2,'','18',5,0,'NORMAL: WL Thread neos1p Data Source [hoogingThreads] [hoogingThreads] Restored to Normal Threshold with Value 18'),
 (755,1326873087,2,22,21,'','33',5,0,'NORMAL: WL Thread neosweb2p Data Source [activeThreads] [activeThreads] Restored to Normal Threshold with Value 33'),
 (754,1326873087,2,21,20,'','93',5,0,'NORMAL: WL Thread neosweb1p Data Source [activeThreads] [activeThreads] Restored to Normal Threshold with Value 93'),
 (753,1326873086,2,19,19,'','217',5,0,'NORMAL: WL Thread neos2p Data Source [activeThreads] [activeThreads] Restored to Normal Threshold with Value 217'),
 (752,1326873086,2,18,17,'','211',5,0,'NORMAL: WL Thread neos1p Data Source [activeThreads] [activeThreads] Restored to Normal Threshold with Value 211'),
 (774,1326930384,4,24,11,'','4',5,0,'NORMAL: WL Thread ppo2p Data Source [hoogingThreads] [hoogingThreads] Restored to Normal Threshold with Value 4'),
 (773,1326930329,4,24,11,'20','201',4,0,'ALERT: WL Thread ppo2p Data Source [hoogingThreads] [hoogingThreads] went above threshold of 20 with 201'),
 (772,1326929904,2,18,2,'','24',5,0,'NORMAL: WL Thread neos1p Data Source [hoogingThreads] [hoogingThreads] Restored to Normal Threshold with Value 24'),
 (771,1326929428,4,23,13,'','7',5,0,'NORMAL: WL Thread ppo1p Data Source [activeThreads] [activeThreads] Restored to Normal Threshold with Value 7'),
 (784,1326934101,2,19,4,'','27',5,0,'NORMAL: WL Thread neos2p Data Source [hoogingThreads] [hoogingThreads] Restored to Normal Threshold with Value 27'),
 (783,1326934043,2,18,2,'','30',5,0,'NORMAL: WL Thread neos1p Data Source [hoogingThreads] [hoogingThreads] Restored to Normal Threshold with Value 30'),
 (782,1326933561,2,18,2,'','26',5,0,'NORMAL: WL Thread neos1p Data Source [hoogingThreads] [hoogingThreads] Restored to Normal Threshold with Value 26'),
 (785,1326934641,2,18,2,'','25',5,0,'NORMAL: WL Thread neos1p Data Source [hoogingThreads] [hoogingThreads] Restored to Normal Threshold with Value 25'),
 (787,1326935061,2,18,2,'','18',5,0,'NORMAL: WL Thread neos1p Data Source [hoogingThreads] [hoogingThreads] Restored to Normal Threshold with Value 18'),
 (788,1326935543,2,18,2,'','18',5,0,'NORMAL: WL Thread neos1p Data Source [hoogingThreads] [hoogingThreads] Restored to Normal Threshold with Value 18'),
 (790,1326964593,2,18,2,'30','165',4,0,'ALERT: WL Thread neos1p Data Source [hoogingThreads] [hoogingThreads] went above threshold of 30 with 165'),
 (789,1326964530,2,19,4,'30','187',4,0,'ALERT: WL Thread neos2p Data Source [hoogingThreads] [hoogingThreads] went above threshold of 30 with 187'),
 (792,1326971186,2,18,2,'30','169',2,0,'ALERT: WL Thread neos1p Data Source [hoogingThreads] [hoogingThreads] is still above threshold of 30 with 169'),
 (791,1326971124,2,19,4,'30','232',2,0,'ALERT: WL Thread neos2p Data Source [hoogingThreads] [hoogingThreads] is still above threshold of 30 with 232'),
 (794,1326971794,2,19,4,'','30',5,0,'NORMAL: WL Thread neos2p Data Source [hoogingThreads] [hoogingThreads] Restored to Normal Threshold with Value 30'),
 (793,1326971794,2,18,2,'','19',5,0,'NORMAL: WL Thread neos1p Data Source [hoogingThreads] [hoogingThreads] Restored to Normal Threshold with Value 19'),
 (795,1326971980,2,18,2,'','8',5,0,'NORMAL: WL Thread neos1p Data Source [hoogingThreads] [hoogingThreads] Restored to Normal Threshold with Value 8'),
 (859,1327565613,4,28,25,'','15',5,0,'NORMAL: WL Thread fewspservices2p Data Source [activeThreads] [activeThreads] Restored to Normal Threshold with Value 15'),
 (858,1327565612,4,27,24,'','8',5,0,'NORMAL: WL Thread fewspservices1p Data Source [activeThreads] [activeThreads] Restored to Normal Threshold with Value 8'),
 (857,1327565612,4,30,23,'','78',5,0,'NORMAL: WL Thread fewspweb2p Data Source [activeThreads] [activeThreads] Restored to Normal Threshold with Value 78'),
 (856,1327565612,4,29,22,'','52',5,0,'NORMAL: WL Thread fewspweb1p Data Source [activeThreads] [activeThreads] Restored to Normal Threshold with Value 52'),
 (855,1327565611,2,21,20,'','131',5,0,'NORMAL: WL Thread neosweb1p Data Source [activeThreads] [activeThreads] Restored to Normal Threshold with Value 131'),
 (854,1327565611,2,19,19,'','16',5,0,'NORMAL: WL Thread neos2p Data Source [activeThreads] [activeThreads] Restored to Normal Threshold with Value 16'),
 (853,1327565610,2,18,17,'','16',5,0,'NORMAL: WL Thread neos1p Data Source [activeThreads] [activeThreads] Restored to Normal Threshold with Value 16'),
 (852,1327565610,4,26,16,'','14',5,0,'NORMAL: WL Thread ppo4p Data Source [activeThreads] [activeThreads] Restored to Normal Threshold with Value 14'),
 (851,1327565610,4,24,14,'','210',5,0,'NORMAL: WL Thread ppo2p Data Source [activeThreads] [activeThreads] Restored to Normal Threshold with Value 210'),
 (850,1327565609,4,25,15,'','12',5,0,'NORMAL: WL Thread ppo3p Data Source [activeThreads] [activeThreads] Restored to Normal Threshold with Value 12'),
 (849,1327565609,4,23,13,'','220',5,0,'NORMAL: WL Thread ppo1p Data Source [activeThreads] [activeThreads] Restored to Normal Threshold with Value 220'),
 (848,1327559418,4,28,25,'1','0',4,0,'ALERT: WL Thread fewspservices2p Data Source [activeThreads] [activeThreads] went below threshold of 1 with 0'),
 (847,1327559417,4,27,24,'1','0',4,0,'ALERT: WL Thread fewspservices1p Data Source [activeThreads] [activeThreads] went below threshold of 1 with 0'),
 (846,1327559416,4,30,23,'1','0',4,0,'ALERT: WL Thread fewspweb2p Data Source [activeThreads] [activeThreads] went below threshold of 1 with 0'),
 (845,1327559416,2,22,21,'1','0',4,0,'ALERT: WL Thread neosweb2p Data Source [activeThreads] [activeThreads] went below threshold of 1 with 0'),
 (844,1327559415,2,21,20,'1','0',4,0,'ALERT: WL Thread neosweb1p Data Source [activeThreads] [activeThreads] went below threshold of 1 with 0'),
 (843,1327559415,2,19,19,'1','0',4,0,'ALERT: WL Thread neos2p Data Source [activeThreads] [activeThreads] went below threshold of 1 with 0'),
 (842,1327559414,2,18,17,'1','0',4,0,'ALERT: WL Thread neos1p Data Source [activeThreads] [activeThreads] went below threshold of 1 with 0'),
 (841,1327559413,4,25,15,'1','0',4,0,'ALERT: WL Thread ppo3p Data Source [activeThreads] [activeThreads] went below threshold of 1 with 0'),
 (840,1327559355,4,29,22,'1','0',4,0,'ALERT: WL Thread fewspweb1p Data Source [activeThreads] [activeThreads] went below threshold of 1 with 0'),
 (839,1327559354,4,26,16,'1','0',4,0,'ALERT: WL Thread ppo4p Data Source [activeThreads] [activeThreads] went below threshold of 1 with 0'),
 (823,1327194022,2,18,2,'','18',5,0,'NORMAL: WL Thread neos1p Data Source [hoogingThreads] [hoogingThreads] Restored to Normal Threshold with Value 18'),
 (822,1327193420,2,18,2,'','28',5,0,'NORMAL: WL Thread neos1p Data Source [hoogingThreads] [hoogingThreads] Restored to Normal Threshold with Value 28'),
 (821,1327192943,2,18,2,'','25',5,0,'NORMAL: WL Thread neos1p Data Source [hoogingThreads] [hoogingThreads] Restored to Normal Threshold with Value 25'),
 (820,1327192643,2,18,2,'','26',5,0,'NORMAL: WL Thread neos1p Data Source [hoogingThreads] [hoogingThreads] Restored to Normal Threshold with Value 26'),
 (808,1327104352,4,26,9,'','0',5,0,'NORMAL: WL Thread ppo4p Data Source [hoogingThreads] [hoogingThreads] Restored to Normal Threshold with Value 0'),
 (807,1327103807,4,24,11,'','0',5,0,'NORMAL: WL Thread ppo2p Data Source [hoogingThreads] [hoogingThreads] Restored to Normal Threshold with Value 0'),
 (806,1327103807,4,26,9,'20','143',4,0,'ALERT: WL Thread ppo4p Data Source [hoogingThreads] [hoogingThreads] went above threshold of 20 with 143'),
 (805,1327103520,4,24,11,'20','153',4,0,'ALERT: WL Thread ppo2p Data Source [hoogingThreads] [hoogingThreads] went above threshold of 20 with 153'),
 (804,1327102680,4,24,11,'','7',5,0,'NORMAL: WL Thread ppo2p Data Source [hoogingThreads] [hoogingThreads] Restored to Normal Threshold with Value 7'),
 (803,1327102680,4,26,9,'','3',5,0,'NORMAL: WL Thread ppo4p Data Source [hoogingThreads] [hoogingThreads] Restored to Normal Threshold with Value 3'),
 (802,1327102621,4,24,11,'20','195',4,0,'ALERT: WL Thread ppo2p Data Source [hoogingThreads] [hoogingThreads] went above threshold of 20 with 195'),
 (801,1327102551,4,26,9,'20','246',4,0,'ALERT: WL Thread ppo4p Data Source [hoogingThreads] [hoogingThreads] went above threshold of 20 with 246'),
 (799,1327091246,2,18,2,'','0',5,0,'NORMAL: WL Thread neos1p Data Source [hoogingThreads] [hoogingThreads] Restored to Normal Threshold with Value 0'),
 (796,1327060841,2,18,2,'','8',5,0,'NORMAL: WL Thread neos1p Data Source [hoogingThreads] [hoogingThreads] Restored to Normal Threshold with Value 8'),
 (798,1327089983,2,18,2,'','0',5,0,'NORMAL: WL Thread neos1p Data Source [hoogingThreads] [hoogingThreads] Restored to Normal Threshold with Value 0'),
 (797,1327089299,2,18,2,'30','269',4,0,'ALERT: WL Thread neos1p Data Source [hoogingThreads] [hoogingThreads] went above threshold of 30 with 269'),
 (800,1327101862,4,23,13,'','16',5,0,'NORMAL: WL Thread ppo1p Data Source [activeThreads] [activeThreads] Restored to Normal Threshold with Value 16'),
 (819,1327192402,2,18,2,'','30',5,0,'NORMAL: WL Thread neos1p Data Source [hoogingThreads] [hoogingThreads] Restored to Normal Threshold with Value 30'),
 (818,1327192042,2,18,2,'','27',5,0,'NORMAL: WL Thread neos1p Data Source [hoogingThreads] [hoogingThreads] Restored to Normal Threshold with Value 27'),
 (817,1327191743,2,18,2,'','22',5,0,'NORMAL: WL Thread neos1p Data Source [hoogingThreads] [hoogingThreads] Restored to Normal Threshold with Value 22'),
 (816,1327191561,2,19,4,'','21',5,0,'NORMAL: WL Thread neos2p Data Source [hoogingThreads] [hoogingThreads] Restored to Normal Threshold with Value 21'),
 (815,1327191502,2,18,2,'','23',5,0,'NORMAL: WL Thread neos1p Data Source [hoogingThreads] [hoogingThreads] Restored to Normal Threshold with Value 23'),
 (814,1327189883,2,19,4,'30','55',4,0,'ALERT: WL Thread neos2p Data Source [hoogingThreads] [hoogingThreads] went above threshold of 30 with 55'),
 (813,1327189883,2,18,2,'30','72',4,0,'ALERT: WL Thread neos1p Data Source [hoogingThreads] [hoogingThreads] went above threshold of 30 with 72'),
 (812,1327188982,2,19,4,'','2',5,0,'NORMAL: WL Thread neos2p Data Source [hoogingThreads] [hoogingThreads] Restored to Normal Threshold with Value 2'),
 (811,1327188982,2,18,2,'','28',5,0,'NORMAL: WL Thread neos1p Data Source [hoogingThreads] [hoogingThreads] Restored to Normal Threshold with Value 28'),
 (810,1327188923,2,19,4,'30','126',4,0,'ALERT: WL Thread neos2p Data Source [hoogingThreads] [hoogingThreads] went above threshold of 30 with 126'),
 (809,1327188923,2,18,2,'30','140',4,0,'ALERT: WL Thread neos1p Data Source [hoogingThreads] [hoogingThreads] went above threshold of 30 with 140'),
 (863,1327655678,2,18,2,'','8',5,0,'NORMAL: WL Thread neos1p Data Source [hoogingThreads] [hoogingThreads] Restored to Normal Threshold with Value 8'),
 (864,1327666424,4,26,9,'20','274',4,0,'ALERT: WL Thread ppo4p Data Source [hoogingThreads] [hoogingThreads] went above threshold of 20 with 274'),
 (865,1327666800,4,26,9,'','1',5,0,'NORMAL: WL Thread ppo4p Data Source [hoogingThreads] [hoogingThreads] Restored to Normal Threshold with Value 1'),
 (866,1327713446,2,18,2,'','26',5,0,'NORMAL: WL Thread neos1p Data Source [hoogingThreads] [hoogingThreads] Restored to Normal Threshold with Value 26'),
 (868,1327931797,2,19,4,'30','135',4,0,'ALERT: WL Thread neos2p Data Source [hoogingThreads] [hoogingThreads] went above threshold of 30 with 135'),
 (867,1327931796,2,18,2,'30','125',4,0,'ALERT: WL Thread neos1p Data Source [hoogingThreads] [hoogingThreads] went above threshold of 30 with 125'),
 (887,1328180824,2,18,2,'','23',5,0,'NORMAL: WL Thread neos1p Data Source [hoogingThreads] [hoogingThreads] Restored to Normal Threshold with Value 23'),
 (883,1328141187,4,24,11,'20','303',4,0,'ALERT: WL Thread ppo2p Data Source [hoogingThreads] [hoogingThreads] went above threshold of 20 with 303'),
 (884,1328141309,4,24,11,'','1',5,0,'NORMAL: WL Thread ppo2p Data Source [hoogingThreads] [hoogingThreads] Restored to Normal Threshold with Value 1'),
 (561,1325524067,2,18,2,'','20',5,0,'NORMAL: WL Thread neos1p Data Source [hoogingThreads] [hoogingThreads] Restored to Normal Threshold with Value 20'),
 (562,1325524158,2,18,2,'','29',5,0,'NORMAL: WL Thread neos1p Data Source [hoogingThreads] [hoogingThreads] Restored to Normal Threshold with Value 29'),
 (563,1325524337,2,18,2,'','21',5,0,'NORMAL: WL Thread neos1p Data Source [hoogingThreads] [hoogingThreads] Restored to Normal Threshold with Value 21'),
 (564,1325525963,2,18,2,'','24',5,0,'NORMAL: WL Thread neos1p Data Source [hoogingThreads] [hoogingThreads] Restored to Normal Threshold with Value 24'),
 (565,1325533902,2,18,2,'','22',5,0,'NORMAL: WL Thread neos1p Data Source [hoogingThreads] [hoogingThreads] Restored to Normal Threshold with Value 22'),
 (566,1325574083,6,38,6,'2','2.673',3,0,'WARNING: AWA Performance RES POST Data Source [time] [time] went above threshold of 2 with 2.673'),
 (567,1325574141,6,39,7,'2','2.313',3,0,'WARNING: AWA Performance MULTILINEA Data Source [time] [time] went above threshold of 2 with 2.313'),
 (568,1325574201,6,38,6,'','1.713',5,0,'NORMAL: AWA Performance RES POST Data Source [time] [time] Restored to Normal Threshold with Value 1.713'),
 (569,1325574202,6,39,7,'','1.525',5,0,'NORMAL: AWA Performance MULTILINEA Data Source [time] [time] Restored to Normal Threshold with Value 1.525'),
 (570,1325591960,4,23,10,'20','28',4,0,'ALERT: WL Thread ppo1p Data Source [hoogingThreads] [hoogingThreads] went above threshold of 20 with 28'),
 (571,1325592198,4,26,9,'20','28',4,0,'ALERT: WL Thread ppo4p Data Source [hoogingThreads] [hoogingThreads] went above threshold of 20 with 28'),
 (572,1325592442,4,24,11,'20','42',4,0,'ALERT: WL Thread ppo2p Data Source [hoogingThreads] [hoogingThreads] went above threshold of 20 with 42'),
 (573,1325592495,4,36,18,'20','70',4,0,'ALERT: WL Thread ppo3p Data Source [hoogingThreads] [hoogingThreads] went above threshold of 20 with 70'),
 (574,1325593337,4,36,18,'','16',5,0,'NORMAL: WL Thread ppo3p Data Source [hoogingThreads] [hoogingThreads] Restored to Normal Threshold with Value 16'),
 (575,1325593459,2,18,2,'','23',5,0,'NORMAL: WL Thread neos1p Data Source [hoogingThreads] [hoogingThreads] Restored to Normal Threshold with Value 23'),
 (576,1325593459,4,26,9,'','17',5,0,'NORMAL: WL Thread ppo4p Data Source [hoogingThreads] [hoogingThreads] Restored to Normal Threshold with Value 17'),
 (577,1325593459,4,23,10,'','16',5,0,'NORMAL: WL Thread ppo1p Data Source [hoogingThreads] [hoogingThreads] Restored to Normal Threshold with Value 16'),
 (578,1325593816,4,24,11,'','11',5,0,'NORMAL: WL Thread ppo2p Data Source [hoogingThreads] [hoogingThreads] Restored to Normal Threshold with Value 11'),
 (579,1325594297,2,18,2,'','28',5,0,'NORMAL: WL Thread neos1p Data Source [hoogingThreads] [hoogingThreads] Restored to Normal Threshold with Value 28'),
 (580,1325604034,2,18,2,'','14',5,0,'NORMAL: WL Thread neos1p Data Source [hoogingThreads] [hoogingThreads] Restored to Normal Threshold with Value 14'),
 (581,1325604255,2,18,2,'','0',5,0,'NORMAL: WL Thread neos1p Data Source [hoogingThreads] [hoogingThreads] Restored to Normal Threshold with Value 0'),
 (582,1325610316,2,18,2,'','19',5,0,'NORMAL: WL Thread neos1p Data Source [hoogingThreads] [hoogingThreads] Restored to Normal Threshold with Value 19'),
 (583,1325627475,6,90,5,'3','9.535',3,0,'WARNING: Page areaprivada-URL1 Response Time DS [time] [time] went above threshold of 3 with 9.535'),
 (584,1325660663,6,38,6,'2','2.229',3,0,'WARNING: AWA Performance RES POST Data Source [time] [time] went above threshold of 2 with 2.229'),
 (585,1325660781,6,38,6,'','1.873',5,0,'NORMAL: AWA Performance RES POST Data Source [time] [time] Restored to Normal Threshold with Value 1.873'),
 (586,1325661141,6,39,7,'2','2.384',3,0,'WARNING: AWA Performance MULTILINEA Data Source [time] [time] went above threshold of 2 with 2.384'),
 (587,1325661200,6,39,7,'','1.714',5,0,'NORMAL: AWA Performance MULTILINEA Data Source [time] [time] Restored to Normal Threshold with Value 1.714'),
 (588,1325674096,2,18,2,'','17',5,0,'NORMAL: WL Thread neos1p Data Source [hoogingThreads] [hoogingThreads] Restored to Normal Threshold with Value 17'),
 (589,1325681956,2,18,2,'','6',5,0,'NORMAL: WL Thread neos1p Data Source [hoogingThreads] [hoogingThreads] Restored to Normal Threshold with Value 6'),
 (594,1325747624,6,39,7,'','1.392',5,0,'NORMAL: AWA Performance MULTILINEA Data Source [time] [time] Restored to Normal Threshold with Value 1.392'),
 (607,1326134370,6,90,5,'3','6.133',3,0,'WARNING: Page areaprivada-URL1 Response Time DS [time] [time] went above threshold of 3 with 6.133'),
 (608,1326144454,2,18,2,'','2',5,0,'NORMAL: WL Thread neos1p Data Source [hoogingThreads] [hoogingThreads] Restored to Normal Threshold with Value 2'),
 (609,1326154346,2,18,2,'30','107',4,0,'ALERT: WL Thread neos1p Data Source [hoogingThreads] [hoogingThreads] went above threshold of 30 with 107'),
 (610,1326154346,2,19,4,'30','183',4,0,'ALERT: WL Thread neos2p Data Source [hoogingThreads] [hoogingThreads] went above threshold of 30 with 183'),
 (611,1326155721,2,18,2,'','1',5,0,'NORMAL: WL Thread neos1p Data Source [hoogingThreads] [hoogingThreads] Restored to Normal Threshold with Value 1'),
 (612,1326155722,2,19,4,'','0',5,0,'NORMAL: WL Thread neos2p Data Source [hoogingThreads] [hoogingThreads] Restored to Normal Threshold with Value 0'),
 (613,1326160397,4,25,15,'1','0',4,0,'ALERT: WL Thread ppo3p Data Source [activeThreads] [activeThreads] went below threshold of 1 with 0'),
 (614,1326160397,4,24,14,'1','0',4,0,'ALERT: WL Thread ppo2p Data Source [activeThreads] [activeThreads] went below threshold of 1 with 0'),
 (615,1326160398,4,26,16,'1','0',4,0,'ALERT: WL Thread ppo4p Data Source [activeThreads] [activeThreads] went below threshold of 1 with 0'),
 (616,1326160398,4,29,22,'1','0',4,0,'ALERT: WL Thread fewspweb1p Data Source [activeThreads] [activeThreads] went below threshold of 1 with 0'),
 (617,1326160398,4,30,23,'1','0',4,0,'ALERT: WL Thread fewspweb2p Data Source [activeThreads] [activeThreads] went below threshold of 1 with 0'),
 (618,1326160399,4,27,24,'1','0',4,0,'ALERT: WL Thread fewspservices1p Data Source [activeThreads] [activeThreads] went below threshold of 1 with 0'),
 (619,1326160399,4,28,25,'1','0',4,0,'ALERT: WL Thread fewspservices2p Data Source [activeThreads] [activeThreads] went below threshold of 1 with 0'),
 (620,1326160456,4,23,13,'1','0',4,0,'ALERT: WL Thread ppo1p Data Source [activeThreads] [activeThreads] went below threshold of 1 with 0'),
 (621,1326194544,2,18,2,'','4',5,0,'NORMAL: WL Thread neos1p Data Source [hoogingThreads] [hoogingThreads] Restored to Normal Threshold with Value 4'),
 (622,1326211769,2,18,2,'','17',5,0,'NORMAL: WL Thread neos1p Data Source [hoogingThreads] [hoogingThreads] Restored to Normal Threshold with Value 17'),
 (623,1326212724,2,18,2,'','7',5,0,'NORMAL: WL Thread neos1p Data Source [hoogingThreads] [hoogingThreads] Restored to Normal Threshold with Value 7'),
 (624,1326232100,6,90,5,'3','9.198',3,0,'WARNING: Page areaprivada-URL1 Response Time DS [time] [time] went above threshold of 3 with 9.198'),
 (625,1326232174,6,90,5,'','0',5,0,'NORMAL: Page areaprivada-URL1 Response Time DS [time] [time] Restored to Normal Threshold with Value 0'),
 (628,1326297490,4,24,14,'','45',5,0,'NORMAL: WL Thread ppo2p Data Source [activeThreads] [activeThreads] Restored to Normal Threshold with Value 45'),
 (629,1326297492,4,26,16,'','43',5,0,'NORMAL: WL Thread ppo4p Data Source [activeThreads] [activeThreads] Restored to Normal Threshold with Value 43'),
 (630,1326297494,4,29,22,'','8',5,0,'NORMAL: WL Thread fewspweb1p Data Source [activeThreads] [activeThreads] Restored to Normal Threshold with Value 8'),
 (631,1326297496,4,30,23,'','11',5,0,'NORMAL: WL Thread fewspweb2p Data Source [activeThreads] [activeThreads] Restored to Normal Threshold with Value 11'),
 (632,1326297497,4,27,24,'','8',5,0,'NORMAL: WL Thread fewspservices1p Data Source [activeThreads] [activeThreads] Restored to Normal Threshold with Value 8'),
 (633,1326297500,4,28,25,'','13',5,0,'NORMAL: WL Thread fewspservices2p Data Source [activeThreads] [activeThreads] Restored to Normal Threshold with Value 13'),
 (634,1326300108,2,18,2,'','8',5,0,'NORMAL: WL Thread neos1p Data Source [hoogingThreads] [hoogingThreads] Restored to Normal Threshold with Value 8'),
 (635,1326300633,4,36,18,'20','22',4,0,'ALERT: WL Thread ppo3p Data Source [hoogingThreads] [hoogingThreads] went above threshold of 20 with 22'),
 (636,1326300633,4,23,10,'20','23',4,0,'ALERT: WL Thread ppo1p Data Source [hoogingThreads] [hoogingThreads] went above threshold of 20 with 23'),
 (640,1326320787,4,23,10,'20','23',2,0,'ALERT: WL Thread ppo1p Data Source [hoogingThreads] [hoogingThreads] is still above threshold of 20 with 23'),
 (641,1326323134,2,18,2,'','7',5,0,'NORMAL: WL Thread neos1p Data Source [hoogingThreads] [hoogingThreads] Restored to Normal Threshold with Value 7'),
 (642,1326327201,2,19,4,'30','188',4,0,'ALERT: WL Thread neos2p Data Source [hoogingThreads] [hoogingThreads] went above threshold of 30 with 188'),
 (643,1326327263,2,18,2,'30','166',4,0,'ALERT: WL Thread neos1p Data Source [hoogingThreads] [hoogingThreads] went above threshold of 30 with 166'),
 (644,1326327985,4,36,18,'20','22',2,0,'ALERT: WL Thread ppo3p Data Source [hoogingThreads] [hoogingThreads] is still above threshold of 20 with 22'),
 (645,1326327985,4,23,10,'20','23',2,0,'ALERT: WL Thread ppo1p Data Source [hoogingThreads] [hoogingThreads] is still above threshold of 20 with 23'),
 (646,1326330330,2,18,2,'','19',5,0,'NORMAL: WL Thread neos1p Data Source [hoogingThreads] [hoogingThreads] Restored to Normal Threshold with Value 19'),
 (647,1326330331,2,19,4,'','20',5,0,'NORMAL: WL Thread neos2p Data Source [hoogingThreads] [hoogingThreads] Restored to Normal Threshold with Value 20'),
 (648,1326335181,4,36,18,'20','22',2,0,'ALERT: WL Thread ppo3p Data Source [hoogingThreads] [hoogingThreads] is still above threshold of 20 with 22'),
 (649,1326335181,4,23,10,'20','23',2,0,'ALERT: WL Thread ppo1p Data Source [hoogingThreads] [hoogingThreads] is still above threshold of 20 with 23'),
 (650,1326342382,4,36,18,'20','22',2,0,'ALERT: WL Thread ppo3p Data Source [hoogingThreads] [hoogingThreads] is still above threshold of 20 with 22'),
 (651,1326342383,4,23,10,'20','24',2,0,'ALERT: WL Thread ppo1p Data Source [hoogingThreads] [hoogingThreads] is still above threshold of 20 with 24'),
 (652,1326349587,4,36,18,'20','22',2,0,'ALERT: WL Thread ppo3p Data Source [hoogingThreads] [hoogingThreads] is still above threshold of 20 with 22'),
 (653,1326349587,4,23,10,'20','23',2,0,'ALERT: WL Thread ppo1p Data Source [hoogingThreads] [hoogingThreads] is still above threshold of 20 with 23'),
 (654,1326356855,4,36,18,'20','23',2,0,'ALERT: WL Thread ppo3p Data Source [hoogingThreads] [hoogingThreads] is still above threshold of 20 with 23'),
 (655,1326356857,4,23,10,'20','23',2,0,'ALERT: WL Thread ppo1p Data Source [hoogingThreads] [hoogingThreads] is still above threshold of 20 with 23'),
 (656,1326364434,4,36,18,'20','23',2,0,'ALERT: WL Thread ppo3p Data Source [hoogingThreads] [hoogingThreads] is still above threshold of 20 with 23'),
 (657,1326364435,4,23,10,'20','23',2,0,'ALERT: WL Thread ppo1p Data Source [hoogingThreads] [hoogingThreads] is still above threshold of 20 with 23'),
 (678,1326456865,4,36,18,'20','22',2,0,'ALERT: WL Thread ppo3p Data Source [hoogingThreads] [hoogingThreads] is still above threshold of 20 with 22'),
 (679,1326456866,4,23,10,'20','24',2,0,'ALERT: WL Thread ppo1p Data Source [hoogingThreads] [hoogingThreads] is still above threshold of 20 with 24'),
 (680,1326464150,4,36,18,'20','23',2,0,'ALERT: WL Thread ppo3p Data Source [hoogingThreads] [hoogingThreads] is still above threshold of 20 with 23'),
 (681,1326464150,4,23,10,'20','24',2,0,'ALERT: WL Thread ppo1p Data Source [hoogingThreads] [hoogingThreads] is still above threshold of 20 with 24'),
 (682,1326471447,4,36,18,'20','23',2,0,'ALERT: WL Thread ppo3p Data Source [hoogingThreads] [hoogingThreads] is still above threshold of 20 with 23'),
 (683,1326471448,4,23,10,'20','24',2,0,'ALERT: WL Thread ppo1p Data Source [hoogingThreads] [hoogingThreads] is still above threshold of 20 with 24'),
 (685,1326478646,4,23,10,'20','23',2,0,'ALERT: WL Thread ppo1p Data Source [hoogingThreads] [hoogingThreads] is still above threshold of 20 with 23'),
 (697,1326515429,4,36,18,'20','22',2,0,'ALERT: WL Thread ppo3p Data Source [hoogingThreads] [hoogingThreads] is still above threshold of 20 with 22'),
 (698,1326515430,4,23,10,'20','23',2,0,'ALERT: WL Thread ppo1p Data Source [hoogingThreads] [hoogingThreads] is still above threshold of 20 with 23'),
 (699,1326522631,4,36,18,'20','22',2,0,'ALERT: WL Thread ppo3p Data Source [hoogingThreads] [hoogingThreads] is still above threshold of 20 with 22'),
 (700,1326522632,4,23,10,'20','23',2,0,'ALERT: WL Thread ppo1p Data Source [hoogingThreads] [hoogingThreads] is still above threshold of 20 with 23'),
 (703,1326539371,4,36,18,'20','22',2,0,'ALERT: WL Thread ppo3p Data Source [hoogingThreads] [hoogingThreads] is still above threshold of 20 with 22'),
 (704,1326539371,4,23,10,'20','24',2,0,'ALERT: WL Thread ppo1p Data Source [hoogingThreads] [hoogingThreads] is still above threshold of 20 with 24'),
 (743,1326591144,2,18,2,'','22',5,0,'NORMAL: WL Thread neos1p Data Source [hoogingThreads] [hoogingThreads] Restored to Normal Threshold with Value 22'),
 (744,1326591325,2,18,2,'','18',5,0,'NORMAL: WL Thread neos1p Data Source [hoogingThreads] [hoogingThreads] Restored to Normal Threshold with Value 18'),
 (745,1326591624,2,18,2,'','15',5,0,'NORMAL: WL Thread neos1p Data Source [hoogingThreads] [hoogingThreads] Restored to Normal Threshold with Value 15');
CREATE TABLE  `cacti`.`plugin_thold_template_contact` (
  `template_id` int(12) NOT NULL,
  `contact_id` int(12) NOT NULL,
  KEY `template_id` (`template_id`),
  KEY `contact_id` (`contact_id`)
) ENGINE=MyISAM DEFAULT CHARSET=latin1 COMMENT='Table of Tholds Template Contacts';
CREATE TABLE  `cacti`.`plugin_thold_threshold_contact` (
  `thold_id` int(12) NOT NULL,
  `contact_id` int(12) NOT NULL,
  KEY `thold_id` (`thold_id`),
  KEY `contact_id` (`contact_id`)
) ENGINE=MyISAM DEFAULT CHARSET=latin1 COMMENT='Table of Tholds Threshold Contacts';
CREATE TABLE  `cacti`.`poller` (
  `id` smallint(5) unsigned NOT NULL AUTO_INCREMENT,
  `hostname` varchar(250) NOT NULL DEFAULT '',
  `ip_address` int(11) unsigned NOT NULL DEFAULT '0',
  `last_update` datetime NOT NULL DEFAULT '0000-00-00 00:00:00',
  PRIMARY KEY (`id`)
) ENGINE=MyISAM DEFAULT CHARSET=latin1;
CREATE TABLE  `cacti`.`poller_command` (
  `poller_id` smallint(5) unsigned NOT NULL DEFAULT '0',
  `time` datetime NOT NULL DEFAULT '0000-00-00 00:00:00',
  `action` tinyint(3) unsigned NOT NULL DEFAULT '0',
  `command` varchar(200) NOT NULL DEFAULT '',
  PRIMARY KEY (`poller_id`,`action`,`command`)
) ENGINE=MyISAM DEFAULT CHARSET=latin1;
CREATE TABLE  `cacti`.`poller_item` (
  `local_data_id` mediumint(8) unsigned NOT NULL DEFAULT '0',
  `poller_id` smallint(5) unsigned NOT NULL DEFAULT '0',
  `host_id` mediumint(8) NOT NULL DEFAULT '0',
  `action` tinyint(2) unsigned NOT NULL DEFAULT '1',
  `hostname` varchar(250) NOT NULL DEFAULT '',
  `snmp_community` varchar(100) NOT NULL DEFAULT '',
  `snmp_version` tinyint(1) unsigned NOT NULL DEFAULT '0',
  `snmp_username` varchar(50) NOT NULL DEFAULT '',
  `snmp_password` varchar(50) NOT NULL DEFAULT '',
  `snmp_auth_protocol` varchar(5) NOT NULL DEFAULT '',
  `snmp_priv_passphrase` varchar(200) NOT NULL DEFAULT '',
  `snmp_priv_protocol` varchar(6) NOT NULL DEFAULT '',
  `snmp_context` varchar(64) DEFAULT '',
  `snmp_port` mediumint(5) unsigned NOT NULL DEFAULT '161',
  `snmp_timeout` mediumint(8) unsigned NOT NULL DEFAULT '0',
  `rrd_name` varchar(19) NOT NULL DEFAULT '',
  `rrd_path` varchar(255) NOT NULL DEFAULT '',
  `rrd_num` tinyint(2) unsigned NOT NULL DEFAULT '0',
  `rrd_step` mediumint(8) NOT NULL DEFAULT '300',
  `rrd_next_step` mediumint(8) NOT NULL DEFAULT '0',
  `arg1` text,
  `arg2` varchar(255) DEFAULT NULL,
  `arg3` varchar(255) DEFAULT NULL,
  PRIMARY KEY (`local_data_id`,`rrd_name`),
  KEY `local_data_id` (`local_data_id`),
  KEY `host_id` (`host_id`),
  KEY `rrd_next_step` (`rrd_next_step`),
  KEY `action` (`action`)
) ENGINE=MyISAM DEFAULT CHARSET=latin1;
INSERT INTO `cacti`.`poller_item` VALUES  (3,0,1,1,'127.0.0.1','public',0,'','','MD5','','DES','',161,500,'mem_buffers','/usr/share/cacti/site/rra/localhost_mem_buffers_3.rrd',1,300,120,'perl /usr/share/cacti/site/scripts/linux_memory.pl MemFree:','',''),
 (4,0,1,1,'127.0.0.1','public',0,'','','MD5','','DES','',161,500,'mem_swap','/usr/share/cacti/site/rra/localhost_mem_swap_4.rrd',1,300,120,'perl /usr/share/cacti/site/scripts/linux_memory.pl SwapFree:','',''),
 (5,0,1,1,'127.0.0.1','public',0,'','','MD5','','DES','',161,500,'','/usr/share/cacti/site/rra/localhost_load_1min_5.rrd',1,60,0,'perl /usr/share/cacti/site/scripts/loadavg_multi.pl','',''),
 (6,0,1,1,'127.0.0.1','public',0,'','','MD5','','DES','',161,500,'users','/usr/share/cacti/site/rra/localhost_users_6.rrd',1,300,120,'perl /usr/share/cacti/site/scripts/unix_users.pl ','',''),
 (7,0,1,1,'127.0.0.1','public',0,'','','MD5','','DES','',161,500,'proc','/usr/share/cacti/site/rra/localhost_proc_7.rrd',1,300,120,'perl /usr/share/cacti/site/scripts/unix_processes.pl','',''),
 (108,0,16,1,'weblogp7','public',1,'','','','','','',161,500,'','/usr/share/cacti/site/rra/weblogic_weblogp7_PPOWDS_ppo3p.rrd',1,60,0,'bash /home/swfcfe/MonitoringProject/CactiScripts/cactiWLDataSourceMonitoring.sh PPOW eCareDataSource ppo3p','',''),
 (109,0,16,1,'weblogp7','public',1,'','','','','','',161,500,'','/usr/share/cacti/site/rra/weblogic_weblogp7_PPOWDS_ppo4p.rrd',1,60,0,'bash /home/swfcfe/MonitoringProject/CactiScripts/cactiWLDataSourceMonitoring.sh PPOW eCareDataSource ppo4p','',''),
 (107,0,16,1,'weblogp7','public',1,'','','','','','',161,500,'','/usr/share/cacti/site/rra/weblogic_weblogp7_PPOWDS_ppo2p.rrd',1,60,0,'bash /home/swfcfe/MonitoringProject/CactiScripts/cactiWLDataSourceMonitoring.sh PPOW eCareDataSource ppo2p','',''),
 (101,0,16,1,'weblogp7','public',1,'','','','','','',161,500,'','/usr/share/cacti/site/rra/weblogic_weblogp7_PPOWDS_ppo1p.rrd',1,60,0,'bash /home/swfcfe/MonitoringProject/CactiScripts/cactiWLDataSourceMonitoring.sh PPOW eCareDataSource ppo1p','',''),
 (111,0,15,1,'weblogp5','public',1,'','','','','','',161,500,'','/usr/share/cacti/site/rra/weblogic_weblogp5_NEOSDS_neoswe2p.rrd',1,60,0,'bash /home/swfcfe/MonitoringProject/CactiScripts/cactiWLDataSourceMonitoring.sh NEOS Neos+Web+Datasource neoswe2p','',''),
 (25,0,6,1,'sso.orange.es','public',0,'','','','','','',161,500,'time','/usr/share/cacti/site/rra/awa_RPOST.rrd',1,60,0,'bash /home/swfcfe/MonitoringProject/CactiScripts/cactiAWAPerformance.sh RPOST','',''),
 (99,0,15,1,'weblogp5','public',1,'','','','','','',161,500,'','/usr/share/cacti/site/rra/weblogic_weblogp5_NEOSDS_neos2p.rrd',1,60,0,'bash /home/swfcfe/MonitoringProject/CactiScripts/cactiWLDataSourceMonitoring.sh NEOS Neos+Datasource neos2p','',''),
 (143,0,22,1,'PPOEWLConsole','public',1,'','','','','','',161,500,'','/usr/share/cacti/site/rra/weblogic_PPOE_pposerv2p.rrd',1,60,0,'bash /home/swfcfe/MonitoringProject/CactiScripts/cactiWLThreadMonitoring.sh PPOE pposerv2p','',''),
 (142,0,22,1,'PPOEWLConsole','public',1,'','','','','','',161,500,'','/usr/share/cacti/site/rra/weblogic_PPOE_pposerv1p.rrd',1,60,0,'bash /home/swfcfe/MonitoringProject/CactiScripts/cactiWLThreadMonitoring.sh PPOE pposerv1p','',''),
 (30,0,4,1,'weblogp7','public',0,'','','','','','',161,500,'','/usr/share/cacti/site/rra/weblogic_weblogp7_fewspservices2p.rrd',1,60,0,'bash /home/swfcfe/MonitoringProject/CactiScripts/cactiWLThreadMonitoring.sh FEW fewspservices2p','',''),
 (97,0,15,1,'weblogp5','public',1,'','','','','','',161,500,'','/usr/share/cacti/site/rra/weblogic_weblogp5_NEOSDS_neos1p.rrd',1,60,0,'bash /home/swfcfe/MonitoringProject/CactiScripts/cactiWLDataSourceMonitoring.sh NEOS Neos+Datasource neos1p','',''),
 (31,0,6,1,'sso.orange.es','public',0,'','','','','','',161,500,'time','/usr/share/cacti/site/rra/awa_MULTILINEA.rrd',1,60,0,'bash /home/swfcfe/MonitoringProject/CactiScripts/cactiAWAPerformance.sh MULEMP','',''),
 (93,0,6,1,'sso.orange.es','public',0,'','','','','','',161,500,'time','/usr/share/cacti/site/rra/areaprivada_PRTURL2.rrd',1,60,0,'bash /home/swfcfe/MonitoringProject/CactiScripts/cactiAWAPerformance.sh URL2','',''),
 (94,0,6,1,'sso.orange.es','public',0,'','','','','','',161,500,'time','/usr/share/cacti/site/rra/areaprivada_PRTURL3.rrd',1,60,0,'bash /home/swfcfe/MonitoringProject/CactiScripts/cactiAWAPerformance.sh URL3','',''),
 (95,0,6,1,'sso.orange.es','public',0,'','','','','','',161,500,'time','/usr/share/cacti/site/rra/areaprivada_PRTURL4.rrd',1,60,0,'bash /home/swfcfe/MonitoringProject/CactiScripts/cactiAWAPerformance.sh URL4','',''),
 (96,0,6,1,'sso.orange.es','public',0,'','','','','','',161,500,'time','/usr/share/cacti/site/rra/areaprivada_PRTURL1.rrd',1,60,0,'bash /home/swfcfe/MonitoringProject/CactiScripts/cactiAWAPerformance.sh URL1','',''),
 (119,0,16,1,'weblogp7','public',1,'','','','','','',161,500,'','/usr/share/cacti/site/rra/weblogic_weblogp5_FSPDS_fewspservices1p.rrd',1,60,0,'bash /home/swfcfe/MonitoringProject/CactiScripts/cactiWLDataSourceMonitoring.sh FEW FSP+Datasource fewspservices1p','',''),
 (118,0,16,1,'weblogp7','public',1,'','','','','','',161,500,'','/usr/share/cacti/site/rra/weblogic_weblogp5_FSPDS_fewspservices2p.rrd',1,60,0,'bash /home/swfcfe/MonitoringProject/CactiScripts/cactiWLDataSourceMonitoring.sh FEW FSP+Datasource fewspservices2p','',''),
 (117,0,16,1,'weblogp7','public',1,'','','','','','',161,500,'','/usr/share/cacti/site/rra/weblogic_weblogp5_FSPDS_fewspweb1p.rrd',1,60,0,'bash /home/swfcfe/MonitoringProject/CactiScripts/cactiWLDataSourceMonitoring.sh FEW FSP+Datasource fewspweb1p','',''),
 (116,0,16,1,'weblogp7','public',1,'','','','','','',161,500,'','/usr/share/cacti/site/rra/weblogic_weblogp5_FSPDS_fewspweb2p.rrd',1,60,0,'bash /home/swfcfe/MonitoringProject/CactiScripts/cactiWLDataSourceMonitoring.sh FEW FSP+Datasource fewspweb2p','',''),
 (115,0,16,1,'weblogp7','public',1,'','','','','','',161,500,'','/usr/share/cacti/site/rra/weblogic_weblogp5_FEWDS_fewspweb1p.rrd',1,60,0,'bash /home/swfcfe/MonitoringProject/CactiScripts/cactiWLDataSourceMonitoring.sh FEW Fewsp+Datasource fewspweb1p','',''),
 (114,0,16,1,'weblogp7','public',1,'','','','','','',161,500,'','/usr/share/cacti/site/rra/weblogic_weblogp5_FEWDS_fewspweb2p.rrd',1,60,0,'bash /home/swfcfe/MonitoringProject/CactiScripts/cactiWLDataSourceMonitoring.sh FEW Fewsp+Datasource fewspweb2p','',''),
 (113,0,16,1,'weblogp7','public',1,'','','','','','',161,500,'','/usr/share/cacti/site/rra/weblogic_weblogp5_FEWDS_fewspservices2p.rrd',1,60,0,'bash /home/swfcfe/MonitoringProject/CactiScripts/cactiWLDataSourceMonitoring.sh FEW Fewsp+Datasource fewspservices2p','',''),
 (112,0,16,1,'weblogp7','public',1,'','','','','','',161,500,'','/usr/share/cacti/site/rra/weblogic_weblogp5_FEWDS_fewspservices1p.rrd',1,60,0,'bash /home/swfcfe/MonitoringProject/CactiScripts/cactiWLDataSourceMonitoring.sh FEW Fewsp+Datasource fewspservices1p','',''),
 (110,0,15,1,'weblogp5','public',1,'','','','','','',161,500,'','/usr/share/cacti/site/rra/weblogic_weblogp5_NEOSDS_neoswe1p.rrd',1,60,0,'bash /home/swfcfe/MonitoringProject/CactiScripts/cactiWLDataSourceMonitoring.sh NEOS Neos+Web+Datasource neoswe1p','',''),
 (122,0,12,1,'AOTLXPRWEB04','public',0,'','','','','','',161,500,'','/usr/share/cacti/site/rra/AOTLXPRWEB00004_netstats.rrd',1,60,0,'bash /home/swfcfe/MonitoringProject/CactiScripts/cactiLinuxNetStatData.sh AOTLXPRWEB00004','',''),
 (124,0,11,1,'AOTLXPRWEB03','public',0,'','','','','','',161,500,'','/usr/share/cacti/site/rra/AOTLXPRWEB00003_netstats.rrd',1,60,0,'bash /home/swfcfe/MonitoringProject/CactiScripts/cactiLinuxNetStatData.sh AOTLXPRWEB00003','',''),
 (28,0,4,1,'weblogp7','public',0,'','','','','','',161,500,'','/usr/share/cacti/site/rra/weblogic_weblogp7_fewspweb2p.rrd',1,60,0,'bash /home/swfcfe/MonitoringProject/CactiScripts/cactiWLThreadMonitoring.sh FEW fewspweb2p','',''),
 (29,0,4,1,'weblogp7','public',0,'','','','','','',161,500,'','/usr/share/cacti/site/rra/weblogic_weblogp7_fewspservices1p.rrd',1,60,0,'bash /home/swfcfe/MonitoringProject/CactiScripts/cactiWLThreadMonitoring.sh FEW fewspservices1p','',''),
 (18,0,2,1,'weblogp5','public',0,'','','','','','',161,500,'','/usr/share/cacti/site/rra/weblogic_weblogp5_neos1p.rrd',1,60,0,'bash /home/swfcfe/MonitoringProject/CactiScripts/cactiWLThreadMonitoring.sh NEOS neos1p','',''),
 (17,0,2,1,'weblogp5','public',0,'','','','','','',161,500,'','/usr/share/cacti/site/rra/weblogic_weblogp5_neos2p.rrd',1,60,0,'bash /home/swfcfe/MonitoringProject/CactiScripts/cactiWLThreadMonitoring.sh NEOS neos2p','',''),
 (20,0,2,1,'weblogp5','public',0,'','','','','','',161,500,'','/usr/share/cacti/site/rra/weblogic_weblogp5_neosweb1p.rrd',1,60,0,'bash /home/swfcfe/MonitoringProject/CactiScripts/cactiWLThreadMonitoring.sh NEOS neoswe1p','',''),
 (21,0,2,1,'weblogp5','public',0,'','','','','','',161,500,'','/usr/share/cacti/site/rra/weblogic_weblogp5_neosweb2p.rrd',1,60,0,'bash /home/swfcfe/MonitoringProject/CactiScripts/cactiWLThreadMonitoring.sh NEOS neoswe2p','',''),
 (24,0,4,1,'weblogp7','public',0,'','','','','','',161,500,'','/usr/share/cacti/site/rra/weblogic_weblogp7_ppo3p.rrd',1,60,0,'bash /home/swfcfe/MonitoringProject/CactiScripts/cactiWLThreadMonitoring.sh PPOW ppo3p','',''),
 (22,0,4,1,'weblogp7','public',0,'','','','','','',161,500,'','/usr/share/cacti/site/rra/weblogic_weblogp7_ppo1p.rrd',1,60,0,'bash /home/swfcfe/MonitoringProject/CactiScripts/cactiWLThreadMonitoring.sh PPOW ppo1p','',''),
 (23,0,4,1,'weblogp7','public',0,'','','','','','',161,500,'','/usr/share/cacti/site/rra/weblogic_weblogp7_ppo2p.rrd',1,60,0,'bash /home/swfcfe/MonitoringProject/CactiScripts/cactiWLThreadMonitoring.sh PPOW ppo2p','',''),
 (26,0,4,1,'weblogp7','public',0,'','','','','','',161,500,'','/usr/share/cacti/site/rra/weblogic_weblogp7_ppo4p.rrd',1,60,0,'bash /home/swfcfe/MonitoringProject/CactiScripts/cactiWLThreadMonitoring.sh PPOW ppo4p','',''),
 (27,0,4,1,'weblogp7','public',0,'','','','','','',161,500,'','/usr/share/cacti/site/rra/weblogic_weblogp7_fewspweb1p.rrd',1,60,0,'bash /home/swfcfe/MonitoringProject/CactiScripts/cactiWLThreadMonitoring.sh FEW fewspweb1p','','');
CREATE TABLE  `cacti`.`poller_output` (
  `local_data_id` mediumint(8) unsigned NOT NULL DEFAULT '0',
  `rrd_name` varchar(19) NOT NULL DEFAULT '',
  `time` datetime NOT NULL DEFAULT '0000-00-00 00:00:00',
  `output` text NOT NULL,
  PRIMARY KEY (`local_data_id`,`rrd_name`,`time`)
) ENGINE=MyISAM DEFAULT CHARSET=latin1;
CREATE TABLE  `cacti`.`poller_output_boost` (
  `local_data_id` mediumint(8) unsigned NOT NULL DEFAULT '0',
  `rrd_name` varchar(19) NOT NULL DEFAULT '',
  `time` datetime NOT NULL DEFAULT '0000-00-00 00:00:00',
  `output` varchar(512) NOT NULL,
  PRIMARY KEY (`local_data_id`,`time`,`rrd_name`) USING BTREE
) ENGINE=MEMORY DEFAULT CHARSET=latin1;
CREATE TABLE  `cacti`.`poller_output_boost_processes` (
  `sock_int_value` bigint(20) unsigned NOT NULL AUTO_INCREMENT,
  `status` varchar(255) DEFAULT NULL,
  PRIMARY KEY (`sock_int_value`)
) ENGINE=MEMORY DEFAULT CHARSET=latin1;
CREATE TABLE  `cacti`.`poller_reindex` (
  `host_id` mediumint(8) unsigned NOT NULL DEFAULT '0',
  `data_query_id` mediumint(8) unsigned NOT NULL DEFAULT '0',
  `action` tinyint(3) unsigned NOT NULL DEFAULT '0',
  `op` char(1) NOT NULL DEFAULT '',
  `assert_value` varchar(100) NOT NULL DEFAULT '',
  `arg1` varchar(255) NOT NULL DEFAULT '',
  PRIMARY KEY (`host_id`,`data_query_id`,`arg1`)
) ENGINE=MyISAM DEFAULT CHARSET=latin1;
INSERT INTO `cacti`.`poller_reindex` VALUES  (15,1,0,'<','956504119','.1.3.6.1.2.1.1.3.0'),
 (16,1,0,'<','2707330530','.1.3.6.1.2.1.1.3.0');
CREATE TABLE  `cacti`.`poller_time` (
  `id` mediumint(8) unsigned NOT NULL AUTO_INCREMENT,
  `pid` int(11) unsigned NOT NULL DEFAULT '0',
  `poller_id` smallint(5) unsigned NOT NULL DEFAULT '0',
  `start_time` datetime NOT NULL DEFAULT '0000-00-00 00:00:00',
  `end_time` datetime NOT NULL DEFAULT '0000-00-00 00:00:00',
  PRIMARY KEY (`id`)
) ENGINE=MyISAM AUTO_INCREMENT=3 DEFAULT CHARSET=latin1;
INSERT INTO `cacti`.`poller_time` VALUES  (1,19525,0,'2012-02-02 18:02:01','0000-00-00 00:00:00'),
 (2,19528,0,'2012-02-02 18:02:02','2012-02-02 18:02:03');
CREATE TABLE  `cacti`.`rra` (
  `id` mediumint(8) unsigned NOT NULL AUTO_INCREMENT,
  `hash` varchar(32) NOT NULL DEFAULT '',
  `name` varchar(100) NOT NULL DEFAULT '',
  `x_files_factor` double NOT NULL DEFAULT '0.1',
  `steps` mediumint(8) DEFAULT '1',
  `rows` int(12) NOT NULL DEFAULT '600',
  `timespan` int(12) unsigned NOT NULL DEFAULT '0',
  PRIMARY KEY (`id`)
) ENGINE=MyISAM AUTO_INCREMENT=11 DEFAULT CHARSET=latin1;
INSERT INTO `cacti`.`rra` VALUES  (1,'c21df5178e5c955013591239eb0afd46','Daily (5 Minute Average)',0.5,1,600,86400),
 (2,'0d9c0af8b8acdc7807943937b3208e29','Weekly (30 Minute Average)',0.5,6,700,604800),
 (3,'6fc2d038fb42950138b0ce3e9874cc60','Monthly (2 Hour Average)',0.5,24,775,2678400),
 (4,'e36f3adb9f152adfa5dc50fd2b23337e','Yearly (1 Day Average)',0.5,288,797,33053184),
 (5,'283ea2bf1634d92ce081ec82a634f513','Hourly (1 Minute Average)',0.5,1,500,14400);
CREATE TABLE  `cacti`.`rra_cf` (
  `rra_id` mediumint(8) unsigned NOT NULL DEFAULT '0',
  `consolidation_function_id` smallint(5) unsigned NOT NULL DEFAULT '0',
  PRIMARY KEY (`rra_id`,`consolidation_function_id`),
  KEY `rra_id` (`rra_id`)
) ENGINE=MyISAM DEFAULT CHARSET=latin1;
INSERT INTO `cacti`.`rra_cf` VALUES  (1,1),
 (1,3),
 (1,4),
 (2,1),
 (2,3),
 (2,4),
 (3,1),
 (3,3),
 (3,4),
 (4,1),
 (4,3),
 (4,4),
 (5,1),
 (5,3),
 (5,4);
CREATE TABLE  `cacti`.`settings` (
  `name` varchar(50) NOT NULL DEFAULT '',
  `value` varchar(1024) NOT NULL DEFAULT '',
  PRIMARY KEY (`name`)
) ENGINE=MyISAM DEFAULT CHARSET=latin1;
INSERT INTO `cacti`.`settings` VALUES  ('poller_lastrun','1328202121'),
 ('path_webroot','/usr/share/cacti/site'),
 ('date','2012-02-02 18:02:03'),
 ('path_rrdtool','/usr/bin/rrdtool'),
 ('path_php_binary','/usr/bin/php'),
 ('path_snmpwalk','/usr/bin/snmpwalk'),
 ('path_snmpget','/usr/bin/snmpget'),
 ('path_snmpbulkwalk','/usr/bin/snmpbulkwalk'),
 ('path_snmpgetnext','/usr/bin/snmpgetnext'),
 ('path_cactilog','/var/log/cacti/cacti.log'),
 ('snmp_version','net-snmp'),
 ('rrdtool_version','rrd-1.4.x'),
 ('stats_poller','Time:58.0474 Method:spine Processes:1 Threads:16 Hosts:23 HostsPerProcess:23 DataSources:39 RRDsProcessed:19'),
 ('stats_recache','RecacheTime:0.0 HostsRecached:0'),
 ('poller_enabled','on'),
 ('poller_type','2'),
 ('poller_interval','60'),
 ('cron_interval','60'),
 ('concurrent_processes','1'),
 ('process_leveling','on'),
 ('max_threads','16'),
 ('php_servers','1'),
 ('script_timeout','30'),
 ('max_get_size','2'),
 ('availability_method','4'),
 ('ping_method','1'),
 ('ping_port','23'),
 ('ping_timeout','400'),
 ('ping_retries','1'),
 ('ping_failure_count','2'),
 ('ping_recovery_count','3'),
 ('log_destination','1'),
 ('log_snmp','on'),
 ('log_graph','on'),
 ('log_export','on'),
 ('log_verbosity','3'),
 ('log_pstats',''),
 ('log_pwarn','on'),
 ('log_perror','on'),
 ('snmp_ver','1'),
 ('snmp_community','public'),
 ('snmp_username',''),
 ('snmp_password',''),
 ('snmp_auth_protocol','MD5'),
 ('snmp_priv_passphrase',''),
 ('snmp_priv_protocol','DES'),
 ('snmp_timeout','500'),
 ('snmp_port','161'),
 ('snmp_retries','3'),
 ('reindex_method','1'),
 ('deletion_verification','on'),
 ('rrd_step_counter','0'),
 ('num_rows_graph','40'),
 ('max_title_graph','80'),
 ('max_data_query_field_length','15'),
 ('default_graphs_new_dropdown','-2'),
 ('num_rows_data_query','30'),
 ('num_rows_data_source','30'),
 ('max_title_data_source','45'),
 ('num_rows_device','30'),
 ('num_rows_log','500'),
 ('log_refresh_interval','60'),
 ('title_size','12'),
 ('title_font',''),
 ('legend_size','9'),
 ('legend_font',''),
 ('axis_size','8'),
 ('axis_font',''),
 ('unit_size','8'),
 ('unit_font',''),
 ('plugin_settings_version','0.71'),
 ('alert_base_url','http://swfbilling:8090/cacti/'),
 ('plugin_thold_version','0.4.9'),
 ('stats_thold','Time:0.1545 Tholds:8 DownHosts:0'),
 ('alert_num_rows','30'),
 ('thold_disable_all',''),
 ('thold_disable_legacy',''),
 ('thold_filter_default','-1'),
 ('thold_log_cacti','on'),
 ('thold_log_changes','on'),
 ('thold_log_debug','on'),
 ('alert_exempt',''),
 ('alert_trigger','1'),
 ('alert_repeat','12'),
 ('alert_syslog',''),
 ('thold_syslog_level','4'),
 ('thold_syslog_facility','24'),
 ('thold_email_prio',''),
 ('alert_deadnotify','on'),
 ('alert_email',''),
 ('thold_down_subject','Host Error: <DESCRIPTION> (<HOSTNAME>) is DOWN'),
 ('thold_down_text','System Error : <DESCRIPTION> (<HOSTNAME>) is <DOWN/UP><br>Reason: <MESSAGE><br><br>Average system response : <AVG_TIME> ms<br>System availability: <AVAILABILITY><br>Total Checks Since Clear: <TOT_POLL><br>Total Failed Checks: <FAIL_POLL><br>Last Date Checked DOWN : <LAST_FAIL><br>Host Previously UP for: <DOWNTIME><br>NOTE: <NOTES>'),
 ('thold_up_subject','Host Notice: <DESCRIPTION> (<HOSTNAME>) returned from DOWN state'),
 ('thold_up_text','<br>System <DESCRIPTION> (<HOSTNAME>) status: <DOWN/UP><br><br>Current ping response: <CUR_TIME> ms<br>Average system response : <AVG_TIME> ms<br>System availability: <AVAILABILITY><br>Total Checks Since Clear: <TOT_POLL><br>Total Failed Checks: <FAIL_POLL><br>Last Date Checked UP: <LAST_FAIL><br>Host Previously DOWN for: <DOWNTIME><br><br>Snmp Info:<br>Name - <SNMP_HOSTNAME><br>Location - <SNMP_LOCATION><br>Uptime - <UPTIMETEXT> (<UPTIME> ms)<br>System - <SNMP_SYSTEM><br><br>NOTE: <NOTES>'),
 ('thold_from_email',''),
 ('thold_from_name',''),
 ('thold_alert_text','An Alert has been issued that requires your attention. <br><br><strong>Host</strong>: <DESCRIPTION> (<HOSTNAME>)<br><strong>URL</strong>: <URL><br><strong>Message</strong>: <SUBJECT><br><br><GRAPH>'),
 ('thold_warning_text','A warning has been issued that requires your attention. <br><br><strong>Host</strong>: <DESCRIPTION> (<HOSTNAME>)<br><strong>URL</strong>: <URL><br><strong>Message</strong>: <SUBJECT><br><br><GRAPH>'),
 ('thold_send_text_only',''),
 ('alert_bl_timerange_def','86400'),
 ('alert_bl_trigger','2'),
 ('alert_bl_percent_def','20'),
 ('settings_test_email','soportecfe.orange@gmail.com'),
 ('settings_how','0'),
 ('settings_from_email','swfbilling.cacti@cosmos.es.ftgroup'),
 ('settings_from_name','swfbilling - Cacti thold alerts'),
 ('settings_wordwrap','120'),
 ('settings_sendmail_path','/usr/sbin/sendmail'),
 ('settings_smtp_host','localhost'),
 ('settings_smtp_port','25'),
 ('settings_smtp_username',''),
 ('settings_smtp_password',''),
 ('settings_dns_primary',''),
 ('settings_dns_secondary',''),
 ('settings_dns_timeout','500'),
 ('path_rrdtool_default_font',''),
 ('path_spine','/usr/sbin/spine'),
 ('extended_paths',''),
 ('boost_rrd_update_string_length','2000'),
 ('boost_rrd_update_max_records_per_select','15000'),
 ('boost_rrd_update_max_records','75000'),
 ('boost_rrd_update_interval','30'),
 ('boost_rrd_update_system_enable',''),
 ('boost_rrd_update_enable',''),
 ('boost_next_run_time','2012-01-04 15:36:27'),
 ('stats_detail_boost','RRDUpdates:24 TotalTime:0 get_records:0.01 results_cycle:0.21 rrd_filename_and_template:0.06 rrd_lastupdate:0.05 rrdupdate:0.05 delete:0'),
 ('stats_boost','Time:0.4100 RRDUpdates:24'),
 ('boost_peak_memory','5379452'),
 ('boost_poller_status','complete - end time:2012-01-11 17:18:43'),
 ('export_type','disabled'),
 ('export_presentation','classical'),
 ('export_tree_isolation','off'),
 ('export_user_id','1'),
 ('export_tree_expand_hosts','off'),
 ('export_default_height','100'),
 ('export_default_width','300'),
 ('export_num_columns','4'),
 ('path_html_export',''),
 ('export_temporary_directory',''),
 ('export_timing','disabled'),
 ('path_html_export_skip',''),
 ('export_hourly',''),
 ('export_daily',''),
 ('export_ftp_sanitize',''),
 ('export_ftp_host',''),
 ('export_ftp_port',''),
 ('export_ftp_passive',''),
 ('export_ftp_user',''),
 ('export_ftp_password',''),
 ('boost_max_output_length','1325752072:'),
 ('boost_poller_mem_limit','512'),
 ('boost_rrd_update_max_runtime','1200'),
 ('boost_redirect',''),
 ('boost_server_enable',''),
 ('boost_server_effective_user','root'),
 ('boost_server_multiprocess','1'),
 ('boost_path_rrdupdate',''),
 ('boost_server_hostname','localhost'),
 ('boost_server_listen_port','9050'),
 ('boost_server_timeout','2'),
 ('boost_server_clients','127.0.0.1'),
 ('boost_png_cache_enable',''),
 ('boost_png_cache_directory',''),
 ('path_boost_log',''),
 ('boost_last_run_time','2012-01-04 15:06:27');
CREATE TABLE  `cacti`.`settings_graphs` (
  `user_id` smallint(8) unsigned NOT NULL DEFAULT '0',
  `name` varchar(50) NOT NULL DEFAULT '',
  `value` varchar(255) NOT NULL DEFAULT '',
  PRIMARY KEY (`user_id`,`name`)
) ENGINE=MyISAM DEFAULT CHARSET=latin1;
INSERT INTO `cacti`.`settings_graphs` VALUES  (4,'default_rra_id','1'),
 (4,'default_view_mode','1'),
 (4,'default_timespan','7'),
 (4,'timespan_sel','on'),
 (4,'default_timeshift','7'),
 (4,'allow_graph_dates_in_future','on'),
 (4,'first_weekdayid','1'),
 (4,'day_shift_start','07:00'),
 (4,'day_shift_end','18:00'),
 (4,'default_date_format','4'),
 (4,'default_datechar','1'),
 (4,'page_refresh','300'),
 (4,'default_height','100'),
 (4,'default_width','300'),
 (4,'num_columns','2'),
 (4,'thumbnail_section_preview','on'),
 (4,'thumbnail_section_tree_1','on'),
 (4,'thumbnail_section_tree_2',''),
 (4,'default_tree_id','6'),
 (4,'default_tree_view_mode','2'),
 (4,'treeview_graphs_per_page','20'),
 (4,'default_dual_pane_width','200'),
 (4,'expand_hosts',''),
 (4,'show_graph_title',''),
 (4,'preview_graphs_per_page','10'),
 (4,'list_graphs_per_page','30'),
 (4,'custom_fonts',''),
 (4,'title_size','12'),
 (4,'title_font',''),
 (4,'legend_size','10'),
 (4,'legend_font',''),
 (4,'axis_size','8'),
 (4,'axis_font',''),
 (4,'unit_size','8'),
 (4,'unit_font',''),
 (1,'default_rra_id','1'),
 (1,'default_view_mode','1'),
 (1,'default_timespan','7'),
 (1,'timespan_sel','on'),
 (1,'default_timeshift','7'),
 (1,'allow_graph_dates_in_future','on'),
 (1,'first_weekdayid','1'),
 (1,'day_shift_start','07:00'),
 (1,'day_shift_end','18:00'),
 (1,'default_date_format','4'),
 (1,'default_datechar','1'),
 (1,'page_refresh','300'),
 (1,'default_height','100'),
 (1,'default_width','300'),
 (1,'num_columns','2'),
 (1,'thumbnail_section_preview','on'),
 (1,'thumbnail_section_tree_1','on'),
 (1,'thumbnail_section_tree_2',''),
 (1,'default_tree_id','6'),
 (1,'default_tree_view_mode','2'),
 (1,'treeview_graphs_per_page','20'),
 (1,'default_dual_pane_width','200'),
 (1,'expand_hosts',''),
 (1,'show_graph_title',''),
 (1,'preview_graphs_per_page','10'),
 (1,'list_graphs_per_page','30'),
 (1,'custom_fonts',''),
 (1,'title_size','12'),
 (1,'title_font',''),
 (1,'legend_size','10'),
 (1,'legend_font',''),
 (1,'axis_size','8'),
 (1,'axis_font',''),
 (1,'unit_size','8'),
 (1,'unit_font',''),
 (5,'default_rra_id','1'),
 (5,'default_view_mode','1'),
 (5,'default_timespan','7'),
 (5,'timespan_sel','on'),
 (5,'default_timeshift','7'),
 (5,'allow_graph_dates_in_future','on'),
 (5,'first_weekdayid','1'),
 (5,'day_shift_start','07:00'),
 (5,'day_shift_end','18:00'),
 (5,'default_date_format','4'),
 (5,'default_datechar','1'),
 (5,'page_refresh','300'),
 (5,'default_height','100'),
 (5,'default_width','300'),
 (5,'num_columns','2'),
 (5,'thumbnail_section_preview','on'),
 (5,'thumbnail_section_tree_1','on'),
 (5,'thumbnail_section_tree_2',''),
 (5,'default_tree_id','9'),
 (5,'default_tree_view_mode','2'),
 (5,'treeview_graphs_per_page','10'),
 (5,'default_dual_pane_width','200'),
 (5,'expand_hosts',''),
 (5,'show_graph_title',''),
 (5,'preview_graphs_per_page','10'),
 (5,'list_graphs_per_page','30'),
 (5,'custom_fonts',''),
 (5,'title_size','12'),
 (5,'title_font',''),
 (5,'legend_size','10'),
 (5,'legend_font',''),
 (5,'axis_size','8'),
 (5,'axis_font',''),
 (5,'unit_size','8'),
 (5,'unit_font',''),
 (6,'default_rra_id','1'),
 (6,'default_view_mode','1'),
 (6,'default_timespan','7'),
 (6,'timespan_sel','on'),
 (6,'default_timeshift','7'),
 (6,'allow_graph_dates_in_future','on'),
 (6,'first_weekdayid','1'),
 (6,'day_shift_start','07:00'),
 (6,'day_shift_end','18:00'),
 (6,'default_date_format','4'),
 (6,'default_datechar','1'),
 (6,'page_refresh','300'),
 (6,'default_height','100'),
 (6,'default_width','300'),
 (6,'num_columns','2'),
 (6,'thumbnail_section_preview','on'),
 (6,'thumbnail_section_tree_1','on'),
 (6,'thumbnail_section_tree_2',''),
 (6,'default_tree_id','12'),
 (6,'default_tree_view_mode','2'),
 (6,'treeview_graphs_per_page','10'),
 (6,'default_dual_pane_width','200'),
 (6,'expand_hosts',''),
 (6,'show_graph_title',''),
 (6,'preview_graphs_per_page','10'),
 (6,'list_graphs_per_page','30'),
 (6,'custom_fonts',''),
 (6,'title_size','12'),
 (6,'title_font',''),
 (6,'legend_size','10'),
 (6,'legend_font',''),
 (6,'axis_size','8'),
 (6,'axis_font',''),
 (6,'unit_size','8'),
 (6,'unit_font','');
CREATE TABLE  `cacti`.`settings_tree` (
  `user_id` mediumint(8) unsigned NOT NULL DEFAULT '0',
  `graph_tree_item_id` mediumint(8) unsigned NOT NULL DEFAULT '0',
  `status` tinyint(1) NOT NULL DEFAULT '0',
  PRIMARY KEY (`user_id`,`graph_tree_item_id`)
) ENGINE=MyISAM DEFAULT CHARSET=latin1;
CREATE TABLE  `cacti`.`snmp_query` (
  `id` mediumint(8) unsigned NOT NULL AUTO_INCREMENT,
  `hash` varchar(32) NOT NULL DEFAULT '',
  `xml_path` varchar(255) NOT NULL DEFAULT '',
  `name` varchar(100) NOT NULL DEFAULT '',
  `description` varchar(255) DEFAULT NULL,
  `graph_template_id` mediumint(8) unsigned NOT NULL DEFAULT '0',
  `data_input_id` mediumint(8) unsigned NOT NULL DEFAULT '0',
  PRIMARY KEY (`id`),
  KEY `name` (`name`)
) ENGINE=MyISAM AUTO_INCREMENT=10 DEFAULT CHARSET=latin1;
INSERT INTO `cacti`.`snmp_query` VALUES  (1,'d75e406fdeca4fcef45b8be3a9a63cbc','<path_cacti>/resource/snmp_queries/interface.xml','SNMP - Interface Statistics','Queries a host for a list of monitorable interfaces',0,2),
 (2,'3c1b27d94ad208a0090f293deadde753','<path_cacti>/resource/snmp_queries/net-snmp_disk.xml','ucd/net -  Get Monitored Partitions','Retrieves a list of monitored partitions/disks from a net-snmp enabled host.',0,2),
 (3,'59aab7b0feddc7860002ed9303085ba5','<path_cacti>/resource/snmp_queries/kbridge.xml','Karlnet - Wireless Bridge Statistics','Gets information about the wireless connectivity of each station from a Karlnet bridge.',0,2),
 (4,'ad06f46e22e991cb47c95c7233cfaee8','<path_cacti>/resource/snmp_queries/netware_disk.xml','Netware - Get Available Volumes','Retrieves a list of volumes from a Netware server.',0,2),
 (6,'8ffa36c1864124b38bcda2ae9bd61f46','<path_cacti>/resource/script_queries/unix_disk.xml','Unix - Get Mounted Partitions','Queries a list of mounted partitions on a unix-based host with the',0,11),
 (7,'30ec734bc0ae81a3d995be82c73f46c1','<path_cacti>/resource/snmp_queries/netware_cpu.xml','Netware - Get Processor Information','Gets information about running processors in a Netware server',0,2),
 (8,'9343eab1f4d88b0e61ffc9d020f35414','<path_cacti>/resource/script_server/host_disk.xml','SNMP - Get Mounted Partitions','Gets a list of partitions using SNMP',0,12),
 (9,'0d1ab53fe37487a5d0b9e1d3ee8c1d0d','<path_cacti>/resource/script_server/host_cpu.xml','SNMP - Get Processor Information','Gets usage for each processor in the system using the host MIB.',0,12);
CREATE TABLE  `cacti`.`snmp_query_graph` (
  `id` mediumint(8) unsigned NOT NULL AUTO_INCREMENT,
  `hash` varchar(32) NOT NULL DEFAULT '',
  `snmp_query_id` mediumint(8) unsigned NOT NULL DEFAULT '0',
  `name` varchar(100) NOT NULL DEFAULT '',
  `graph_template_id` mediumint(8) unsigned NOT NULL DEFAULT '0',
  PRIMARY KEY (`id`)
) ENGINE=MyISAM AUTO_INCREMENT=23 DEFAULT CHARSET=latin1;
INSERT INTO `cacti`.`snmp_query_graph` VALUES  (2,'a4b829746fb45e35e10474c36c69c0cf',1,'In/Out Errors/Discarded Packets',22),
 (3,'01e33224f8b15997d3d09d6b1bf83e18',1,'In/Out Non-Unicast Packets',24),
 (4,'1e6edee3115c42d644dbd014f0577066',1,'In/Out Unicast Packets',23),
 (6,'da43655bf1f641b07579256227806977',2,'Available/Used Disk Space',3),
 (7,'1cc468ef92a5779d37a26349e27ef3ba',3,'Wireless Levels',5),
 (8,'bef2dc94bc84bf91827f45424aac8d2a',3,'Wireless Transmissions',6),
 (9,'ab93b588c29731ab15db601ca0bc9dec',1,'In/Out Bytes (64-bit Counters)',25),
 (10,'5a5ce35edb4b195cbde99fd0161dfb4e',4,'Volume Information (free, freeable space)',19),
 (11,'c1c2cfd33eaf5064300e92e26e20bc56',4,'Directory Information (total/available entries)',20),
 (13,'ae34f5f385bed8c81a158bf3030f1089',1,'In/Out Bits',2),
 (14,'1e16a505ddefb40356221d7a50619d91',1,'In/Out Bits (64-bit Counters)',2),
 (15,'a0b3e7b63c2e66f9e1ea24a16ff245fc',6,'Available Disk Space',21),
 (16,'d1e0d9b8efd4af98d28ce2aad81a87e7',1,'In/Out Bytes',25),
 (17,'f6db4151aa07efa401a0af6c9b871844',7,'Get Processor Utilization',15),
 (18,'46c4ee688932cf6370459527eceb8ef3',8,'Available Disk Space',26),
 (19,'4a515b61441ea5f27ab7dee6c3cb7818',9,'Get Processor Utilization',27),
 (20,'ed7f68175d7bb83db8ead332fc945720',1,'In/Out Bits with 95th Percentile',31),
 (21,'f85386cd2fc94634ef167c7f1e5fbcd0',1,'In/Out Bits with Total Bandwidth',32),
 (22,'7d309bf200b6e3cdb59a33493c2e58e0',1,'In/Out Bytes with Total Bandwidth',33);
CREATE TABLE  `cacti`.`snmp_query_graph_rrd` (
  `snmp_query_graph_id` mediumint(8) unsigned NOT NULL DEFAULT '0',
  `data_template_id` mediumint(8) unsigned NOT NULL DEFAULT '0',
  `data_template_rrd_id` mediumint(8) unsigned NOT NULL DEFAULT '0',
  `snmp_field_name` varchar(50) NOT NULL DEFAULT '0',
  PRIMARY KEY (`snmp_query_graph_id`,`data_template_id`,`data_template_rrd_id`),
  KEY `data_template_rrd_id` (`data_template_rrd_id`),
  KEY `snmp_query_graph_id` (`snmp_query_graph_id`)
) ENGINE=MyISAM DEFAULT CHARSET=latin1;
INSERT INTO `cacti`.`snmp_query_graph_rrd` VALUES  (2,38,47,'ifInDiscards'),
 (3,40,52,'ifOutNUcastPkts'),
 (3,40,53,'ifInNUcastPkts'),
 (4,39,48,'ifInUcastPkts'),
 (2,38,51,'ifOutErrors'),
 (6,3,3,'dskAvail'),
 (6,3,4,'dskUsed'),
 (7,7,8,'kbWirelessStationExclHellos'),
 (7,8,9,'kbWirelessStationExclHellos'),
 (8,10,11,'kbWirelessStationExclHellos'),
 (8,9,10,'kbWirelessStationExclHellos'),
 (9,41,55,'ifHCOutOctets'),
 (9,41,54,'ifHCInOctets'),
 (10,35,38,'nwVolSize'),
 (10,35,40,'nwVolFreeable'),
 (10,35,39,'nwVolFree'),
 (11,36,42,'nwVolTotalDirEntries'),
 (11,36,43,'nwVolUsedDirEntries'),
 (2,38,50,'ifOutDiscards'),
 (2,38,46,'ifInErrors'),
 (13,41,54,'ifInOctets'),
 (14,41,54,'ifHCInOctets'),
 (14,41,55,'ifHCOutOctets'),
 (13,41,55,'ifOutOctets'),
 (4,39,49,'ifOutUcastPkts'),
 (15,37,44,'dskAvailable'),
 (16,41,54,'ifInOctets'),
 (16,41,55,'ifOutOctets'),
 (15,37,56,'dskUsed'),
 (17,42,76,'nwhrProcessorUtilization'),
 (18,43,78,'hrStorageUsed'),
 (18,43,92,'hrStorageSize'),
 (19,44,79,'hrProcessorLoad'),
 (20,41,55,'ifOutOctets'),
 (20,41,54,'ifInOctets'),
 (21,41,55,'ifOutOctets'),
 (21,41,54,'ifInOctets'),
 (22,41,55,'ifOutOctets'),
 (22,41,54,'ifInOctets');
CREATE TABLE  `cacti`.`snmp_query_graph_rrd_sv` (
  `id` mediumint(8) unsigned NOT NULL AUTO_INCREMENT,
  `hash` varchar(32) NOT NULL DEFAULT '',
  `snmp_query_graph_id` mediumint(8) unsigned NOT NULL DEFAULT '0',
  `data_template_id` mediumint(8) unsigned NOT NULL DEFAULT '0',
  `sequence` mediumint(8) unsigned NOT NULL DEFAULT '0',
  `field_name` varchar(100) NOT NULL DEFAULT '',
  `text` varchar(255) NOT NULL DEFAULT '',
  PRIMARY KEY (`id`),
  KEY `snmp_query_graph_id` (`snmp_query_graph_id`),
  KEY `data_template_id` (`data_template_id`)
) ENGINE=MyISAM AUTO_INCREMENT=110 DEFAULT CHARSET=latin1;
INSERT INTO `cacti`.`snmp_query_graph_rrd_sv` VALUES  (10,'5d3a8b2f4a454e5b0a1494e00fe7d424',6,3,1,'name','|host_description| - Partition - |query_dskDevice|'),
 (11,'d0b49af67a83c258ef1eab3780f7b3dc',7,7,1,'name','|host_description| - Wireless Noise Level - |query_kbWirelessStationName|'),
 (12,'bf6b966dc369f3df2ea640a90845e94c',7,8,1,'name','|host_description| - Wireless Signal Level - |query_kbWirelessStationName|'),
 (13,'5c3616603a7ac9d0c1cb9556b377a74f',8,10,1,'name','|host_description| - Wireless Re-Transmissions - |query_kbWirelessStationName|'),
 (14,'080f0022f77044a512b083e3a8304e8b',8,9,1,'name','|host_description| - Wireless Transmissions - |query_kbWirelessStationName|'),
 (30,'8132fa9c446e199732f0102733cb1714',11,36,1,'name','|host_description| - Directories - |query_nwVolPhysicalName|'),
 (29,'8fc9a94a5f6ef902a3de0fa7549e7476',10,35,1,'name','|host_description| - Volumes - |query_nwVolPhysicalName|'),
 (80,'27eb220995925e1a5e0e41b2582a2af6',16,41,1,'rrd_maximum','|query_ifSpeed|'),
 (85,'e85ddc56efa677b70448f9e931360b77',14,41,1,'rrd_maximum','|query_ifSpeed|'),
 (84,'37bb8c5b38bb7e89ec88ea7ccacf44d4',14,41,4,'name','|host_description| - Traffic - |query_ifDescr|'),
 (83,'62a47c18be10f273a5f5a13a76b76f54',14,41,3,'name','|host_description| - Traffic - |query_ifIP|/|query_ifDescr|'),
 (32,'',12,37,1,'name','|host_description| - Partition - |query_dskDevice|'),
 (49,'6537b3209e0697fbec278e94e7317b52',2,38,1,'name','|host_description| - Errors - |query_ifIP| - |query_ifName|'),
 (50,'6d3f612051016f48c951af8901720a1c',2,38,2,'name','|host_description| - Errors - |query_ifName|'),
 (51,'62bc981690576d0b2bd0041ec2e4aa6f',2,38,3,'name','|host_description| - Errors - |query_ifIP|/|query_ifDescr|'),
 (52,'adb270d55ba521d205eac6a21478804a',2,38,4,'name','|host_description| - Errors - |query_ifDescr|'),
 (54,'77065435f3bbb2ff99bc3b43b81de8fe',3,40,1,'name','|host_description| - Non-Unicast Packets - |query_ifIP| - |query_ifName|'),
 (55,'240d8893092619c97a54265e8d0b86a1',3,40,2,'name','|host_description| - Non-Unicast Packets - |query_ifName|'),
 (56,'4b200ecf445bdeb4c84975b74991df34',3,40,3,'name','|host_description| - Non-Unicast Packets - |query_ifIP|/|query_ifDescr|'),
 (57,'d6da3887646078e4d01fe60a123c2179',3,40,4,'name','|host_description| - Non-Unicast Packets - |query_ifDescr|'),
 (59,'ce7769b97d80ca31d21f83dc18ba93c2',4,39,1,'name','|host_description| - Unicast Packets - |query_ifIP| - |query_ifName|'),
 (60,'1ee1f9717f3f4771f7f823ca5a8b83dd',4,39,2,'name','|host_description| - Unicast Packets - |query_ifName|'),
 (61,'a7dbd54604533b592d4fae6e67587e32',4,39,3,'name','|host_description| - Unicast Packets - |query_ifIP|/|query_ifDescr|'),
 (62,'b148fa7199edcf06cd71c89e5c5d7b63',4,39,4,'name','|host_description| - Unicast Packets - |query_ifDescr|'),
 (69,'cb09784ba05e401a3f1450126ed1e395',15,37,1,'name','|host_description| - Free Space - |query_dskDevice|'),
 (70,'87a659326af8c75158e5142874fd74b0',13,41,1,'name','|host_description| - Traffic - |query_ifIP| - |query_ifName|'),
 (72,'14aa2dead86bbad0f992f1514722c95e',13,41,2,'name','|host_description| - Traffic - |query_ifName|'),
 (73,'70390712158c3c5052a7d830fb456489',13,41,3,'name','|host_description| - Traffic - |query_ifIP|/|query_ifDescr|'),
 (74,'084efd82bbddb69fb2ac9bd0b0f16ac6',13,41,4,'name','|host_description| - Traffic - |query_ifDescr|'),
 (75,'7e093c535fa3d810fa76fc3d8c80c94b',13,41,1,'rrd_maximum','|query_ifSpeed|'),
 (76,'c7ee2110bf81639086d2da03d9d88286',16,41,1,'name','|host_description| - Traffic - |query_ifIP| - |query_ifName|'),
 (77,'8ef8ae2ef548892ab95bb6c9f0b3170e',16,41,2,'name','|host_description| - Traffic - |query_ifName|'),
 (78,'3a0f707d1c8fd0e061b70241541c7e2e',16,41,3,'name','|host_description| - Traffic - |query_ifIP|/|query_ifDescr|'),
 (79,'2347e9f53564a54d43f3c00d4b60040d',16,41,4,'name','|host_description| - Traffic - |query_ifDescr|'),
 (81,'2e8b27c63d98249096ad5bc320787f43',14,41,1,'name','|host_description| - Traffic - |query_ifIP| - |query_ifName|'),
 (82,'8d820d091ec1a9683cfa74a462f239ee',14,41,2,'name','|host_description| - Traffic - |query_ifName|'),
 (86,'c582d3b37f19e4a703d9bf4908dc6548',9,41,1,'name','|host_description| - Traffic - |query_ifIP| - |query_ifName|'),
 (88,'e1be83d708ed3c0b8715ccb6517a0365',9,41,2,'name','|host_description| - Traffic - |query_ifName|'),
 (89,'57a9ae1f197498ca8dcde90194f61cbc',9,41,3,'name','|host_description| - Traffic - |query_ifIP|/|query_ifDescr|'),
 (90,'0110e120981c7ff15304e4a85cb42cbe',9,41,4,'name','|host_description| - Traffic - |query_ifDescr|'),
 (91,'ce0b9c92a15759d3ddbd7161d26a98b7',9,41,1,'rrd_maximum','|query_ifSpeed|'),
 (92,'42277993a025f1bfd85374d6b4deeb60',17,42,1,'name','|host_description| - CPU Utilization - CPU|query_nwhrProcessorNum|'),
 (93,'a3f280327b1592a1a948e256380b544f',18,43,1,'name','|host_description| - Used Space - |query_hrStorageDescr|'),
 (94,'b5a724edc36c10891fa2a5c370d55b6f',19,44,1,'name','|host_description| - CPU Utilization - CPU|query_hrProcessorFrwID|'),
 (95,'7e87efd0075caba9908e2e6e569b25b0',20,41,1,'name','|host_description| - Traffic - |query_ifIP| - |query_ifName|'),
 (96,'dd28d96a253ab86846aedb25d1cca712',20,41,2,'name','|host_description| - Traffic - |query_ifName|'),
 (97,'ce425fed4eb3174e4f1cde9713eeafa0',20,41,3,'name','|host_description| - Traffic - |query_ifIP|/|query_ifDescr|'),
 (98,'d0d05156ddb2c65181588db4b64d3907',20,41,4,'name','|host_description| - Traffic - |query_ifDescr|'),
 (99,'3b018f789ff72cc5693ef79e3a794370',20,41,1,'rrd_maximum','|query_ifSpeed|'),
 (100,'b225229dbbb48c1766cf90298674ceed',21,41,1,'name','|host_description| - Traffic - |query_ifIP| - |query_ifName|'),
 (101,'c79248ddbbd195907260887b021a055d',21,41,2,'name','|host_description| - Traffic - |query_ifName|'),
 (102,'12a6750d973b7f14783f205d86220082',21,41,3,'name','|host_description| - Traffic - |query_ifIP|/|query_ifDescr|'),
 (103,'25b151fcfe093812cb5c208e36dd697e',21,41,4,'name','|host_description| - Traffic - |query_ifDescr|'),
 (104,'e9ab404a294e406c20fdd30df766161f',21,41,1,'rrd_maximum','|query_ifSpeed|'),
 (105,'119578a4f01ab47e820b0e894e5e5bb3',22,41,1,'name','|host_description| - Traffic - |query_ifIP| - |query_ifName|'),
 (106,'940e57d24b2623849c77b59ed05931b9',22,41,2,'name','|host_description| - Traffic - |query_ifName|'),
 (107,'0f045eab01bbc4437b30da568ed5cb03',22,41,3,'name','|host_description| - Traffic - |query_ifIP|/|query_ifDescr|'),
 (108,'bd70bf71108d32f0bf91b24c85b87ff0',22,41,4,'name','|host_description| - Traffic - |query_ifDescr|'),
 (109,'fdc4cb976c4b9053bfa2af791a21c5b5',22,41,1,'rrd_maximum','|query_ifSpeed|');
CREATE TABLE  `cacti`.`snmp_query_graph_sv` (
  `id` mediumint(8) unsigned NOT NULL AUTO_INCREMENT,
  `hash` varchar(32) NOT NULL DEFAULT '',
  `snmp_query_graph_id` mediumint(8) unsigned NOT NULL DEFAULT '0',
  `sequence` mediumint(8) unsigned NOT NULL DEFAULT '0',
  `field_name` varchar(100) NOT NULL DEFAULT '',
  `text` varchar(255) NOT NULL DEFAULT '',
  PRIMARY KEY (`id`),
  KEY `snmp_query_graph_id` (`snmp_query_graph_id`)
) ENGINE=MyISAM AUTO_INCREMENT=50 DEFAULT CHARSET=latin1;
INSERT INTO `cacti`.`snmp_query_graph_sv` VALUES  (7,'437918b8dcd66a64625c6cee481fff61',6,1,'title','|host_description| - Disk Space - |query_dskPath|'),
 (5,'2ddc61ff4bd9634f33aedce9524b7690',7,1,'title','|host_description| - Wireless Levels (|query_kbWirelessStationName|)'),
 (6,'c72e2da7af2cdbd6b44a5eb42c5b4758',8,1,'title','|host_description| - Wireless Transmissions (|query_kbWirelessStationName|)'),
 (11,'a412c5dfa484b599ec0f570979fdbc9e',10,1,'title','|host_description| - Volume Information - |query_nwVolPhysicalName|'),
 (12,'48f4792dd49fefd7d640ec46b1d7bdb3',11,1,'title','|host_description| - Directory Information - |query_nwVolPhysicalName|'),
 (14,'',12,1,'title','|host_description| - Disk Space - |query_dskDevice|'),
 (15,'49dca5592ac26ff149a4fbd18d690644',13,1,'title','|host_description| - Traffic - |query_ifName|'),
 (16,'bda15298139ad22bdc8a3b0952d4e3ab',13,2,'title','|host_description| - Traffic - |query_ifIP| (|query_ifDescr|)'),
 (17,'29e48483d0471fcd996bfb702a5960aa',13,3,'title','|host_description| - Traffic - |query_ifDescr|/|query_ifIndex|'),
 (18,'3f42d358965cb94ce4f708b59e04f82b',14,1,'title','|host_description| - Traffic - |query_ifName|'),
 (19,'45f44b2f811ea8a8ace1cbed8ef906f1',14,2,'title','|host_description| - Traffic - |query_ifIP| (|query_ifDescr|)'),
 (20,'69c14fbcc23aecb9920b3cdad7f89901',14,3,'title','|host_description| - Traffic - |query_ifDescr|/|query_ifIndex|'),
 (21,'299d3434851fc0d5c0e105429069709d',2,1,'title','|host_description| - Errors - |query_ifName|'),
 (22,'8c8860b17fd67a9a500b4cb8b5e19d4b',2,2,'title','|host_description| - Errors - |query_ifIP| (|query_ifDescr|)'),
 (23,'d96360ae5094e5732e7e7496ceceb636',2,3,'title','|host_description| - Errors - |query_ifDescr|/|query_ifIndex|'),
 (24,'750a290cadc3dc60bb682a5c5f47df16',3,1,'title','|host_description| - Non-Unicast Packets - |query_ifName|'),
 (25,'bde195eecc256c42ca9725f1f22c1dc0',3,2,'title','|host_description| - Non-Unicast Packets - |query_ifIP| (|query_ifDescr|)'),
 (26,'d9e97d22689e4ffddaca23b46f2aa306',3,3,'title','|host_description| - Non-Unicast Packets - |query_ifDescr|/|query_ifIndex|'),
 (27,'48ceaba62e0c2671a810a7f1adc5f751',4,1,'title','|host_description| - Unicast Packets - |query_ifName|'),
 (28,'d6258884bed44abe46d264198adc7c5d',4,2,'title','|host_description| - Unicast Packets - |query_ifIP| (|query_ifDescr|)'),
 (29,'6eb58d9835b2b86222306d6ced9961d9',4,3,'title','|host_description| - Unicast Packets - |query_ifDescr|/|query_ifIndex|'),
 (30,'f21b23df740bc4a2d691d2d7b1b18dba',15,1,'title','|host_description| - Disk Space - |query_dskDevice|'),
 (31,'7fb4a267065f960df81c15f9022cd3a4',16,1,'title','|host_description| - Traffic - |query_ifName|'),
 (32,'e403f5a733bf5c8401a110609683deb3',16,2,'title','|host_description| - Traffic - |query_ifIP| (|query_ifDescr|)'),
 (33,'809c2e80552d56b65ca496c1c2fff398',16,3,'title','|host_description| - Traffic - |query_ifDescr|/|query_ifIndex|'),
 (34,'0a5eb36e98c04ad6be8e1ef66caeed3c',9,1,'title','|host_description| - Traffic - |query_ifName|'),
 (35,'4c4386a96e6057b7bd0b78095209ddfa',9,2,'title','|host_description| - Traffic - |query_ifIP| (|query_ifDescr|)'),
 (36,'fd3a384768b0388fa64119fe2f0cc113',9,3,'title','|host_description| - Traffic - |query_ifDescr|/|query_ifIndex|'),
 (38,'9852782792ede7c0805990e506ac9618',18,1,'title','|host_description| - Used Space - |query_hrStorageDescr|'),
 (39,'fa2f07ab54fce72eea684ba893dd9c95',19,1,'title','|host_description| - CPU Utilization - CPU|query_hrProcessorFrwID|'),
 (40,'d99f8db04fd07bcd2260d246916e03da',17,1,'title','|host_description| - CPU Utilization - CPU|query_nwhrProcessorNum|'),
 (41,'f434ec853c479d424276f367e9806a75',20,1,'title','|host_description| - Traffic - |query_ifName|'),
 (42,'9b085245847444c5fb90ebbf4448e265',20,2,'title','|host_description| - Traffic - |query_ifIP| (|query_ifDescr|)'),
 (43,'5977863f28629bd8eb93a2a9cbc3e306',20,3,'title','|host_description| - Traffic - |query_ifDescr|/|query_ifIndex|'),
 (44,'37b6711af3930c56309cf8956d8bbf14',21,1,'title','|host_description| - Traffic - |query_ifName|'),
 (45,'cc435c5884a75421329a9b08207c1c90',21,2,'title','|host_description| - Traffic - |query_ifIP| (|query_ifDescr|)'),
 (46,'82edeea1ec249c9818773e3145836492',21,3,'title','|host_description| - Traffic - |query_ifDescr|/|query_ifIndex|'),
 (47,'87522150ee8a601b4d6a1f6b9e919c47',22,1,'title','|host_description| - Traffic - |query_ifName|'),
 (48,'993a87c04f550f1209d689d584aa8b45',22,2,'title','|host_description| - Traffic - |query_ifIP| (|query_ifDescr|)'),
 (49,'183bb486c92a566fddcb0585ede37865',22,3,'title','|host_description| - Traffic - |query_ifDescr|/|query_ifIndex|');
CREATE TABLE  `cacti`.`thold_data` (
  `id` int(11) NOT NULL AUTO_INCREMENT,
  `name` varchar(150) DEFAULT NULL,
  `rra_id` int(11) NOT NULL DEFAULT '0',
  `data_id` int(11) NOT NULL DEFAULT '0',
  `graph_id` int(11) NOT NULL DEFAULT '0',
  `graph_template` int(11) NOT NULL DEFAULT '0',
  `data_template` int(11) NOT NULL DEFAULT '0',
  `thold_hi` varchar(100) DEFAULT NULL,
  `thold_low` varchar(100) DEFAULT NULL,
  `thold_fail_trigger` int(10) unsigned DEFAULT NULL,
  `thold_fail_count` int(11) NOT NULL DEFAULT '0',
  `time_hi` varchar(100) DEFAULT NULL,
  `time_low` varchar(100) DEFAULT NULL,
  `time_fail_trigger` int(12) NOT NULL DEFAULT '1',
  `time_fail_length` int(12) NOT NULL DEFAULT '1',
  `thold_warning_hi` varchar(100) DEFAULT NULL,
  `thold_warning_low` varchar(100) DEFAULT NULL,
  `thold_warning_fail_trigger` int(10) unsigned DEFAULT NULL,
  `thold_warning_fail_count` int(11) NOT NULL DEFAULT '0',
  `time_warning_hi` varchar(100) DEFAULT NULL,
  `time_warning_low` varchar(100) DEFAULT NULL,
  `time_warning_fail_trigger` int(12) NOT NULL DEFAULT '1',
  `time_warning_fail_length` int(12) NOT NULL DEFAULT '1',
  `thold_alert` int(1) NOT NULL DEFAULT '0',
  `thold_enabled` enum('on','off') NOT NULL DEFAULT 'on',
  `thold_type` int(3) NOT NULL DEFAULT '0',
  `bl_ref_time_range` int(10) unsigned DEFAULT NULL,
  `bl_pct_down` varchar(100) DEFAULT NULL,
  `bl_pct_up` varchar(100) DEFAULT NULL,
  `bl_fail_trigger` int(10) unsigned DEFAULT NULL,
  `bl_fail_count` int(11) unsigned DEFAULT NULL,
  `bl_alert` int(2) NOT NULL DEFAULT '0',
  `lastread` varchar(100) DEFAULT NULL,
  `lasttime` timestamp NOT NULL DEFAULT '0000-00-00 00:00:00',
  `oldvalue` varchar(100) DEFAULT NULL,
  `repeat_alert` int(10) unsigned DEFAULT NULL,
  `notify_default` enum('on','off') DEFAULT NULL,
  `notify_extra` text,
  `notify_warning_extra` varchar(512) DEFAULT NULL,
  `notify_warning` int(10) unsigned DEFAULT NULL,
  `notify_alert` int(10) unsigned DEFAULT NULL,
  `host_id` int(10) DEFAULT NULL,
  `syslog_priority` int(2) NOT NULL DEFAULT '3',
  `data_type` int(12) NOT NULL DEFAULT '0',
  `cdef` int(11) NOT NULL DEFAULT '0',
  `percent_ds` varchar(64) NOT NULL DEFAULT '',
  `expression` varchar(70) NOT NULL DEFAULT '',
  `template` int(11) NOT NULL DEFAULT '0',
  `template_enabled` char(3) NOT NULL DEFAULT '',
  `tcheck` int(1) NOT NULL DEFAULT '0',
  `exempt` char(3) NOT NULL DEFAULT 'off',
  `restored_alert` char(3) NOT NULL DEFAULT 'off',
  `bl_thold_valid` int(10) unsigned NOT NULL DEFAULT '0',
  PRIMARY KEY (`id`),
  KEY `host_id` (`host_id`),
  KEY `rra_id` (`rra_id`),
  KEY `data_id` (`data_id`),
  KEY `graph_id` (`graph_id`),
  KEY `template` (`template`),
  KEY `thold_enabled` (`thold_enabled`),
  KEY `template_enabled` (`template_enabled`),
  KEY `tcheck` (`tcheck`),
  KEY `tcheck_2` (`tcheck`),
  KEY `graph_id_2` (`graph_id`),
  KEY `graph_template` (`graph_template`),
  KEY `data_template` (`data_template`)
) ENGINE=MyISAM AUTO_INCREMENT=27 DEFAULT CHARSET=latin1 COMMENT='Threshold data';
INSERT INTO `cacti`.`thold_data` VALUES  (1,'MDW weblogp5 02045 Data Source [countP3]',71,584,0,0,59,'','',0,0,'','',0,1,'','',0,0,'','',0,1,0,'on',1,360,'','30',5,0,0,'0','2012-01-05 14:50:02','0',60,NULL,'soportecfe.orange@gmail.com, facundo.baiocco@capgemini.com','soportecfe.orange@gmail.com, facundo.baiocco@capgemini.com',0,0,0,3,0,0,'TOCount','',0,'off',0,'on','off',0),
 (2,'WL Thread neos1p Data Source [hoogingThreads]',18,161,18,38,51,'30','',10,0,'','',0,1,'','',0,0,'','',0,1,0,'on',0,360,'','',0,NULL,0,'9','2012-02-02 18:02:01','9',120,NULL,'soportecfe.orange@gmail.com, facundo.baiocco@capgemini.com','soportecfe.orange@gmail.com, facundo.baiocco@capgemini.com',0,0,2,3,0,0,'executeIdle','',0,'off',1,'off','off',0),
 (3,'MDW weblogp5 09020 Data Source [countP1]',72,594,40,47,59,'50','',10,0,'','',0,1,'20','',10,0,'','',0,1,0,'on',0,360,'','',0,0,0,'0','2012-01-05 14:50:02','0',60,NULL,'soportecfe.orange@gmail.com, facundo.baiocco@capgemini.com','soportecfe.orange@gmail.com, facundo.baiocco@capgemini.com',0,0,0,3,0,0,'countP4','',0,'off',0,'off','off',0),
 (4,'WL Thread neos2p Data Source [hoogingThreads]',17,147,19,38,51,'30','',10,0,'','',0,1,'','',10,0,'','',0,1,0,'on',0,360,'','',0,NULL,0,'4','2012-02-02 18:02:01','4',120,NULL,'soportecfe.orange@gmail.com, facundo.baiocco@capgemini.com,yolanda.gonzalez@orange-ftgroup.com','soportecfe.orange@gmail.com, facundo.baiocco@capgemini.com',0,0,2,3,0,0,'completedRequests','',0,'off',1,'off','off',0),
 (5,'Page areaprivada-URL1 Response Time DS [time]',96,733,90,41,54,'10','',10,0,'','',0,1,'3','',5,0,'','',0,1,0,'off',0,360,'','',2,0,0,'0.255','2012-02-02 18:02:01','0.255',0,NULL,'soportecfe.orange@gmail.com, facundo.baiocco@capgemini.com','soportecfe.orange@gmail.com, facundo.baiocco@capgemini.com',0,0,6,3,0,0,'','',0,'off',1,'off','off',0),
 (6,'AWA Performance RES POST Data Source [time]',25,226,38,41,54,'4','',10,0,'','',0,1,'','',2,0,'','',0,1,0,'on',0,360,'','',2,NULL,0,'0.35','2012-02-02 18:02:01','0.350',120,NULL,'soportecfe.orange@gmail.com, facundo.baiocco@capgemini.com','soportecfe.orange@gmail.com, facundo.baiocco@capgemini.com',0,0,6,3,0,0,'','',0,'off',1,'off','off',0),
 (7,'AWA Performance MULTILINEA Data Source [time]',31,272,39,41,54,'3','',10,0,'','',0,1,'2','',3,0,'','',0,1,0,'on',0,360,'','',2,NULL,0,'0.148','2012-02-02 18:02:01','0.148',120,NULL,'soportecfe.orange@gmail.com, facundo.baiocco@capgemini.com','soportecfe.orange@gmail.com, facundo.baiocco@capgemini.com',0,0,6,3,0,0,'','',0,'off',1,'off','off',0),
 (18,'WL Thread ppo3p Data Source [hoogingThreads]',24,211,36,40,51,'20','',10,0,'','',1,1,'','',5,0,'','',1,1,0,'on',0,360,'20','20',2,NULL,0,'2','2012-02-02 17:55:01','2',120,NULL,'soportecfe.orange@gmail.com, facundo.baiocco@capgemini.com','soportecfe.orange@gmail.com, facundo.baiocco@capgemini.com',0,0,4,3,0,0,'executeIdle','',2,'on',0,'off','off',0),
 (9,'WL Thread ppo4p Data Source [hoogingThreads]',26,230,26,38,51,'20','',10,0,'','',1,1,'','',5,0,'','',1,1,0,'on',0,360,'20','20',2,NULL,0,'0','2012-02-02 17:55:01','0',120,NULL,'soportecfe.orange@gmail.com, facundo.baiocco@capgemini.com','soportecfe.orange@gmail.com, facundo.baiocco@capgemini.com',0,0,4,3,0,0,'executeIdle','',2,'on',0,'off','off',0),
 (10,'WL Thread ppo1p Data Source [hoogingThreads]',22,193,23,38,51,'20','',10,0,'','',1,1,'','',5,0,'','',1,1,0,'on',0,360,'20','20',2,NULL,0,'1','2012-02-02 17:55:01','1',120,NULL,'soportecfe.orange@gmail.com, facundo.baiocco@capgemini.com','soportecfe.orange@gmail.com, facundo.baiocco@capgemini.com',0,0,4,3,0,0,'executeIdle','',2,'on',0,'off','off',0),
 (11,'WL Thread ppo2p Data Source [hoogingThreads]',23,204,24,38,51,'20','',10,0,'','',1,1,'','',5,0,'','',1,1,0,'on',0,360,'20','20',2,NULL,0,'1','2012-02-02 17:55:01','1',120,NULL,'soportecfe.orange@gmail.com, facundo.baiocco@capgemini.com','soportecfe.orange@gmail.com, facundo.baiocco@capgemini.com',0,0,4,3,0,0,'executeIdle','',2,'on',0,'off','off',0),
 (13,'WL Thread ppo1p Data Source [activeThreads]',22,190,23,38,51,'','1',30,0,'','',1,1,'','',1,0,'','',1,1,0,'on',0,360,'20','20',2,NULL,0,'359','2012-02-02 17:55:01','359',0,NULL,'soportecfe.orange@gmail.com, facundo.baiocco@capgemini.com','soportecfe.orange@gmail.com, facundo.baiocco@capgemini.com',0,0,4,3,0,0,'executeIdle','',3,'on',0,'off','off',0),
 (15,'WL Thread ppo3p Data Source [activeThreads]',24,213,25,0,51,'','1',30,0,'','',1,1,'','',1,0,'','',1,1,0,'on',0,360,'20','20',2,NULL,0,'26','2012-02-02 17:55:01','26',0,NULL,'soportecfe.orange@gmail.com, facundo.baiocco@capgemini.com','soportecfe.orange@gmail.com, facundo.baiocco@capgemini.com',0,0,4,3,0,0,'executeIdle','',3,'on',0,'off','off',0),
 (14,'WL Thread ppo2p Data Source [activeThreads]',23,198,24,38,51,'','1',30,0,'','',1,1,'','',1,0,'','',1,1,0,'on',0,360,'20','20',2,NULL,0,'140','2012-02-02 17:55:01','140',0,NULL,'soportecfe.orange@gmail.com, facundo.baiocco@capgemini.com','soportecfe.orange@gmail.com, facundo.baiocco@capgemini.com',0,0,4,3,0,0,'executeIdle','',3,'on',0,'off','off',0),
 (16,'WL Thread ppo4p Data Source [activeThreads]',26,228,26,38,51,'','1',30,0,'','',1,1,'','',1,0,'','',1,1,0,'on',0,360,'20','20',2,NULL,0,'46','2012-02-02 17:55:01','46',0,NULL,'soportecfe.orange@gmail.com, facundo.baiocco@capgemini.com','soportecfe.orange@gmail.com, facundo.baiocco@capgemini.com',0,0,4,3,0,0,'executeIdle','',3,'on',0,'off','off',0),
 (17,'WL Thread neos1p Data Source [activeThreads]',18,158,18,38,51,'','1',30,0,'','',1,1,'','',1,0,'','',1,1,0,'on',0,360,'20','20',2,NULL,0,'239','2012-02-02 18:02:01','239',0,NULL,'soportecfe.orange@gmail.com, facundo.baiocco@capgemini.com','soportecfe.orange@gmail.com, facundo.baiocco@capgemini.com',0,0,2,3,0,0,'executeIdle','',3,'on',1,'off','off',0),
 (19,'WL Thread neos2p Data Source [activeThreads]',17,144,19,38,51,'','1',30,0,'','',1,1,'','',1,0,'','',1,1,0,'on',0,360,'20','20',2,NULL,0,'26','2012-02-02 18:02:01','26',0,NULL,'soportecfe.orange@gmail.com, facundo.baiocco@capgemini.com','soportecfe.orange@gmail.com, facundo.baiocco@capgemini.com',0,0,2,3,0,0,'executeIdle','',3,'on',1,'off','off',0),
 (20,'WL Thread neosweb1p Data Source [activeThreads]',20,172,21,38,51,'','1',30,0,'','',1,1,'','',1,0,'','',1,1,0,'on',0,360,'20','20',2,NULL,0,'42','2012-02-02 18:02:01','42',0,NULL,'soportecfe.orange@gmail.com, facundo.baiocco@capgemini.com','soportecfe.orange@gmail.com, facundo.baiocco@capgemini.com',0,0,2,3,0,0,'executeIdle','',3,'on',1,'off','off',0),
 (21,'WL Thread neosweb2p Data Source [activeThreads]',21,181,22,38,51,'','1',30,0,'','',1,1,'','',1,0,'','',1,1,0,'on',0,360,'20','20',2,NULL,0,'39','2012-02-02 18:02:01','39',0,NULL,'soportecfe.orange@gmail.com, facundo.baiocco@capgemini.com','soportecfe.orange@gmail.com, facundo.baiocco@capgemini.com',0,0,2,3,0,0,'executeIdle','',3,'on',1,'off','off',0),
 (22,'WL Thread fewspweb1p Data Source [activeThreads]',27,238,29,38,51,'','1',30,0,'','',1,1,'','',1,0,'','',1,1,0,'on',0,360,'20','20',2,NULL,0,'11','2012-02-02 17:55:01','11',0,NULL,'soportecfe.orange@gmail.com, facundo.baiocco@capgemini.com','soportecfe.orange@gmail.com, facundo.baiocco@capgemini.com',0,0,4,3,0,0,'executeIdle','',3,'on',0,'off','off',0),
 (23,'WL Thread fewspweb2p Data Source [activeThreads]',28,247,30,38,51,'','1',30,0,'','',1,1,'','',1,0,'','',1,1,0,'on',0,360,'20','20',2,NULL,0,'21','2012-02-02 17:55:01','21',0,NULL,'soportecfe.orange@gmail.com, facundo.baiocco@capgemini.com','soportecfe.orange@gmail.com, facundo.baiocco@capgemini.com',0,0,4,3,0,0,'executeIdle','',3,'on',0,'off','off',0),
 (24,'WL Thread fewspservices1p Data Source [activeThreads]',29,256,27,38,51,'','1',30,0,'','',1,1,'','',1,0,'','',1,1,0,'on',0,360,'20','20',2,NULL,0,'11','2012-02-02 17:55:01','11',0,NULL,'soportecfe.orange@gmail.com, facundo.baiocco@capgemini.com','soportecfe.orange@gmail.com, facundo.baiocco@capgemini.com',0,0,4,3,0,0,'executeIdle','',3,'on',0,'off','off',0),
 (25,'WL Thread fewspservices2p Data Source [activeThreads]',30,265,28,38,51,'','1',30,0,'','',1,1,'','',1,0,'','',1,1,0,'on',0,360,'20','20',2,NULL,0,'15','2012-02-02 17:55:01','15',0,NULL,'soportecfe.orange@gmail.com, facundo.baiocco@capgemini.com','soportecfe.orange@gmail.com, facundo.baiocco@capgemini.com',0,0,4,3,0,0,'executeIdle','',3,'on',0,'off','off',0),
 (26,'MDW weblogp6 02045 Data Source [totalCount]',74,612,46,47,59,'30','',2,0,'','',0,1,'','',1,0,'','',0,1,0,'on',0,360,'','',2,NULL,0,'77','2012-01-05 14:50:02','77',240,NULL,'soportecfe.orange@gmail.com','soportecfe.orange@gmail.com',0,0,0,3,0,0,'averageTime','',0,'off',0,'off','off',0);
CREATE TABLE  `cacti`.`thold_template` (
  `id` int(11) NOT NULL AUTO_INCREMENT,
  `hash` varchar(32) NOT NULL,
  `name` varchar(100) NOT NULL DEFAULT '',
  `data_template_id` int(10) NOT NULL DEFAULT '0',
  `data_template_name` varchar(100) NOT NULL DEFAULT '',
  `data_source_id` int(10) NOT NULL DEFAULT '0',
  `data_source_name` varchar(100) NOT NULL DEFAULT '',
  `data_source_friendly` varchar(100) NOT NULL DEFAULT '',
  `thold_hi` varchar(100) DEFAULT NULL,
  `thold_low` varchar(100) DEFAULT NULL,
  `thold_fail_trigger` int(10) unsigned DEFAULT NULL,
  `time_hi` varchar(100) DEFAULT NULL,
  `time_low` varchar(100) DEFAULT NULL,
  `time_fail_trigger` int(12) NOT NULL DEFAULT '1',
  `time_fail_length` int(12) NOT NULL DEFAULT '1',
  `thold_warning_hi` varchar(100) DEFAULT NULL,
  `thold_warning_low` varchar(100) DEFAULT NULL,
  `thold_warning_fail_trigger` int(10) unsigned DEFAULT NULL,
  `thold_warning_fail_count` int(11) NOT NULL DEFAULT '0',
  `time_warning_hi` varchar(100) DEFAULT NULL,
  `time_warning_low` varchar(100) DEFAULT NULL,
  `time_warning_fail_trigger` int(12) NOT NULL DEFAULT '1',
  `time_warning_fail_length` int(12) NOT NULL DEFAULT '1',
  `thold_enabled` enum('on','off') NOT NULL DEFAULT 'on',
  `thold_type` int(3) NOT NULL DEFAULT '0',
  `bl_ref_time_range` int(10) unsigned DEFAULT NULL,
  `bl_pct_down` varchar(100) DEFAULT NULL,
  `bl_pct_up` varchar(100) DEFAULT NULL,
  `bl_fail_trigger` int(10) unsigned DEFAULT NULL,
  `bl_fail_count` int(11) unsigned DEFAULT NULL,
  `bl_alert` int(2) NOT NULL DEFAULT '0',
  `repeat_alert` int(10) unsigned DEFAULT NULL,
  `notify_default` enum('on','off') DEFAULT NULL,
  `notify_extra` text,
  `notify_warning_extra` varchar(512) DEFAULT NULL,
  `notify_warning` int(10) unsigned DEFAULT NULL,
  `notify_alert` int(10) unsigned DEFAULT NULL,
  `data_type` int(12) NOT NULL DEFAULT '0',
  `cdef` int(11) NOT NULL DEFAULT '0',
  `percent_ds` varchar(64) NOT NULL DEFAULT '',
  `expression` varchar(70) NOT NULL DEFAULT '',
  `exempt` char(3) NOT NULL DEFAULT 'off',
  `restored_alert` char(3) NOT NULL DEFAULT 'off',
  PRIMARY KEY (`id`),
  KEY `id` (`id`),
  KEY `data_source_id` (`data_source_id`),
  KEY `data_template_id` (`data_template_id`)
) ENGINE=MyISAM AUTO_INCREMENT=4 DEFAULT CHARSET=latin1 COMMENT='Table of thresholds defaults for graphs';
INSERT INTO `cacti`.`thold_template` VALUES  (2,'91d207e4c907588b73fb9d3407504d1a','WL Thread Monitoring Data Template [hoogingThreads]',51,'WL Thread Monitoring Data Template',121,'hoogingThreads','Hogging Thread Count','20','',10,'','',1,1,'','',5,0,'','',1,1,'on',0,360,'20','20',2,NULL,0,120,NULL,'soportecfe.orange@gmail.com, facundo.baiocco@capgemini.com','soportecfe.orange@gmail.com, facundo.baiocco@capgemini.com',0,0,0,0,'executeIdle','','off','off'),
 (3,'bcda1d141326ed6b8a436d9969254cfc','WL Thread Monitoring Data Template [activeThreads]',51,'WL Thread Monitoring Data Template',113,'activeThreads','Active Execute Threads','','1',30,'','',1,1,'','',1,0,'','',1,1,'on',0,360,'20','20',2,NULL,0,0,NULL,'soportecfe.orange@gmail.com, facundo.baiocco@capgemini.com','soportecfe.orange@gmail.com, facundo.baiocco@capgemini.com',0,0,0,0,'executeIdle','','off','off');
CREATE TABLE  `cacti`.`user_auth` (
  `id` mediumint(8) unsigned NOT NULL AUTO_INCREMENT,
  `username` varchar(50) NOT NULL DEFAULT '0',
  `password` varchar(50) NOT NULL DEFAULT '0',
  `realm` mediumint(8) NOT NULL DEFAULT '0',
  `full_name` varchar(100) DEFAULT '0',
  `must_change_password` char(2) DEFAULT NULL,
  `show_tree` char(2) DEFAULT 'on',
  `show_list` char(2) DEFAULT 'on',
  `show_preview` char(2) NOT NULL DEFAULT 'on',
  `graph_settings` char(2) DEFAULT NULL,
  `login_opts` tinyint(1) NOT NULL DEFAULT '1',
  `policy_graphs` tinyint(1) unsigned NOT NULL DEFAULT '1',
  `policy_trees` tinyint(1) unsigned NOT NULL DEFAULT '1',
  `policy_hosts` tinyint(1) unsigned NOT NULL DEFAULT '1',
  `policy_graph_templates` tinyint(1) unsigned NOT NULL DEFAULT '1',
  `enabled` char(2) NOT NULL DEFAULT 'on',
  PRIMARY KEY (`id`),
  KEY `username` (`username`),
  KEY `realm` (`realm`),
  KEY `enabled` (`enabled`)
) ENGINE=MyISAM AUTO_INCREMENT=8 DEFAULT CHARSET=latin1;
INSERT INTO `cacti`.`user_auth` VALUES  (1,'admin','1730cfc4b08345dafdc11fa888fa485e',0,'Administrator','','on','on','on','on',1,1,1,1,1,'on'),
 (3,'guest','43e9a4ab75570f5b',0,'Guest Account','on','on','on','on','on',3,1,1,1,1,'on'),
 (4,'swfcfe','40f46220cc34407eaf7cd7d704539cb0',0,'swfcfe Monitoring account','','on','on','on','on',1,1,2,1,1,'on'),
 (5,'sigaux','74394e5533406b74e74e4a9cacd78997',0,'Explotacion','','on','on','on','on',1,1,1,1,1,'on'),
 (6,'icacti','1921f9e1416473a1d0f15d328e837115',0,'iCacti remote access account','','on','','','',3,1,2,1,1,'on'),
 (7,'siebel','b24d00e6ef4a93ad37a1d953e84ec03c',0,'Acceso a graficos de Siebel','','on','on','','on',3,1,2,1,1,'on');
CREATE TABLE  `cacti`.`user_auth_perms` (
  `user_id` mediumint(8) unsigned NOT NULL DEFAULT '0',
  `item_id` mediumint(8) unsigned NOT NULL DEFAULT '0',
  `type` tinyint(2) unsigned NOT NULL DEFAULT '0',
  PRIMARY KEY (`user_id`,`item_id`,`type`),
  KEY `user_id` (`user_id`,`type`)
) ENGINE=MyISAM DEFAULT CHARSET=latin1;
INSERT INTO `cacti`.`user_auth_perms` VALUES  (4,2,2),
 (4,3,2),
 (4,4,2),
 (4,5,2),
 (4,6,2),
 (4,7,2),
 (4,9,2),
 (4,10,2),
 (4,11,2),
 (4,44,1),
 (4,45,1),
 (4,47,1),
 (6,12,2),
 (7,13,2);
CREATE TABLE  `cacti`.`user_auth_realm` (
  `realm_id` mediumint(8) unsigned NOT NULL DEFAULT '0',
  `user_id` mediumint(8) unsigned NOT NULL DEFAULT '0',
  PRIMARY KEY (`realm_id`,`user_id`),
  KEY `user_id` (`user_id`)
) ENGINE=MyISAM DEFAULT CHARSET=latin1;
INSERT INTO `cacti`.`user_auth_realm` VALUES  (1,1),
 (2,1),
 (3,1),
 (4,1),
 (4,3),
 (4,4),
 (4,7),
 (5,1),
 (5,3),
 (5,4),
 (5,7),
 (7,1),
 (7,3),
 (7,4),
 (7,5),
 (7,6),
 (7,7),
 (8,1),
 (9,1),
 (10,1),
 (11,1),
 (12,1),
 (13,1),
 (13,4),
 (14,1),
 (15,1),
 (15,4),
 (16,1),
 (16,4),
 (16,5),
 (16,7),
 (17,1),
 (17,4),
 (101,1),
 (102,1),
 (103,1),
 (103,4),
 (103,5),
 (104,1),
 (105,1),
 (105,5),
 (106,1),
 (106,4),
 (107,1),
 (108,1),
 (108,7);
CREATE TABLE  `cacti`.`user_log` (
  `username` varchar(50) NOT NULL DEFAULT '0',
  `user_id` mediumint(8) NOT NULL DEFAULT '0',
  `time` datetime NOT NULL DEFAULT '0000-00-00 00:00:00',
  `result` tinyint(1) NOT NULL DEFAULT '0',
  `ip` varchar(40) NOT NULL DEFAULT '',
  PRIMARY KEY (`username`,`user_id`,`time`),
  KEY `username` (`username`)
) ENGINE=MyISAM DEFAULT CHARSET=latin1;
INSERT INTO `cacti`.`user_log` VALUES  ('admin',0,'2011-06-22 09:54:07',0,'10.113.73.177'),
 ('admin',0,'2011-06-22 09:54:16',0,'10.113.73.177'),
 ('admin',1,'2011-06-22 09:54:23',1,'10.113.73.177'),
 ('admin',0,'0000-00-00 00:00:00',3,'10.113.73.177'),
 ('admin',1,'2011-07-12 09:38:50',1,'10.113.73.177'),
 ('admin',1,'2011-07-12 14:59:20',1,'10.113.74.36'),
 ('admin',1,'2011-07-13 09:17:01',1,'10.113.73.177'),
 ('admin',1,'2011-07-13 10:25:58',1,'10.113.74.36'),
 ('admin',1,'2011-07-13 12:47:34',1,'10.113.74.36'),
 ('admin',1,'2011-07-13 15:20:29',1,'10.113.74.36'),
 ('admin',1,'2011-07-14 14:49:50',1,'10.113.73.177'),
 ('admin',1,'2011-07-14 15:03:22',1,'10.113.74.36'),
 ('admin',1,'2011-07-15 13:39:44',1,'10.113.73.177'),
 ('admin',1,'2011-07-15 14:06:27',1,'10.113.68.21'),
 ('admin',1,'2011-07-18 11:41:48',1,'10.113.68.21'),
 ('admin',1,'2011-07-20 07:57:40',1,'10.113.68.21'),
 ('admin',1,'2011-07-22 17:10:58',1,'172.17.34.89'),
 ('admin',1,'2011-07-28 10:32:09',1,'10.113.68.21'),
 ('admin',1,'2011-08-01 14:16:19',1,'10.113.68.21'),
 ('admin',1,'2011-08-01 14:16:28',1,'10.113.68.21'),
 ('admin',1,'2011-08-01 14:16:39',1,'10.113.68.21'),
 ('admin',1,'2011-08-01 14:18:26',1,'10.113.68.21'),
 ('admin',1,'2011-08-01 14:18:36',1,'10.113.68.21'),
 ('admin',1,'2011-08-02 08:13:57',1,'10.113.68.21'),
 ('admin',1,'2011-08-08 12:43:25',1,'10.113.73.177'),
 ('admin',1,'2011-08-09 05:56:25',1,'10.113.68.21'),
 ('admin',1,'2011-08-09 12:43:50',1,'10.113.74.36'),
 ('admin',1,'2011-08-10 10:00:12',1,'10.113.74.36'),
 ('admin',1,'2011-08-10 15:33:23',1,'10.113.74.36'),
 ('admin',1,'2011-08-11 12:41:31',1,'10.113.74.36'),
 ('admin',1,'2011-08-12 09:39:28',1,'10.113.73.177'),
 ('admin',1,'2011-08-12 10:50:28',1,'10.113.74.36'),
 ('admin',1,'2011-08-16 08:59:25',1,'10.113.68.21'),
 ('admin',1,'2011-08-16 09:45:28',1,'10.113.73.177'),
 ('admin',1,'2011-08-16 11:58:57',1,'10.113.74.36'),
 ('guest',0,'2011-08-16 12:34:58',0,'10.113.74.36'),
 ('swfcfe',4,'2011-08-16 12:35:22',1,'10.113.74.36'),
 ('swfcfe',4,'2011-08-16 12:49:34',1,'10.113.74.36'),
 ('swfcfe',4,'2011-08-16 13:50:43',1,'10.113.74.36'),
 ('swfcfe',4,'2011-08-16 15:09:38',1,'10.113.110.13'),
 ('swfcfe',4,'2011-08-16 15:09:50',1,'10.113.75.44'),
 ('admin',1,'2011-08-16 15:10:29',1,'10.113.68.21'),
 ('swfcfe',4,'2011-08-16 15:17:15',1,'10.113.75.44'),
 ('admin',1,'2011-08-17 08:09:46',1,'10.113.68.21'),
 ('swfcfe',4,'2011-08-17 09:29:02',1,'10.113.75.44'),
 ('admin',1,'2011-08-17 10:52:29',1,'10.113.144.249'),
 ('swfcfe',4,'2011-08-17 12:58:04',1,'10.113.74.36'),
 ('admin',1,'2011-08-17 13:13:04',1,'10.113.144.249'),
 ('swfcfe',4,'2011-08-17 14:19:23',1,'10.113.73.18'),
 ('swfcfe',4,'2011-08-17 14:34:52',1,'10.113.74.36'),
 ('admin',1,'2011-08-18 09:54:28',1,'10.113.73.177'),
 ('admin',1,'2011-08-18 10:56:41',1,'10.113.73.177'),
 ('swfcfe',4,'2011-08-18 10:57:01',1,'10.113.74.36'),
 ('swlcfe',0,'2011-08-18 14:00:09',0,'10.113.55.34'),
 ('swfcfe',4,'2011-08-18 14:00:15',1,'10.113.55.34'),
 ('swfcfe',4,'2011-08-18 14:44:46',1,'10.113.55.34'),
 ('swfcfe',4,'2011-08-22 13:44:20',1,'10.113.68.127'),
 ('swfcfe',4,'2011-08-22 13:44:29',1,'10.113.72.112'),
 ('swfcfe',4,'2011-08-22 14:28:56',1,'10.113.74.36'),
 ('admin',1,'2011-08-23 11:53:19',1,'10.113.73.177'),
 ('admin',1,'2011-08-23 11:56:51',1,'10.113.73.177'),
 ('admin',1,'2011-08-24 13:40:18',1,'10.113.73.177'),
 ('admin',1,'2011-08-24 13:45:09',1,'10.113.73.177'),
 ('admin',1,'2011-08-24 15:02:57',1,'10.113.73.177'),
 ('swfcfe',4,'2011-08-24 16:00:30',1,'10.113.74.36'),
 ('admin',1,'2011-08-24 16:02:31',1,'10.113.74.36'),
 ('admin',1,'2011-08-24 16:05:52',1,'10.113.74.36'),
 ('swfcfe',4,'2011-08-30 12:45:33',1,'10.113.74.36'),
 ('swfcfe',4,'2011-08-30 13:09:22',1,'10.113.74.36'),
 ('swfcfe',0,'2011-08-30 13:45:46',0,'10.113.55.32'),
 ('swfcfe07.julio',0,'2011-08-30 13:45:51',0,'10.113.55.32'),
 ('swfcfe',4,'2011-08-30 15:04:08',1,'10.113.75.44'),
 ('swfcfe',4,'2011-08-31 14:42:25',1,'10.113.74.36'),
 ('swfcfe',4,'2011-09-01 11:59:02',1,'10.113.75.44'),
 ('swfcfe',4,'2011-09-02 10:41:27',1,'10.113.75.44'),
 ('swfcfe',4,'2011-09-02 10:46:30',1,'10.113.74.36'),
 ('swfcfe',4,'2011-09-02 10:48:01',1,'10.113.182.7'),
 ('swfcfe',4,'2011-09-02 10:56:15',1,'10.113.146.60'),
 ('swfcfe',4,'2011-09-02 11:03:41',1,'10.113.74.79'),
 ('swfcfe',4,'2011-09-02 15:08:10',1,'10.113.75.44'),
 ('swfcfe',4,'2011-09-05 13:26:38',1,'10.113.74.36'),
 ('swfcfe',4,'2011-09-05 15:43:58',1,'10.113.75.44'),
 ('admin',1,'2011-09-06 14:18:05',1,'10.113.73.177'),
 ('swfcfe',4,'2011-09-08 00:25:49',1,'10.113.134.23'),
 ('swfcfe',4,'2011-09-08 09:47:37',1,'10.113.74.36'),
 ('admin',1,'2011-09-08 11:53:40',1,'10.113.73.177'),
 ('swfcfe',4,'2011-09-12 12:25:04',1,'10.113.145.49'),
 ('swfcfe',4,'2011-09-12 14:19:51',1,'10.113.145.49'),
 ('swfcfe',4,'2011-09-12 14:37:27',1,'10.113.145.49'),
 ('admin',1,'2011-09-13 09:12:36',1,'10.113.68.21'),
 ('admin',1,'2011-09-13 11:58:47',1,'10.113.73.177'),
 ('admin',1,'2011-09-13 14:51:36',1,'10.113.73.177'),
 ('swfcfe',4,'2011-09-13 15:43:13',1,'10.113.145.49'),
 ('swfcfe',4,'2011-09-14 12:14:51',1,'10.113.74.36'),
 ('swfcfe',4,'2011-09-15 13:25:58',1,'10.113.73.196'),
 ('swfcfe',4,'2011-09-16 09:54:02',1,'10.113.74.36'),
 ('swfcfe',4,'2011-09-16 12:54:58',1,'10.113.144.86'),
 ('swfcfe',4,'2011-09-19 12:36:03',1,'10.113.144.215'),
 ('admin',1,'2011-09-19 12:55:17',1,'10.113.68.21'),
 ('admin',1,'2011-09-20 17:00:21',1,'10.113.73.177'),
 ('admin',1,'2011-09-20 17:19:39',1,'10.113.73.177'),
 ('admin',1,'2011-09-21 09:48:09',1,'10.113.73.177'),
 ('swfcfe',4,'2011-09-21 16:24:02',1,'10.113.73.196'),
 ('admin',1,'2011-09-22 15:56:47',1,'10.113.74.36'),
 ('swfcfe',4,'2011-09-26 12:32:45',1,'10.113.74.36'),
 ('admin',1,'2011-09-26 19:24:48',1,'10.113.74.36'),
 ('admin',1,'2011-09-27 10:24:35',1,'10.113.74.36'),
 ('admin',1,'2011-09-28 10:17:39',1,'10.113.74.36'),
 ('admin',1,'2011-09-28 14:21:28',1,'10.113.68.21'),
 ('admin',1,'2011-09-28 18:37:43',1,'10.113.74.36'),
 ('admin',1,'2011-09-29 08:21:15',1,'10.113.68.21'),
 ('admin',1,'2011-09-29 10:36:21',1,'10.113.74.36'),
 ('swfcfe',4,'2011-09-29 12:37:54',1,'10.113.74.126'),
 ('admin',0,'2011-09-29 12:38:15',0,'10.113.74.126'),
 ('admin',1,'2011-09-29 12:38:21',1,'10.113.74.126'),
 ('swfcfe',4,'2011-09-29 12:58:59',1,'10.113.55.32'),
 ('admin',1,'2011-09-29 13:03:05',1,'10.113.73.177'),
 ('admin',1,'2011-09-30 10:16:22',1,'10.113.74.36'),
 ('admin',1,'2011-10-01 15:33:21',1,'172.17.34.171'),
 ('admin',1,'2011-10-03 08:12:24',1,'10.113.68.21'),
 ('admin',1,'2011-10-03 10:57:10',1,'10.113.73.177'),
 ('admin',1,'2011-10-03 12:04:14',1,'10.113.68.21'),
 ('swfcfe',4,'2011-10-03 12:38:37',1,'10.113.74.126'),
 ('admin',1,'2011-10-03 15:33:23',1,'10.113.73.177'),
 ('admin',1,'2011-10-03 17:28:11',1,'10.113.73.177'),
 ('admin',1,'2011-10-04 10:34:41',1,'10.113.68.21'),
 ('admin',1,'2011-10-04 12:14:22',1,'10.113.146.185'),
 ('admin',1,'2011-10-05 10:32:29',1,'10.113.74.36'),
 ('admin',1,'2011-10-05 11:30:13',1,'10.113.74.36'),
 ('admin',1,'2011-10-05 18:39:28',1,'10.113.73.177'),
 ('admin',1,'2011-10-05 18:39:56',1,'10.113.73.177'),
 ('admin',1,'2011-10-06 09:03:06',1,'10.113.146.185'),
 ('admin',1,'2011-10-07 09:43:04',1,'10.113.68.21'),
 ('admin',1,'2011-10-07 12:14:02',1,'10.113.74.36'),
 ('admin',1,'2011-10-10 05:18:23',1,'172.17.34.41'),
 ('admin',1,'2011-10-10 14:25:10',1,'10.113.146.92'),
 ('admin',1,'2011-10-13 13:43:24',1,'10.113.146.73'),
 ('swfcfe',4,'2011-10-13 16:39:58',1,'10.113.55.34'),
 ('swfcfe',4,'2011-10-13 16:41:30',1,'10.148.90.40'),
 ('admin',1,'2011-10-13 16:56:22',1,'10.113.74.36'),
 ('swfcfe',4,'2011-10-14 12:51:35',1,'10.113.144.78'),
 ('admin',1,'2011-10-14 14:11:33',1,'10.113.146.208'),
 ('swfcfe',4,'2011-10-17 18:26:30',1,'10.113.55.33'),
 ('swfcfe',4,'2011-10-17 18:26:38',1,'10.113.55.33'),
 ('swfcfe',4,'2011-10-17 18:27:06',1,'10.113.55.33'),
 ('admin',0,'2011-10-19 08:05:42',0,'10.113.144.16'),
 ('admin',1,'2011-10-19 12:58:42',1,'10.113.146.138'),
 ('admin',1,'2011-10-19 12:58:46',1,'10.113.146.138'),
 ('admin',0,'2011-10-19 12:59:25',0,'10.113.146.138'),
 ('admin',1,'2011-10-19 12:59:40',1,'10.113.146.138'),
 ('admin',1,'2011-10-19 13:01:40',1,'10.113.146.138'),
 ('admin',1,'2011-10-19 14:39:57',1,'10.113.73.177'),
 ('admin',1,'2011-10-19 15:16:25',1,'10.113.73.177'),
 ('swfcfe',4,'2011-10-20 10:34:24',1,'10.113.146.45'),
 ('swfcfe',4,'2011-10-21 12:44:11',1,'10.113.182.9'),
 ('admin',1,'2011-10-21 13:50:26',1,'10.113.74.36'),
 ('admin',1,'2011-10-22 07:15:04',1,'172.17.34.99'),
 ('swfcfe',4,'2011-10-23 07:28:52',1,'10.113.142.128'),
 ('admin',1,'2011-10-23 07:44:09',1,'172.17.34.183'),
 ('admin',1,'2011-10-24 08:17:05',1,'10.113.68.21'),
 ('swfcfe',4,'2011-10-24 08:41:27',1,'10.113.182.9'),
 ('admin',1,'2011-10-24 10:34:06',1,'10.113.68.21'),
 ('admin',1,'2011-10-24 10:48:03',1,'10.113.74.36'),
 ('admin',1,'2011-10-24 11:11:40',1,'10.113.68.21'),
 ('admin',1,'2011-10-24 11:20:27',1,'10.113.73.177'),
 ('admin',1,'2011-10-25 11:33:24',1,'10.113.74.36'),
 ('admin',1,'2011-10-25 12:44:38',1,'10.113.73.177'),
 ('swfcfe',4,'2011-10-25 12:45:40',1,'10.113.182.9'),
 ('swfcfe',4,'2011-10-25 16:07:12',1,'10.113.182.9'),
 ('admin',1,'2011-10-25 19:21:27',1,'10.113.74.126'),
 ('swfcfe',4,'2011-10-26 10:18:27',1,'10.113.74.126'),
 ('admin',1,'2011-10-26 10:19:32',1,'10.113.110.13'),
 ('admin',1,'2011-10-26 10:55:30',1,'10.113.146.231'),
 ('admin',1,'2011-10-26 12:38:50',1,'10.113.110.13'),
 ('admin',1,'2011-10-26 17:08:36',1,'10.113.110.13'),
 ('admin',1,'2011-10-27 12:09:16',1,'10.113.146.39'),
 ('swfcfe',4,'2011-10-27 13:52:05',1,'10.113.182.9'),
 ('admin',1,'2011-10-28 07:56:03',1,'10.113.68.21'),
 ('admin',1,'2011-10-28 10:57:37',1,'10.113.146.158'),
 ('admin',1,'2011-10-28 12:52:37',1,'10.113.68.21'),
 ('swfcfe',4,'2011-10-28 13:01:24',1,'10.113.55.32'),
 ('admin',1,'2011-10-29 05:34:13',1,'172.17.34.48'),
 ('admin',1,'2011-10-31 09:33:51',1,'10.113.74.36'),
 ('swfcfe',4,'2011-10-31 09:44:42',1,'10.113.182.9'),
 ('cacti',0,'2011-10-31 11:42:10',0,'10.113.55.34'),
 ('swfce',0,'2011-10-31 11:42:25',0,'10.113.55.34'),
 ('swfcfe',4,'2011-10-31 11:42:34',1,'10.113.55.34'),
 ('admin',1,'2011-10-31 12:32:35',1,'10.113.73.177'),
 ('admin',1,'2011-10-31 12:33:55',1,'10.113.145.129'),
 ('swfcfe',4,'2011-10-31 16:34:12',1,'10.113.55.34'),
 ('admin',1,'2011-10-31 16:41:45',1,'10.113.74.36'),
 ('swfcfe',4,'2011-11-02 09:20:40',1,'10.113.182.9'),
 ('swfcfe',4,'2011-11-02 11:59:28',1,'10.113.182.9'),
 ('admin',1,'2011-11-02 12:00:40',1,'10.113.110.13'),
 ('admin',1,'2011-11-02 12:41:37',1,'10.113.146.154'),
 ('admin',1,'2011-11-02 12:45:29',1,'10.113.146.202'),
 ('admin',1,'2011-11-02 14:37:31',1,'10.113.68.21'),
 ('admin',1,'2011-11-02 16:23:16',1,'10.113.146.154'),
 ('swfcfe',4,'2011-11-02 16:45:06',1,'10.113.55.33'),
 ('admin',1,'2011-11-02 19:19:50',1,'10.113.146.154'),
 ('admin',1,'2011-11-03 10:29:31',1,'10.113.74.36'),
 ('admin',1,'2011-11-03 12:37:56',1,'10.113.146.154'),
 ('swfcfe',4,'2011-11-03 16:57:10',1,'10.113.55.32'),
 ('swfcfe',4,'2011-11-03 23:34:17',1,'10.113.134.96'),
 ('swfcfe',4,'2011-11-03 23:40:23',1,'10.113.134.96'),
 ('swfcfe',4,'2011-11-04 09:35:54',1,'10.148.90.78'),
 ('swfcfe',4,'2011-11-04 09:38:30',1,'10.113.55.32'),
 ('admin',1,'2011-11-04 12:52:12',1,'10.113.110.13'),
 ('admin',1,'2011-11-04 14:16:32',1,'10.113.68.21'),
 ('swfcfe',4,'2011-11-04 19:22:32',1,'10.113.142.158'),
 ('swfcfe',4,'2011-11-07 10:19:42',1,'10.113.55.34'),
 ('admin',1,'2011-11-07 17:23:31',1,'10.113.110.13'),
 ('admin',1,'2011-11-08 13:35:04',1,'10.113.146.114'),
 ('swfcfe',4,'2011-11-08 17:21:14',1,'10.113.55.34'),
 ('swfcfe',4,'2011-11-10 09:02:41',1,'10.113.182.9'),
 ('swfcfe',4,'2011-11-10 10:00:56',1,'10.148.90.92'),
 ('swfcfe',4,'2011-11-10 11:02:41',1,'10.148.90.36'),
 ('swfcfe',4,'2011-11-10 16:33:49',1,'10.113.55.33'),
 ('swfcfe',4,'2011-11-10 22:30:47',1,'10.113.143.147'),
 ('swfcfe',4,'2011-11-11 09:16:06',1,'10.113.182.9'),
 ('swfcfe',4,'2011-11-11 11:20:23',1,'10.148.90.25'),
 ('admin',1,'2011-11-11 11:44:20',1,'10.113.73.177'),
 ('admin',1,'2011-11-11 12:22:59',1,'10.113.68.21'),
 ('admin',1,'2011-11-11 13:59:22',1,'10.113.68.21'),
 ('swfcfe',4,'2011-11-13 12:57:49',1,'10.113.72.189'),
 ('swfcfe',4,'2011-11-14 10:00:18',1,'10.148.90.25'),
 ('admin',1,'2011-11-14 10:13:10',1,'10.113.68.21'),
 ('swfcfe',4,'2011-11-14 10:15:13',1,'10.113.182.9'),
 ('admin',1,'2011-11-14 11:26:10',1,'10.113.110.13'),
 ('swfcfe',4,'2011-11-14 13:11:31',1,'10.113.145.62'),
 ('swfcfe',4,'2011-11-14 16:10:52',1,'10.113.145.62'),
 ('admin',1,'2011-11-14 17:08:43',1,'10.113.74.36'),
 ('swfcfe',4,'2011-11-14 18:04:34',1,'10.113.55.32'),
 ('admin',1,'2011-11-14 21:16:29',1,'10.113.68.21'),
 ('admin',1,'2011-11-15 09:47:16',1,'10.113.110.13'),
 ('admin',1,'2011-11-15 11:58:20',1,'10.113.110.13'),
 ('admin',1,'2011-11-15 12:40:15',1,'10.113.74.36'),
 ('swfcfe',4,'2011-11-15 18:52:40',1,'10.113.182.9'),
 ('swfcfe',4,'2011-11-15 20:18:54',1,'10.113.55.33'),
 ('admin',1,'2011-11-16 08:22:10',1,'10.113.68.21'),
 ('admin',1,'2011-11-16 09:34:38',1,'10.113.73.177'),
 ('swfcfe',4,'2011-11-16 09:49:22',1,'10.113.55.33'),
 ('swfcfe',4,'2011-11-16 13:05:35',1,'10.113.55.33'),
 ('swfcfe',4,'2011-11-16 13:05:37',1,'10.113.55.33'),
 ('swfcfe',4,'2011-11-16 13:05:48',1,'10.113.55.33'),
 ('swfcfe',4,'2011-11-16 13:05:55',1,'10.113.55.33'),
 ('admin',1,'2011-11-16 15:05:34',1,'10.113.55.32'),
 ('admin',1,'2011-11-16 15:05:39',1,'10.113.55.32'),
 ('admin',1,'2011-11-16 15:05:56',1,'10.113.68.21'),
 ('admin',1,'2011-11-16 15:06:10',1,'10.113.68.21'),
 ('admin',1,'2011-11-16 15:07:43',1,'10.113.68.21'),
 ('admin',1,'2011-11-16 15:15:03',1,'10.113.68.21'),
 ('admin',1,'2011-11-16 15:15:15',1,'10.113.68.21'),
 ('admin',1,'2011-11-16 15:15:21',1,'10.113.68.21'),
 ('admin',1,'2011-11-16 15:15:22',1,'10.113.68.21'),
 ('admin',1,'2011-11-16 15:15:34',1,'10.113.68.21'),
 ('admin',1,'2011-11-16 15:24:20',1,'10.113.68.21'),
 ('admin',1,'2011-11-16 17:15:41',1,'10.113.68.21'),
 ('admin',1,'2011-11-17 07:36:34',1,'10.113.68.21'),
 ('admin',1,'2011-11-17 07:36:48',1,'10.113.68.21'),
 ('admin',0,'2011-11-17 09:00:15',0,'10.113.68.21'),
 ('admin',1,'2011-11-17 09:00:42',1,'10.113.68.21'),
 ('admin',1,'2011-11-17 09:01:00',1,'10.113.73.177'),
 ('admin',1,'2011-11-17 09:01:02',1,'10.113.73.177'),
 ('admin',1,'2011-11-17 09:01:06',1,'10.113.73.177'),
 ('admin',1,'2011-11-17 09:19:36',1,'10.113.73.177'),
 ('swfcfe',4,'2011-11-17 09:22:35',1,'10.113.182.9'),
 ('admin',1,'2011-11-17 09:26:15',1,'10.113.68.21'),
 ('swfcfe',0,'2011-11-18 04:58:53',0,'10.113.55.34'),
 ('swfcfe',4,'2011-11-18 05:00:24',1,'10.113.55.34'),
 ('swfcfe',4,'2011-11-18 09:21:17',1,'10.113.182.9'),
 ('swfcfe',4,'2011-11-18 10:26:39',1,'10.113.145.135'),
 ('admin',1,'2011-11-18 14:42:32',1,'10.113.73.177'),
 ('admin',1,'2011-11-18 14:44:36',1,'10.113.73.177'),
 ('admin',1,'2011-11-18 14:49:47',1,'10.113.73.177'),
 ('swfcfe',4,'2011-11-21 13:18:10',1,'10.148.90.52'),
 ('admin',1,'2011-11-21 14:13:38',1,'10.113.147.143'),
 ('admin',1,'2011-11-21 16:13:53',1,'10.113.74.36'),
 ('admin',1,'2011-11-22 18:27:02',1,'10.113.110.13'),
 ('swcfe',0,'2011-11-22 18:31:45',0,'10.113.55.34'),
 ('swfcfe',4,'2011-11-22 18:31:53',1,'10.113.55.34'),
 ('swfcfe',4,'2011-11-22 18:56:16',1,'10.113.55.34'),
 ('swfcfe',4,'2011-11-23 09:17:29',1,'10.113.182.9'),
 ('admin',1,'2011-11-23 09:18:56',1,'10.113.55.32'),
 ('admin',1,'2011-11-23 09:41:50',1,'10.113.110.13'),
 ('swfcfe',4,'2011-11-23 10:28:36',1,'10.113.145.93'),
 ('swfcfe',4,'2011-11-23 12:19:48',1,'10.113.182.9'),
 ('swfcfe',4,'2011-11-23 12:49:37',1,'10.113.145.93'),
 ('admin',1,'2011-11-23 15:37:08',1,'10.113.74.36'),
 ('swfcfe',4,'2011-11-23 16:26:28',1,'10.113.145.93'),
 ('swfcfe',4,'2011-11-23 17:13:05',1,'10.113.182.9'),
 ('admin',1,'2011-11-24 12:13:47',1,'10.113.73.177'),
 ('swfcfe',4,'2011-11-24 12:52:36',1,'10.113.55.33'),
 ('swfcfe',4,'2011-11-24 15:35:41',1,'10.113.145.93'),
 ('admin',1,'2011-11-24 17:46:30',1,'10.113.73.177'),
 ('swfcfe',4,'2011-11-24 18:30:53',1,'10.113.182.9'),
 ('admin',1,'2011-11-25 07:59:14',1,'10.113.55.32'),
 ('admin',1,'2011-11-25 12:19:29',1,'10.113.74.36'),
 ('swfcfe',4,'2011-11-25 12:39:44',1,'10.113.145.93'),
 ('admin',1,'2011-11-25 12:40:52',1,'10.113.74.36'),
 ('admin',0,'2011-11-25 13:00:12',0,'10.113.55.32'),
 ('admin',0,'2011-11-25 13:00:49',0,'10.113.55.32'),
 ('admin',0,'2011-11-25 13:00:57',0,'10.113.55.32'),
 ('Admin',0,'2011-11-25 13:01:21',0,'10.113.55.32'),
 ('swfcfe',4,'2011-11-25 14:16:20',1,'10.113.182.9'),
 ('swfcfe',4,'2011-11-25 17:07:18',1,'10.113.72.209'),
 ('swfcfe',4,'2011-11-25 18:53:42',1,'10.113.72.209'),
 ('swfcfe',4,'2011-11-26 03:55:16',1,'10.113.142.206'),
 ('admin',1,'2011-11-27 00:46:57',1,'10.113.55.33'),
 ('swfcfe',4,'2011-11-27 22:56:37',1,'10.113.143.123'),
 ('admin',1,'2011-11-28 10:13:14',1,'10.113.55.33'),
 ('swfcfe',4,'2011-11-28 10:14:08',1,'10.113.182.9'),
 ('admin',1,'2011-11-29 10:35:12',1,'10.113.55.33'),
 ('swfcfe',4,'2011-11-29 11:12:53',1,'10.113.182.9'),
 ('admin',1,'2011-11-29 11:25:39',1,'10.113.73.177'),
 ('swfcfe',4,'2011-11-29 11:51:25',1,'10.113.145.93'),
 ('swfcfe',4,'2011-11-29 14:03:51',1,'10.113.145.93'),
 ('admin',1,'2011-11-29 14:07:53',1,'10.113.55.33'),
 ('admin',1,'2011-11-30 09:14:34',1,'10.113.55.33'),
 ('swfcfe',4,'2011-11-30 14:55:22',1,'10.113.144.28'),
 ('admin',1,'2011-11-30 15:11:58',1,'10.113.55.33'),
 ('swfcfe',4,'2011-11-30 18:52:12',1,'10.113.55.32'),
 ('admin',1,'2011-12-01 08:06:38',1,'10.113.55.33'),
 ('admin',1,'2011-12-01 15:42:15',1,'10.113.55.33'),
 ('swfcfe',4,'2011-12-05 11:33:53',1,'10.113.182.9'),
 ('swfcfe',4,'2011-12-05 11:46:30',1,'10.113.55.32'),
 ('swfcfe',4,'2011-12-05 11:46:45',1,'10.113.55.32'),
 ('swfcfe',0,'2011-12-05 12:00:59',0,'10.113.55.32'),
 ('swfcfe',4,'2011-12-05 12:01:11',1,'10.113.55.32'),
 ('swfcfe',4,'2011-12-05 12:28:45',1,'10.113.182.9'),
 ('admin',1,'2011-12-05 13:00:34',1,'10.113.55.32'),
 ('swfcfe',4,'2011-12-05 13:47:14',1,'10.113.75.44'),
 ('swfcfe',4,'2011-12-05 15:25:13',1,'10.113.75.44'),
 ('swfcfe',4,'2011-12-05 18:28:35',1,'10.113.75.44'),
 ('admin',1,'2011-12-07 07:45:18',1,'10.113.55.33'),
 ('swfcfe',4,'2011-12-07 10:15:53',1,'10.113.182.9'),
 ('swfcfe',4,'2011-12-07 12:35:08',1,'10.113.75.44'),
 ('admin',1,'2011-12-07 13:32:13',1,'10.113.110.13'),
 ('sigaux',5,'2011-12-07 13:38:24',1,'10.113.110.13'),
 ('sigaux',0,'2011-12-07 13:39:36',0,'10.113.110.13'),
 ('sigaux',5,'2011-12-07 13:39:43',1,'10.113.110.13'),
 ('sigaux',0,'2011-12-07 13:46:11',0,'10.113.145.185'),
 ('sigaux',5,'2011-12-07 13:46:25',1,'10.113.145.185'),
 ('sigaux',5,'2011-12-07 13:46:30',1,'10.113.55.32'),
 ('admin',1,'2011-12-07 13:46:57',1,'10.113.110.13'),
 ('swfcfe',4,'2011-12-07 15:06:49',1,'10.113.55.32'),
 ('sigaux',5,'2011-12-07 16:43:55',1,'10.113.75.18'),
 ('admin',1,'2011-12-07 16:53:55',1,'10.113.74.36'),
 ('swfcfe',4,'2011-12-08 14:49:58',1,'10.113.143.2'),
 ('swfcfe',4,'2011-12-09 09:32:26',1,'10.113.55.32'),
 ('swfcfe',4,'2011-12-09 09:42:49',1,'10.148.90.6'),
 ('swfcfe',4,'2011-12-09 11:12:17',1,'10.113.182.9'),
 ('swfcfe',4,'2011-12-09 13:40:17',1,'10.113.145.93'),
 ('swfcfe',4,'2011-12-09 18:38:36',1,'10.113.142.181'),
 ('swfcfe',4,'2011-12-10 16:56:03',1,'10.113.143.82'),
 ('swfcfe',4,'2011-12-11 22:52:37',1,'10.113.143.119'),
 ('swfcfe',4,'2011-12-12 07:58:14',1,'10.113.143.119'),
 ('swfcfe',4,'2011-12-12 09:31:51',1,'10.113.182.9'),
 ('admin',1,'2011-12-12 10:03:06',1,'10.113.73.177'),
 ('admin',1,'2011-12-12 10:15:52',1,'10.113.73.177'),
 ('swfcfe',4,'2011-12-12 10:17:41',1,'10.148.90.37'),
 ('sigaux',5,'2011-12-12 12:49:36',1,'10.113.72.229'),
 ('admin',1,'2011-12-12 13:41:33',1,'10.113.74.36'),
 ('swfcfe',4,'2011-12-12 15:31:17',1,'10.113.55.32'),
 ('admin',1,'2011-12-13 05:55:38',1,'10.113.55.33'),
 ('admin',1,'2011-12-13 08:09:39',1,'10.113.55.33'),
 ('swfcfe',4,'2011-12-13 11:12:44',1,'10.113.75.44'),
 ('sigaux',5,'2011-12-13 11:43:34',1,'10.113.72.229'),
 ('swfcfe',4,'2011-12-13 16:32:54',1,'10.113.55.34'),
 ('swfcfe',4,'2011-12-13 16:53:59',1,'10.113.55.33'),
 ('swfcfe',4,'2011-12-13 16:58:48',1,'10.113.55.32'),
 ('admin',1,'2011-12-14 08:13:24',1,'10.113.55.33'),
 ('swfcfe',4,'2011-12-14 08:54:18',1,'10.113.182.9'),
 ('swfcfe',4,'2011-12-14 10:24:37',1,'10.113.55.34'),
 ('swfcfe',4,'2011-12-14 10:41:57',1,'10.113.55.33'),
 ('swfcfe',4,'2011-12-14 14:54:47',1,'10.113.55.32'),
 ('admin',1,'2011-12-14 15:36:35',1,'10.113.55.33'),
 ('swfcfe',4,'2011-12-14 16:04:50',1,'10.113.182.9'),
 ('admin',1,'2011-12-14 16:17:24',1,'10.113.74.36'),
 ('swfcfe',4,'2011-12-14 16:30:38',1,'10.113.147.42'),
 ('admin',1,'2011-12-14 18:04:21',1,'10.113.55.33'),
 ('admin',1,'2011-12-15 08:20:54',1,'10.113.55.33'),
 ('swfcfe',0,'2011-12-15 10:29:49',0,'10.113.55.33'),
 ('swfcfe',4,'2011-12-15 10:29:55',1,'10.113.55.33'),
 ('swfcfe',4,'2011-12-15 10:34:43',1,'10.113.55.32'),
 ('swfcfe',4,'2011-12-15 12:48:54',1,'10.148.90.119'),
 ('swfcfe',4,'2011-12-15 12:51:32',1,'10.113.55.34'),
 ('admin',0,'2011-12-16 05:28:29',0,'172.17.34.127'),
 ('admin',1,'2011-12-16 05:28:43',1,'172.17.34.127'),
 ('admin',1,'2011-12-16 09:59:07',1,'10.113.74.36'),
 ('swfcfe',4,'2011-12-16 10:09:58',1,'10.113.55.32'),
 ('swfcfe',0,'2011-12-16 10:11:11',0,'10.113.55.32'),
 ('swfcfe',4,'2011-12-16 10:11:16',1,'10.113.55.32'),
 ('admin',1,'2011-12-16 10:56:08',1,'10.113.74.36'),
 ('sfwcfe',0,'2011-12-16 17:33:31',0,'10.113.55.33'),
 ('swfcfe',4,'2011-12-16 17:33:49',1,'10.113.55.33'),
 ('admin',1,'2011-12-16 17:36:48',1,'172.17.34.240'),
 ('admin',1,'2011-12-16 17:52:17',1,'172.17.34.150'),
 ('admin',1,'2011-12-17 09:29:33',1,'172.17.34.136'),
 ('admin',1,'2011-12-18 22:23:30',1,'172.17.34.211'),
 ('swfcfe',4,'2011-12-19 10:05:07',1,'10.148.90.107'),
 ('admin',1,'2011-12-19 12:09:07',1,'10.113.143.176'),
 ('admin',1,'2011-12-19 13:32:16',1,'10.113.142.79'),
 ('swfcfe',4,'2011-12-19 13:44:25',1,'10.113.55.33'),
 ('admin',1,'2011-12-19 13:53:42',1,'10.113.142.137'),
 ('cfe',0,'2011-12-19 13:57:43',0,'10.148.90.104'),
 ('cacti',0,'2011-12-19 13:57:53',0,'10.148.90.104'),
 ('swfcfe',4,'2011-12-19 13:58:35',1,'10.148.90.104'),
 ('admin',1,'2011-12-19 14:36:37',1,'10.113.142.121'),
 ('admin',1,'2011-12-19 14:50:05',1,'10.113.143.178'),
 ('admin',1,'2011-12-19 14:55:39',1,'10.113.110.13'),
 ('swfcfe',4,'2011-12-19 14:57:44',1,'10.113.142.99'),
 ('swfcfe',4,'2011-12-19 16:21:17',1,'10.113.182.9'),
 ('admin',1,'2011-12-19 16:44:15',1,'10.113.55.33'),
 ('swfcfe',4,'2011-12-19 18:34:11',1,'10.113.75.44'),
 ('admin',1,'2011-12-19 20:14:13',1,'10.113.142.140'),
 ('admin',1,'2011-12-20 07:49:55',1,'10.113.55.33'),
 ('swfcfe',4,'2011-12-20 09:12:32',1,'10.113.143.247'),
 ('swfcfe',4,'2011-12-20 09:12:48',1,'10.113.143.248'),
 ('icacti',6,'2011-12-20 09:37:17',1,'10.113.74.36'),
 ('icacti',6,'2011-12-20 09:39:30',1,'10.113.74.36'),
 ('icacti',6,'2011-12-20 09:39:50',1,'10.113.74.36'),
 ('icacti',6,'2011-12-20 09:40:34',1,'10.113.74.36'),
 ('icacti',6,'2011-12-20 09:41:44',1,'10.113.74.36'),
 ('icacti',6,'2011-12-20 09:44:11',1,'10.113.74.36'),
 ('icacti',6,'2011-12-20 09:50:43',1,'10.113.142.5'),
 ('icacti',6,'2011-12-20 09:58:34',1,'10.113.74.36'),
 ('icacti',6,'2011-12-20 09:59:01',1,'10.113.74.36'),
 ('icacti',6,'2011-12-20 10:01:05',1,'10.113.74.36'),
 ('icacti',6,'2011-12-20 10:01:32',1,'10.113.142.5'),
 ('admin',1,'2011-12-20 10:05:01',1,'10.113.142.5'),
 ('icacti',6,'2011-12-20 10:23:23',1,'10.113.142.30'),
 ('icacti',6,'2011-12-20 10:23:24',1,'10.113.142.29'),
 ('swfcfe',4,'2011-12-20 10:26:16',1,'10.113.142.30'),
 ('swfcfe',4,'2011-12-20 10:26:19',1,'10.113.142.29'),
 ('icacti',6,'2011-12-20 10:28:12',1,'10.113.143.249'),
 ('admin',1,'2011-12-20 12:02:23',1,'10.113.55.32'),
 ('swfcfe',4,'2011-12-20 12:44:52',1,'10.113.142.10'),
 ('swfcfe',4,'2011-12-20 12:45:04',1,'10.113.142.10'),
 ('swfcfe',4,'2011-12-20 12:45:36',1,'10.113.142.30'),
 ('swfcfe',4,'2011-12-20 12:45:46',1,'10.113.55.33'),
 ('icacti',6,'2011-12-20 14:18:09',1,'10.113.142.59'),
 ('icacti',6,'2011-12-20 20:32:12',1,'10.113.143.200'),
 ('icacti',6,'2011-12-20 21:19:26',1,'10.113.142.97'),
 ('icacti',6,'2011-12-20 23:20:38',1,'10.113.142.4'),
 ('admin',1,'2011-12-21 08:14:59',1,'10.113.55.33'),
 ('swfcfe',4,'2011-12-21 10:07:51',1,'10.113.55.34'),
 ('swfcfe',4,'2011-12-21 10:18:30',1,'10.113.55.34'),
 ('swfcfe',4,'2011-12-21 12:32:08',1,'10.113.55.32'),
 ('swfcfe',4,'2011-12-21 12:35:50',1,'10.113.55.34'),
 ('swfcfe',4,'2011-12-21 12:47:49',1,'10.113.55.34'),
 ('sigaux',5,'2011-12-21 13:55:35',1,'10.113.144.101'),
 ('admin',1,'2011-12-21 15:56:52',1,'10.113.74.36'),
 ('swfcfe',4,'2011-12-22 10:21:30',1,'10.148.90.85'),
 ('E',0,'2011-12-22 11:16:31',0,'10.113.144.30'),
 ('admin',1,'2011-12-22 13:08:05',1,'10.113.110.13'),
 ('icacti',6,'2011-12-22 14:28:59',1,'10.113.142.150'),
 ('swfcfe',4,'2011-12-22 18:16:15',1,'10.113.55.33'),
 ('swfcfe',4,'2011-12-22 19:20:57',1,'10.113.55.32'),
 ('swfcfe',4,'2011-12-23 08:44:58',1,'10.113.55.33'),
 ('admin',1,'2011-12-23 13:06:07',1,'10.113.73.177'),
 ('icacti',6,'2011-12-23 14:06:30',1,'10.113.142.212'),
 ('swfcfe',4,'2011-12-23 14:43:01',1,'10.113.73.177'),
 ('icacti',6,'2011-12-24 12:10:03',1,'10.113.142.125'),
 ('icacti',6,'2011-12-24 14:16:01',1,'10.113.142.60'),
 ('admin',1,'2011-12-26 09:58:40',1,'10.113.55.33'),
 ('swfcfe',4,'2011-12-26 11:38:00',1,'10.113.55.33'),
 ('admin',1,'2011-12-26 11:43:17',1,'10.113.73.177'),
 ('admin',1,'2011-12-26 14:07:00',1,'10.113.55.32'),
 ('icacti',6,'2011-12-27 07:06:57',1,'10.113.142.231'),
 ('admin',1,'2011-12-27 08:59:44',1,'10.113.55.33'),
 ('icacti',6,'2011-12-27 09:03:49',1,'10.113.144.42'),
 ('swfcfe',4,'2011-12-27 10:08:56',1,'10.113.74.36'),
 ('swfcfe',4,'2011-12-27 10:09:33',1,'10.113.74.36'),
 ('swfcfe',4,'2011-12-27 10:09:53',1,'10.113.142.180'),
 ('swfcfe',4,'2011-12-27 10:11:19',1,'10.113.142.180'),
 ('admin',1,'2011-12-27 10:13:42',1,'10.113.73.177'),
 ('swfcfe',0,'2011-12-27 10:18:56',0,'10.113.144.42'),
 ('swfcfe',4,'2011-12-27 10:19:11',1,'10.113.144.42'),
 ('swfcfe',4,'2011-12-27 10:22:53',1,'10.113.55.33'),
 ('icacti',6,'2011-12-27 10:47:16',1,'10.113.55.32'),
 ('admin',1,'2011-12-27 10:49:12',1,'10.113.55.32'),
 ('swfcfe',4,'2011-12-27 11:49:30',1,'10.113.144.42'),
 ('swfcfe',4,'2011-12-27 12:52:34',1,'10.113.144.42'),
 ('icacti',6,'2011-12-27 12:58:12',1,'10.113.143.12'),
 ('swfcfe',4,'2011-12-27 15:53:34',1,'10.113.144.42'),
 ('swfcfe',4,'2011-12-27 17:33:31',1,'10.113.55.33'),
 ('icacti',6,'2011-12-27 22:30:31',1,'10.113.143.39'),
 ('admin',1,'2011-12-28 08:27:28',1,'10.113.55.33'),
 ('swfcfe',4,'2011-12-28 08:46:53',1,'10.113.144.28'),
 ('swfcfe',4,'2011-12-28 08:53:35',1,'10.113.144.29'),
 ('swfcfe',4,'2011-12-28 09:03:38',1,'10.113.144.29'),
 ('admin',1,'2011-12-28 09:05:19',1,'10.113.55.33'),
 ('swfcfe',4,'2011-12-28 10:37:32',1,'10.113.144.28'),
 ('swfcfe',4,'2011-12-28 11:14:48',1,'10.113.144.28'),
 ('swfcfe',4,'2011-12-28 11:33:04',1,'10.113.144.29'),
 ('swfcfe',4,'2011-12-28 17:50:08',1,'10.113.55.33'),
 ('swfcfe',4,'2011-12-28 17:55:34',1,'10.113.144.28'),
 ('admin',1,'2011-12-28 18:07:31',1,'10.113.74.36'),
 ('swfcfe',4,'2011-12-29 09:58:17',1,'10.113.55.33'),
 ('swfcfe',4,'2011-12-29 09:59:54',1,'10.113.144.27'),
 ('swfcfe',4,'2011-12-29 10:26:11',1,'10.113.55.33'),
 ('swfcfe',4,'2011-12-29 10:30:54',1,'10.113.55.33'),
 ('swfcfe',4,'2011-12-29 10:33:38',1,'10.113.55.33'),
 ('swfcfe',4,'2011-12-29 10:35:15',1,'10.113.55.33'),
 ('swfcfe',4,'2011-12-29 12:48:17',1,'10.113.55.33'),
 ('admin',1,'2011-12-29 14:32:35',1,'10.113.68.21'),
 ('admin',1,'2011-12-29 15:05:51',1,'10.113.68.21'),
 ('swfcfe',4,'2011-12-29 15:44:44',1,'10.113.68.21'),
 ('admin',1,'2011-12-29 15:46:12',1,'10.113.68.21'),
 ('swfcfe',4,'2011-12-29 15:50:34',1,'10.113.144.27'),
 ('swfcfe',4,'2011-12-29 17:04:38',1,'10.113.68.21'),
 ('swfcfe',4,'2011-12-30 08:36:20',1,'10.113.68.21'),
 ('swfcfe',4,'2011-12-30 08:41:55',1,'10.113.68.21'),
 ('swfcfe',4,'2011-12-30 08:43:58',1,'10.113.68.21'),
 ('swfcfe',4,'2011-12-30 08:49:56',1,'10.113.68.21'),
 ('swfcfe',4,'2011-12-30 08:57:26',1,'10.113.68.21'),
 ('swfcfe',4,'2011-12-30 08:58:54',1,'10.113.68.21'),
 ('swfcfe',4,'2011-12-30 09:26:21',1,'10.113.68.21'),
 ('swfcfe',4,'2011-12-30 09:43:12',1,'10.113.68.21'),
 ('swfcfe',4,'2011-12-30 10:04:59',1,'10.113.68.21'),
 ('swfcfe',4,'2011-12-30 10:09:02',1,'10.113.68.21'),
 ('swfcfe',4,'2011-12-30 10:10:59',1,'10.113.68.21'),
 ('swfcfe',4,'2011-12-30 10:38:17',1,'10.113.68.21'),
 ('swfcfe',4,'2011-12-30 10:49:28',1,'10.113.68.21'),
 ('swfcfe',4,'2011-12-30 10:57:39',1,'10.113.68.21'),
 ('swfcfe',4,'2011-12-30 11:37:04',1,'10.113.68.21'),
 ('swfcfe',4,'2011-12-31 20:36:20',1,'10.113.143.54'),
 ('swfcfe',4,'2012-01-01 14:09:10',1,'10.113.55.32'),
 ('swfcfe',4,'2012-01-02 08:54:49',1,'10.113.182.9'),
 ('swfcfe',4,'2012-01-02 09:32:47',1,'10.113.182.9'),
 ('admin',1,'2012-01-02 15:24:22',1,'10.113.143.78'),
 ('swfcfe',4,'2012-01-02 16:48:54',1,'10.113.55.32'),
 ('admin',1,'2012-01-02 19:02:35',1,'10.113.142.115'),
 ('swfcfe',4,'2012-01-02 22:53:03',1,'10.113.143.115'),
 ('admin',1,'2012-01-03 08:49:15',1,'10.113.73.177'),
 ('sigaux',5,'2012-01-03 13:30:53',1,'10.113.72.75'),
 ('sigaux',5,'2012-01-03 13:49:15',1,'10.113.72.75'),
 ('sigaux',5,'2012-01-03 14:31:07',1,'10.113.72.75'),
 ('sigaux',5,'2012-01-03 18:07:56',1,'10.113.72.75'),
 ('swfcfe',4,'2012-01-03 18:15:20',1,'10.113.182.9'),
 ('swfcfe',4,'2012-01-05 12:26:42',1,'10.113.182.9'),
 ('admin',1,'2012-01-05 17:14:41',1,'10.113.73.177'),
 ('admin',1,'2012-01-09 09:35:54',1,'10.113.68.21'),
 ('swfcfe',4,'2012-01-09 09:36:08',1,'10.113.182.9'),
 ('icacti',6,'2012-01-09 09:38:07',1,'10.113.143.185'),
 ('swfcfe',4,'2012-01-09 09:39:37',1,'10.113.143.185'),
 ('icacti',6,'2012-01-09 09:40:57',1,'10.113.143.185'),
 ('swfcfe',4,'2012-01-09 09:41:03',1,'10.113.143.185'),
 ('swfcfe',4,'2012-01-09 11:46:03',1,'10.113.182.9'),
 ('swfcfe',4,'2012-01-09 13:05:15',1,'10.113.144.29'),
 ('swfcfe',4,'2012-01-09 15:16:44',1,'10.113.143.181'),
 ('swfcfe',4,'2012-01-09 16:47:30',1,'10.113.55.33'),
 ('swfcfe',4,'2012-01-10 08:33:55',1,'10.113.144.32'),
 ('swfcfe',4,'2012-01-10 09:56:32',1,'10.113.182.9'),
 ('swfcfe',4,'2012-01-10 10:39:05',1,'10.113.68.21'),
 ('sigaux',5,'2012-01-10 12:58:41',1,'10.113.143.225'),
 ('swfcfe',4,'2012-01-10 15:15:33',1,'10.113.55.33'),
 ('icacti',6,'2012-01-10 15:27:03',1,'10.113.68.21'),
 ('swfcfe',4,'2012-01-10 15:36:35',1,'10.113.68.21'),
 ('swfcfe',4,'2012-01-10 15:39:53',1,'10.113.68.21'),
 ('swfcfe',4,'2012-01-10 15:50:16',1,'10.113.68.21'),
 ('admin',1,'2012-01-10 18:06:19',1,'10.113.68.21'),
 ('admin',1,'2012-01-11 07:53:21',1,'10.113.68.21'),
 ('swfcfe',4,'2012-01-11 09:31:40',1,'10.113.75.44'),
 ('sigaux',5,'2012-01-11 11:19:03',1,'10.113.72.75'),
 ('swfcfe',4,'2012-01-11 14:16:43',1,'10.113.182.9'),
 ('siebel',7,'2012-01-11 15:35:08',1,'10.113.182.9'),
 ('admin',1,'2012-01-11 15:48:41',1,'10.113.73.177'),
 ('admin',1,'2012-01-11 15:59:14',1,'10.113.68.21'),
 ('admin',1,'2012-01-11 16:08:33',1,'10.113.73.177'),
 ('admin',1,'2012-01-11 16:55:16',1,'10.113.73.177'),
 ('admin',1,'2012-01-11 17:27:09',1,'10.113.72.99'),
 ('admin',1,'2012-01-11 17:42:34',1,'10.113.73.177'),
 ('siebel',7,'2012-01-12 00:06:05',1,'10.113.142.55'),
 ('admin',1,'2012-01-12 09:41:23',1,'10.113.68.21'),
 ('siebel',7,'2012-01-12 17:56:12',1,'10.113.182.9'),
 ('swfcfe',4,'2012-01-13 11:29:06',1,'10.113.144.45'),
 ('icacti',6,'2012-01-13 11:29:37',1,'10.113.144.45'),
 ('siebel',7,'2012-01-14 22:38:24',1,'10.113.142.210'),
 ('icacti',6,'2012-01-15 00:46:33',1,'10.113.142.206'),
 ('admin',1,'2012-01-16 09:09:29',1,'10.113.73.177'),
 ('siebel',7,'2012-01-16 09:17:06',1,'10.113.182.9'),
 ('admin',1,'2012-01-16 10:56:43',1,'10.113.68.21'),
 ('swfcfe',4,'2012-01-16 13:04:34',1,'10.113.144.255'),
 ('admin',1,'2012-01-16 18:28:02',1,'10.113.73.177'),
 ('swfcfe',4,'2012-01-17 08:49:49',1,'10.113.145.3'),
 ('admin',1,'2012-01-18 11:42:59',1,'10.113.147.55'),
 ('sigaux',5,'2012-01-18 12:15:32',1,'10.113.72.75'),
 ('siebel',7,'2012-01-18 12:16:34',1,'10.113.182.9'),
 ('sigaux',5,'2012-01-18 12:52:26',1,'10.113.72.75'),
 ('admin',1,'2012-01-18 16:53:17',1,'10.113.72.99'),
 ('admin',1,'2012-01-18 16:58:37',1,'10.113.72.99'),
 ('icacti',6,'2012-01-18 17:39:41',1,'10.113.143.41'),
 ('sigaux',5,'2012-01-18 17:46:42',1,'10.113.145.36'),
 ('sigaux',5,'2012-01-18 18:05:57',1,'10.113.145.36'),
 ('admin',1,'2012-01-18 18:20:16',1,'10.113.68.21'),
 ('admin',1,'2012-01-18 18:23:47',1,'10.113.73.177'),
 ('sigaux',5,'2012-01-18 19:08:55',1,'10.113.145.36'),
 ('siebel',7,'2012-01-19 08:57:30',1,'10.113.182.9'),
 ('siebel',7,'2012-01-19 10:19:28',1,'10.113.182.9'),
 ('swfcfe',4,'2012-01-19 10:47:15',1,'10.113.145.98'),
 ('admin',1,'2012-01-19 10:47:37',1,'10.113.110.13'),
 ('admin',1,'2012-01-19 10:48:51',1,'10.113.68.21'),
 ('admin',1,'2012-01-19 10:48:55',1,'10.113.73.177'),
 ('sigaux',5,'2012-01-19 10:48:57',1,'10.113.72.75'),
 ('icacti',6,'2012-01-19 10:52:32',1,'10.113.143.251'),
 ('swfcfe',4,'2012-01-19 10:53:01',1,'10.113.143.251'),
 ('swfcfe',4,'2012-01-19 10:55:07',1,'10.113.146.198'),
 ('swfcfe',4,'2012-01-19 10:58:15',1,'10.113.68.21'),
 ('swfcfe',4,'2012-01-19 10:59:31',1,'10.113.144.28'),
 ('sigaux',5,'2012-01-19 11:51:14',1,'10.113.72.75'),
 ('sfwcfe',0,'2012-01-19 12:03:44',0,'10.113.55.32'),
 ('sfwcfe',0,'2012-01-19 12:03:51',0,'10.113.55.32'),
 ('swfcfe',4,'2012-01-19 12:04:05',1,'10.113.55.32'),
 ('swfcfe',4,'2012-01-19 14:04:34',1,'10.113.74.195'),
 ('swfcfe',4,'2012-01-19 14:19:22',1,'10.148.90.38'),
 ('swfcfe',4,'2012-01-19 15:41:05',1,'10.148.90.40'),
 ('swfcfe',4,'2012-01-19 16:45:35',1,'10.113.145.98'),
 ('swfcfe',4,'2012-01-20 07:38:20',1,'10.113.143.130'),
 ('swfcfe',4,'2012-01-20 09:02:17',1,'10.113.144.29'),
 ('admin',1,'2012-01-20 14:54:49',1,'10.113.68.21'),
 ('swfcfe',4,'2012-01-20 14:55:29',1,'10.113.68.21'),
 ('admin',1,'2012-01-20 14:55:58',1,'10.113.68.21'),
 ('swfcfe',4,'2012-01-20 22:16:40',1,'10.113.143.32'),
 ('swfcfe',4,'2012-01-23 07:48:21',1,'10.113.143.59'),
 ('admin',1,'2012-01-23 08:07:15',1,'10.113.68.21'),
 ('swfcfe',4,'2012-01-23 10:39:12',1,'10.113.68.21'),
 ('swfcfe',4,'2012-01-23 10:48:25',1,'10.113.68.21'),
 ('swfcfe',4,'2012-01-23 10:53:34',1,'10.148.90.17'),
 ('admin',1,'2012-01-23 11:03:12',1,'10.113.68.21'),
 ('swfcfe',4,'2012-01-23 12:29:46',1,'10.113.145.69'),
 ('admin',1,'2012-01-23 14:55:18',1,'10.113.73.177'),
 ('swfcfe',4,'2012-01-23 17:13:58',1,'10.148.90.17'),
 ('swfcfe',4,'2012-01-23 17:18:01',1,'10.113.144.215'),
 ('swfcfe',4,'2012-01-23 17:20:16',1,'10.148.90.17'),
 ('swfcfe',4,'2012-01-23 17:22:54',1,'10.148.90.40'),
 ('swfcfe',4,'2012-01-23 17:49:29',1,'10.113.68.21'),
 ('swfcfe',4,'2012-01-24 07:46:55',1,'10.113.143.142'),
 ('admin',1,'2012-01-24 09:10:29',1,'10.113.68.21'),
 ('swfcfe',4,'2012-01-24 09:36:17',1,'10.148.90.40'),
 ('swfcfe',4,'2012-01-24 10:26:31',1,'10.148.90.40'),
 ('swfcfe',4,'2012-01-24 11:47:26',1,'10.148.90.40'),
 ('admin',1,'2012-01-24 12:28:44',1,'10.113.72.99'),
 ('cep',0,'2012-01-24 17:36:07',0,'10.113.146.16'),
 ('sigaux',5,'2012-01-24 17:37:42',1,'10.113.146.16'),
 ('swfcfe',0,'2012-01-25 07:16:49',0,'10.113.55.33'),
 ('swfcfe',0,'2012-01-25 07:17:02',0,'10.113.55.33'),
 ('swfcfe',0,'2012-01-25 07:17:49',0,'10.113.55.33'),
 ('swfcfe',0,'2012-01-25 07:17:56',0,'10.113.55.33'),
 ('swfcfe',0,'2012-01-25 07:18:30',0,'10.113.55.33'),
 ('admin',1,'2012-01-25 09:55:44',1,'10.113.68.21'),
 ('swfcfe',0,'2012-01-25 11:33:06',0,'10.113.55.32'),
 ('cfe',0,'2012-01-25 11:33:44',0,'10.113.55.32'),
 ('cfe',0,'2012-01-25 11:33:48',0,'10.113.55.32'),
 ('swfcfe',0,'2012-01-25 11:34:27',0,'10.113.55.32'),
 ('admin',1,'2012-01-25 17:37:10',1,'10.113.72.99'),
 ('admin',1,'2012-01-26 09:11:34',1,'10.113.73.177'),
 ('swfcfe',0,'2012-01-26 10:19:19',0,'10.148.90.50'),
 ('swfcfe',0,'2012-01-26 10:19:26',0,'10.148.90.50'),
 ('swfcfe',0,'2012-01-26 10:27:23',0,'10.148.90.50'),
 ('admin',1,'2012-01-26 14:16:16',1,'10.113.72.99'),
 ('swfcfe',0,'2012-01-26 16:42:59',0,'10.113.55.32'),
 ('admin',1,'2012-01-27 07:58:10',1,'10.113.68.21'),
 ('admin',1,'2012-01-27 07:58:29',1,'10.113.68.21'),
 ('swfcfe',4,'2012-01-27 07:58:42',1,'10.113.68.21'),
 ('swfcfe',4,'2012-01-27 07:58:52',1,'10.113.68.21'),
 ('admin',1,'2012-01-27 07:58:57',1,'10.113.68.21'),
 ('admin',1,'2012-01-27 09:27:01',1,'10.113.73.177'),
 ('admin',1,'2012-01-30 09:51:55',1,'127.0.0.1'),
 ('admin',1,'2012-01-30 12:40:43',1,'127.0.0.1'),
 ('admin',1,'2012-01-30 17:28:00',1,'127.0.0.1'),
 ('admin',1,'2012-02-01 08:20:14',1,'10.113.68.21'),
 ('admin',1,'2012-02-01 11:56:46',1,'10.113.72.99'),
 ('admin',1,'2012-02-01 15:21:45',1,'10.113.72.99'),
 ('admin',1,'2012-02-01 16:25:07',1,'10.113.146.254');
CREATE TABLE  `cacti`.`version` (
  `cacti` char(20) DEFAULT NULL
) ENGINE=MyISAM DEFAULT CHARSET=latin1;
INSERT INTO `cacti`.`version` VALUES  ('0.8.7g');



/*!40101 SET SQL_MODE=@OLD_SQL_MODE */;
/*!40014 SET FOREIGN_KEY_CHECKS=@OLD_FOREIGN_KEY_CHECKS */;
/*!40014 SET UNIQUE_CHECKS=@OLD_UNIQUE_CHECKS */;
/*!40101 SET CHARACTER_SET_CLIENT=@OLD_CHARACTER_SET_CLIENT */;
/*!40101 SET CHARACTER_SET_RESULTS=@OLD_CHARACTER_SET_RESULTS */;
/*!40101 SET COLLATION_CONNECTION=@OLD_COLLATION_CONNECTION */;
/*!40101 SET CHARACTER_SET_CLIENT=@OLD_CHARACTER_SET_CLIENT */;
